account_id,customer_id,account_type,balance,status,created_at
ACC_1000000,C_100000,BUSINESS,61653.74,ACTIVE,2023-08-30 04:26:22
ACC_1000001,C_100001,BUSINESS,14260.46,ACTIVE,2016-04-25 14:51:03
ACC_1000002,C_100001,SAVINGS,2795.31,ACTIVE,2016-04-21 01:17:03
ACC_1000003,C_100001,BUSINESS,56492.05,ACTIVE,2016-05-18 15:52:03
ACC_1000004,C_100002,BUSINESS,414890.47,ACTIVE,2024-07-10 16:13:46
ACC_1000005,C_100003,SAVINGS,6244.77,ACTIVE,2017-03-01 19:52:12
ACC_1000006,C_100004,CURRENT,505.09,ACTIVE,2025-05-18 11:56:17
ACC_1000007,C_100005,CURRENT,2474.79,DORMANT,2019-04-28 10:03:18
ACC_1000008,C_100005,BUSINESS,63569.14,ACTIVE,2019-04-13 17:22:18
ACC_1000009,C_100006,SAVINGS,4162.44,ACTIVE,2018-05-25 00:47:13
ACC_1000010,C_100007,BUSINESS,486140.86,ACTIVE,2019-01-31 13:18:06
ACC_1000011,C_100008,CURRENT,381.66,ACTIVE,2025-01-26 10:30:07
ACC_1000012,C_100009,CURRENT,1979.55,ACTIVE,2025-12-24 15:26:19
ACC_1000013,C_100010,CURRENT,1058.33,ACTIVE,2022-08-11 09:58:55
ACC_1000014,C_100011,BUSINESS,23329.95,ACTIVE,2023-01-24 12:14:29
ACC_1000015,C_100011,SAVINGS,20062.94,DORMANT,2023-02-11 12:02:29
ACC_1000016,C_100012,SAVINGS,11137.56,ACTIVE,2022-03-22 23:17:04
ACC_1000017,C_100012,BUSINESS,66156.51,ACTIVE,2022-04-09 17:05:04
ACC_1000018,C_100013,CURRENT,871.58,ACTIVE,2017-04-11 05:29:09
ACC_1000019,C_100014,SAVINGS,17007.54,DORMANT,2017-04-02 20:44:59
ACC_1000020,C_100015,CURRENT,1940.27,ACTIVE,2021-12-24 12:34:14
ACC_1000021,C_100016,SAVINGS,7975.4,ACTIVE,2025-01-27 01:07:46
ACC_1000022,C_100016,BUSINESS,91063.48,ACTIVE,2025-01-31 01:42:46
ACC_1000023,C_100016,SAVINGS,4187.8,ACTIVE,2025-02-08 12:35:46
ACC_1000024,C_100017,CURRENT,2510.93,ACTIVE,2025-03-03 09:13:11
ACC_1000025,C_100018,CURRENT,3812.81,ACTIVE,2021-12-04 08:34:07
ACC_1000026,C_100019,BUSINESS,42751.05,DORMANT,2020-12-23 22:01:39
ACC_1000027,C_100020,SAVINGS,216313.94,ACTIVE,2022-08-30 12:51:04
ACC_1000028,C_100021,SAVINGS,250000.0,DORMANT,2019-09-21 02:15:47
ACC_1000029,C_100022,CURRENT,3454.63,ACTIVE,2025-11-29 01:39:27
ACC_1000030,C_100023,CURRENT,1555.34,ACTIVE,2023-06-19 10:55:38
ACC_1000031,C_100023,BUSINESS,228668.7,ACTIVE,2023-06-05 00:47:38
ACC_1000032,C_100023,CURRENT,2217.81,ACTIVE,2023-05-25 04:13:38
ACC_1000033,C_100024,CURRENT,3848.05,ACTIVE,2023-04-01 07:19:59
ACC_1000034,C_100024,SAVINGS,14912.89,ACTIVE,2023-04-17 06:58:59
ACC_1000035,C_100025,SAVINGS,19876.06,ACTIVE,2017-08-08 19:45:36
ACC_1000036,C_100025,SAVINGS,33200.82,ACTIVE,2017-08-10 06:22:36
ACC_1000037,C_100026,CURRENT,3872.41,ACTIVE,2025-08-16 12:16:12
ACC_1000038,C_100026,BUSINESS,62881.18,ACTIVE,2025-09-06 04:53:12
ACC_1000039,C_100027,BUSINESS,412026.05,ACTIVE,2025-07-26 07:30:22
ACC_1000040,C_100028,SAVINGS,17251.99,ACTIVE,2020-04-10 21:25:42
ACC_1000041,C_100029,BUSINESS,9016.34,ACTIVE,2017-10-09 10:50:50
ACC_1000042,C_100029,CURRENT,1249.1,ACTIVE,2017-10-13 23:42:50
ACC_1000043,C_100029,CURRENT,1227.17,ACTIVE,2017-10-25 13:21:50
ACC_1000044,C_100030,SAVINGS,19913.77,ACTIVE,2021-08-28 23:29:15
ACC_1000045,C_100030,SAVINGS,21915.97,ACTIVE,2021-08-24 14:13:15
ACC_1000046,C_100030,CURRENT,1570.97,ACTIVE,2021-09-10 18:22:15
ACC_1000047,C_100031,CURRENT,6177.01,ACTIVE,2026-01-12 13:26:28
ACC_1000048,C_100032,SAVINGS,38913.13,ACTIVE,2021-12-06 16:13:07
ACC_1000049,C_100032,SAVINGS,2841.63,ACTIVE,2021-11-20 07:09:07
ACC_1000050,C_100033,CURRENT,2355.81,DORMANT,2023-04-28 06:26:21
ACC_1000051,C_100034,BUSINESS,1140617.57,ACTIVE,2017-07-04 18:56:25
ACC_1000052,C_100034,CURRENT,2923.64,ACTIVE,2017-07-06 21:19:25
ACC_1000053,C_100034,BUSINESS,66240.27,ACTIVE,2017-06-26 17:00:25
ACC_1000054,C_100035,BUSINESS,1384709.78,ACTIVE,2025-01-27 01:11:37
ACC_1000055,C_100036,CURRENT,1104.91,ACTIVE,2017-05-17 17:26:49
ACC_1000056,C_100037,SAVINGS,8338.71,DORMANT,2023-10-03 15:15:30
ACC_1000057,C_100038,BUSINESS,22152.22,ACTIVE,2025-05-10 02:59:25
ACC_1000058,C_100039,SAVINGS,36490.3,ACTIVE,2022-03-16 20:59:17
ACC_1000059,C_100040,BUSINESS,275581.48,ACTIVE,2022-03-31 20:58:30
ACC_1000060,C_100040,BUSINESS,828758.35,DORMANT,2022-03-21 15:59:30
ACC_1000061,C_100041,BUSINESS,47864.37,ACTIVE,2023-09-18 05:28:06
ACC_1000062,C_100042,SAVINGS,52265.76,ACTIVE,2018-09-26 10:37:59
ACC_1000063,C_100042,CURRENT,2989.75,ACTIVE,2018-09-03 17:20:59
ACC_1000064,C_100043,CURRENT,2177.6,ACTIVE,2025-08-29 07:05:14
ACC_1000065,C_100044,BUSINESS,47277.91,ACTIVE,2018-08-14 10:25:59
ACC_1000066,C_100045,SAVINGS,43925.7,ACTIVE,2023-03-17 01:32:48
ACC_1000067,C_100046,BUSINESS,42138.21,ACTIVE,2019-01-09 10:34:34
ACC_1000068,C_100046,SAVINGS,24608.78,ACTIVE,2018-12-25 16:40:34
ACC_1000069,C_100047,SAVINGS,13070.9,DORMANT,2021-10-10 18:43:37
ACC_1000070,C_100048,BUSINESS,36764.35,ACTIVE,2024-05-20 22:42:25
ACC_1000071,C_100048,BUSINESS,199450.93,ACTIVE,2024-05-13 20:12:25
ACC_1000072,C_100049,CURRENT,1971.8,ACTIVE,2021-10-08 18:48:38
ACC_1000073,C_100050,CURRENT,4167.88,ACTIVE,2023-06-17 22:49:15
ACC_1000074,C_100050,BUSINESS,1035510.97,ACTIVE,2023-07-16 04:38:15
ACC_1000075,C_100051,CURRENT,3596.11,DORMANT,2019-03-29 20:43:09
ACC_1000076,C_100051,CURRENT,1585.32,ACTIVE,2019-04-03 21:32:09
ACC_1000077,C_100052,CURRENT,182.41,ACTIVE,2021-10-11 16:43:41
ACC_1000078,C_100053,CURRENT,1621.54,ACTIVE,2024-06-15 02:58:04
ACC_1000079,C_100054,CURRENT,365.76,ACTIVE,2021-05-19 14:56:20
ACC_1000080,C_100055,SAVINGS,3825.61,ACTIVE,2021-08-08 11:35:03
ACC_1000081,C_100056,BUSINESS,111804.41,ACTIVE,2023-11-18 08:46:29
ACC_1000082,C_100056,CURRENT,821.87,ACTIVE,2023-10-30 20:47:29
ACC_1000083,C_100057,BUSINESS,126130.16,DORMANT,2021-03-24 06:24:16
ACC_1000084,C_100058,SAVINGS,21118.8,ACTIVE,2026-01-28 20:48:42
ACC_1000085,C_100058,SAVINGS,55753.64,ACTIVE,2026-01-17 17:25:42
ACC_1000086,C_100058,CURRENT,4624.57,DORMANT,2026-01-26 02:02:42
ACC_1000087,C_100059,SAVINGS,23309.46,ACTIVE,2018-10-27 07:14:59
ACC_1000088,C_100060,BUSINESS,36886.08,ACTIVE,2018-09-14 05:13:34
ACC_1000089,C_100060,SAVINGS,3526.53,ACTIVE,2018-08-20 05:26:34
ACC_1000090,C_100060,BUSINESS,157188.73,ACTIVE,2018-08-20 23:42:34
ACC_1000091,C_100061,SAVINGS,6834.58,ACTIVE,2020-09-20 14:05:24
ACC_1000092,C_100062,CURRENT,824.35,ACTIVE,2022-07-28 04:53:40
ACC_1000093,C_100063,BUSINESS,89135.33,ACTIVE,2022-02-19 03:51:49
ACC_1000094,C_100063,SAVINGS,11834.67,DORMANT,2022-03-09 02:01:49
ACC_1000095,C_100063,SAVINGS,3159.46,ACTIVE,2022-03-04 17:44:49
ACC_1000096,C_100064,BUSINESS,74093.01,ACTIVE,2023-09-13 04:41:14
ACC_1000097,C_100064,BUSINESS,17078.85,ACTIVE,2023-09-11 17:06:14
ACC_1000098,C_100064,BUSINESS,77267.63,ACTIVE,2023-08-29 01:39:14
ACC_1000099,C_100065,SAVINGS,250000.0,ACTIVE,2017-07-17 22:11:35
ACC_1000100,C_100066,BUSINESS,326683.93,ACTIVE,2025-12-02 07:51:12
ACC_1000101,C_100067,SAVINGS,7899.49,ACTIVE,2019-12-05 04:52:49
ACC_1000102,C_100068,BUSINESS,151977.56,ACTIVE,2016-04-17 06:20:19
ACC_1000103,C_100069,SAVINGS,1311.6,ACTIVE,2024-09-03 15:13:51
ACC_1000104,C_100069,SAVINGS,7172.59,ACTIVE,2024-08-20 06:22:51
ACC_1000105,C_100070,CURRENT,2759.21,ACTIVE,2019-07-10 06:28:08
ACC_1000106,C_100071,BUSINESS,76559.9,ACTIVE,2022-09-08 20:04:13
ACC_1000107,C_100071,SAVINGS,6785.77,ACTIVE,2022-09-15 18:28:13
ACC_1000108,C_100072,CURRENT,10426.01,ACTIVE,2024-10-14 05:03:43
ACC_1000109,C_100073,CURRENT,1356.17,ACTIVE,2025-07-20 23:56:37
ACC_1000110,C_100073,CURRENT,480.01,ACTIVE,2025-07-16 23:09:37
ACC_1000111,C_100074,BUSINESS,45766.51,ACTIVE,2018-01-10 08:16:46
ACC_1000112,C_100075,SAVINGS,5082.94,ACTIVE,2019-02-02 10:58:05
ACC_1000113,C_100075,CURRENT,1302.24,ACTIVE,2019-01-30 17:27:05
ACC_1000114,C_100076,SAVINGS,4741.72,ACTIVE,2020-04-15 01:44:52
ACC_1000115,C_100077,CURRENT,2190.28,ACTIVE,2019-11-04 22:16:55
ACC_1000116,C_100078,BUSINESS,752218.64,ACTIVE,2020-08-12 04:38:18
ACC_1000117,C_100078,SAVINGS,6830.07,ACTIVE,2020-08-06 08:29:18
ACC_1000118,C_100079,SAVINGS,26411.73,ACTIVE,2017-02-02 19:28:46
ACC_1000119,C_100080,BUSINESS,232018.93,ACTIVE,2021-12-16 10:56:56
ACC_1000120,C_100081,BUSINESS,14894.45,ACTIVE,2017-06-06 23:09:42
ACC_1000121,C_100081,CURRENT,5564.0,ACTIVE,2017-05-26 22:39:42
ACC_1000122,C_100081,BUSINESS,16853.46,ACTIVE,2017-05-23 12:19:42
ACC_1000123,C_100082,BUSINESS,63126.4,ACTIVE,2024-08-01 17:53:05
ACC_1000124,C_100082,SAVINGS,15009.72,ACTIVE,2024-07-24 12:45:05
ACC_1000125,C_100082,SAVINGS,12659.93,ACTIVE,2024-07-22 12:57:05
ACC_1000126,C_100083,CURRENT,4160.18,ACTIVE,2017-06-20 04:46:14
ACC_1000127,C_100084,CURRENT,3086.82,DORMANT,2021-07-16 19:46:06
ACC_1000128,C_100084,SAVINGS,34157.46,ACTIVE,2021-07-12 01:19:06
ACC_1000129,C_100085,BUSINESS,6023.91,DORMANT,2018-12-01 09:19:36
ACC_1000130,C_100085,BUSINESS,87382.48,ACTIVE,2018-11-30 22:44:36
ACC_1000131,C_100086,BUSINESS,13152.35,ACTIVE,2022-05-14 05:18:44
ACC_1000132,C_100086,BUSINESS,65324.22,ACTIVE,2022-05-02 03:24:44
ACC_1000133,C_100087,SAVINGS,27391.33,ACTIVE,2021-01-29 03:42:08
ACC_1000134,C_100088,CURRENT,3949.53,ACTIVE,2018-05-30 04:25:07
ACC_1000135,C_100088,SAVINGS,49457.01,ACTIVE,2018-05-15 22:25:07
ACC_1000136,C_100089,SAVINGS,14412.18,ACTIVE,2021-02-14 20:54:12
ACC_1000137,C_100089,SAVINGS,7295.27,ACTIVE,2021-01-28 05:22:12
ACC_1000138,C_100090,SAVINGS,34190.46,DORMANT,2016-11-12 05:10:55
ACC_1000139,C_100091,CURRENT,1956.61,ACTIVE,2017-08-29 20:37:59
ACC_1000140,C_100091,CURRENT,3639.87,ACTIVE,2017-08-09 20:40:59
ACC_1000141,C_100092,BUSINESS,18191.72,ACTIVE,2017-06-17 15:53:53
ACC_1000142,C_100092,BUSINESS,47031.44,DORMANT,2017-05-27 18:41:53
ACC_1000143,C_100093,BUSINESS,1000.0,ACTIVE,2020-11-04 12:03:07
ACC_1000144,C_100094,SAVINGS,131812.24,ACTIVE,2019-01-12 23:35:49
ACC_1000145,C_100095,BUSINESS,23795.96,ACTIVE,2020-11-24 12:49:42
ACC_1000146,C_100095,SAVINGS,18828.54,ACTIVE,2020-12-21 04:32:42
ACC_1000147,C_100095,BUSINESS,114313.69,ACTIVE,2020-11-21 13:37:42
ACC_1000148,C_100096,CURRENT,936.57,ACTIVE,2017-11-19 22:12:28
ACC_1000149,C_100097,BUSINESS,126737.29,ACTIVE,2019-08-27 19:26:14
ACC_1000150,C_100098,BUSINESS,319827.7,ACTIVE,2022-12-30 01:01:58
ACC_1000151,C_100099,CURRENT,5930.96,ACTIVE,2020-12-22 04:53:52
ACC_1000152,C_100099,SAVINGS,250000.0,ACTIVE,2020-12-19 10:13:52
ACC_1000153,C_100100,SAVINGS,1309.95,ACTIVE,2017-01-24 10:11:51
ACC_1000154,C_100101,CURRENT,2542.69,ACTIVE,2021-04-28 21:49:26
ACC_1000155,C_100101,BUSINESS,498182.35,DORMANT,2021-04-19 03:12:26
ACC_1000156,C_100102,CURRENT,2338.88,ACTIVE,2025-09-19 03:03:30
ACC_1000157,C_100103,CURRENT,667.33,ACTIVE,2024-03-12 13:55:12
ACC_1000158,C_100104,SAVINGS,4406.42,ACTIVE,2022-03-02 01:29:01
ACC_1000159,C_100104,SAVINGS,13502.99,ACTIVE,2022-02-15 05:19:01
ACC_1000160,C_100105,CURRENT,983.15,ACTIVE,2021-05-12 11:46:48
ACC_1000161,C_100106,SAVINGS,12755.53,ACTIVE,2017-03-12 23:42:51
ACC_1000162,C_100107,SAVINGS,13331.12,ACTIVE,2019-09-13 22:13:42
ACC_1000163,C_100108,CURRENT,5331.58,DORMANT,2018-09-17 11:33:47
ACC_1000164,C_100108,CURRENT,1068.82,ACTIVE,2018-08-21 15:58:47
ACC_1000165,C_100109,BUSINESS,59453.36,ACTIVE,2019-06-06 08:27:14
ACC_1000166,C_100110,SAVINGS,32573.24,ACTIVE,2022-01-05 19:21:08
ACC_1000167,C_100110,BUSINESS,1117758.98,DORMANT,2021-12-17 06:05:08
ACC_1000168,C_100110,BUSINESS,38177.5,ACTIVE,2022-01-07 17:02:08
ACC_1000169,C_100111,BUSINESS,36303.75,ACTIVE,2017-08-17 12:41:13
ACC_1000170,C_100111,SAVINGS,7441.07,ACTIVE,2017-09-05 06:30:13
ACC_1000171,C_100112,BUSINESS,175506.48,ACTIVE,2022-02-19 00:30:06
ACC_1000172,C_100112,SAVINGS,11502.88,ACTIVE,2022-03-11 20:53:06
ACC_1000173,C_100113,CURRENT,1442.26,ACTIVE,2025-08-14 04:43:35
ACC_1000174,C_100114,BUSINESS,118495.44,DORMANT,2025-05-12 15:43:55
ACC_1000175,C_100114,SAVINGS,16131.15,ACTIVE,2025-05-16 16:36:55
ACC_1000176,C_100115,BUSINESS,370844.95,ACTIVE,2023-01-09 19:42:30
ACC_1000177,C_100115,CURRENT,2726.97,ACTIVE,2023-01-10 07:26:30
ACC_1000178,C_100116,SAVINGS,1728.37,ACTIVE,2020-02-17 08:58:04
ACC_1000179,C_100116,BUSINESS,43043.83,ACTIVE,2020-02-15 02:12:04
ACC_1000180,C_100117,SAVINGS,2389.34,ACTIVE,2025-11-01 01:27:13
ACC_1000181,C_100118,SAVINGS,19602.68,ACTIVE,2019-11-10 03:14:35
ACC_1000182,C_100119,CURRENT,2743.54,ACTIVE,2017-01-14 23:31:57
ACC_1000183,C_100120,BUSINESS,1227353.77,ACTIVE,2023-03-18 05:54:29
ACC_1000184,C_100121,SAVINGS,2913.95,ACTIVE,2018-07-21 12:33:49
ACC_1000185,C_100121,SAVINGS,1941.81,DORMANT,2018-07-16 11:39:49
ACC_1000186,C_100122,BUSINESS,446917.02,ACTIVE,2016-06-27 21:05:53
ACC_1000187,C_100122,BUSINESS,1000.0,ACTIVE,2016-06-13 22:17:53
ACC_1000188,C_100122,SAVINGS,2828.1,ACTIVE,2016-06-29 08:48:53
ACC_1000189,C_100123,SAVINGS,31521.93,ACTIVE,2024-03-09 23:52:33
ACC_1000190,C_100124,CURRENT,2113.33,ACTIVE,2018-07-05 10:31:35
ACC_1000191,C_100124,BUSINESS,719122.61,ACTIVE,2018-06-09 12:31:35
ACC_1000192,C_100125,BUSINESS,13713.03,ACTIVE,2018-02-27 04:24:51
ACC_1000193,C_100125,CURRENT,1037.31,ACTIVE,2018-03-04 21:23:51
ACC_1000194,C_100126,BUSINESS,48126.97,ACTIVE,2018-10-14 02:58:05
ACC_1000195,C_100127,SAVINGS,17772.96,ACTIVE,2024-11-05 13:57:56
ACC_1000196,C_100127,SAVINGS,1748.23,ACTIVE,2024-11-27 07:45:56
ACC_1000197,C_100128,SAVINGS,21205.55,DORMANT,2018-01-02 20:05:08
ACC_1000198,C_100128,SAVINGS,5995.41,ACTIVE,2017-12-20 00:11:08
ACC_1000199,C_100129,CURRENT,1045.66,ACTIVE,2017-12-26 11:08:42
ACC_1000200,C_100130,CURRENT,8636.28,ACTIVE,2020-02-04 23:57:11
ACC_1000201,C_100130,BUSINESS,580661.7,ACTIVE,2020-02-18 04:10:11
ACC_1000202,C_100130,CURRENT,6659.85,ACTIVE,2020-02-07 01:26:11
ACC_1000203,C_100131,BUSINESS,172144.66,ACTIVE,2025-10-05 02:15:23
ACC_1000204,C_100131,CURRENT,912.46,ACTIVE,2025-10-05 20:27:23
ACC_1000205,C_100131,CURRENT,189.54,ACTIVE,2025-10-16 08:23:23
ACC_1000206,C_100132,SAVINGS,196351.13,DORMANT,2023-10-07 20:56:50
ACC_1000207,C_100133,BUSINESS,1500000.0,ACTIVE,2022-03-14 06:43:22
ACC_1000208,C_100133,BUSINESS,246375.34,ACTIVE,2022-03-12 21:20:22
ACC_1000209,C_100133,BUSINESS,35730.09,ACTIVE,2022-03-16 06:39:22
ACC_1000210,C_100134,CURRENT,3712.33,ACTIVE,2017-04-23 19:15:14
ACC_1000211,C_100134,SAVINGS,2720.31,ACTIVE,2017-04-24 07:07:14
ACC_1000212,C_100135,SAVINGS,753.44,ACTIVE,2019-10-31 18:55:41
ACC_1000213,C_100136,BUSINESS,168537.15,ACTIVE,2017-10-02 09:42:03
ACC_1000214,C_100136,BUSINESS,122262.07,ACTIVE,2017-10-10 07:14:03
ACC_1000215,C_100136,SAVINGS,8709.79,ACTIVE,2017-10-18 15:39:03
ACC_1000216,C_100137,CURRENT,1961.21,ACTIVE,2023-07-12 18:32:01
ACC_1000217,C_100137,SAVINGS,15768.6,ACTIVE,2023-07-29 07:15:01
ACC_1000218,C_100138,BUSINESS,48939.73,ACTIVE,2017-03-15 06:51:28
ACC_1000219,C_100139,SAVINGS,1447.58,DORMANT,2020-03-13 10:43:58
ACC_1000220,C_100140,BUSINESS,29329.91,ACTIVE,2022-12-01 20:16:59
ACC_1000221,C_100141,BUSINESS,35828.61,ACTIVE,2023-12-18 03:28:59
ACC_1000222,C_100142,CURRENT,1412.84,ACTIVE,2016-06-05 00:22:26
ACC_1000223,C_100142,SAVINGS,7848.81,ACTIVE,2016-05-09 22:45:26
ACC_1000224,C_100143,BUSINESS,970035.38,ACTIVE,2024-02-06 07:03:37
ACC_1000225,C_100144,CURRENT,1950.92,ACTIVE,2022-10-26 08:44:39
ACC_1000226,C_100144,CURRENT,1226.69,ACTIVE,2022-11-22 04:00:39
ACC_1000227,C_100145,SAVINGS,13882.67,ACTIVE,2023-08-15 12:04:43
ACC_1000228,C_100146,SAVINGS,7903.17,ACTIVE,2018-04-25 00:27:27
ACC_1000229,C_100147,BUSINESS,57886.36,ACTIVE,2020-11-10 06:33:48
ACC_1000230,C_100148,BUSINESS,2101.62,DORMANT,2020-01-07 12:02:27
ACC_1000231,C_100149,SAVINGS,12824.45,ACTIVE,2020-11-21 10:50:36
ACC_1000232,C_100149,SAVINGS,15063.05,ACTIVE,2020-11-12 07:45:36
ACC_1000233,C_100149,SAVINGS,8463.05,ACTIVE,2020-11-07 10:23:36
ACC_1000234,C_100150,CURRENT,5694.61,ACTIVE,2023-01-02 08:23:05
ACC_1000235,C_100151,BUSINESS,162778.94,ACTIVE,2019-07-03 11:10:40
ACC_1000236,C_100151,CURRENT,9146.16,ACTIVE,2019-07-11 12:01:40
ACC_1000237,C_100152,BUSINESS,8166.3,ACTIVE,2024-10-12 10:07:13
ACC_1000238,C_100153,SAVINGS,23353.43,ACTIVE,2024-08-05 02:48:58
ACC_1000239,C_100154,BUSINESS,89569.31,ACTIVE,2025-12-12 10:17:09
ACC_1000240,C_100154,SAVINGS,8152.42,ACTIVE,2025-12-18 23:27:09
ACC_1000241,C_100154,BUSINESS,3347.45,ACTIVE,2025-12-13 16:20:09
ACC_1000242,C_100155,BUSINESS,24176.25,ACTIVE,2024-12-20 22:57:02
ACC_1000243,C_100155,SAVINGS,4712.55,ACTIVE,2024-12-28 07:41:02
ACC_1000244,C_100156,CURRENT,478.93,ACTIVE,2020-02-27 21:40:07
ACC_1000245,C_100157,BUSINESS,89056.19,ACTIVE,2024-11-21 02:49:36
ACC_1000246,C_100158,CURRENT,501.83,ACTIVE,2016-09-18 20:59:10
ACC_1000247,C_100159,SAVINGS,2135.46,ACTIVE,2022-11-20 15:07:47
ACC_1000248,C_100159,SAVINGS,122180.25,ACTIVE,2022-11-19 19:18:47
ACC_1000249,C_100159,CURRENT,3191.44,ACTIVE,2022-11-15 13:54:47
ACC_1000250,C_100160,CURRENT,481.75,ACTIVE,2024-12-05 17:42:11
ACC_1000251,C_100160,SAVINGS,19519.4,ACTIVE,2024-11-15 08:18:11
ACC_1000252,C_100161,CURRENT,607.77,ACTIVE,2023-06-12 19:55:57
ACC_1000253,C_100162,BUSINESS,35681.52,ACTIVE,2023-04-16 02:13:34
ACC_1000254,C_100163,SAVINGS,2595.84,ACTIVE,2019-11-25 20:46:16
ACC_1000255,C_100164,SAVINGS,14595.37,DORMANT,2021-12-14 01:05:27
ACC_1000256,C_100164,BUSINESS,16006.68,ACTIVE,2021-12-19 13:43:27
ACC_1000257,C_100165,BUSINESS,370220.36,ACTIVE,2025-05-16 21:42:45
ACC_1000258,C_100166,BUSINESS,148406.57,ACTIVE,2024-06-25 15:46:41
ACC_1000259,C_100167,BUSINESS,17948.68,ACTIVE,2024-10-03 05:27:12
ACC_1000260,C_100168,SAVINGS,22052.24,ACTIVE,2025-10-25 16:03:08
ACC_1000261,C_100168,BUSINESS,301874.37,ACTIVE,2025-10-17 21:41:08
ACC_1000262,C_100168,CURRENT,1890.54,ACTIVE,2025-11-13 05:14:08
ACC_1000263,C_100169,SAVINGS,3097.8,ACTIVE,2025-08-17 10:15:21
ACC_1000264,C_100170,SAVINGS,10260.13,ACTIVE,2017-01-31 23:16:02
ACC_1000265,C_100171,SAVINGS,193497.83,ACTIVE,2020-05-26 03:09:16
ACC_1000266,C_100171,CURRENT,408.28,ACTIVE,2020-05-09 00:04:16
ACC_1000267,C_100172,CURRENT,3800.1,ACTIVE,2025-05-21 17:59:05
ACC_1000268,C_100172,CURRENT,705.17,ACTIVE,2025-05-15 11:23:05
ACC_1000269,C_100172,CURRENT,4637.17,ACTIVE,2025-05-07 14:28:05
ACC_1000270,C_100173,BUSINESS,628448.33,ACTIVE,2018-11-26 20:05:06
ACC_1000271,C_100173,CURRENT,1997.02,ACTIVE,2018-11-15 20:54:06
ACC_1000272,C_100173,SAVINGS,198429.55,ACTIVE,2018-11-28 22:43:06
ACC_1000273,C_100174,SAVINGS,15584.31,ACTIVE,2017-05-22 01:41:18
ACC_1000274,C_100175,BUSINESS,13796.94,ACTIVE,2021-08-10 01:05:35
ACC_1000275,C_100176,CURRENT,4580.99,ACTIVE,2022-12-18 19:54:44
ACC_1000276,C_100176,CURRENT,1374.03,ACTIVE,2022-11-29 18:48:44
ACC_1000277,C_100177,BUSINESS,85022.69,ACTIVE,2016-10-29 06:11:11
ACC_1000278,C_100177,BUSINESS,35109.96,ACTIVE,2016-10-10 09:02:11
ACC_1000279,C_100177,BUSINESS,27633.25,ACTIVE,2016-10-18 21:40:11
ACC_1000280,C_100178,SAVINGS,31742.31,ACTIVE,2016-07-13 22:54:38
ACC_1000281,C_100178,CURRENT,595.4,ACTIVE,2016-07-10 03:42:38
ACC_1000282,C_100178,BUSINESS,8496.76,DORMANT,2016-07-17 06:11:38
ACC_1000283,C_100179,BUSINESS,1387344.41,ACTIVE,2024-07-15 22:44:23
ACC_1000284,C_100179,SAVINGS,6904.9,ACTIVE,2024-07-05 21:48:23
ACC_1000285,C_100180,CURRENT,2513.99,ACTIVE,2021-04-07 21:44:22
ACC_1000286,C_100180,BUSINESS,344061.59,ACTIVE,2021-03-18 22:43:22
ACC_1000287,C_100181,CURRENT,4843.15,ACTIVE,2018-03-31 06:31:32
ACC_1000288,C_100182,BUSINESS,620274.73,ACTIVE,2018-03-18 16:26:01
ACC_1000289,C_100183,SAVINGS,4636.88,ACTIVE,2026-01-03 14:03:51
ACC_1000290,C_100184,SAVINGS,39107.6,ACTIVE,2020-02-18 04:17:22
ACC_1000291,C_100185,SAVINGS,22621.44,DORMANT,2017-03-25 11:23:54
ACC_1000292,C_100186,CURRENT,1970.2,ACTIVE,2019-12-26 10:33:46
ACC_1000293,C_100186,CURRENT,4906.62,ACTIVE,2020-01-05 14:25:46
ACC_1000294,C_100187,SAVINGS,19422.21,ACTIVE,2020-08-15 10:36:39
ACC_1000295,C_100188,SAVINGS,19799.83,ACTIVE,2024-10-13 10:52:22
ACC_1000296,C_100188,SAVINGS,56541.44,ACTIVE,2024-09-29 09:09:22
ACC_1000297,C_100189,CURRENT,204.69,ACTIVE,2020-03-08 07:29:40
ACC_1000298,C_100190,CURRENT,4054.3,DORMANT,2018-11-03 23:03:49
ACC_1000299,C_100191,SAVINGS,15862.04,ACTIVE,2018-12-28 17:51:53
ACC_1000300,C_100192,BUSINESS,121978.98,DORMANT,2024-01-12 17:58:21
ACC_1000301,C_100193,SAVINGS,6209.8,ACTIVE,2019-05-29 18:33:04
ACC_1000302,C_100193,SAVINGS,30676.62,ACTIVE,2019-06-05 00:13:04
ACC_1000303,C_100193,CURRENT,3729.06,ACTIVE,2019-05-19 03:30:04
ACC_1000304,C_100194,CURRENT,2585.36,ACTIVE,2018-09-24 06:30:12
ACC_1000305,C_100194,BUSINESS,38245.13,ACTIVE,2018-09-04 14:09:12
ACC_1000306,C_100195,CURRENT,1167.87,ACTIVE,2017-01-18 17:38:37
ACC_1000307,C_100195,SAVINGS,111766.76,ACTIVE,2016-12-22 10:49:37
ACC_1000308,C_100195,BUSINESS,8841.0,ACTIVE,2017-01-18 01:07:37
ACC_1000309,C_100196,SAVINGS,366.92,ACTIVE,2019-08-12 05:13:12
ACC_1000310,C_100196,CURRENT,784.94,ACTIVE,2019-08-01 03:47:12
ACC_1000311,C_100197,CURRENT,512.91,ACTIVE,2022-03-17 06:18:39
ACC_1000312,C_100198,CURRENT,515.76,ACTIVE,2025-05-25 05:04:14
ACC_1000313,C_100199,CURRENT,3306.54,ACTIVE,2021-11-07 05:19:30
ACC_1000314,C_100200,BUSINESS,10144.56,ACTIVE,2017-12-17 01:15:49
ACC_1000315,C_100200,BUSINESS,24036.09,ACTIVE,2017-11-28 13:54:49
ACC_1000316,C_100201,BUSINESS,16692.16,ACTIVE,2025-09-26 13:28:58
ACC_1000317,C_100202,BUSINESS,97002.92,ACTIVE,2016-05-06 22:18:58
ACC_1000318,C_100203,CURRENT,2530.96,ACTIVE,2023-09-29 07:07:52
ACC_1000319,C_100204,SAVINGS,82651.16,ACTIVE,2025-09-23 20:16:33
ACC_1000320,C_100205,SAVINGS,15672.06,ACTIVE,2019-01-15 19:58:09
ACC_1000321,C_100205,BUSINESS,8454.31,ACTIVE,2019-01-03 00:02:09
ACC_1000322,C_100206,SAVINGS,17079.17,ACTIVE,2018-10-14 13:20:52
ACC_1000323,C_100206,BUSINESS,9056.17,ACTIVE,2018-11-02 09:39:52
ACC_1000324,C_100207,CURRENT,1870.21,ACTIVE,2021-04-19 10:13:33
ACC_1000325,C_100208,BUSINESS,116858.32,ACTIVE,2016-08-25 18:10:37
ACC_1000326,C_100209,BUSINESS,465422.03,ACTIVE,2020-11-28 17:02:35
ACC_1000327,C_100210,CURRENT,1890.23,ACTIVE,2018-03-22 09:21:56
ACC_1000328,C_100211,SAVINGS,16871.44,ACTIVE,2017-05-11 05:28:04
ACC_1000329,C_100212,CURRENT,7795.95,ACTIVE,2020-07-06 13:00:26
ACC_1000330,C_100213,CURRENT,230.89,ACTIVE,2017-08-24 09:49:27
ACC_1000331,C_100214,BUSINESS,3368.16,ACTIVE,2022-01-20 05:18:05
ACC_1000332,C_100215,CURRENT,4075.57,ACTIVE,2022-08-06 04:30:07
ACC_1000333,C_100216,SAVINGS,14934.63,ACTIVE,2016-08-14 18:15:43
ACC_1000334,C_100217,CURRENT,1620.68,ACTIVE,2018-10-05 03:52:58
ACC_1000335,C_100218,CURRENT,4755.69,ACTIVE,2018-05-03 20:14:28
ACC_1000336,C_100219,SAVINGS,48382.19,ACTIVE,2019-08-28 07:23:01
ACC_1000337,C_100220,SAVINGS,7089.24,ACTIVE,2023-08-11 16:38:19
ACC_1000338,C_100220,SAVINGS,17736.42,ACTIVE,2023-08-07 20:06:19
ACC_1000339,C_100221,BUSINESS,44739.93,ACTIVE,2018-07-14 04:13:08
ACC_1000340,C_100222,BUSINESS,11948.71,ACTIVE,2024-12-21 11:13:22
ACC_1000341,C_100223,SAVINGS,37537.27,ACTIVE,2024-09-14 13:13:58
ACC_1000342,C_100224,BUSINESS,647508.46,ACTIVE,2018-12-03 09:34:33
ACC_1000343,C_100225,BUSINESS,97966.93,ACTIVE,2017-04-21 10:15:58
ACC_1000344,C_100226,SAVINGS,17829.87,ACTIVE,2019-09-25 16:12:58
ACC_1000345,C_100227,SAVINGS,13533.44,ACTIVE,2024-07-14 09:40:29
ACC_1000346,C_100228,CURRENT,1291.21,ACTIVE,2024-02-25 02:45:28
ACC_1000347,C_100229,CURRENT,6827.65,ACTIVE,2021-07-31 02:11:00
ACC_1000348,C_100229,CURRENT,4869.17,ACTIVE,2021-08-14 08:51:00
ACC_1000349,C_100229,SAVINGS,22510.16,ACTIVE,2021-07-28 02:50:00
ACC_1000350,C_100230,SAVINGS,49744.26,ACTIVE,2023-04-05 20:51:51
ACC_1000351,C_100231,CURRENT,5018.07,ACTIVE,2021-03-22 14:36:12
ACC_1000352,C_100231,CURRENT,1151.29,ACTIVE,2021-03-11 05:37:12
ACC_1000353,C_100232,CURRENT,4902.71,ACTIVE,2018-03-27 05:37:22
ACC_1000354,C_100233,SAVINGS,9764.05,ACTIVE,2018-02-08 09:49:10
ACC_1000355,C_100233,CURRENT,275.83,ACTIVE,2018-02-20 01:48:10
ACC_1000356,C_100234,CURRENT,516.89,ACTIVE,2024-02-22 15:53:28
ACC_1000357,C_100235,BUSINESS,112974.69,DORMANT,2019-06-22 04:02:54
ACC_1000358,C_100235,CURRENT,3126.17,ACTIVE,2019-06-24 14:10:54
ACC_1000359,C_100236,CURRENT,2883.63,ACTIVE,2018-07-05 21:19:47
ACC_1000360,C_100236,SAVINGS,11781.46,ACTIVE,2018-06-28 03:10:47
ACC_1000361,C_100236,CURRENT,2159.67,ACTIVE,2018-06-23 05:46:47
ACC_1000362,C_100237,BUSINESS,363734.28,ACTIVE,2023-06-25 04:25:07
ACC_1000363,C_100238,BUSINESS,305489.2,DORMANT,2023-12-09 05:56:19
ACC_1000364,C_100239,SAVINGS,3675.94,DORMANT,2025-08-12 04:37:42
ACC_1000365,C_100240,SAVINGS,8876.07,ACTIVE,2021-01-20 05:38:32
ACC_1000366,C_100240,CURRENT,811.16,ACTIVE,2021-01-06 16:23:32
ACC_1000367,C_100240,CURRENT,2140.25,ACTIVE,2021-01-06 00:24:32
ACC_1000368,C_100241,CURRENT,746.37,ACTIVE,2025-01-21 02:57:12
ACC_1000369,C_100241,BUSINESS,21020.95,ACTIVE,2025-02-05 00:18:12
ACC_1000370,C_100242,BUSINESS,25142.5,ACTIVE,2020-10-10 03:50:38
ACC_1000371,C_100242,BUSINESS,1500000.0,ACTIVE,2020-10-08 03:04:38
ACC_1000372,C_100243,BUSINESS,54319.57,ACTIVE,2019-04-09 09:23:11
ACC_1000373,C_100243,BUSINESS,303395.44,ACTIVE,2019-03-23 01:05:11
ACC_1000374,C_100244,BUSINESS,19440.21,ACTIVE,2020-04-23 09:14:36
ACC_1000375,C_100244,BUSINESS,166701.69,ACTIVE,2020-04-10 13:52:36
ACC_1000376,C_100245,CURRENT,3771.19,ACTIVE,2016-04-27 10:41:47
ACC_1000377,C_100246,CURRENT,2509.13,ACTIVE,2017-10-28 00:02:09
ACC_1000378,C_100247,SAVINGS,6396.12,ACTIVE,2016-06-11 19:01:15
ACC_1000379,C_100247,BUSINESS,142145.19,ACTIVE,2016-06-17 08:55:15
ACC_1000380,C_100248,CURRENT,2226.8,ACTIVE,2019-04-22 12:36:32
ACC_1000381,C_100248,BUSINESS,1119.57,ACTIVE,2019-04-01 01:51:32
ACC_1000382,C_100249,SAVINGS,9125.05,ACTIVE,2017-09-02 10:20:41
ACC_1000383,C_100250,SAVINGS,5489.67,ACTIVE,2018-01-12 14:19:30
ACC_1000384,C_100251,CURRENT,7468.19,ACTIVE,2024-11-03 20:35:42
ACC_1000385,C_100252,SAVINGS,96619.91,DORMANT,2018-10-04 19:43:16
ACC_1000386,C_100253,CURRENT,976.15,ACTIVE,2018-04-28 10:41:28
ACC_1000387,C_100254,BUSINESS,56303.97,ACTIVE,2025-01-10 07:49:35
ACC_1000388,C_100255,CURRENT,804.34,ACTIVE,2016-03-20 04:36:42
ACC_1000389,C_100256,BUSINESS,662979.88,ACTIVE,2018-10-07 05:17:02
ACC_1000390,C_100257,SAVINGS,55608.95,ACTIVE,2021-10-18 05:11:19
ACC_1000391,C_100258,CURRENT,7752.54,ACTIVE,2016-08-05 19:53:51
ACC_1000392,C_100259,SAVINGS,12799.71,ACTIVE,2018-08-18 16:29:46
ACC_1000393,C_100260,BUSINESS,1000.0,ACTIVE,2021-06-27 11:46:48
ACC_1000394,C_100260,BUSINESS,141068.05,ACTIVE,2021-06-25 01:45:48
ACC_1000395,C_100261,BUSINESS,120204.88,ACTIVE,2022-02-24 18:25:44
ACC_1000396,C_100261,SAVINGS,52789.17,ACTIVE,2022-03-06 22:23:44
ACC_1000397,C_100262,CURRENT,2578.67,ACTIVE,2024-08-25 03:53:56
ACC_1000398,C_100263,SAVINGS,13268.16,ACTIVE,2021-03-01 17:04:16
ACC_1000399,C_100264,SAVINGS,43219.41,ACTIVE,2016-03-21 17:47:06
ACC_1000400,C_100264,CURRENT,993.14,ACTIVE,2016-03-22 12:40:06
ACC_1000401,C_100265,SAVINGS,41078.47,DORMANT,2019-01-22 08:36:02
ACC_1000402,C_100265,CURRENT,1940.0,ACTIVE,2019-01-03 18:22:02
ACC_1000403,C_100266,BUSINESS,40156.66,ACTIVE,2023-09-14 21:40:06
ACC_1000404,C_100267,BUSINESS,113231.07,ACTIVE,2016-02-09 02:59:23
ACC_1000405,C_100268,CURRENT,3128.18,ACTIVE,2017-01-30 21:39:46
ACC_1000406,C_100268,SAVINGS,12159.3,ACTIVE,2017-02-09 11:57:46
ACC_1000407,C_100269,SAVINGS,24071.51,ACTIVE,2019-03-10 14:04:16
ACC_1000408,C_100270,SAVINGS,7090.25,ACTIVE,2023-08-27 17:38:52
ACC_1000409,C_100270,SAVINGS,3034.18,ACTIVE,2023-08-21 03:16:52
ACC_1000410,C_100271,CURRENT,488.25,ACTIVE,2019-12-09 03:26:18
ACC_1000411,C_100271,CURRENT,1104.56,ACTIVE,2019-12-04 18:14:18
ACC_1000412,C_100271,SAVINGS,6268.96,ACTIVE,2019-12-11 21:52:18
ACC_1000413,C_100272,CURRENT,1183.14,ACTIVE,2023-02-18 06:03:05
ACC_1000414,C_100272,BUSINESS,69888.18,ACTIVE,2023-02-27 03:01:05
ACC_1000415,C_100272,CURRENT,803.18,ACTIVE,2023-02-18 01:17:05
ACC_1000416,C_100273,BUSINESS,60401.79,ACTIVE,2022-08-18 19:10:16
ACC_1000417,C_100273,SAVINGS,40574.13,ACTIVE,2022-08-17 16:12:16
ACC_1000418,C_100273,SAVINGS,72921.54,ACTIVE,2022-08-17 09:45:16
ACC_1000419,C_100274,CURRENT,590.88,ACTIVE,2020-04-19 21:22:46
ACC_1000420,C_100275,BUSINESS,28960.61,ACTIVE,2024-07-31 23:15:18
ACC_1000421,C_100276,SAVINGS,136372.23,ACTIVE,2017-03-07 01:48:22
ACC_1000422,C_100277,SAVINGS,73456.33,DORMANT,2019-05-09 07:05:58
ACC_1000423,C_100277,SAVINGS,91681.5,ACTIVE,2019-04-11 05:18:58
ACC_1000424,C_100278,BUSINESS,65792.97,ACTIVE,2023-09-16 09:55:43
ACC_1000425,C_100278,SAVINGS,5975.1,ACTIVE,2023-09-29 05:01:43
ACC_1000426,C_100279,CURRENT,912.78,ACTIVE,2019-02-05 06:36:54
ACC_1000427,C_100280,CURRENT,5779.95,ACTIVE,2022-09-03 21:24:08
ACC_1000428,C_100281,SAVINGS,11702.97,ACTIVE,2020-04-26 18:39:53
ACC_1000429,C_100282,CURRENT,13376.29,ACTIVE,2023-11-10 07:36:46
ACC_1000430,C_100282,SAVINGS,49069.06,ACTIVE,2023-10-30 20:41:46
ACC_1000431,C_100282,CURRENT,1590.53,ACTIVE,2023-10-27 08:55:46
ACC_1000432,C_100283,BUSINESS,17242.58,ACTIVE,2023-03-07 01:35:37
ACC_1000433,C_100284,SAVINGS,14390.27,DORMANT,2022-05-26 19:37:28
ACC_1000434,C_100284,CURRENT,914.01,ACTIVE,2022-05-25 05:38:28
ACC_1000435,C_100285,BUSINESS,91800.77,ACTIVE,2018-05-31 03:08:49
ACC_1000436,C_100286,BUSINESS,9328.93,ACTIVE,2017-10-02 22:45:20
ACC_1000437,C_100287,SAVINGS,26191.37,ACTIVE,2025-10-30 22:09:47
ACC_1000438,C_100287,BUSINESS,101578.55,ACTIVE,2025-10-31 17:51:47
ACC_1000439,C_100288,CURRENT,7403.8,ACTIVE,2017-01-06 21:08:55
ACC_1000440,C_100289,CURRENT,5831.65,ACTIVE,2024-06-11 18:42:23
ACC_1000441,C_100290,BUSINESS,126684.97,ACTIVE,2021-01-29 05:31:16
ACC_1000442,C_100291,SAVINGS,40681.62,ACTIVE,2016-05-06 14:34:37
ACC_1000443,C_100291,BUSINESS,124601.14,ACTIVE,2016-05-09 19:40:37
ACC_1000444,C_100292,CURRENT,2092.76,ACTIVE,2021-06-12 18:30:52
ACC_1000445,C_100293,BUSINESS,252011.99,ACTIVE,2025-02-17 09:30:24
ACC_1000446,C_100294,SAVINGS,21932.67,ACTIVE,2018-10-12 11:38:12
ACC_1000447,C_100295,BUSINESS,736928.5,ACTIVE,2023-02-02 20:36:56
ACC_1000448,C_100296,SAVINGS,77773.76,ACTIVE,2020-06-03 18:57:43
ACC_1000449,C_100297,CURRENT,3012.56,ACTIVE,2018-02-12 08:21:05
ACC_1000450,C_100298,BUSINESS,11840.7,ACTIVE,2019-07-12 21:36:06
ACC_1000451,C_100299,SAVINGS,3910.55,DORMANT,2018-01-02 12:46:46
ACC_1000452,C_100299,SAVINGS,162976.31,ACTIVE,2017-12-29 05:47:46
ACC_1000453,C_100300,CURRENT,1253.99,ACTIVE,2021-09-30 13:17:36
ACC_1000454,C_100300,BUSINESS,10832.0,ACTIVE,2021-10-22 23:53:36
ACC_1000455,C_100301,CURRENT,1467.38,ACTIVE,2023-11-07 00:38:35
ACC_1000456,C_100302,CURRENT,3879.66,ACTIVE,2022-12-31 05:21:06
ACC_1000457,C_100302,SAVINGS,6819.14,ACTIVE,2023-01-08 09:12:06
ACC_1000458,C_100303,CURRENT,1617.89,DORMANT,2021-08-05 15:29:46
ACC_1000459,C_100304,BUSINESS,122389.14,ACTIVE,2016-05-16 12:41:45
ACC_1000460,C_100304,SAVINGS,53696.09,ACTIVE,2016-05-16 01:00:45
ACC_1000461,C_100305,SAVINGS,6971.64,ACTIVE,2024-05-29 08:09:01
ACC_1000462,C_100305,BUSINESS,54486.69,ACTIVE,2024-05-29 22:08:01
ACC_1000463,C_100306,BUSINESS,2172.1,ACTIVE,2022-03-04 03:21:24
ACC_1000464,C_100307,SAVINGS,5059.17,ACTIVE,2016-05-28 06:01:27
ACC_1000465,C_100308,SAVINGS,2953.11,ACTIVE,2024-01-15 10:20:08
ACC_1000466,C_100309,BUSINESS,1750.92,ACTIVE,2016-09-06 19:47:20
ACC_1000467,C_100309,BUSINESS,530519.61,ACTIVE,2016-09-26 04:23:20
ACC_1000468,C_100310,SAVINGS,34676.48,ACTIVE,2022-07-02 02:23:01
ACC_1000469,C_100311,SAVINGS,6256.63,ACTIVE,2023-12-09 13:14:52
ACC_1000470,C_100312,BUSINESS,29296.36,ACTIVE,2023-01-28 10:28:53
ACC_1000471,C_100312,SAVINGS,6148.29,ACTIVE,2023-01-24 18:12:53
ACC_1000472,C_100313,BUSINESS,91032.57,ACTIVE,2020-03-05 08:11:17
ACC_1000473,C_100314,SAVINGS,19606.19,ACTIVE,2023-02-17 02:45:32
ACC_1000474,C_100314,SAVINGS,8690.79,ACTIVE,2023-03-10 06:27:32
ACC_1000475,C_100315,SAVINGS,13761.55,ACTIVE,2022-03-02 07:55:30
ACC_1000476,C_100316,SAVINGS,22808.96,ACTIVE,2020-03-25 11:43:34
ACC_1000477,C_100317,BUSINESS,523795.2,ACTIVE,2023-12-04 03:26:55
ACC_1000478,C_100317,BUSINESS,96251.2,DORMANT,2023-12-13 08:52:55
ACC_1000479,C_100318,SAVINGS,1389.82,ACTIVE,2016-02-12 13:23:36
ACC_1000480,C_100319,SAVINGS,18902.24,ACTIVE,2024-04-10 06:07:45
ACC_1000481,C_100320,SAVINGS,6387.25,ACTIVE,2025-10-24 15:13:51
ACC_1000482,C_100321,CURRENT,820.58,DORMANT,2024-06-09 18:13:40
ACC_1000483,C_100322,SAVINGS,2584.65,ACTIVE,2022-08-11 20:06:55
ACC_1000484,C_100322,SAVINGS,18788.04,ACTIVE,2022-08-30 14:53:55
ACC_1000485,C_100323,SAVINGS,5418.71,ACTIVE,2022-03-24 16:54:54
ACC_1000486,C_100324,SAVINGS,18516.71,ACTIVE,2019-04-30 11:18:34
ACC_1000487,C_100325,SAVINGS,7627.78,ACTIVE,2021-12-29 02:17:21
ACC_1000488,C_100326,BUSINESS,722780.11,ACTIVE,2024-08-24 06:18:27
ACC_1000489,C_100327,SAVINGS,3350.28,ACTIVE,2024-11-25 10:43:23
ACC_1000490,C_100327,SAVINGS,2187.03,ACTIVE,2024-11-21 14:05:23
ACC_1000491,C_100327,BUSINESS,30138.63,ACTIVE,2024-11-12 11:32:23
ACC_1000492,C_100328,CURRENT,697.27,ACTIVE,2016-12-11 03:58:16
ACC_1000493,C_100329,CURRENT,9838.66,ACTIVE,2018-04-17 03:53:25
ACC_1000494,C_100329,BUSINESS,32025.2,ACTIVE,2018-04-28 10:31:25
ACC_1000495,C_100330,SAVINGS,18987.11,ACTIVE,2024-03-17 03:07:18
ACC_1000496,C_100330,CURRENT,2239.34,ACTIVE,2024-03-31 10:12:18
ACC_1000497,C_100331,SAVINGS,55359.66,ACTIVE,2019-07-05 19:39:32
ACC_1000498,C_100332,CURRENT,378.02,ACTIVE,2025-04-21 13:57:20
ACC_1000499,C_100333,SAVINGS,4757.17,ACTIVE,2022-07-03 20:41:51
ACC_1000500,C_100333,BUSINESS,19643.21,ACTIVE,2022-06-21 20:21:51
ACC_1000501,C_100334,SAVINGS,516.99,ACTIVE,2020-03-14 21:01:38
ACC_1000502,C_100334,CURRENT,2909.28,DORMANT,2020-03-01 17:02:38
ACC_1000503,C_100335,BUSINESS,71139.57,ACTIVE,2025-09-08 20:37:50
ACC_1000504,C_100336,CURRENT,2390.8,ACTIVE,2025-08-31 06:36:15
ACC_1000505,C_100337,CURRENT,3239.36,ACTIVE,2022-06-02 02:33:24
ACC_1000506,C_100338,SAVINGS,15295.55,ACTIVE,2016-08-03 18:21:50
ACC_1000507,C_100339,SAVINGS,26694.01,ACTIVE,2019-04-11 02:46:39
ACC_1000508,C_100339,SAVINGS,13707.4,DORMANT,2019-05-07 13:39:39
ACC_1000509,C_100340,CURRENT,198.45,ACTIVE,2024-04-04 07:21:58
ACC_1000510,C_100340,CURRENT,1145.94,ACTIVE,2024-03-30 01:47:58
ACC_1000511,C_100341,BUSINESS,8422.36,ACTIVE,2023-06-10 02:02:59
ACC_1000512,C_100341,CURRENT,4609.3,ACTIVE,2023-06-13 08:21:59
ACC_1000513,C_100342,CURRENT,2441.2,ACTIVE,2017-08-30 04:52:17
ACC_1000514,C_100343,BUSINESS,23732.7,ACTIVE,2016-12-14 19:59:42
ACC_1000515,C_100344,CURRENT,1907.78,ACTIVE,2018-12-28 21:48:08
ACC_1000516,C_100345,SAVINGS,3578.92,ACTIVE,2024-09-15 00:20:18
ACC_1000517,C_100345,CURRENT,2754.65,ACTIVE,2024-09-04 13:37:18
ACC_1000518,C_100346,SAVINGS,11331.46,ACTIVE,2020-01-26 23:34:35
ACC_1000519,C_100347,CURRENT,463.26,ACTIVE,2019-06-15 04:36:56
ACC_1000520,C_100348,BUSINESS,78520.4,ACTIVE,2020-01-06 02:05:36
ACC_1000521,C_100348,CURRENT,22019.59,ACTIVE,2020-01-05 07:30:36
ACC_1000522,C_100349,SAVINGS,26803.9,ACTIVE,2025-08-27 22:39:50
ACC_1000523,C_100349,SAVINGS,23348.07,ACTIVE,2025-08-21 22:51:50
ACC_1000524,C_100350,CURRENT,4612.6,ACTIVE,2025-04-25 23:22:35
ACC_1000525,C_100351,BUSINESS,63630.4,ACTIVE,2025-03-12 14:35:48
ACC_1000526,C_100352,CURRENT,5924.41,ACTIVE,2019-09-29 18:02:39
ACC_1000527,C_100353,BUSINESS,37366.57,ACTIVE,2020-10-27 17:57:30
ACC_1000528,C_100353,CURRENT,4750.0,ACTIVE,2020-10-26 01:26:30
ACC_1000529,C_100354,CURRENT,5089.61,ACTIVE,2022-12-18 18:47:36
ACC_1000530,C_100355,BUSINESS,89692.59,ACTIVE,2019-03-22 09:26:42
ACC_1000531,C_100356,SAVINGS,29389.64,ACTIVE,2020-05-04 07:19:29
ACC_1000532,C_100356,BUSINESS,15228.86,ACTIVE,2020-04-20 04:59:29
ACC_1000533,C_100357,SAVINGS,1057.49,DORMANT,2019-01-30 04:09:48
ACC_1000534,C_100358,SAVINGS,44773.66,ACTIVE,2021-05-11 23:36:33
ACC_1000535,C_100359,CURRENT,1190.34,ACTIVE,2016-09-02 03:17:18
ACC_1000536,C_100360,CURRENT,3801.22,ACTIVE,2024-05-12 02:49:46
ACC_1000537,C_100360,CURRENT,2307.43,ACTIVE,2024-05-02 16:07:46
ACC_1000538,C_100361,BUSINESS,1819.42,ACTIVE,2018-03-09 00:56:17
ACC_1000539,C_100362,CURRENT,4605.3,ACTIVE,2022-12-20 20:31:06
ACC_1000540,C_100362,CURRENT,1383.54,ACTIVE,2022-12-02 05:52:06
ACC_1000541,C_100363,SAVINGS,1954.34,ACTIVE,2017-08-04 05:17:18
ACC_1000542,C_100363,CURRENT,1167.07,ACTIVE,2017-08-26 05:40:18
ACC_1000543,C_100364,BUSINESS,15363.68,ACTIVE,2019-05-23 02:57:44
ACC_1000544,C_100365,CURRENT,4096.61,ACTIVE,2023-12-16 18:43:39
ACC_1000545,C_100365,BUSINESS,21459.01,ACTIVE,2023-12-31 01:57:39
ACC_1000546,C_100366,SAVINGS,5516.91,ACTIVE,2019-06-28 00:00:22
ACC_1000547,C_100366,CURRENT,2848.08,ACTIVE,2019-06-18 22:09:22
ACC_1000548,C_100366,BUSINESS,13181.51,ACTIVE,2019-06-11 00:54:22
ACC_1000549,C_100367,BUSINESS,58942.08,ACTIVE,2019-08-11 02:05:34
ACC_1000550,C_100367,CURRENT,2511.82,ACTIVE,2019-08-26 14:52:34
ACC_1000551,C_100368,CURRENT,9066.04,ACTIVE,2019-11-29 22:33:59
ACC_1000552,C_100369,BUSINESS,118308.42,ACTIVE,2018-05-10 03:59:07
ACC_1000553,C_100369,BUSINESS,103719.59,ACTIVE,2018-06-03 19:43:07
ACC_1000554,C_100370,CURRENT,3954.37,ACTIVE,2024-03-19 18:34:44
ACC_1000555,C_100370,CURRENT,759.87,ACTIVE,2024-03-23 08:10:44
ACC_1000556,C_100371,CURRENT,451.66,ACTIVE,2021-06-02 13:38:46
ACC_1000557,C_100372,BUSINESS,130010.78,ACTIVE,2016-11-24 02:00:41
ACC_1000558,C_100372,BUSINESS,98738.83,DORMANT,2016-11-12 05:53:41
ACC_1000559,C_100373,SAVINGS,7046.07,ACTIVE,2019-09-21 03:40:01
ACC_1000560,C_100374,BUSINESS,90322.36,ACTIVE,2019-05-25 11:03:55
ACC_1000561,C_100375,BUSINESS,602997.02,ACTIVE,2016-02-05 16:09:07
ACC_1000562,C_100376,SAVINGS,250000.0,ACTIVE,2018-05-11 06:30:11
ACC_1000563,C_100377,SAVINGS,25856.11,ACTIVE,2021-04-21 09:56:26
ACC_1000564,C_100377,BUSINESS,1799.81,ACTIVE,2021-04-24 06:17:26
ACC_1000565,C_100378,SAVINGS,20352.09,DORMANT,2021-01-20 22:57:28
ACC_1000566,C_100379,CURRENT,940.83,ACTIVE,2024-06-12 21:22:15
ACC_1000567,C_100380,SAVINGS,17385.71,ACTIVE,2025-06-11 13:14:38
ACC_1000568,C_100380,BUSINESS,1833.23,DORMANT,2025-06-27 15:51:38
ACC_1000569,C_100381,BUSINESS,126939.86,ACTIVE,2025-08-07 09:12:51
ACC_1000570,C_100381,CURRENT,3125.98,ACTIVE,2025-08-27 17:34:51
ACC_1000571,C_100382,CURRENT,1736.55,ACTIVE,2017-11-18 17:14:52
ACC_1000572,C_100382,SAVINGS,36230.18,DORMANT,2017-12-02 02:36:52
ACC_1000573,C_100383,CURRENT,3750.97,ACTIVE,2019-08-02 13:35:23
ACC_1000574,C_100383,CURRENT,1312.84,ACTIVE,2019-08-13 20:30:23
ACC_1000575,C_100384,CURRENT,8110.93,ACTIVE,2025-11-11 20:45:00
ACC_1000576,C_100384,CURRENT,5301.43,ACTIVE,2025-10-30 09:29:00
ACC_1000577,C_100385,CURRENT,3724.15,ACTIVE,2022-05-23 18:21:21
ACC_1000578,C_100385,CURRENT,630.49,ACTIVE,2022-06-06 12:51:21
ACC_1000579,C_100385,CURRENT,1051.25,ACTIVE,2022-05-11 22:54:21
ACC_1000580,C_100386,CURRENT,9270.23,ACTIVE,2022-02-02 06:05:11
ACC_1000581,C_100386,SAVINGS,24225.64,ACTIVE,2022-01-15 01:34:11
ACC_1000582,C_100387,BUSINESS,3686.07,ACTIVE,2020-07-27 19:57:15
ACC_1000583,C_100388,CURRENT,243.51,ACTIVE,2023-10-05 23:36:59
ACC_1000584,C_100389,CURRENT,423.82,ACTIVE,2017-02-26 15:28:58
ACC_1000585,C_100390,BUSINESS,915247.57,ACTIVE,2022-11-02 14:43:14
ACC_1000586,C_100390,BUSINESS,12950.82,ACTIVE,2022-11-07 04:04:14
ACC_1000587,C_100391,SAVINGS,14676.32,ACTIVE,2021-10-19 06:26:49
ACC_1000588,C_100392,BUSINESS,155434.06,DORMANT,2017-12-27 10:13:05
ACC_1000589,C_100393,SAVINGS,21643.13,ACTIVE,2020-02-26 19:03:06
ACC_1000590,C_100393,CURRENT,4582.19,DORMANT,2020-03-04 00:49:06
ACC_1000591,C_100394,CURRENT,4015.83,ACTIVE,2022-09-24 02:50:31
ACC_1000592,C_100395,SAVINGS,1032.47,ACTIVE,2024-06-17 08:19:27
ACC_1000593,C_100395,SAVINGS,29205.91,ACTIVE,2024-06-01 21:39:27
ACC_1000594,C_100396,CURRENT,1018.16,ACTIVE,2025-09-09 19:29:32
ACC_1000595,C_100397,SAVINGS,6244.09,ACTIVE,2024-10-27 06:20:26
ACC_1000596,C_100398,BUSINESS,56399.4,ACTIVE,2025-01-11 10:39:17
ACC_1000597,C_100399,SAVINGS,60256.44,ACTIVE,2021-04-23 14:23:02
ACC_1000598,C_100400,BUSINESS,380156.99,DORMANT,2023-06-21 05:59:31
ACC_1000599,C_100401,BUSINESS,1500000.0,DORMANT,2019-02-26 08:19:24
ACC_1000600,C_100402,CURRENT,1836.59,ACTIVE,2024-08-26 15:35:56
ACC_1000601,C_100403,CURRENT,2654.16,ACTIVE,2021-07-31 21:36:45
ACC_1000602,C_100404,SAVINGS,82688.81,DORMANT,2025-03-11 13:35:52
ACC_1000603,C_100405,SAVINGS,2532.61,ACTIVE,2020-01-29 04:08:14
ACC_1000604,C_100406,SAVINGS,3698.61,ACTIVE,2025-02-14 07:00:13
ACC_1000605,C_100407,BUSINESS,98858.38,ACTIVE,2020-10-11 15:07:46
ACC_1000606,C_100407,BUSINESS,95893.97,DORMANT,2020-10-03 02:45:46
ACC_1000607,C_100408,SAVINGS,2425.21,ACTIVE,2023-02-27 02:41:50
ACC_1000608,C_100409,SAVINGS,32261.84,ACTIVE,2016-09-03 17:25:22
ACC_1000609,C_100410,SAVINGS,14675.17,ACTIVE,2024-09-20 02:31:19
ACC_1000610,C_100411,CURRENT,3080.74,ACTIVE,2023-03-08 01:39:03
ACC_1000611,C_100412,SAVINGS,62764.2,DORMANT,2020-03-26 00:29:45
ACC_1000612,C_100412,BUSINESS,25668.77,ACTIVE,2020-03-29 02:41:45
ACC_1000613,C_100413,CURRENT,466.44,ACTIVE,2017-07-05 16:46:22
ACC_1000614,C_100413,SAVINGS,5468.56,ACTIVE,2017-07-11 02:12:22
ACC_1000615,C_100414,CURRENT,2720.11,ACTIVE,2021-02-16 16:02:35
ACC_1000616,C_100414,SAVINGS,8434.78,DORMANT,2021-02-18 08:33:35
ACC_1000617,C_100414,SAVINGS,16091.3,DORMANT,2021-03-06 19:37:35
ACC_1000618,C_100415,CURRENT,971.52,ACTIVE,2024-06-29 10:21:37
ACC_1000619,C_100415,CURRENT,791.49,DORMANT,2024-06-27 07:12:37
ACC_1000620,C_100415,SAVINGS,39274.65,ACTIVE,2024-06-26 22:28:37
ACC_1000621,C_100416,CURRENT,1098.36,ACTIVE,2020-04-15 14:44:48
ACC_1000622,C_100416,CURRENT,3774.01,ACTIVE,2020-03-23 20:08:48
ACC_1000623,C_100417,SAVINGS,7510.32,ACTIVE,2025-05-29 08:06:07
ACC_1000624,C_100418,SAVINGS,250000.0,ACTIVE,2017-10-05 00:39:54
ACC_1000625,C_100419,SAVINGS,41888.22,ACTIVE,2023-11-13 10:43:38
ACC_1000626,C_100419,SAVINGS,3871.06,ACTIVE,2023-12-06 08:40:38
ACC_1000627,C_100420,BUSINESS,47061.08,ACTIVE,2021-08-03 00:41:57
ACC_1000628,C_100421,BUSINESS,19456.12,ACTIVE,2022-03-09 07:14:18
ACC_1000629,C_100421,SAVINGS,23745.59,ACTIVE,2022-03-04 06:33:18
ACC_1000630,C_100421,CURRENT,5882.59,ACTIVE,2022-03-22 14:02:18
ACC_1000631,C_100422,SAVINGS,12185.23,ACTIVE,2024-03-05 04:44:16
ACC_1000632,C_100423,CURRENT,286.65,ACTIVE,2025-11-07 17:35:10
ACC_1000633,C_100424,CURRENT,1434.91,ACTIVE,2026-01-05 13:42:14
ACC_1000634,C_100425,SAVINGS,39934.61,ACTIVE,2023-01-13 14:06:07
ACC_1000635,C_100426,CURRENT,880.44,ACTIVE,2021-02-16 02:12:49
ACC_1000636,C_100427,BUSINESS,1311516.89,ACTIVE,2024-03-07 21:33:06
ACC_1000637,C_100427,BUSINESS,8842.4,ACTIVE,2024-03-04 17:13:06
ACC_1000638,C_100428,BUSINESS,31004.03,ACTIVE,2022-11-19 16:18:34
ACC_1000639,C_100428,CURRENT,6448.85,ACTIVE,2022-11-24 19:50:34
ACC_1000640,C_100429,SAVINGS,5202.27,ACTIVE,2019-07-27 13:04:00
ACC_1000641,C_100429,BUSINESS,332358.28,ACTIVE,2019-08-04 08:15:00
ACC_1000642,C_100430,SAVINGS,22314.22,ACTIVE,2023-07-29 22:49:01
ACC_1000643,C_100431,SAVINGS,2502.33,ACTIVE,2021-05-28 01:19:18
ACC_1000644,C_100432,SAVINGS,14379.2,ACTIVE,2021-04-30 09:51:10
ACC_1000645,C_100433,BUSINESS,31484.69,ACTIVE,2018-07-30 01:48:34
ACC_1000646,C_100434,BUSINESS,1917.44,ACTIVE,2021-02-05 05:47:16
ACC_1000647,C_100435,BUSINESS,214989.23,ACTIVE,2024-12-08 13:01:54
ACC_1000648,C_100435,BUSINESS,150354.21,ACTIVE,2024-12-15 09:53:54
ACC_1000649,C_100436,SAVINGS,13355.44,ACTIVE,2016-08-30 19:35:58
ACC_1000650,C_100437,CURRENT,7478.95,ACTIVE,2024-01-27 20:46:34
ACC_1000651,C_100438,CURRENT,7585.57,ACTIVE,2025-01-06 19:53:50
ACC_1000652,C_100439,CURRENT,6506.95,ACTIVE,2024-01-17 01:34:56
ACC_1000653,C_100439,BUSINESS,8396.23,ACTIVE,2024-02-04 22:49:56
ACC_1000654,C_100440,BUSINESS,24647.0,ACTIVE,2024-10-14 13:09:19
ACC_1000655,C_100441,CURRENT,531.64,DORMANT,2021-02-10 02:21:10
ACC_1000656,C_100442,CURRENT,1333.79,ACTIVE,2025-06-02 17:03:12
ACC_1000657,C_100442,SAVINGS,937.88,ACTIVE,2025-06-02 17:41:12
ACC_1000658,C_100443,SAVINGS,10047.73,ACTIVE,2022-10-23 21:33:10
ACC_1000659,C_100444,CURRENT,902.76,ACTIVE,2019-11-25 04:15:37
ACC_1000660,C_100445,SAVINGS,26483.84,ACTIVE,2019-07-22 21:01:19
ACC_1000661,C_100445,CURRENT,2738.02,DORMANT,2019-08-01 20:38:19
ACC_1000662,C_100446,SAVINGS,2749.39,ACTIVE,2023-08-01 22:28:49
ACC_1000663,C_100446,CURRENT,741.98,ACTIVE,2023-08-08 22:42:49
ACC_1000664,C_100447,BUSINESS,47876.78,ACTIVE,2020-01-08 18:03:19
ACC_1000665,C_100448,CURRENT,8135.78,ACTIVE,2025-06-14 23:08:19
ACC_1000666,C_100449,BUSINESS,11277.57,ACTIVE,2023-07-19 08:24:39
ACC_1000667,C_100449,CURRENT,721.42,DORMANT,2023-07-24 16:21:39
ACC_1000668,C_100450,BUSINESS,219200.77,ACTIVE,2025-06-28 11:50:30
ACC_1000669,C_100451,BUSINESS,43404.02,ACTIVE,2022-12-11 19:01:27
ACC_1000670,C_100451,CURRENT,406.41,ACTIVE,2022-12-19 15:52:27
ACC_1000671,C_100451,CURRENT,5671.44,ACTIVE,2022-12-14 03:03:27
ACC_1000672,C_100452,CURRENT,858.47,ACTIVE,2020-05-11 23:07:37
ACC_1000673,C_100453,CURRENT,1445.57,ACTIVE,2023-02-13 08:43:46
ACC_1000674,C_100453,BUSINESS,98051.12,ACTIVE,2023-02-16 21:48:46
ACC_1000675,C_100454,CURRENT,473.28,ACTIVE,2023-09-18 06:45:40
ACC_1000676,C_100455,CURRENT,957.11,ACTIVE,2019-01-11 14:45:08
ACC_1000677,C_100456,SAVINGS,60053.97,ACTIVE,2022-09-25 14:40:05
ACC_1000678,C_100457,BUSINESS,25782.38,ACTIVE,2024-10-27 20:02:22
ACC_1000679,C_100458,SAVINGS,1358.06,ACTIVE,2022-01-19 06:47:16
ACC_1000680,C_100458,SAVINGS,762.55,ACTIVE,2022-01-22 13:09:16
ACC_1000681,C_100459,SAVINGS,6397.22,ACTIVE,2018-07-09 04:38:39
ACC_1000682,C_100460,SAVINGS,4427.77,ACTIVE,2019-08-11 23:56:07
ACC_1000683,C_100461,CURRENT,444.01,ACTIVE,2021-10-24 12:11:20
ACC_1000684,C_100461,SAVINGS,2680.24,ACTIVE,2021-10-28 05:27:20
ACC_1000685,C_100462,BUSINESS,4487.66,ACTIVE,2024-09-16 16:54:13
ACC_1000686,C_100462,SAVINGS,39428.52,ACTIVE,2024-09-21 10:53:13
ACC_1000687,C_100463,SAVINGS,15172.87,ACTIVE,2025-05-20 07:39:01
ACC_1000688,C_100463,BUSINESS,66582.36,ACTIVE,2025-06-04 07:51:01
ACC_1000689,C_100463,SAVINGS,687.87,ACTIVE,2025-05-21 22:43:01
ACC_1000690,C_100464,SAVINGS,47796.93,ACTIVE,2016-05-04 15:27:11
ACC_1000691,C_100464,CURRENT,1941.7,ACTIVE,2016-04-18 12:09:11
ACC_1000692,C_100464,CURRENT,1774.98,DORMANT,2016-04-11 16:18:11
ACC_1000693,C_100465,BUSINESS,47597.16,ACTIVE,2018-12-06 12:11:29
ACC_1000694,C_100466,BUSINESS,26841.33,ACTIVE,2022-01-07 17:25:53
ACC_1000695,C_100466,SAVINGS,81439.38,ACTIVE,2022-01-15 22:01:53
ACC_1000696,C_100467,CURRENT,408.8,ACTIVE,2022-11-01 12:28:58
ACC_1000697,C_100468,BUSINESS,35275.24,ACTIVE,2018-06-20 10:33:55
ACC_1000698,C_100468,CURRENT,471.58,ACTIVE,2018-07-06 16:19:55
ACC_1000699,C_100469,SAVINGS,110141.46,ACTIVE,2024-12-28 20:22:26
ACC_1000700,C_100469,CURRENT,444.7,ACTIVE,2024-12-01 11:27:26
ACC_1000701,C_100470,SAVINGS,11270.75,ACTIVE,2022-09-15 19:30:53
ACC_1000702,C_100470,SAVINGS,250000.0,DORMANT,2022-09-10 06:32:53
ACC_1000703,C_100471,BUSINESS,12322.72,ACTIVE,2023-04-10 16:36:41
ACC_1000704,C_100471,SAVINGS,24882.37,DORMANT,2023-04-29 16:20:41
ACC_1000705,C_100471,SAVINGS,51139.55,ACTIVE,2023-04-15 16:32:41
ACC_1000706,C_100472,CURRENT,1815.05,ACTIVE,2023-07-28 17:31:16
ACC_1000707,C_100472,SAVINGS,18483.73,ACTIVE,2023-07-24 08:16:16
ACC_1000708,C_100473,SAVINGS,10858.14,ACTIVE,2017-02-27 10:03:15
ACC_1000709,C_100474,CURRENT,1104.8,ACTIVE,2017-03-15 06:15:53
ACC_1000710,C_100474,CURRENT,5044.34,ACTIVE,2017-03-05 18:50:53
ACC_1000711,C_100475,SAVINGS,8883.39,ACTIVE,2019-06-08 02:02:08
ACC_1000712,C_100476,CURRENT,801.39,ACTIVE,2018-10-14 09:24:55
ACC_1000713,C_100477,BUSINESS,74140.72,ACTIVE,2021-01-21 21:50:40
ACC_1000714,C_100478,SAVINGS,2315.39,ACTIVE,2025-04-14 15:52:50
ACC_1000715,C_100479,BUSINESS,231133.75,ACTIVE,2022-09-08 01:28:46
ACC_1000716,C_100480,CURRENT,643.51,ACTIVE,2026-01-05 19:53:00
ACC_1000717,C_100480,SAVINGS,30168.2,ACTIVE,2026-01-19 04:21:00
ACC_1000718,C_100481,SAVINGS,5917.12,ACTIVE,2016-03-04 22:16:50
ACC_1000719,C_100482,CURRENT,1326.06,ACTIVE,2022-05-12 06:20:22
ACC_1000720,C_100482,SAVINGS,10781.77,ACTIVE,2022-05-10 21:35:22
ACC_1000721,C_100482,BUSINESS,23611.68,ACTIVE,2022-05-11 08:33:22
ACC_1000722,C_100483,BUSINESS,7800.28,ACTIVE,2023-07-11 18:21:42
ACC_1000723,C_100484,SAVINGS,26288.48,ACTIVE,2023-11-26 11:28:57
ACC_1000724,C_100484,CURRENT,4271.55,ACTIVE,2023-11-28 01:18:57
ACC_1000725,C_100485,BUSINESS,86623.35,ACTIVE,2023-05-28 13:48:53
ACC_1000726,C_100485,BUSINESS,72457.38,DORMANT,2023-05-05 11:29:53
ACC_1000727,C_100486,CURRENT,4957.29,ACTIVE,2018-07-08 04:30:01
ACC_1000728,C_100486,BUSINESS,445601.18,ACTIVE,2018-07-08 19:24:01
ACC_1000729,C_100487,BUSINESS,75973.84,ACTIVE,2021-09-06 01:51:34
ACC_1000730,C_100488,CURRENT,5540.26,ACTIVE,2017-11-03 11:52:17
ACC_1000731,C_100488,BUSINESS,104496.2,ACTIVE,2017-10-14 16:45:17
ACC_1000732,C_100489,CURRENT,763.78,ACTIVE,2023-08-04 17:17:59
ACC_1000733,C_100489,SAVINGS,3503.28,ACTIVE,2023-08-17 21:10:59
ACC_1000734,C_100489,CURRENT,1127.99,ACTIVE,2023-08-16 21:07:59
ACC_1000735,C_100490,BUSINESS,11509.16,ACTIVE,2017-06-15 23:15:48
ACC_1000736,C_100491,SAVINGS,8753.05,ACTIVE,2018-12-09 06:47:17
ACC_1000737,C_100492,SAVINGS,8962.84,ACTIVE,2023-06-04 21:40:12
ACC_1000738,C_100493,BUSINESS,23066.24,ACTIVE,2022-08-09 17:00:19
ACC_1000739,C_100493,SAVINGS,7109.0,ACTIVE,2022-07-14 22:49:19
ACC_1000740,C_100494,BUSINESS,24696.23,ACTIVE,2018-08-20 04:37:12
ACC_1000741,C_100495,BUSINESS,63092.61,ACTIVE,2017-10-02 14:43:45
ACC_1000742,C_100496,CURRENT,3110.04,ACTIVE,2021-09-08 07:36:43
ACC_1000743,C_100496,CURRENT,1054.31,ACTIVE,2021-08-26 00:31:43
ACC_1000744,C_100497,CURRENT,2481.94,ACTIVE,2023-08-18 20:15:16
ACC_1000745,C_100497,BUSINESS,22217.5,ACTIVE,2023-08-29 22:56:16
ACC_1000746,C_100498,SAVINGS,7925.16,ACTIVE,2025-01-01 09:28:12
ACC_1000747,C_100499,CURRENT,4086.19,DORMANT,2018-11-18 07:07:19
ACC_1000748,C_100500,CURRENT,2257.99,ACTIVE,2021-11-12 17:42:42
ACC_1000749,C_100501,SAVINGS,14601.87,ACTIVE,2023-05-13 00:28:45
ACC_1000750,C_100502,SAVINGS,23722.21,ACTIVE,2023-08-25 10:56:15
ACC_1000751,C_100502,CURRENT,2167.63,ACTIVE,2023-08-24 06:21:15
ACC_1000752,C_100502,CURRENT,2184.41,DORMANT,2023-09-13 08:03:15
ACC_1000753,C_100503,SAVINGS,242275.76,ACTIVE,2022-04-16 22:12:47
ACC_1000754,C_100503,SAVINGS,23901.59,ACTIVE,2022-04-02 22:11:47
ACC_1000755,C_100504,CURRENT,3778.05,ACTIVE,2025-09-12 23:34:08
ACC_1000756,C_100505,BUSINESS,37319.65,DORMANT,2020-07-24 15:49:19
ACC_1000757,C_100506,SAVINGS,9565.09,ACTIVE,2016-02-17 21:04:59
ACC_1000758,C_100507,BUSINESS,12917.67,ACTIVE,2016-11-28 22:50:26
ACC_1000759,C_100508,BUSINESS,75947.37,DORMANT,2022-09-26 08:44:31
ACC_1000760,C_100509,CURRENT,22431.32,ACTIVE,2024-11-02 05:57:39
ACC_1000761,C_100510,BUSINESS,62563.79,ACTIVE,2016-01-09 03:07:56
ACC_1000762,C_100510,SAVINGS,12220.89,ACTIVE,2016-01-05 01:06:56
ACC_1000763,C_100511,CURRENT,282.57,ACTIVE,2021-11-19 02:05:34
ACC_1000764,C_100512,SAVINGS,31980.7,ACTIVE,2019-11-25 08:49:02
ACC_1000765,C_100512,SAVINGS,8456.82,ACTIVE,2019-12-11 21:31:02
ACC_1000766,C_100513,SAVINGS,2752.59,ACTIVE,2018-01-06 04:08:23
ACC_1000767,C_100514,SAVINGS,6517.97,ACTIVE,2018-12-14 02:44:04
ACC_1000768,C_100515,BUSINESS,8136.63,ACTIVE,2021-03-31 00:38:56
ACC_1000769,C_100516,CURRENT,725.3,ACTIVE,2021-11-01 15:09:08
ACC_1000770,C_100517,SAVINGS,26545.29,DORMANT,2018-01-27 00:16:03
ACC_1000771,C_100518,SAVINGS,7785.74,ACTIVE,2018-02-20 22:54:04
ACC_1000772,C_100519,CURRENT,1779.87,ACTIVE,2025-06-06 12:44:28
ACC_1000773,C_100520,BUSINESS,6558.05,DORMANT,2021-07-28 20:11:55
ACC_1000774,C_100520,BUSINESS,1500000.0,ACTIVE,2021-07-11 08:00:55
ACC_1000775,C_100521,SAVINGS,4205.04,ACTIVE,2018-02-09 03:45:35
ACC_1000776,C_100522,CURRENT,447.74,ACTIVE,2021-05-16 07:42:19
ACC_1000777,C_100523,CURRENT,880.98,DORMANT,2021-03-11 20:16:33
ACC_1000778,C_100524,CURRENT,6672.27,ACTIVE,2018-09-07 22:29:31
ACC_1000779,C_100524,CURRENT,3932.8,ACTIVE,2018-09-18 15:21:31
ACC_1000780,C_100525,CURRENT,890.7,ACTIVE,2024-06-10 00:06:19
ACC_1000781,C_100526,SAVINGS,250000.0,ACTIVE,2025-02-21 16:28:10
ACC_1000782,C_100526,CURRENT,5906.34,ACTIVE,2025-03-09 08:40:10
ACC_1000783,C_100527,CURRENT,462.77,ACTIVE,2024-04-26 15:07:41
ACC_1000784,C_100528,SAVINGS,3957.34,ACTIVE,2024-11-16 14:28:02
ACC_1000785,C_100529,BUSINESS,1500000.0,ACTIVE,2016-09-28 11:02:41
ACC_1000786,C_100530,SAVINGS,11766.12,ACTIVE,2025-02-20 09:34:59
ACC_1000787,C_100530,CURRENT,319.26,ACTIVE,2025-02-03 19:35:59
ACC_1000788,C_100531,BUSINESS,5240.61,ACTIVE,2023-04-19 02:53:14
ACC_1000789,C_100532,SAVINGS,1040.83,ACTIVE,2025-12-31 18:07:17
ACC_1000790,C_100533,CURRENT,608.68,ACTIVE,2025-02-02 23:36:02
ACC_1000791,C_100534,BUSINESS,27017.23,ACTIVE,2018-08-20 03:43:48
ACC_1000792,C_100534,CURRENT,571.65,DORMANT,2018-08-14 02:15:48
ACC_1000793,C_100535,BUSINESS,38088.22,ACTIVE,2024-10-13 00:43:20
ACC_1000794,C_100536,BUSINESS,34595.44,ACTIVE,2017-06-26 13:49:33
ACC_1000795,C_100537,SAVINGS,45624.2,ACTIVE,2024-08-17 19:05:51
ACC_1000796,C_100538,BUSINESS,66324.35,ACTIVE,2024-04-20 00:23:47
ACC_1000797,C_100539,CURRENT,10645.37,ACTIVE,2022-02-10 08:28:05
ACC_1000798,C_100540,BUSINESS,1294562.17,ACTIVE,2025-11-04 08:55:02
ACC_1000799,C_100541,SAVINGS,4684.07,ACTIVE,2025-01-17 02:01:38
ACC_1000800,C_100542,CURRENT,2856.97,ACTIVE,2025-02-22 18:13:45
ACC_1000801,C_100543,BUSINESS,83196.14,DORMANT,2016-02-16 12:01:18
ACC_1000802,C_100544,CURRENT,9203.36,ACTIVE,2017-11-06 06:01:11
ACC_1000803,C_100545,BUSINESS,58309.44,DORMANT,2022-11-29 13:40:53
ACC_1000804,C_100546,SAVINGS,7529.44,ACTIVE,2017-04-17 05:48:18
ACC_1000805,C_100547,BUSINESS,31025.31,ACTIVE,2017-09-23 11:48:25
ACC_1000806,C_100548,BUSINESS,4883.46,ACTIVE,2024-03-05 06:08:55
ACC_1000807,C_100549,SAVINGS,5514.81,ACTIVE,2024-12-25 03:41:45
ACC_1000808,C_100550,CURRENT,1064.93,ACTIVE,2017-09-07 18:10:25
ACC_1000809,C_100550,BUSINESS,261999.72,ACTIVE,2017-09-06 14:31:25
ACC_1000810,C_100550,SAVINGS,4767.11,ACTIVE,2017-09-17 19:40:25
ACC_1000811,C_100551,BUSINESS,96122.39,ACTIVE,2025-03-06 17:16:34
ACC_1000812,C_100551,SAVINGS,1608.74,DORMANT,2025-03-31 01:29:34
ACC_1000813,C_100551,SAVINGS,14811.48,ACTIVE,2025-03-12 08:59:34
ACC_1000814,C_100552,CURRENT,7416.23,ACTIVE,2023-08-24 22:01:48
ACC_1000815,C_100553,CURRENT,1121.02,ACTIVE,2021-06-23 04:12:52
ACC_1000816,C_100553,BUSINESS,6985.34,ACTIVE,2021-06-07 10:10:52
ACC_1000817,C_100554,BUSINESS,9112.64,ACTIVE,2020-12-04 05:25:54
ACC_1000818,C_100555,BUSINESS,397283.33,ACTIVE,2016-07-18 18:46:22
ACC_1000819,C_100556,SAVINGS,195580.59,ACTIVE,2017-02-04 21:10:27
ACC_1000820,C_100557,CURRENT,4359.15,ACTIVE,2022-05-03 04:01:15
ACC_1000821,C_100557,CURRENT,9781.4,ACTIVE,2022-05-02 11:36:15
ACC_1000822,C_100558,CURRENT,2727.59,ACTIVE,2020-02-01 18:54:19
ACC_1000823,C_100559,CURRENT,1008.65,DORMANT,2018-02-26 17:49:58
ACC_1000824,C_100559,BUSINESS,347526.54,ACTIVE,2018-02-26 20:00:58
ACC_1000825,C_100560,SAVINGS,44732.36,ACTIVE,2025-09-17 00:13:22
ACC_1000826,C_100561,CURRENT,1144.62,ACTIVE,2016-01-09 11:14:47
ACC_1000827,C_100562,BUSINESS,123071.39,ACTIVE,2023-05-21 18:38:22
ACC_1000828,C_100562,BUSINESS,13551.31,ACTIVE,2023-06-11 06:31:22
ACC_1000829,C_100563,CURRENT,3400.5,ACTIVE,2019-08-24 08:52:13
ACC_1000830,C_100564,SAVINGS,4177.47,ACTIVE,2017-06-26 13:45:14
ACC_1000831,C_100565,SAVINGS,23260.28,ACTIVE,2020-06-04 14:33:15
ACC_1000832,C_100566,SAVINGS,14684.61,ACTIVE,2024-02-18 00:54:49
ACC_1000833,C_100567,BUSINESS,100554.97,ACTIVE,2025-12-30 17:28:39
ACC_1000834,C_100568,CURRENT,4589.5,ACTIVE,2019-06-15 22:39:15
ACC_1000835,C_100569,BUSINESS,33227.65,ACTIVE,2023-01-08 12:56:48
ACC_1000836,C_100569,BUSINESS,73183.75,ACTIVE,2023-01-23 01:28:48
ACC_1000837,C_100569,SAVINGS,428.46,ACTIVE,2023-01-24 07:00:48
ACC_1000838,C_100570,BUSINESS,161112.18,ACTIVE,2023-11-30 12:05:57
ACC_1000839,C_100570,CURRENT,572.92,ACTIVE,2023-12-14 14:16:57
ACC_1000840,C_100570,SAVINGS,33472.41,ACTIVE,2023-11-24 13:39:57
ACC_1000841,C_100571,BUSINESS,1068083.76,ACTIVE,2021-12-30 07:11:32
ACC_1000842,C_100572,BUSINESS,19012.23,ACTIVE,2024-08-15 23:18:20
ACC_1000843,C_100572,SAVINGS,9610.76,ACTIVE,2024-08-25 03:53:20
ACC_1000844,C_100573,CURRENT,819.62,ACTIVE,2024-05-21 01:23:03
ACC_1000845,C_100574,BUSINESS,14413.11,ACTIVE,2021-10-23 09:06:05
ACC_1000846,C_100574,CURRENT,283.79,ACTIVE,2021-11-11 01:03:05
ACC_1000847,C_100574,CURRENT,11998.98,ACTIVE,2021-10-22 02:56:05
ACC_1000848,C_100575,BUSINESS,132230.51,ACTIVE,2023-09-27 15:13:50
ACC_1000849,C_100576,SAVINGS,6826.39,ACTIVE,2020-01-13 19:27:01
ACC_1000850,C_100576,SAVINGS,1657.12,ACTIVE,2020-01-13 09:17:01
ACC_1000851,C_100576,SAVINGS,122744.5,ACTIVE,2020-01-23 21:17:01
ACC_1000852,C_100577,CURRENT,1177.35,ACTIVE,2017-02-05 22:53:14
ACC_1000853,C_100578,CURRENT,1499.29,ACTIVE,2022-07-18 10:24:19
ACC_1000854,C_100578,CURRENT,1855.95,DORMANT,2022-06-29 09:01:19
ACC_1000855,C_100579,BUSINESS,191997.9,ACTIVE,2020-12-04 06:10:54
ACC_1000856,C_100580,SAVINGS,7155.81,ACTIVE,2022-05-27 21:18:45
ACC_1000857,C_100580,CURRENT,666.05,ACTIVE,2022-05-14 23:13:45
ACC_1000858,C_100581,BUSINESS,34600.74,ACTIVE,2022-07-14 03:53:35
ACC_1000859,C_100582,SAVINGS,27819.94,ACTIVE,2021-05-21 14:12:19
ACC_1000860,C_100582,CURRENT,10096.48,ACTIVE,2021-05-24 05:22:19
ACC_1000861,C_100583,BUSINESS,116413.38,ACTIVE,2023-11-17 15:36:48
ACC_1000862,C_100584,CURRENT,3600.64,ACTIVE,2022-05-04 21:34:39
ACC_1000863,C_100584,BUSINESS,228618.73,ACTIVE,2022-05-06 14:11:39
ACC_1000864,C_100585,CURRENT,447.87,ACTIVE,2022-07-02 21:08:43
ACC_1000865,C_100586,BUSINESS,74524.26,ACTIVE,2016-05-03 10:22:53
ACC_1000866,C_100587,SAVINGS,6240.62,ACTIVE,2018-04-22 00:56:37
ACC_1000867,C_100587,BUSINESS,197899.63,ACTIVE,2018-04-04 12:28:37
ACC_1000868,C_100588,SAVINGS,15855.01,ACTIVE,2022-01-28 18:49:50
ACC_1000869,C_100589,SAVINGS,26478.78,ACTIVE,2017-08-12 10:39:10
ACC_1000870,C_100590,CURRENT,1072.49,ACTIVE,2018-04-13 14:16:57
ACC_1000871,C_100591,CURRENT,961.17,ACTIVE,2023-06-27 07:06:54
ACC_1000872,C_100591,CURRENT,1214.37,ACTIVE,2023-06-19 23:11:54
ACC_1000873,C_100592,BUSINESS,902840.86,ACTIVE,2021-12-19 17:55:17
ACC_1000874,C_100593,CURRENT,466.22,ACTIVE,2021-12-18 19:48:07
ACC_1000875,C_100594,SAVINGS,37994.18,ACTIVE,2023-01-06 05:02:26
ACC_1000876,C_100595,CURRENT,673.62,ACTIVE,2025-03-01 22:56:22
ACC_1000877,C_100595,SAVINGS,24364.71,ACTIVE,2025-03-18 23:25:22
ACC_1000878,C_100596,SAVINGS,37274.51,ACTIVE,2024-03-17 14:45:56
ACC_1000879,C_100596,SAVINGS,2519.15,DORMANT,2024-03-29 04:51:56
ACC_1000880,C_100597,CURRENT,3965.67,ACTIVE,2019-07-31 16:16:26
ACC_1000881,C_100597,CURRENT,5933.18,DORMANT,2019-07-13 08:48:26
ACC_1000882,C_100597,BUSINESS,58175.12,ACTIVE,2019-07-13 16:51:26
ACC_1000883,C_100598,SAVINGS,16345.3,ACTIVE,2025-01-02 16:17:57
ACC_1000884,C_100598,CURRENT,3338.36,ACTIVE,2025-01-17 16:55:57
ACC_1000885,C_100599,CURRENT,3148.82,ACTIVE,2017-10-29 01:45:34
ACC_1000886,C_100599,CURRENT,1049.64,ACTIVE,2017-10-28 13:23:34
ACC_1000887,C_100600,CURRENT,13044.8,ACTIVE,2017-08-26 13:37:24
ACC_1000888,C_100601,CURRENT,161.07,ACTIVE,2025-03-29 03:57:12
ACC_1000889,C_100602,CURRENT,10672.28,ACTIVE,2022-11-19 18:30:44
ACC_1000890,C_100603,CURRENT,2346.79,ACTIVE,2020-01-15 23:24:37
ACC_1000891,C_100604,BUSINESS,108263.91,ACTIVE,2021-04-28 21:16:24
ACC_1000892,C_100605,BUSINESS,62097.73,ACTIVE,2020-09-13 15:03:10
ACC_1000893,C_100606,SAVINGS,46137.01,DORMANT,2023-10-11 04:47:44
ACC_1000894,C_100606,CURRENT,2449.22,ACTIVE,2023-09-28 23:20:44
ACC_1000895,C_100607,CURRENT,1542.14,ACTIVE,2022-12-07 21:42:24
ACC_1000896,C_100608,SAVINGS,6924.94,ACTIVE,2021-02-21 00:42:39
ACC_1000897,C_100609,SAVINGS,5265.22,ACTIVE,2016-07-31 14:22:44
ACC_1000898,C_100610,CURRENT,1409.05,ACTIVE,2019-05-01 14:28:24
ACC_1000899,C_100610,SAVINGS,3232.99,ACTIVE,2019-05-20 13:56:24
ACC_1000900,C_100611,CURRENT,5785.91,ACTIVE,2017-04-30 11:20:42
ACC_1000901,C_100612,BUSINESS,392734.34,ACTIVE,2022-09-11 16:04:07
ACC_1000902,C_100613,CURRENT,1184.32,ACTIVE,2017-02-07 23:14:23
ACC_1000903,C_100613,CURRENT,512.91,ACTIVE,2017-02-03 23:29:23
ACC_1000904,C_100614,CURRENT,641.25,ACTIVE,2021-10-22 14:54:05
ACC_1000905,C_100615,CURRENT,3500.99,ACTIVE,2025-11-02 23:31:52
ACC_1000906,C_100615,SAVINGS,4639.08,ACTIVE,2025-10-24 19:17:52
ACC_1000907,C_100615,BUSINESS,4260.32,ACTIVE,2025-10-15 01:25:52
ACC_1000908,C_100616,SAVINGS,23934.48,ACTIVE,2021-01-29 19:07:51
ACC_1000909,C_100617,SAVINGS,7219.6,ACTIVE,2025-08-19 03:46:18
ACC_1000910,C_100617,SAVINGS,5267.0,ACTIVE,2025-08-31 19:40:18
ACC_1000911,C_100617,SAVINGS,32880.21,ACTIVE,2025-08-27 10:03:18
ACC_1000912,C_100618,SAVINGS,3701.84,ACTIVE,2021-02-03 14:43:59
ACC_1000913,C_100618,SAVINGS,19171.84,DORMANT,2021-02-11 21:36:59
ACC_1000914,C_100619,SAVINGS,63623.71,ACTIVE,2016-08-16 01:41:47
ACC_1000915,C_100620,CURRENT,1221.1,ACTIVE,2022-10-15 16:30:57
ACC_1000916,C_100621,SAVINGS,19749.29,DORMANT,2022-11-16 08:57:43
ACC_1000917,C_100621,SAVINGS,14142.47,ACTIVE,2022-12-07 04:25:43
ACC_1000918,C_100622,SAVINGS,186422.26,ACTIVE,2017-02-10 11:04:49
ACC_1000919,C_100623,BUSINESS,3429.08,ACTIVE,2019-09-11 03:11:21
ACC_1000920,C_100623,CURRENT,236.55,ACTIVE,2019-09-25 23:45:21
ACC_1000921,C_100623,CURRENT,6116.04,ACTIVE,2019-09-21 20:11:21
ACC_1000922,C_100624,SAVINGS,2131.76,DORMANT,2023-02-15 23:54:30
ACC_1000923,C_100624,CURRENT,1467.74,ACTIVE,2023-02-04 08:45:30
ACC_1000924,C_100625,SAVINGS,5020.09,ACTIVE,2019-08-08 19:26:14
ACC_1000925,C_100626,CURRENT,7862.11,ACTIVE,2021-11-16 16:56:18
ACC_1000926,C_100627,CURRENT,974.04,ACTIVE,2021-04-17 14:04:20
ACC_1000927,C_100628,BUSINESS,15422.56,ACTIVE,2016-03-05 01:24:27
ACC_1000928,C_100629,BUSINESS,111636.33,ACTIVE,2024-08-27 22:20:23
ACC_1000929,C_100630,SAVINGS,23800.89,ACTIVE,2019-09-30 04:14:14
ACC_1000930,C_100630,CURRENT,189.29,ACTIVE,2019-10-09 00:15:14
ACC_1000931,C_100631,CURRENT,271.84,ACTIVE,2019-10-22 09:20:16
ACC_1000932,C_100632,BUSINESS,59068.09,ACTIVE,2018-06-02 06:09:20
ACC_1000933,C_100633,BUSINESS,78159.84,ACTIVE,2025-10-02 13:49:27
ACC_1000934,C_100634,SAVINGS,77482.82,ACTIVE,2020-04-01 10:22:12
ACC_1000935,C_100634,CURRENT,1234.31,ACTIVE,2020-03-07 21:33:12
ACC_1000936,C_100635,SAVINGS,971.71,DORMANT,2018-04-09 14:09:17
ACC_1000937,C_100635,CURRENT,2257.7,ACTIVE,2018-04-29 12:57:17
ACC_1000938,C_100635,CURRENT,4610.99,ACTIVE,2018-04-18 21:02:17
ACC_1000939,C_100636,CURRENT,3364.85,ACTIVE,2024-03-30 18:42:52
ACC_1000940,C_100636,CURRENT,2958.02,ACTIVE,2024-04-01 12:15:52
ACC_1000941,C_100636,CURRENT,679.31,ACTIVE,2024-03-25 07:19:52
ACC_1000942,C_100637,BUSINESS,23604.89,ACTIVE,2025-09-16 19:47:04
ACC_1000943,C_100638,CURRENT,8618.17,ACTIVE,2016-07-25 04:52:13
ACC_1000944,C_100639,SAVINGS,37327.56,ACTIVE,2021-12-31 18:28:11
ACC_1000945,C_100640,CURRENT,511.99,ACTIVE,2022-04-20 06:16:58
ACC_1000946,C_100641,CURRENT,3175.44,ACTIVE,2025-01-30 05:56:48
ACC_1000947,C_100641,CURRENT,643.65,ACTIVE,2025-01-07 22:59:48
ACC_1000948,C_100642,SAVINGS,61192.56,ACTIVE,2017-07-03 22:19:20
ACC_1000949,C_100643,BUSINESS,26631.66,DORMANT,2023-11-24 02:47:56
ACC_1000950,C_100644,CURRENT,2253.62,ACTIVE,2021-03-26 17:18:21
ACC_1000951,C_100644,CURRENT,5451.4,ACTIVE,2021-04-16 11:14:21
ACC_1000952,C_100645,BUSINESS,46409.07,ACTIVE,2018-07-16 10:41:57
ACC_1000953,C_100645,CURRENT,1947.55,ACTIVE,2018-07-10 09:23:57
ACC_1000954,C_100646,CURRENT,19908.75,ACTIVE,2019-08-27 11:58:12
ACC_1000955,C_100646,CURRENT,2499.67,ACTIVE,2019-08-31 09:03:12
ACC_1000956,C_100647,BUSINESS,413689.08,ACTIVE,2022-06-23 03:51:17
ACC_1000957,C_100647,CURRENT,621.2,DORMANT,2022-07-11 00:15:17
ACC_1000958,C_100648,BUSINESS,34659.71,ACTIVE,2016-10-17 18:39:59
ACC_1000959,C_100649,SAVINGS,111739.7,ACTIVE,2021-06-14 15:09:27
ACC_1000960,C_100650,BUSINESS,37884.38,ACTIVE,2019-11-29 11:04:32
ACC_1000961,C_100650,BUSINESS,82613.47,ACTIVE,2019-11-26 17:09:32
ACC_1000962,C_100650,CURRENT,506.98,ACTIVE,2019-11-26 05:34:32
ACC_1000963,C_100651,BUSINESS,5676.08,ACTIVE,2021-04-07 14:24:47
ACC_1000964,C_100651,SAVINGS,14353.84,ACTIVE,2021-03-12 23:35:47
ACC_1000965,C_100652,SAVINGS,4828.48,ACTIVE,2023-09-30 15:10:52
ACC_1000966,C_100652,CURRENT,1356.44,ACTIVE,2023-09-13 16:39:52
ACC_1000967,C_100652,BUSINESS,93798.26,ACTIVE,2023-10-03 16:44:52
ACC_1000968,C_100653,SAVINGS,20814.39,ACTIVE,2025-12-19 10:36:42
ACC_1000969,C_100654,CURRENT,3216.85,ACTIVE,2022-12-14 02:32:30
ACC_1000970,C_100654,CURRENT,683.54,DORMANT,2022-12-16 06:20:30
ACC_1000971,C_100655,CURRENT,1567.97,DORMANT,2019-11-21 11:55:03
ACC_1000972,C_100655,BUSINESS,58833.34,DORMANT,2019-12-04 19:53:03
ACC_1000973,C_100656,CURRENT,4672.99,ACTIVE,2020-03-08 15:33:03
ACC_1000974,C_100656,SAVINGS,56660.19,ACTIVE,2020-03-12 16:06:03
ACC_1000975,C_100657,CURRENT,843.07,ACTIVE,2018-09-03 20:02:05
ACC_1000976,C_100657,BUSINESS,14939.21,ACTIVE,2018-09-05 16:56:05
ACC_1000977,C_100658,CURRENT,3472.97,ACTIVE,2022-03-01 22:20:24
ACC_1000978,C_100659,SAVINGS,30794.62,ACTIVE,2025-06-08 18:46:27
ACC_1000979,C_100660,CURRENT,1250.93,ACTIVE,2025-01-24 18:17:27
ACC_1000980,C_100661,CURRENT,2365.53,ACTIVE,2020-04-29 07:34:10
ACC_1000981,C_100661,CURRENT,3594.78,ACTIVE,2020-05-05 00:54:10
ACC_1000982,C_100662,CURRENT,336.11,ACTIVE,2023-12-29 14:38:02
ACC_1000983,C_100663,CURRENT,2043.51,ACTIVE,2020-02-24 02:45:12
ACC_1000984,C_100664,BUSINESS,163112.97,ACTIVE,2021-11-21 06:31:43
ACC_1000985,C_100664,SAVINGS,893.89,ACTIVE,2021-11-22 09:00:43
ACC_1000986,C_100665,SAVINGS,16963.84,ACTIVE,2024-12-22 23:24:13
ACC_1000987,C_100666,CURRENT,1581.04,ACTIVE,2021-05-03 12:43:50
ACC_1000988,C_100667,CURRENT,2351.62,DORMANT,2022-10-03 23:31:15
ACC_1000989,C_100668,CURRENT,1978.87,ACTIVE,2023-06-01 14:08:20
ACC_1000990,C_100668,SAVINGS,84149.11,DORMANT,2023-05-24 23:06:20
ACC_1000991,C_100669,CURRENT,850.66,ACTIVE,2018-11-19 04:51:32
ACC_1000992,C_100670,SAVINGS,10662.77,ACTIVE,2022-09-09 15:55:09
ACC_1000993,C_100671,BUSINESS,5567.22,ACTIVE,2021-12-22 02:15:17
ACC_1000994,C_100671,CURRENT,2839.27,ACTIVE,2021-12-07 15:48:17
ACC_1000995,C_100672,CURRENT,1581.6,ACTIVE,2024-03-14 12:57:48
ACC_1000996,C_100672,CURRENT,162.38,ACTIVE,2024-03-06 23:04:48
ACC_1000997,C_100672,CURRENT,2207.56,DORMANT,2024-03-09 12:39:48
ACC_1000998,C_100673,BUSINESS,130219.25,ACTIVE,2025-03-24 04:24:23
ACC_1000999,C_100674,CURRENT,2517.56,ACTIVE,2021-12-24 18:07:26
ACC_1001000,C_100675,BUSINESS,135638.2,ACTIVE,2024-12-23 19:51:27
ACC_1001001,C_100675,CURRENT,4443.74,ACTIVE,2025-01-04 03:12:27
ACC_1001002,C_100676,CURRENT,11334.2,ACTIVE,2025-01-04 03:56:41
ACC_1001003,C_100677,BUSINESS,802191.79,ACTIVE,2024-08-28 05:52:49
ACC_1001004,C_100678,BUSINESS,64892.88,ACTIVE,2019-03-07 00:53:16
ACC_1001005,C_100679,SAVINGS,15783.69,ACTIVE,2017-06-16 17:40:17
ACC_1001006,C_100680,SAVINGS,218594.76,ACTIVE,2019-04-23 06:44:04
ACC_1001007,C_100680,SAVINGS,11176.6,ACTIVE,2019-05-03 20:13:04
ACC_1001008,C_100680,CURRENT,2501.83,ACTIVE,2019-05-07 06:30:04
ACC_1001009,C_100681,BUSINESS,360542.13,ACTIVE,2024-09-08 19:57:29
ACC_1001010,C_100681,SAVINGS,14092.32,ACTIVE,2024-09-12 11:32:29
ACC_1001011,C_100682,BUSINESS,1000.0,ACTIVE,2016-09-30 10:30:07
ACC_1001012,C_100683,BUSINESS,12559.11,ACTIVE,2023-03-29 00:52:54
ACC_1001013,C_100683,CURRENT,1761.34,ACTIVE,2023-03-31 05:06:54
ACC_1001014,C_100684,BUSINESS,27614.67,ACTIVE,2018-12-16 13:26:38
ACC_1001015,C_100685,SAVINGS,14315.56,ACTIVE,2020-06-18 04:14:02
ACC_1001016,C_100685,BUSINESS,12910.38,DORMANT,2020-06-07 16:49:02
ACC_1001017,C_100685,BUSINESS,4662.56,ACTIVE,2020-05-27 21:03:02
ACC_1001018,C_100686,BUSINESS,1482410.5,ACTIVE,2021-07-07 12:35:30
ACC_1001019,C_100686,SAVINGS,6794.96,ACTIVE,2021-07-14 02:41:30
ACC_1001020,C_100687,CURRENT,13820.39,DORMANT,2025-03-15 23:39:05
ACC_1001021,C_100688,SAVINGS,10081.23,ACTIVE,2023-04-04 03:38:03
ACC_1001022,C_100688,SAVINGS,1386.05,ACTIVE,2023-05-02 12:04:03
ACC_1001023,C_100689,CURRENT,1014.38,DORMANT,2023-04-21 03:07:43
ACC_1001024,C_100690,BUSINESS,133572.63,ACTIVE,2017-03-25 04:36:36
ACC_1001025,C_100691,CURRENT,1662.37,DORMANT,2016-06-12 16:29:49
ACC_1001026,C_100691,BUSINESS,157020.77,ACTIVE,2016-06-17 23:15:49
ACC_1001027,C_100692,CURRENT,1346.25,ACTIVE,2022-01-20 13:50:31
ACC_1001028,C_100692,CURRENT,1828.18,ACTIVE,2022-01-03 22:25:31
ACC_1001029,C_100693,CURRENT,1254.75,ACTIVE,2025-02-02 14:26:21
ACC_1001030,C_100693,BUSINESS,313872.9,ACTIVE,2025-01-31 01:00:21
ACC_1001031,C_100694,CURRENT,5171.48,ACTIVE,2018-08-27 07:19:21
ACC_1001032,C_100695,CURRENT,145.32,ACTIVE,2017-06-24 12:21:22
ACC_1001033,C_100696,CURRENT,556.42,ACTIVE,2021-07-31 23:39:44
ACC_1001034,C_100697,SAVINGS,61738.73,ACTIVE,2024-04-23 09:15:12
ACC_1001035,C_100697,CURRENT,440.87,DORMANT,2024-04-30 12:28:12
ACC_1001036,C_100698,SAVINGS,19145.09,ACTIVE,2017-08-26 12:07:55
ACC_1001037,C_100698,BUSINESS,35425.8,ACTIVE,2017-08-20 04:29:55
ACC_1001038,C_100698,SAVINGS,87532.22,ACTIVE,2017-08-15 13:08:55
ACC_1001039,C_100699,SAVINGS,5778.34,ACTIVE,2024-11-18 10:17:03
ACC_1001040,C_100699,CURRENT,201.32,ACTIVE,2024-11-30 00:30:03
ACC_1001041,C_100700,BUSINESS,91663.34,ACTIVE,2023-05-21 09:12:01
ACC_1001042,C_100701,CURRENT,7546.53,ACTIVE,2017-09-07 09:00:43
ACC_1001043,C_100702,BUSINESS,1061122.57,ACTIVE,2022-09-30 04:18:13
ACC_1001044,C_100702,CURRENT,2668.54,ACTIVE,2022-09-24 08:24:13
ACC_1001045,C_100702,BUSINESS,22694.71,ACTIVE,2022-09-12 01:23:13
ACC_1001046,C_100703,CURRENT,1853.75,ACTIVE,2022-04-29 19:53:45
ACC_1001047,C_100704,BUSINESS,193068.57,ACTIVE,2024-08-25 01:11:31
ACC_1001048,C_100704,SAVINGS,81012.39,ACTIVE,2024-09-06 15:40:31
ACC_1001049,C_100705,CURRENT,427.5,ACTIVE,2021-05-09 14:43:50
ACC_1001050,C_100705,CURRENT,610.08,ACTIVE,2021-05-09 17:59:50
ACC_1001051,C_100706,BUSINESS,41350.48,ACTIVE,2018-11-08 03:34:16
ACC_1001052,C_100707,BUSINESS,36482.75,ACTIVE,2024-02-27 12:23:43
ACC_1001053,C_100708,SAVINGS,3764.31,ACTIVE,2019-09-11 22:29:35
ACC_1001054,C_100708,BUSINESS,11738.09,ACTIVE,2019-09-26 17:38:35
ACC_1001055,C_100709,SAVINGS,5673.8,ACTIVE,2025-12-28 01:43:09
ACC_1001056,C_100710,BUSINESS,31084.86,ACTIVE,2024-01-27 14:56:08
ACC_1001057,C_100711,SAVINGS,7226.23,ACTIVE,2021-03-20 00:06:37
ACC_1001058,C_100712,BUSINESS,50559.07,ACTIVE,2022-11-23 02:33:13
ACC_1001059,C_100713,SAVINGS,5502.13,ACTIVE,2021-03-18 01:40:51
ACC_1001060,C_100713,CURRENT,2062.65,ACTIVE,2021-03-17 11:22:51
ACC_1001061,C_100714,SAVINGS,34731.23,ACTIVE,2026-01-04 02:46:44
ACC_1001062,C_100715,SAVINGS,33160.19,ACTIVE,2024-03-31 20:29:28
ACC_1001063,C_100715,SAVINGS,3235.74,ACTIVE,2024-04-02 03:42:28
ACC_1001064,C_100716,BUSINESS,4452.19,ACTIVE,2016-12-29 22:20:02
ACC_1001065,C_100716,SAVINGS,13031.88,ACTIVE,2016-12-07 19:26:02
ACC_1001066,C_100717,BUSINESS,33280.25,ACTIVE,2018-09-15 15:34:47
ACC_1001067,C_100717,BUSINESS,1063949.26,ACTIVE,2018-09-17 02:00:47
ACC_1001068,C_100718,BUSINESS,50086.94,ACTIVE,2022-07-22 03:57:19
ACC_1001069,C_100718,CURRENT,1764.93,ACTIVE,2022-08-17 06:42:19
ACC_1001070,C_100719,CURRENT,15257.85,ACTIVE,2023-02-27 04:24:58
ACC_1001071,C_100720,SAVINGS,215.2,ACTIVE,2024-06-28 20:24:21
ACC_1001072,C_100720,BUSINESS,14925.9,ACTIVE,2024-06-24 07:03:21
ACC_1001073,C_100720,CURRENT,1246.05,ACTIVE,2024-07-01 22:20:21
ACC_1001074,C_100721,SAVINGS,9515.1,ACTIVE,2024-04-07 13:58:44
ACC_1001075,C_100722,SAVINGS,30868.89,ACTIVE,2022-04-20 22:57:22
ACC_1001076,C_100723,SAVINGS,18430.04,ACTIVE,2024-05-06 13:04:17
ACC_1001077,C_100724,SAVINGS,22956.62,ACTIVE,2020-10-13 09:33:25
ACC_1001078,C_100724,CURRENT,3426.27,ACTIVE,2020-10-08 13:42:25
ACC_1001079,C_100725,BUSINESS,24888.57,ACTIVE,2021-04-17 18:32:57
ACC_1001080,C_100725,SAVINGS,5461.71,ACTIVE,2021-05-04 10:03:57
ACC_1001081,C_100726,BUSINESS,158152.98,ACTIVE,2023-10-16 21:21:21
ACC_1001082,C_100726,BUSINESS,140820.63,ACTIVE,2023-10-13 22:09:21
ACC_1001083,C_100727,SAVINGS,172924.77,ACTIVE,2016-12-08 05:47:54
ACC_1001084,C_100728,CURRENT,896.27,ACTIVE,2023-02-11 06:07:34
ACC_1001085,C_100729,CURRENT,5968.97,ACTIVE,2023-04-06 13:42:55
ACC_1001086,C_100730,CURRENT,1396.69,ACTIVE,2019-09-17 04:03:00
ACC_1001087,C_100731,SAVINGS,29896.5,ACTIVE,2024-11-24 02:17:32
ACC_1001088,C_100732,BUSINESS,1927.39,ACTIVE,2017-09-29 06:22:24
ACC_1001089,C_100732,SAVINGS,6059.63,ACTIVE,2017-08-31 12:29:24
ACC_1001090,C_100733,CURRENT,4813.75,ACTIVE,2023-10-08 18:09:17
ACC_1001091,C_100733,CURRENT,1596.87,ACTIVE,2023-10-16 17:05:17
ACC_1001092,C_100734,BUSINESS,14172.8,ACTIVE,2023-12-25 17:54:46
ACC_1001093,C_100734,BUSINESS,85633.86,ACTIVE,2023-12-18 03:35:46
ACC_1001094,C_100735,CURRENT,3444.6,ACTIVE,2021-08-29 19:27:35
ACC_1001095,C_100735,CURRENT,1410.0,ACTIVE,2021-08-24 12:40:35
ACC_1001096,C_100736,CURRENT,1105.71,DORMANT,2024-07-07 19:50:19
ACC_1001097,C_100737,CURRENT,1918.1,ACTIVE,2016-07-10 12:10:34
ACC_1001098,C_100738,CURRENT,2943.8,ACTIVE,2022-11-12 22:54:58
ACC_1001099,C_100739,SAVINGS,1431.36,ACTIVE,2022-01-27 01:39:07
ACC_1001100,C_100739,CURRENT,1134.74,ACTIVE,2022-01-20 08:28:07
ACC_1001101,C_100740,SAVINGS,21932.07,ACTIVE,2021-10-10 05:49:26
ACC_1001102,C_100741,CURRENT,1511.2,ACTIVE,2016-03-02 02:05:49
ACC_1001103,C_100742,BUSINESS,42104.38,ACTIVE,2025-12-22 06:59:24
ACC_1001104,C_100743,CURRENT,3655.51,ACTIVE,2017-08-09 21:52:42
ACC_1001105,C_100743,CURRENT,8251.74,ACTIVE,2017-08-14 23:29:42
ACC_1001106,C_100743,SAVINGS,19598.99,ACTIVE,2017-07-28 00:43:42
ACC_1001107,C_100744,CURRENT,874.31,ACTIVE,2022-09-11 08:28:53
ACC_1001108,C_100745,CURRENT,260.2,ACTIVE,2024-07-13 14:20:07
ACC_1001109,C_100745,SAVINGS,1346.91,ACTIVE,2024-06-28 06:09:07
ACC_1001110,C_100745,CURRENT,549.1,ACTIVE,2024-07-01 15:30:07
ACC_1001111,C_100746,CURRENT,3353.01,ACTIVE,2019-06-21 20:50:24
ACC_1001112,C_100746,CURRENT,2149.72,ACTIVE,2019-05-27 00:28:24
ACC_1001113,C_100747,SAVINGS,3836.02,ACTIVE,2018-12-13 21:30:43
ACC_1001114,C_100748,CURRENT,1412.04,DORMANT,2023-04-17 03:49:39
ACC_1001115,C_100749,BUSINESS,96156.58,ACTIVE,2022-08-03 02:05:38
ACC_1001116,C_100750,SAVINGS,2022.5,ACTIVE,2020-03-09 18:43:37
ACC_1001117,C_100751,BUSINESS,32543.33,ACTIVE,2020-01-03 08:11:45
ACC_1001118,C_100751,CURRENT,959.69,ACTIVE,2020-01-03 12:00:45
ACC_1001119,C_100751,SAVINGS,5036.47,ACTIVE,2020-01-21 04:02:45
ACC_1001120,C_100752,BUSINESS,165417.44,ACTIVE,2022-01-08 01:00:47
ACC_1001121,C_100752,CURRENT,2755.55,ACTIVE,2022-01-09 12:50:47
ACC_1001122,C_100753,BUSINESS,167896.91,ACTIVE,2022-02-20 22:54:44
ACC_1001123,C_100754,BUSINESS,362959.02,ACTIVE,2019-12-25 19:29:57
ACC_1001124,C_100755,CURRENT,2093.44,ACTIVE,2017-11-05 07:17:44
ACC_1001125,C_100755,BUSINESS,27144.86,ACTIVE,2017-11-14 03:12:44
ACC_1001126,C_100756,SAVINGS,6117.45,ACTIVE,2021-11-26 03:29:22
ACC_1001127,C_100757,BUSINESS,28024.88,DORMANT,2017-07-07 17:01:57
ACC_1001128,C_100757,CURRENT,5626.34,ACTIVE,2017-07-13 04:39:57
ACC_1001129,C_100758,CURRENT,12429.7,ACTIVE,2021-12-04 18:52:12
ACC_1001130,C_100758,CURRENT,2603.4,ACTIVE,2021-11-25 04:51:12
ACC_1001131,C_100759,SAVINGS,10993.39,ACTIVE,2016-11-21 07:16:00
ACC_1001132,C_100760,CURRENT,1119.02,ACTIVE,2016-09-30 12:06:57
ACC_1001133,C_100760,BUSINESS,44297.88,ACTIVE,2016-10-07 03:59:57
ACC_1001134,C_100761,CURRENT,674.94,ACTIVE,2020-01-01 14:10:55
ACC_1001135,C_100761,CURRENT,6650.56,ACTIVE,2020-01-02 22:41:55
ACC_1001136,C_100762,CURRENT,1152.7,ACTIVE,2024-03-14 13:07:01
ACC_1001137,C_100763,SAVINGS,7901.81,ACTIVE,2018-06-26 16:13:26
ACC_1001138,C_100764,BUSINESS,14106.97,ACTIVE,2021-09-16 08:17:01
ACC_1001139,C_100764,BUSINESS,28596.84,DORMANT,2021-09-19 21:13:01
ACC_1001140,C_100764,BUSINESS,48946.77,ACTIVE,2021-09-14 13:35:01
ACC_1001141,C_100765,CURRENT,4922.31,ACTIVE,2020-10-07 21:50:05
ACC_1001142,C_100765,CURRENT,2769.1,ACTIVE,2020-10-25 14:17:05
ACC_1001143,C_100766,BUSINESS,25572.31,ACTIVE,2021-11-16 05:20:54
ACC_1001144,C_100767,BUSINESS,43656.3,ACTIVE,2017-04-27 11:24:34
ACC_1001145,C_100768,CURRENT,2289.45,ACTIVE,2019-04-23 23:19:53
ACC_1001146,C_100769,BUSINESS,150073.98,ACTIVE,2017-04-04 23:11:52
ACC_1001147,C_100770,CURRENT,3238.04,ACTIVE,2022-08-17 14:04:12
ACC_1001148,C_100771,CURRENT,1911.48,ACTIVE,2020-10-09 21:58:19
ACC_1001149,C_100772,CURRENT,822.08,ACTIVE,2022-10-10 02:47:31
ACC_1001150,C_100772,BUSINESS,207503.54,ACTIVE,2022-11-05 09:47:31
ACC_1001151,C_100772,BUSINESS,242096.18,ACTIVE,2022-10-10 11:31:31
ACC_1001152,C_100773,CURRENT,4218.18,ACTIVE,2023-02-15 18:17:03
ACC_1001153,C_100774,SAVINGS,19335.8,ACTIVE,2023-09-07 01:43:14
ACC_1001154,C_100775,CURRENT,2141.39,ACTIVE,2024-08-29 09:01:12
ACC_1001155,C_100776,CURRENT,2794.04,ACTIVE,2025-02-22 11:30:48
ACC_1001156,C_100776,CURRENT,304.02,ACTIVE,2025-02-15 05:13:48
ACC_1001157,C_100777,SAVINGS,39118.69,ACTIVE,2020-04-16 00:52:46
ACC_1001158,C_100777,CURRENT,908.52,ACTIVE,2020-04-14 08:37:46
ACC_1001159,C_100778,CURRENT,839.28,ACTIVE,2019-07-13 09:14:57
ACC_1001160,C_100779,SAVINGS,2513.64,ACTIVE,2021-04-22 11:34:38
ACC_1001161,C_100780,BUSINESS,39377.49,ACTIVE,2022-12-28 12:43:37
ACC_1001162,C_100780,BUSINESS,525799.36,ACTIVE,2022-12-03 00:52:37
ACC_1001163,C_100781,CURRENT,5582.44,ACTIVE,2022-08-08 16:56:45
ACC_1001164,C_100781,CURRENT,3253.58,ACTIVE,2022-08-04 08:04:45
ACC_1001165,C_100781,CURRENT,848.03,ACTIVE,2022-08-06 10:41:45
ACC_1001166,C_100782,SAVINGS,49546.62,ACTIVE,2023-06-21 19:20:31
ACC_1001167,C_100783,CURRENT,290.03,ACTIVE,2019-11-05 20:21:53
ACC_1001168,C_100783,BUSINESS,41401.07,ACTIVE,2019-10-14 21:40:53
ACC_1001169,C_100784,SAVINGS,27079.9,ACTIVE,2020-10-08 00:49:26
ACC_1001170,C_100784,SAVINGS,19945.34,ACTIVE,2020-10-20 04:58:26
ACC_1001171,C_100785,CURRENT,1157.66,ACTIVE,2017-02-18 09:41:48
ACC_1001172,C_100785,BUSINESS,1230.34,ACTIVE,2017-02-25 00:16:48
ACC_1001173,C_100785,SAVINGS,3019.27,ACTIVE,2017-03-04 11:03:48
ACC_1001174,C_100786,BUSINESS,71295.1,ACTIVE,2020-02-09 14:45:26
ACC_1001175,C_100786,SAVINGS,17358.45,ACTIVE,2020-02-22 20:22:26
ACC_1001176,C_100787,CURRENT,10800.03,ACTIVE,2018-08-06 16:23:23
ACC_1001177,C_100788,CURRENT,511.99,ACTIVE,2022-06-04 13:30:07
ACC_1001178,C_100788,BUSINESS,12202.04,ACTIVE,2022-05-10 11:39:07
ACC_1001179,C_100789,CURRENT,8072.99,ACTIVE,2022-02-18 21:05:31
ACC_1001180,C_100789,CURRENT,688.84,ACTIVE,2022-02-12 19:40:31
ACC_1001181,C_100790,SAVINGS,40014.35,ACTIVE,2018-02-04 05:04:38
ACC_1001182,C_100791,SAVINGS,80810.86,ACTIVE,2024-05-14 01:42:49
ACC_1001183,C_100791,BUSINESS,129149.35,ACTIVE,2024-05-22 21:55:49
ACC_1001184,C_100791,SAVINGS,2047.51,ACTIVE,2024-05-11 18:32:49
ACC_1001185,C_100792,SAVINGS,7378.28,ACTIVE,2018-09-22 17:14:42
ACC_1001186,C_100793,SAVINGS,3414.29,ACTIVE,2020-09-05 10:56:07
ACC_1001187,C_100793,SAVINGS,12218.04,ACTIVE,2020-09-03 04:30:07
ACC_1001188,C_100793,SAVINGS,6720.32,ACTIVE,2020-08-21 17:05:07
ACC_1001189,C_100794,BUSINESS,56763.11,ACTIVE,2018-03-01 01:00:31
ACC_1001190,C_100795,BUSINESS,37789.01,ACTIVE,2016-06-26 23:44:15
ACC_1001191,C_100795,CURRENT,984.18,DORMANT,2016-06-19 02:28:15
ACC_1001192,C_100796,SAVINGS,5758.96,ACTIVE,2023-04-05 12:55:15
ACC_1001193,C_100796,SAVINGS,10240.17,ACTIVE,2023-03-28 06:02:15
ACC_1001194,C_100796,CURRENT,4213.53,ACTIVE,2023-04-03 22:24:15
ACC_1001195,C_100797,BUSINESS,59447.24,ACTIVE,2020-08-08 06:46:56
ACC_1001196,C_100798,CURRENT,721.97,ACTIVE,2024-04-02 02:30:48
ACC_1001197,C_100799,CURRENT,8501.56,ACTIVE,2017-01-10 19:09:05
ACC_1001198,C_100800,BUSINESS,85375.12,ACTIVE,2024-06-21 00:45:24
ACC_1001199,C_100801,BUSINESS,262518.8,ACTIVE,2025-09-11 10:49:44
ACC_1001200,C_100802,CURRENT,1062.28,ACTIVE,2021-05-21 22:33:09
ACC_1001201,C_100803,BUSINESS,13778.9,ACTIVE,2022-10-30 17:52:02
ACC_1001202,C_100803,SAVINGS,9197.28,ACTIVE,2022-10-17 20:37:02
ACC_1001203,C_100804,CURRENT,1130.79,ACTIVE,2019-07-14 00:15:48
ACC_1001204,C_100805,SAVINGS,19437.19,ACTIVE,2020-06-16 18:39:13
ACC_1001205,C_100805,BUSINESS,102896.02,DORMANT,2020-06-05 07:15:13
ACC_1001206,C_100806,CURRENT,1437.12,ACTIVE,2025-02-14 18:16:46
ACC_1001207,C_100807,SAVINGS,3180.29,ACTIVE,2025-06-22 09:30:50
ACC_1001208,C_100807,SAVINGS,52256.44,ACTIVE,2025-06-18 06:27:50
ACC_1001209,C_100807,BUSINESS,143392.69,ACTIVE,2025-06-24 14:55:50
ACC_1001210,C_100808,SAVINGS,10743.2,ACTIVE,2025-02-25 01:32:31
ACC_1001211,C_100809,SAVINGS,26652.05,ACTIVE,2023-02-15 09:04:37
ACC_1001212,C_100810,SAVINGS,8862.51,ACTIVE,2024-01-07 21:14:09
ACC_1001213,C_100811,SAVINGS,5527.0,ACTIVE,2018-12-13 08:42:58
ACC_1001214,C_100811,BUSINESS,143524.46,ACTIVE,2019-01-02 10:45:58
ACC_1001215,C_100812,SAVINGS,15988.55,ACTIVE,2025-05-27 13:57:02
ACC_1001216,C_100812,BUSINESS,56788.7,ACTIVE,2025-05-17 15:27:02
ACC_1001217,C_100812,CURRENT,949.5,ACTIVE,2025-06-02 14:11:02
ACC_1001218,C_100813,SAVINGS,918.88,ACTIVE,2023-11-15 09:06:39
ACC_1001219,C_100814,CURRENT,16510.38,ACTIVE,2017-12-21 10:20:09
ACC_1001220,C_100815,SAVINGS,9235.93,ACTIVE,2017-05-30 15:09:23
ACC_1001221,C_100816,CURRENT,1092.02,ACTIVE,2025-08-26 05:29:20
ACC_1001222,C_100816,SAVINGS,46209.76,ACTIVE,2025-08-24 09:55:20
ACC_1001223,C_100817,SAVINGS,12476.9,ACTIVE,2019-04-11 06:16:54
ACC_1001224,C_100817,SAVINGS,79954.47,ACTIVE,2019-04-22 00:59:54
ACC_1001225,C_100818,BUSINESS,46281.44,ACTIVE,2016-12-21 16:57:32
ACC_1001226,C_100818,CURRENT,334.26,ACTIVE,2017-01-08 16:35:32
ACC_1001227,C_100818,BUSINESS,34278.14,ACTIVE,2016-12-20 08:40:32
ACC_1001228,C_100819,BUSINESS,20853.6,ACTIVE,2022-10-01 18:46:44
ACC_1001229,C_100820,CURRENT,6341.88,ACTIVE,2022-10-22 12:09:51
ACC_1001230,C_100820,SAVINGS,7634.34,ACTIVE,2022-10-28 01:28:51
ACC_1001231,C_100820,BUSINESS,614145.34,DORMANT,2022-10-31 16:02:51
ACC_1001232,C_100821,CURRENT,1341.58,ACTIVE,2018-12-06 11:58:04
ACC_1001233,C_100822,SAVINGS,8650.28,ACTIVE,2017-05-13 02:48:20
ACC_1001234,C_100822,SAVINGS,10100.03,ACTIVE,2017-04-27 12:14:20
ACC_1001235,C_100823,SAVINGS,38603.45,ACTIVE,2020-11-04 18:17:03
ACC_1001236,C_100824,SAVINGS,31830.14,ACTIVE,2021-07-29 00:47:26
ACC_1001237,C_100825,BUSINESS,49289.89,ACTIVE,2021-08-05 10:15:06
ACC_1001238,C_100826,CURRENT,538.74,ACTIVE,2018-05-06 20:42:39
ACC_1001239,C_100826,CURRENT,6544.36,DORMANT,2018-04-16 14:57:39
ACC_1001240,C_100827,BUSINESS,35764.06,ACTIVE,2016-02-04 00:20:05
ACC_1001241,C_100827,BUSINESS,69080.98,ACTIVE,2016-02-13 12:05:05
ACC_1001242,C_100828,CURRENT,1096.92,ACTIVE,2019-10-07 20:40:42
ACC_1001243,C_100829,CURRENT,958.58,DORMANT,2016-05-05 03:01:05
ACC_1001244,C_100829,SAVINGS,56306.87,ACTIVE,2016-05-14 20:02:05
ACC_1001245,C_100830,SAVINGS,10731.41,ACTIVE,2021-02-05 01:10:47
ACC_1001246,C_100831,SAVINGS,21334.64,ACTIVE,2022-10-03 22:17:09
ACC_1001247,C_100832,BUSINESS,19971.58,ACTIVE,2018-05-07 04:23:56
ACC_1001248,C_100833,CURRENT,428.89,ACTIVE,2024-04-19 12:55:25
ACC_1001249,C_100834,CURRENT,512.5,ACTIVE,2020-05-09 08:08:47
ACC_1001250,C_100835,CURRENT,3681.43,DORMANT,2018-02-15 00:54:19
ACC_1001251,C_100835,BUSINESS,8267.73,ACTIVE,2018-02-21 16:04:19
ACC_1001252,C_100836,CURRENT,2246.4,ACTIVE,2017-10-02 08:55:02
ACC_1001253,C_100837,CURRENT,200.0,ACTIVE,2019-06-02 04:41:38
ACC_1001254,C_100838,BUSINESS,196091.11,ACTIVE,2016-11-14 22:20:30
ACC_1001255,C_100839,CURRENT,2536.99,ACTIVE,2025-02-25 00:18:31
ACC_1001256,C_100840,SAVINGS,3832.79,ACTIVE,2021-03-16 17:30:14
ACC_1001257,C_100841,BUSINESS,176038.09,ACTIVE,2021-03-02 00:27:55
ACC_1001258,C_100842,SAVINGS,16024.8,ACTIVE,2018-12-24 12:01:16
ACC_1001259,C_100843,BUSINESS,175592.6,ACTIVE,2021-03-03 14:24:56
ACC_1001260,C_100843,SAVINGS,78223.04,ACTIVE,2021-03-17 21:28:56
ACC_1001261,C_100844,BUSINESS,23550.78,ACTIVE,2023-10-22 22:43:53
ACC_1001262,C_100845,BUSINESS,9498.64,ACTIVE,2025-08-21 13:15:33
ACC_1001263,C_100845,BUSINESS,558185.43,DORMANT,2025-09-11 00:19:33
ACC_1001264,C_100846,SAVINGS,93091.57,ACTIVE,2017-11-23 09:37:58
ACC_1001265,C_100847,BUSINESS,70812.24,ACTIVE,2019-05-12 21:04:56
ACC_1001266,C_100848,CURRENT,4854.73,ACTIVE,2024-05-08 01:43:06
ACC_1001267,C_100849,BUSINESS,12143.53,ACTIVE,2021-12-31 17:22:32
ACC_1001268,C_100850,SAVINGS,12790.34,ACTIVE,2021-07-26 18:12:18
ACC_1001269,C_100850,BUSINESS,88958.4,ACTIVE,2021-07-29 07:00:18
ACC_1001270,C_100851,BUSINESS,288307.41,ACTIVE,2021-04-09 21:02:08
ACC_1001271,C_100851,SAVINGS,120492.07,ACTIVE,2021-04-19 20:55:08
ACC_1001272,C_100852,CURRENT,2528.99,ACTIVE,2025-06-20 13:49:08
ACC_1001273,C_100853,SAVINGS,5131.91,ACTIVE,2025-06-23 13:00:57
ACC_1001274,C_100853,CURRENT,12918.23,ACTIVE,2025-07-14 19:22:57
ACC_1001275,C_100854,CURRENT,1905.45,ACTIVE,2021-08-06 09:18:25
ACC_1001276,C_100855,SAVINGS,17239.47,ACTIVE,2018-12-23 00:13:58
ACC_1001277,C_100856,SAVINGS,3778.21,ACTIVE,2018-08-01 20:48:38
ACC_1001278,C_100856,BUSINESS,27401.47,DORMANT,2018-07-18 21:37:38
ACC_1001279,C_100857,BUSINESS,103649.2,ACTIVE,2019-01-30 01:00:15
ACC_1001280,C_100857,SAVINGS,84946.82,ACTIVE,2019-01-21 14:38:15
ACC_1001281,C_100858,CURRENT,6017.35,ACTIVE,2024-12-25 14:24:37
ACC_1001282,C_100859,BUSINESS,7690.53,ACTIVE,2021-09-23 11:14:16
ACC_1001283,C_100860,CURRENT,678.27,ACTIVE,2024-03-29 17:42:54
ACC_1001284,C_100860,CURRENT,1795.45,ACTIVE,2024-04-13 07:53:54
ACC_1001285,C_100861,SAVINGS,1347.8,ACTIVE,2024-08-21 13:20:23
ACC_1001286,C_100862,SAVINGS,7286.33,ACTIVE,2024-06-19 23:28:36
ACC_1001287,C_100863,BUSINESS,27933.28,ACTIVE,2021-02-23 15:57:33
ACC_1001288,C_100864,BUSINESS,104670.09,ACTIVE,2016-10-20 10:21:12
ACC_1001289,C_100865,BUSINESS,375585.44,ACTIVE,2016-06-30 14:31:18
ACC_1001290,C_100865,CURRENT,711.09,ACTIVE,2016-06-02 08:58:18
ACC_1001291,C_100866,SAVINGS,6570.03,ACTIVE,2025-12-10 03:23:22
ACC_1001292,C_100866,BUSINESS,569289.19,ACTIVE,2026-01-07 10:00:22
ACC_1001293,C_100866,BUSINESS,75015.88,ACTIVE,2026-01-01 06:24:22
ACC_1001294,C_100867,SAVINGS,23459.87,ACTIVE,2023-04-19 13:20:07
ACC_1001295,C_100868,BUSINESS,115685.16,ACTIVE,2023-05-10 17:02:39
ACC_1001296,C_100868,CURRENT,1097.25,ACTIVE,2023-04-13 21:09:39
ACC_1001297,C_100869,BUSINESS,36622.78,ACTIVE,2021-11-10 20:38:22
ACC_1001298,C_100870,SAVINGS,8282.98,ACTIVE,2016-05-06 18:48:30
ACC_1001299,C_100871,CURRENT,2382.99,ACTIVE,2025-06-15 02:28:47
ACC_1001300,C_100872,SAVINGS,32020.49,ACTIVE,2024-04-08 13:57:23
ACC_1001301,C_100872,SAVINGS,5836.86,ACTIVE,2024-04-19 20:30:23
ACC_1001302,C_100873,BUSINESS,287486.26,ACTIVE,2019-04-10 13:26:13
ACC_1001303,C_100873,CURRENT,2230.49,ACTIVE,2019-03-27 12:30:13
ACC_1001304,C_100873,CURRENT,2429.68,ACTIVE,2019-04-11 01:55:13
ACC_1001305,C_100874,CURRENT,213.3,ACTIVE,2022-08-05 14:48:38
ACC_1001306,C_100875,BUSINESS,7543.52,ACTIVE,2022-08-29 04:41:05
ACC_1001307,C_100875,CURRENT,842.79,ACTIVE,2022-08-11 13:58:05
ACC_1001308,C_100876,SAVINGS,14981.79,ACTIVE,2021-07-16 09:16:46
ACC_1001309,C_100877,BUSINESS,29680.25,ACTIVE,2021-11-01 20:40:55
ACC_1001310,C_100877,BUSINESS,2346.63,ACTIVE,2021-10-05 12:22:55
ACC_1001311,C_100877,CURRENT,534.53,ACTIVE,2021-10-12 04:58:55
ACC_1001312,C_100878,BUSINESS,101642.32,ACTIVE,2017-05-24 16:59:12
ACC_1001313,C_100879,CURRENT,3046.42,ACTIVE,2020-03-19 01:15:28
ACC_1001314,C_100879,CURRENT,7567.38,ACTIVE,2020-03-17 06:09:28
ACC_1001315,C_100880,SAVINGS,9028.38,ACTIVE,2018-01-20 12:39:47
ACC_1001316,C_100880,CURRENT,1945.23,ACTIVE,2018-02-06 19:29:47
ACC_1001317,C_100880,BUSINESS,35163.4,DORMANT,2018-02-01 00:36:47
ACC_1001318,C_100881,SAVINGS,10525.31,ACTIVE,2019-06-28 09:35:55
ACC_1001319,C_100881,BUSINESS,9162.76,ACTIVE,2019-07-13 09:46:55
ACC_1001320,C_100882,CURRENT,1513.3,ACTIVE,2023-03-04 00:34:55
ACC_1001321,C_100882,SAVINGS,23623.71,ACTIVE,2023-02-23 23:57:55
ACC_1001322,C_100882,SAVINGS,2517.01,DORMANT,2023-02-20 16:21:55
ACC_1001323,C_100883,SAVINGS,17141.39,ACTIVE,2023-06-15 17:14:15
ACC_1001324,C_100884,SAVINGS,4137.82,ACTIVE,2026-01-02 13:42:57
ACC_1001325,C_100884,SAVINGS,1406.78,ACTIVE,2026-01-03 19:36:57
ACC_1001326,C_100885,BUSINESS,39901.75,ACTIVE,2019-06-22 11:19:37
ACC_1001327,C_100885,SAVINGS,86687.8,ACTIVE,2019-07-14 05:48:37
ACC_1001328,C_100886,BUSINESS,65343.4,ACTIVE,2022-06-23 13:34:47
ACC_1001329,C_100887,BUSINESS,7041.47,ACTIVE,2019-02-26 03:59:35
ACC_1001330,C_100888,SAVINGS,16436.0,ACTIVE,2021-07-18 14:08:49
ACC_1001331,C_100889,SAVINGS,10953.59,ACTIVE,2022-02-27 11:17:20
ACC_1001332,C_100889,BUSINESS,167178.09,ACTIVE,2022-02-25 23:30:20
ACC_1001333,C_100890,SAVINGS,3733.61,ACTIVE,2016-09-06 05:27:20
ACC_1001334,C_100890,SAVINGS,32074.2,ACTIVE,2016-09-05 10:40:20
ACC_1001335,C_100891,BUSINESS,98825.36,ACTIVE,2020-03-31 10:17:15
ACC_1001336,C_100892,CURRENT,533.34,ACTIVE,2021-09-17 02:52:09
ACC_1001337,C_100893,SAVINGS,4274.68,ACTIVE,2020-08-18 12:06:59
ACC_1001338,C_100893,SAVINGS,29598.68,ACTIVE,2020-08-07 12:26:59
ACC_1001339,C_100894,SAVINGS,65132.01,ACTIVE,2019-06-16 07:39:21
ACC_1001340,C_100894,BUSINESS,30106.23,ACTIVE,2019-06-16 12:22:21
ACC_1001341,C_100895,SAVINGS,22929.68,ACTIVE,2017-11-25 01:58:33
ACC_1001342,C_100895,CURRENT,14705.29,ACTIVE,2017-12-17 01:13:33
ACC_1001343,C_100896,CURRENT,7939.33,ACTIVE,2022-12-24 21:37:52
ACC_1001344,C_100896,BUSINESS,17258.22,ACTIVE,2023-01-02 10:24:52
ACC_1001345,C_100896,BUSINESS,8395.03,ACTIVE,2022-12-27 12:23:52
ACC_1001346,C_100897,CURRENT,1856.75,ACTIVE,2018-05-23 03:20:17
ACC_1001347,C_100898,BUSINESS,247888.58,ACTIVE,2017-08-24 14:18:38
ACC_1001348,C_100898,SAVINGS,16496.66,ACTIVE,2017-08-20 07:29:38
ACC_1001349,C_100899,CURRENT,789.01,ACTIVE,2019-11-27 05:54:32
ACC_1001350,C_100900,CURRENT,2456.52,ACTIVE,2022-10-04 22:42:31
ACC_1001351,C_100901,CURRENT,895.03,ACTIVE,2023-11-16 06:54:11
ACC_1001352,C_100902,CURRENT,24179.85,ACTIVE,2025-05-05 11:25:30
ACC_1001353,C_100903,SAVINGS,53062.48,ACTIVE,2024-09-02 23:05:25
ACC_1001354,C_100903,BUSINESS,52805.13,ACTIVE,2024-08-29 01:47:25
ACC_1001355,C_100904,BUSINESS,49283.78,ACTIVE,2024-08-02 16:18:08
ACC_1001356,C_100904,SAVINGS,2844.39,ACTIVE,2024-08-01 19:34:08
ACC_1001357,C_100904,CURRENT,833.65,ACTIVE,2024-07-10 10:17:08
ACC_1001358,C_100905,SAVINGS,18942.69,ACTIVE,2020-02-09 18:07:22
ACC_1001359,C_100906,BUSINESS,69728.05,ACTIVE,2022-06-05 12:33:58
ACC_1001360,C_100907,CURRENT,520.72,ACTIVE,2022-05-13 05:03:26
ACC_1001361,C_100908,CURRENT,203.42,ACTIVE,2024-10-15 06:12:16
ACC_1001362,C_100909,BUSINESS,172242.88,ACTIVE,2020-10-25 05:30:12
ACC_1001363,C_100910,BUSINESS,18919.67,ACTIVE,2021-11-08 18:18:16
ACC_1001364,C_100911,CURRENT,753.3,ACTIVE,2020-09-23 15:21:04
ACC_1001365,C_100911,BUSINESS,1125565.86,ACTIVE,2020-10-09 09:24:04
ACC_1001366,C_100912,SAVINGS,1861.69,ACTIVE,2020-10-12 08:32:37
ACC_1001367,C_100912,SAVINGS,43775.22,ACTIVE,2020-10-07 15:44:37
ACC_1001368,C_100913,SAVINGS,4210.97,ACTIVE,2025-01-22 04:48:28
ACC_1001369,C_100914,CURRENT,1085.01,ACTIVE,2025-05-11 00:19:54
ACC_1001370,C_100914,BUSINESS,6563.93,ACTIVE,2025-05-25 16:58:54
ACC_1001371,C_100915,SAVINGS,12112.27,ACTIVE,2017-06-05 23:06:51
ACC_1001372,C_100916,CURRENT,4627.56,ACTIVE,2021-01-09 10:08:41
ACC_1001373,C_100917,BUSINESS,4738.48,ACTIVE,2025-08-11 16:40:18
ACC_1001374,C_100918,SAVINGS,30655.08,ACTIVE,2024-12-16 06:47:12
ACC_1001375,C_100919,CURRENT,819.8,ACTIVE,2017-04-16 04:35:19
ACC_1001376,C_100920,CURRENT,2046.99,ACTIVE,2023-03-03 16:57:42
ACC_1001377,C_100920,BUSINESS,80997.88,ACTIVE,2023-03-07 06:05:42
ACC_1001378,C_100920,SAVINGS,20643.28,ACTIVE,2023-03-02 01:30:42
ACC_1001379,C_100921,BUSINESS,399705.36,DORMANT,2025-01-03 07:19:16
ACC_1001380,C_100922,BUSINESS,99565.75,ACTIVE,2022-02-05 03:26:07
ACC_1001381,C_100923,SAVINGS,11435.51,ACTIVE,2023-06-11 06:50:53
ACC_1001382,C_100924,BUSINESS,374018.78,ACTIVE,2018-04-11 14:15:18
ACC_1001383,C_100924,CURRENT,3119.99,ACTIVE,2018-04-24 22:01:18
ACC_1001384,C_100925,BUSINESS,81195.82,ACTIVE,2025-07-26 20:22:33
ACC_1001385,C_100926,BUSINESS,37426.83,ACTIVE,2024-11-25 18:00:10
ACC_1001386,C_100926,CURRENT,6144.78,ACTIVE,2024-11-27 16:30:10
ACC_1001387,C_100927,CURRENT,860.29,ACTIVE,2024-04-11 13:26:12
ACC_1001388,C_100928,CURRENT,390.25,ACTIVE,2020-01-07 23:29:34
ACC_1001389,C_100929,SAVINGS,1606.58,ACTIVE,2016-07-26 20:10:50
ACC_1001390,C_100929,BUSINESS,163573.19,ACTIVE,2016-07-11 04:09:50
ACC_1001391,C_100930,BUSINESS,138741.78,ACTIVE,2025-07-21 01:03:20
ACC_1001392,C_100930,BUSINESS,17819.93,ACTIVE,2025-07-25 23:59:20
ACC_1001393,C_100931,BUSINESS,57840.8,ACTIVE,2025-05-17 11:35:48
ACC_1001394,C_100931,CURRENT,8049.67,ACTIVE,2025-05-24 01:35:48
ACC_1001395,C_100932,BUSINESS,6107.21,ACTIVE,2020-04-04 06:59:20
ACC_1001396,C_100933,SAVINGS,25580.2,ACTIVE,2023-03-10 12:01:13
ACC_1001397,C_100934,SAVINGS,5457.9,ACTIVE,2018-10-23 06:20:20
ACC_1001398,C_100934,BUSINESS,390390.75,ACTIVE,2018-10-21 01:41:20
ACC_1001399,C_100934,SAVINGS,43825.75,ACTIVE,2018-10-22 21:02:20
ACC_1001400,C_100935,BUSINESS,29220.65,ACTIVE,2016-10-15 15:31:45
ACC_1001401,C_100936,CURRENT,4889.53,DORMANT,2021-03-30 09:43:01
ACC_1001402,C_100936,CURRENT,11885.17,ACTIVE,2021-03-22 20:36:01
ACC_1001403,C_100937,CURRENT,1462.92,ACTIVE,2020-07-08 10:23:57
ACC_1001404,C_100938,BUSINESS,166068.55,ACTIVE,2020-04-18 18:21:10
ACC_1001405,C_100939,SAVINGS,20419.69,ACTIVE,2019-12-23 13:31:49
ACC_1001406,C_100939,BUSINESS,16846.43,ACTIVE,2020-01-01 10:06:49
ACC_1001407,C_100939,BUSINESS,17851.88,ACTIVE,2020-01-07 20:28:49
ACC_1001408,C_100940,CURRENT,2119.64,ACTIVE,2020-08-10 15:05:50
ACC_1001409,C_100941,BUSINESS,13401.43,ACTIVE,2019-05-18 22:19:07
ACC_1001410,C_100941,SAVINGS,31187.76,ACTIVE,2019-04-25 06:22:07
ACC_1001411,C_100942,SAVINGS,10527.97,ACTIVE,2020-02-03 06:46:37
ACC_1001412,C_100943,BUSINESS,24433.15,ACTIVE,2024-09-09 03:41:34
ACC_1001413,C_100943,SAVINGS,56664.38,ACTIVE,2024-09-01 13:37:34
ACC_1001414,C_100944,SAVINGS,8963.14,ACTIVE,2019-03-19 19:18:13
ACC_1001415,C_100944,BUSINESS,157213.22,ACTIVE,2019-02-28 22:56:13
ACC_1001416,C_100945,CURRENT,408.07,DORMANT,2017-10-03 18:45:21
ACC_1001417,C_100945,CURRENT,544.51,ACTIVE,2017-09-17 01:54:21
ACC_1001418,C_100946,CURRENT,851.0,ACTIVE,2022-03-27 12:23:58
ACC_1001419,C_100946,SAVINGS,948.59,ACTIVE,2022-03-24 04:53:58
ACC_1001420,C_100947,SAVINGS,39281.89,ACTIVE,2023-11-21 19:43:27
ACC_1001421,C_100948,SAVINGS,78469.33,ACTIVE,2017-07-07 09:38:31
ACC_1001422,C_100948,BUSINESS,45738.95,ACTIVE,2017-06-10 03:46:31
ACC_1001423,C_100949,BUSINESS,93512.1,ACTIVE,2020-10-13 09:22:10
ACC_1001424,C_100950,BUSINESS,137453.77,ACTIVE,2017-08-16 18:13:44
ACC_1001425,C_100950,CURRENT,5991.56,ACTIVE,2017-08-18 12:32:44
ACC_1001426,C_100951,BUSINESS,4076.77,ACTIVE,2020-04-14 12:07:05
ACC_1001427,C_100952,SAVINGS,13588.93,ACTIVE,2021-01-24 04:58:55
ACC_1001428,C_100953,CURRENT,427.93,ACTIVE,2016-05-09 04:37:50
ACC_1001429,C_100954,CURRENT,1857.66,ACTIVE,2021-12-14 01:47:52
ACC_1001430,C_100955,CURRENT,842.78,ACTIVE,2025-10-09 15:47:03
ACC_1001431,C_100955,BUSINESS,42399.63,DORMANT,2025-10-10 01:42:03
ACC_1001432,C_100955,BUSINESS,230022.27,ACTIVE,2025-09-27 04:07:03
ACC_1001433,C_100956,SAVINGS,30617.23,ACTIVE,2022-08-14 21:12:24
ACC_1001434,C_100957,CURRENT,4286.26,ACTIVE,2025-11-19 04:54:30
ACC_1001435,C_100957,BUSINESS,25975.32,ACTIVE,2025-12-07 10:25:30
ACC_1001436,C_100958,SAVINGS,7051.17,ACTIVE,2021-02-15 22:26:33
ACC_1001437,C_100958,CURRENT,5359.07,ACTIVE,2021-02-26 16:14:33
ACC_1001438,C_100959,BUSINESS,437272.65,ACTIVE,2022-12-29 03:11:53
ACC_1001439,C_100960,CURRENT,1924.13,ACTIVE,2016-07-27 03:01:37
ACC_1001440,C_100960,BUSINESS,26961.38,ACTIVE,2016-07-17 20:07:37
ACC_1001441,C_100961,CURRENT,2073.38,ACTIVE,2018-06-28 20:54:02
ACC_1001442,C_100962,SAVINGS,93421.46,ACTIVE,2019-09-13 11:26:52
ACC_1001443,C_100963,SAVINGS,664.04,ACTIVE,2023-10-16 23:41:02
ACC_1001444,C_100964,CURRENT,4306.73,DORMANT,2019-09-06 19:49:09
ACC_1001445,C_100965,SAVINGS,2519.13,ACTIVE,2025-03-19 09:09:47
ACC_1001446,C_100966,BUSINESS,364196.7,ACTIVE,2024-04-25 13:20:49
ACC_1001447,C_100967,BUSINESS,134366.12,ACTIVE,2023-08-20 06:56:49
ACC_1001448,C_100968,CURRENT,992.97,ACTIVE,2017-03-04 21:03:19
ACC_1001449,C_100969,CURRENT,1358.42,ACTIVE,2018-04-19 16:23:28
ACC_1001450,C_100970,SAVINGS,7688.86,ACTIVE,2025-05-20 23:23:44
ACC_1001451,C_100971,CURRENT,645.35,ACTIVE,2018-05-27 04:59:22
ACC_1001452,C_100972,SAVINGS,3129.01,ACTIVE,2020-07-26 00:04:40
ACC_1001453,C_100973,CURRENT,1280.81,ACTIVE,2023-04-29 10:01:57
ACC_1001454,C_100973,CURRENT,3674.04,ACTIVE,2023-04-18 02:04:57
ACC_1001455,C_100974,BUSINESS,67610.97,ACTIVE,2017-03-15 00:42:18
ACC_1001456,C_100975,CURRENT,4273.91,ACTIVE,2023-09-04 01:14:23
ACC_1001457,C_100976,SAVINGS,23922.34,ACTIVE,2019-10-22 22:19:33
ACC_1001458,C_100976,SAVINGS,10957.69,ACTIVE,2019-10-05 16:12:33
ACC_1001459,C_100976,CURRENT,6231.22,ACTIVE,2019-10-20 08:52:33
ACC_1001460,C_100977,SAVINGS,53034.67,ACTIVE,2016-03-16 12:08:08
ACC_1001461,C_100978,SAVINGS,4954.72,ACTIVE,2018-09-27 04:27:53
ACC_1001462,C_100979,BUSINESS,62054.14,ACTIVE,2023-04-03 22:53:48
ACC_1001463,C_100979,CURRENT,7836.35,ACTIVE,2023-03-29 02:46:48
ACC_1001464,C_100979,SAVINGS,85505.3,ACTIVE,2023-03-26 02:35:48
ACC_1001465,C_100980,BUSINESS,14340.98,ACTIVE,2023-03-30 12:55:31
ACC_1001466,C_100980,BUSINESS,178057.38,ACTIVE,2023-04-19 01:12:31
ACC_1001467,C_100981,SAVINGS,30963.28,ACTIVE,2019-10-03 03:40:42
ACC_1001468,C_100982,SAVINGS,33689.9,ACTIVE,2024-02-09 17:33:56
ACC_1001469,C_100982,SAVINGS,8173.67,DORMANT,2024-02-06 20:11:56
ACC_1001470,C_100982,BUSINESS,34899.79,ACTIVE,2024-02-04 13:02:56
ACC_1001471,C_100983,CURRENT,819.17,ACTIVE,2016-10-25 09:17:26
ACC_1001472,C_100984,SAVINGS,153012.53,ACTIVE,2020-10-19 06:09:20
ACC_1001473,C_100985,BUSINESS,112338.52,ACTIVE,2019-04-09 12:14:12
ACC_1001474,C_100986,CURRENT,3215.08,ACTIVE,2017-12-12 13:57:17
ACC_1001475,C_100987,CURRENT,3509.53,ACTIVE,2021-06-15 12:03:16
ACC_1001476,C_100988,CURRENT,2666.99,DORMANT,2022-03-26 06:12:49
ACC_1001477,C_100989,SAVINGS,104706.26,ACTIVE,2016-11-17 04:57:57
ACC_1001478,C_100990,SAVINGS,432.63,ACTIVE,2020-06-21 17:44:08
ACC_1001479,C_100990,BUSINESS,96723.43,ACTIVE,2020-06-27 16:18:08
ACC_1001480,C_100991,SAVINGS,2617.27,ACTIVE,2020-03-08 23:24:03
ACC_1001481,C_100992,CURRENT,616.38,ACTIVE,2017-09-07 04:35:53
ACC_1001482,C_100992,SAVINGS,26264.61,ACTIVE,2017-09-21 05:00:53
ACC_1001483,C_100992,SAVINGS,105438.4,ACTIVE,2017-09-01 01:35:53
ACC_1001484,C_100993,SAVINGS,7330.07,ACTIVE,2017-01-21 12:26:42
ACC_1001485,C_100994,CURRENT,1547.3,ACTIVE,2025-11-22 16:21:56
ACC_1001486,C_100995,BUSINESS,105168.28,ACTIVE,2022-08-26 05:35:47
ACC_1001487,C_100995,CURRENT,2359.69,ACTIVE,2022-08-10 17:10:47
ACC_1001488,C_100996,CURRENT,1959.19,ACTIVE,2024-05-27 12:06:22
ACC_1001489,C_100997,CURRENT,4276.58,ACTIVE,2019-03-29 03:05:25
ACC_1001490,C_100998,CURRENT,6271.33,ACTIVE,2017-04-19 08:14:29
ACC_1001491,C_100999,CURRENT,275.16,ACTIVE,2023-01-27 01:28:04
ACC_1001492,C_100999,BUSINESS,226512.31,DORMANT,2023-01-15 03:28:04
ACC_1001493,C_101000,CURRENT,1050.11,ACTIVE,2016-02-22 13:16:22
ACC_1001494,C_101000,BUSINESS,9050.1,ACTIVE,2016-02-28 16:14:22
ACC_1001495,C_101001,CURRENT,588.61,ACTIVE,2021-06-23 08:37:47
ACC_1001496,C_101002,CURRENT,695.01,DORMANT,2020-01-31 08:17:28
ACC_1001497,C_101002,SAVINGS,1540.95,ACTIVE,2020-02-14 22:38:28
ACC_1001498,C_101003,SAVINGS,3025.88,ACTIVE,2021-02-21 06:04:45
ACC_1001499,C_101004,BUSINESS,20476.95,ACTIVE,2023-10-10 08:33:20
ACC_1001500,C_101004,BUSINESS,54261.66,ACTIVE,2023-09-17 13:49:20
ACC_1001501,C_101004,SAVINGS,20866.97,ACTIVE,2023-10-01 21:10:20
ACC_1001502,C_101005,BUSINESS,7391.83,ACTIVE,2025-11-15 09:05:57
ACC_1001503,C_101006,BUSINESS,61687.42,ACTIVE,2024-12-18 00:19:45
ACC_1001504,C_101006,SAVINGS,13514.11,ACTIVE,2024-11-26 20:34:45
ACC_1001505,C_101007,BUSINESS,19292.55,ACTIVE,2022-10-23 06:13:09
ACC_1001506,C_101007,BUSINESS,48270.8,ACTIVE,2022-10-28 05:00:09
ACC_1001507,C_101008,CURRENT,1508.5,ACTIVE,2025-05-19 15:28:45
ACC_1001508,C_101009,SAVINGS,2255.59,ACTIVE,2023-06-05 19:07:22
ACC_1001509,C_101010,SAVINGS,5593.11,ACTIVE,2024-01-30 16:27:47
ACC_1001510,C_101011,SAVINGS,5032.56,ACTIVE,2022-06-26 02:09:12
ACC_1001511,C_101012,CURRENT,874.51,DORMANT,2022-05-17 13:20:33
ACC_1001512,C_101013,CURRENT,1240.88,ACTIVE,2022-08-22 17:00:02
ACC_1001513,C_101014,CURRENT,1548.75,ACTIVE,2016-01-18 16:44:57
ACC_1001514,C_101014,SAVINGS,5694.31,DORMANT,2016-02-06 13:54:57
ACC_1001515,C_101015,CURRENT,1205.21,ACTIVE,2025-01-09 21:44:55
ACC_1001516,C_101016,BUSINESS,10161.82,ACTIVE,2019-07-19 00:27:06
ACC_1001517,C_101017,SAVINGS,43226.74,ACTIVE,2025-07-23 05:32:01
ACC_1001518,C_101017,CURRENT,1906.34,ACTIVE,2025-07-27 13:18:01
ACC_1001519,C_101018,CURRENT,2530.73,ACTIVE,2020-04-10 12:15:28
ACC_1001520,C_101019,SAVINGS,13168.43,ACTIVE,2025-10-07 22:05:04
ACC_1001521,C_101020,BUSINESS,126837.42,ACTIVE,2020-10-07 04:37:12
ACC_1001522,C_101020,SAVINGS,52607.7,ACTIVE,2020-10-05 09:04:12
ACC_1001523,C_101021,SAVINGS,250000.0,DORMANT,2018-03-19 04:34:08
ACC_1001524,C_101021,SAVINGS,7849.88,ACTIVE,2018-03-26 09:48:08
ACC_1001525,C_101021,SAVINGS,7084.85,ACTIVE,2018-03-23 00:06:08
ACC_1001526,C_101022,CURRENT,2721.59,ACTIVE,2022-07-14 13:05:30
ACC_1001527,C_101023,SAVINGS,26107.17,ACTIVE,2024-04-17 10:01:39
ACC_1001528,C_101023,CURRENT,2111.58,ACTIVE,2024-04-12 02:57:39
ACC_1001529,C_101024,CURRENT,16793.61,ACTIVE,2020-11-07 18:34:29
ACC_1001530,C_101025,CURRENT,3232.9,ACTIVE,2023-05-13 02:21:26
ACC_1001531,C_101025,SAVINGS,18032.88,ACTIVE,2023-05-02 11:27:26
ACC_1001532,C_101026,SAVINGS,7778.6,ACTIVE,2023-09-28 04:08:19
ACC_1001533,C_101027,SAVINGS,8312.41,ACTIVE,2020-05-06 22:26:13
ACC_1001534,C_101028,CURRENT,9228.91,ACTIVE,2023-08-01 22:08:33
ACC_1001535,C_101029,BUSINESS,55029.95,ACTIVE,2020-05-08 02:18:43
ACC_1001536,C_101029,SAVINGS,7307.13,ACTIVE,2020-05-08 09:07:43
ACC_1001537,C_101030,BUSINESS,7739.47,ACTIVE,2025-09-27 02:00:12
ACC_1001538,C_101031,BUSINESS,63302.13,ACTIVE,2025-06-19 23:49:20
ACC_1001539,C_101031,BUSINESS,40548.29,ACTIVE,2025-05-25 09:05:20
ACC_1001540,C_101031,BUSINESS,13286.82,ACTIVE,2025-06-09 15:38:20
ACC_1001541,C_101032,CURRENT,987.76,ACTIVE,2023-10-27 04:32:04
ACC_1001542,C_101033,CURRENT,2804.15,ACTIVE,2023-05-15 21:54:10
ACC_1001543,C_101034,CURRENT,933.14,ACTIVE,2022-02-09 10:28:52
ACC_1001544,C_101034,BUSINESS,276010.35,ACTIVE,2022-02-19 04:13:52
ACC_1001545,C_101035,SAVINGS,58974.46,ACTIVE,2019-07-05 23:53:46
ACC_1001546,C_101036,BUSINESS,17527.16,ACTIVE,2018-09-22 06:27:14
ACC_1001547,C_101037,CURRENT,1443.91,ACTIVE,2019-02-18 02:56:41
ACC_1001548,C_101037,CURRENT,4438.6,ACTIVE,2019-03-12 17:59:41
ACC_1001549,C_101037,CURRENT,307.31,ACTIVE,2019-03-02 13:53:41
ACC_1001550,C_101038,BUSINESS,70398.38,ACTIVE,2017-11-20 05:44:56
ACC_1001551,C_101039,CURRENT,2289.53,ACTIVE,2018-03-19 07:15:57
ACC_1001552,C_101039,SAVINGS,13117.27,DORMANT,2018-03-10 11:36:57
ACC_1001553,C_101039,CURRENT,122.79,ACTIVE,2018-03-26 04:26:57
ACC_1001554,C_101040,SAVINGS,22141.5,ACTIVE,2020-11-18 11:50:48
ACC_1001555,C_101041,BUSINESS,22640.49,ACTIVE,2020-08-13 16:50:05
ACC_1001556,C_101041,CURRENT,4602.35,ACTIVE,2020-07-31 11:23:05
ACC_1001557,C_101041,BUSINESS,258718.38,ACTIVE,2020-08-17 02:02:05
ACC_1001558,C_101042,CURRENT,1989.32,ACTIVE,2018-08-03 14:21:47
ACC_1001559,C_101042,SAVINGS,31580.81,ACTIVE,2018-07-22 17:09:47
ACC_1001560,C_101043,BUSINESS,573097.1,ACTIVE,2025-10-27 03:00:40
ACC_1001561,C_101044,CURRENT,1159.32,ACTIVE,2019-01-25 06:42:01
ACC_1001562,C_101044,BUSINESS,3593.46,ACTIVE,2019-02-06 14:08:01
ACC_1001563,C_101045,BUSINESS,50531.59,DORMANT,2025-07-15 19:12:36
ACC_1001564,C_101045,BUSINESS,25543.75,ACTIVE,2025-08-01 20:20:36
ACC_1001565,C_101045,SAVINGS,3510.27,DORMANT,2025-07-25 07:32:36
ACC_1001566,C_101046,CURRENT,959.35,DORMANT,2024-04-07 09:47:04
ACC_1001567,C_101047,CURRENT,1791.86,ACTIVE,2020-12-15 18:28:19
ACC_1001568,C_101048,BUSINESS,1500000.0,ACTIVE,2017-01-05 10:07:43
ACC_1001569,C_101048,BUSINESS,23497.0,ACTIVE,2016-12-23 11:12:43
ACC_1001570,C_101049,CURRENT,2288.3,ACTIVE,2017-02-12 12:24:41
ACC_1001571,C_101049,BUSINESS,5076.22,ACTIVE,2017-01-30 19:30:41
ACC_1001572,C_101049,CURRENT,1492.23,DORMANT,2017-02-17 17:31:41
ACC_1001573,C_101050,BUSINESS,7861.69,ACTIVE,2020-10-14 01:37:14
ACC_1001574,C_101050,SAVINGS,13124.11,DORMANT,2020-10-11 22:34:14
ACC_1001575,C_101051,CURRENT,1137.35,ACTIVE,2016-03-17 03:09:17
ACC_1001576,C_101052,CURRENT,2823.22,ACTIVE,2023-06-13 12:24:40
ACC_1001577,C_101053,SAVINGS,7389.08,ACTIVE,2024-08-23 13:32:38
ACC_1001578,C_101054,SAVINGS,4186.7,ACTIVE,2020-03-09 05:52:21
ACC_1001579,C_101055,BUSINESS,207879.4,ACTIVE,2016-02-05 05:40:49
ACC_1001580,C_101055,CURRENT,9794.02,ACTIVE,2016-01-12 22:52:49
ACC_1001581,C_101056,BUSINESS,43444.46,ACTIVE,2021-04-04 13:02:29
ACC_1001582,C_101057,BUSINESS,79468.88,ACTIVE,2016-02-17 23:45:58
ACC_1001583,C_101058,SAVINGS,1766.2,ACTIVE,2022-01-02 17:43:32
ACC_1001584,C_101059,SAVINGS,4477.57,ACTIVE,2018-08-10 03:51:15
ACC_1001585,C_101060,CURRENT,790.16,ACTIVE,2017-03-21 19:06:04
ACC_1001586,C_101061,SAVINGS,1175.34,ACTIVE,2025-10-12 02:05:33
ACC_1001587,C_101062,SAVINGS,11529.76,ACTIVE,2016-05-18 12:43:12
ACC_1001588,C_101063,CURRENT,1392.89,ACTIVE,2024-10-21 19:57:32
ACC_1001589,C_101064,CURRENT,341.56,ACTIVE,2023-09-29 09:11:39
ACC_1001590,C_101065,BUSINESS,957849.71,ACTIVE,2019-03-24 00:57:31
ACC_1001591,C_101065,CURRENT,1427.14,ACTIVE,2019-03-06 03:10:31
ACC_1001592,C_101066,BUSINESS,4692.34,DORMANT,2024-09-03 13:34:15
ACC_1001593,C_101067,BUSINESS,36920.23,ACTIVE,2017-03-03 11:23:21
ACC_1001594,C_101067,CURRENT,16741.93,ACTIVE,2017-03-04 20:47:21
ACC_1001595,C_101067,CURRENT,697.37,ACTIVE,2017-03-13 07:49:21
ACC_1001596,C_101068,CURRENT,1172.45,ACTIVE,2019-02-14 09:44:49
ACC_1001597,C_101068,BUSINESS,19483.94,ACTIVE,2019-02-20 02:51:49
ACC_1001598,C_101069,SAVINGS,21491.62,ACTIVE,2018-08-28 06:17:28
ACC_1001599,C_101070,CURRENT,5210.09,ACTIVE,2020-02-21 11:24:53
ACC_1001600,C_101070,SAVINGS,22322.5,ACTIVE,2020-01-29 13:14:53
ACC_1001601,C_101071,CURRENT,5766.94,DORMANT,2022-10-29 02:34:07
ACC_1001602,C_101071,BUSINESS,174042.23,ACTIVE,2022-11-17 20:33:07
ACC_1001603,C_101072,SAVINGS,11853.97,ACTIVE,2023-07-27 07:51:50
ACC_1001604,C_101073,BUSINESS,158855.65,ACTIVE,2024-05-14 14:00:29
ACC_1001605,C_101074,BUSINESS,42292.5,ACTIVE,2025-12-15 21:43:21
ACC_1001606,C_101074,CURRENT,9746.6,ACTIVE,2025-12-14 11:20:21
ACC_1001607,C_101074,BUSINESS,1500000.0,ACTIVE,2026-01-11 05:03:21
ACC_1001608,C_101075,CURRENT,3856.66,DORMANT,2016-11-18 06:09:01
ACC_1001609,C_101075,CURRENT,2642.2,ACTIVE,2016-11-12 02:05:01
ACC_1001610,C_101075,CURRENT,277.36,ACTIVE,2016-12-03 17:37:01
ACC_1001611,C_101076,BUSINESS,9768.31,ACTIVE,2016-07-22 08:07:15
ACC_1001612,C_101077,SAVINGS,5172.61,ACTIVE,2021-02-02 06:33:57
ACC_1001613,C_101078,SAVINGS,22709.63,ACTIVE,2023-10-31 00:41:39
ACC_1001614,C_101078,BUSINESS,406422.86,ACTIVE,2023-11-06 09:34:39
ACC_1001615,C_101079,CURRENT,4491.63,ACTIVE,2016-11-11 10:39:34
ACC_1001616,C_101079,CURRENT,1587.44,ACTIVE,2016-11-16 11:23:34
ACC_1001617,C_101080,CURRENT,1453.08,ACTIVE,2018-02-06 16:29:51
ACC_1001618,C_101080,SAVINGS,100873.69,ACTIVE,2018-01-26 09:46:51
ACC_1001619,C_101081,SAVINGS,4764.65,ACTIVE,2018-12-11 07:34:48
ACC_1001620,C_101082,CURRENT,447.5,ACTIVE,2018-09-10 20:29:32
ACC_1001621,C_101083,SAVINGS,9692.62,ACTIVE,2016-08-20 07:38:22
ACC_1001622,C_101084,SAVINGS,34776.48,ACTIVE,2020-03-18 13:56:00
ACC_1001623,C_101084,BUSINESS,93773.25,ACTIVE,2020-02-24 11:22:00
ACC_1001624,C_101084,CURRENT,1692.85,ACTIVE,2020-02-23 09:23:00
ACC_1001625,C_101085,CURRENT,1200.95,ACTIVE,2023-01-09 22:06:44
ACC_1001626,C_101086,SAVINGS,5784.82,ACTIVE,2025-10-26 06:02:09
ACC_1001627,C_101087,SAVINGS,9399.63,DORMANT,2018-07-12 03:00:21
ACC_1001628,C_101087,BUSINESS,274799.15,ACTIVE,2018-07-17 10:38:21
ACC_1001629,C_101088,BUSINESS,10900.23,ACTIVE,2024-04-03 13:45:52
ACC_1001630,C_101089,BUSINESS,20292.86,DORMANT,2024-03-19 13:19:06
ACC_1001631,C_101089,CURRENT,1908.12,ACTIVE,2024-03-09 13:10:06
ACC_1001632,C_101089,SAVINGS,1091.48,ACTIVE,2024-03-08 01:45:06
ACC_1001633,C_101090,SAVINGS,11248.1,ACTIVE,2020-10-18 16:25:45
ACC_1001634,C_101090,SAVINGS,5720.27,ACTIVE,2020-11-03 07:18:45
ACC_1001635,C_101090,BUSINESS,132863.53,ACTIVE,2020-11-08 19:47:45
ACC_1001636,C_101091,CURRENT,498.35,ACTIVE,2017-04-08 03:58:36
ACC_1001637,C_101092,BUSINESS,39042.66,ACTIVE,2024-04-26 12:05:13
ACC_1001638,C_101092,CURRENT,3770.78,ACTIVE,2024-04-19 17:00:13
ACC_1001639,C_101093,BUSINESS,53489.12,ACTIVE,2017-11-10 22:00:29
ACC_1001640,C_101094,SAVINGS,46093.2,ACTIVE,2017-03-16 20:46:47
ACC_1001641,C_101095,CURRENT,484.73,ACTIVE,2016-05-09 04:34:10
ACC_1001642,C_101095,CURRENT,841.76,ACTIVE,2016-04-30 15:59:10
ACC_1001643,C_101096,CURRENT,553.93,ACTIVE,2025-12-29 00:35:33
ACC_1001644,C_101096,CURRENT,1021.36,ACTIVE,2025-12-09 05:35:33
ACC_1001645,C_101096,BUSINESS,363463.11,ACTIVE,2025-12-15 23:24:33
ACC_1001646,C_101097,CURRENT,650.53,ACTIVE,2020-01-26 20:47:15
ACC_1001647,C_101098,BUSINESS,17295.63,ACTIVE,2020-10-21 09:13:09
ACC_1001648,C_101099,CURRENT,6171.95,ACTIVE,2023-06-12 10:51:20
ACC_1001649,C_101100,BUSINESS,100296.91,ACTIVE,2021-05-26 07:14:02
ACC_1001650,C_101101,SAVINGS,12953.45,ACTIVE,2017-06-29 22:58:18
ACC_1001651,C_101102,BUSINESS,275093.8,ACTIVE,2019-10-15 06:35:56
ACC_1001652,C_101102,SAVINGS,27631.16,ACTIVE,2019-10-20 18:38:56
ACC_1001653,C_101103,BUSINESS,3410.87,ACTIVE,2022-01-14 16:39:41
ACC_1001654,C_101104,BUSINESS,8327.71,ACTIVE,2024-06-19 00:27:08
ACC_1001655,C_101105,CURRENT,2166.1,ACTIVE,2025-07-19 12:48:24
ACC_1001656,C_101106,BUSINESS,25715.46,ACTIVE,2023-12-02 13:58:33
ACC_1001657,C_101106,SAVINGS,3566.21,ACTIVE,2023-12-08 04:49:33
ACC_1001658,C_101107,SAVINGS,28206.67,ACTIVE,2022-07-17 13:10:09
ACC_1001659,C_101107,BUSINESS,85769.06,ACTIVE,2022-07-12 06:29:09
ACC_1001660,C_101107,SAVINGS,2229.05,ACTIVE,2022-07-19 04:24:09
ACC_1001661,C_101108,SAVINGS,20855.09,ACTIVE,2025-02-15 13:56:50
ACC_1001662,C_101109,SAVINGS,41137.32,ACTIVE,2021-05-08 09:41:59
ACC_1001663,C_101110,BUSINESS,48377.57,ACTIVE,2016-09-29 14:27:27
ACC_1001664,C_101110,SAVINGS,13401.68,ACTIVE,2016-09-29 04:24:27
ACC_1001665,C_101111,SAVINGS,4113.19,DORMANT,2023-09-12 20:20:25
ACC_1001666,C_101112,BUSINESS,91155.98,ACTIVE,2019-02-03 11:20:50
ACC_1001667,C_101112,BUSINESS,4761.29,ACTIVE,2019-02-17 17:27:50
ACC_1001668,C_101113,SAVINGS,2221.06,ACTIVE,2024-05-25 09:45:47
ACC_1001669,C_101113,BUSINESS,58629.96,ACTIVE,2024-05-17 16:17:47
ACC_1001670,C_101114,SAVINGS,7235.19,ACTIVE,2025-04-14 22:37:08
ACC_1001671,C_101115,CURRENT,3277.11,ACTIVE,2016-12-13 18:18:20
ACC_1001672,C_101115,BUSINESS,23147.42,DORMANT,2016-12-12 04:52:20
ACC_1001673,C_101115,BUSINESS,8780.61,ACTIVE,2016-11-30 10:37:20
ACC_1001674,C_101116,CURRENT,2203.47,ACTIVE,2022-09-20 20:14:58
ACC_1001675,C_101117,SAVINGS,2246.38,DORMANT,2022-05-25 18:53:49
ACC_1001676,C_101117,BUSINESS,121630.1,ACTIVE,2022-06-07 11:02:49
ACC_1001677,C_101117,BUSINESS,43228.96,ACTIVE,2022-06-15 01:39:49
ACC_1001678,C_101118,BUSINESS,43980.07,DORMANT,2019-07-07 23:15:31
ACC_1001679,C_101118,CURRENT,3754.04,ACTIVE,2019-07-15 16:03:31
ACC_1001680,C_101119,CURRENT,1265.47,ACTIVE,2020-01-08 21:26:56
ACC_1001681,C_101119,BUSINESS,145374.67,ACTIVE,2020-01-22 05:57:56
ACC_1001682,C_101120,SAVINGS,30656.46,ACTIVE,2016-04-29 18:22:42
ACC_1001683,C_101121,SAVINGS,61919.72,ACTIVE,2021-03-12 14:45:02
ACC_1001684,C_101121,SAVINGS,47954.42,ACTIVE,2021-03-11 13:17:02
ACC_1001685,C_101122,CURRENT,1457.91,DORMANT,2017-08-11 22:33:48
ACC_1001686,C_101123,SAVINGS,13532.17,ACTIVE,2019-04-16 13:05:07
ACC_1001687,C_101123,SAVINGS,14115.66,ACTIVE,2019-04-26 03:08:07
ACC_1001688,C_101124,BUSINESS,27157.02,ACTIVE,2021-08-09 05:18:47
ACC_1001689,C_101125,SAVINGS,250000.0,ACTIVE,2019-08-07 22:42:45
ACC_1001690,C_101125,BUSINESS,75652.76,DORMANT,2019-07-27 06:40:45
ACC_1001691,C_101126,SAVINGS,10671.94,ACTIVE,2021-03-12 09:31:29
ACC_1001692,C_101127,CURRENT,3010.4,ACTIVE,2021-07-14 17:42:29
ACC_1001693,C_101128,SAVINGS,6596.69,ACTIVE,2025-07-14 19:30:31
ACC_1001694,C_101129,SAVINGS,127938.22,ACTIVE,2023-09-03 18:15:13
ACC_1001695,C_101130,CURRENT,2589.89,ACTIVE,2017-03-19 13:36:57
ACC_1001696,C_101131,BUSINESS,104863.03,ACTIVE,2023-08-01 05:30:15
ACC_1001697,C_101131,SAVINGS,10269.75,ACTIVE,2023-07-25 07:39:15
ACC_1001698,C_101131,BUSINESS,194226.58,ACTIVE,2023-07-20 14:16:15
ACC_1001699,C_101132,SAVINGS,119521.05,ACTIVE,2024-03-28 05:28:41
ACC_1001700,C_101133,CURRENT,1692.86,DORMANT,2021-07-14 10:35:30
ACC_1001701,C_101134,BUSINESS,67754.45,ACTIVE,2017-08-25 00:15:34
ACC_1001702,C_101134,SAVINGS,27408.52,ACTIVE,2017-08-27 04:50:34
ACC_1001703,C_101135,SAVINGS,250000.0,ACTIVE,2021-05-16 11:23:13
ACC_1001704,C_101136,CURRENT,1563.86,ACTIVE,2019-02-05 12:58:53
ACC_1001705,C_101137,CURRENT,4479.5,ACTIVE,2018-11-30 02:59:07
ACC_1001706,C_101138,BUSINESS,31157.37,ACTIVE,2020-09-24 04:22:07
ACC_1001707,C_101139,BUSINESS,58312.41,ACTIVE,2022-06-15 05:39:05
ACC_1001708,C_101139,CURRENT,10716.13,ACTIVE,2022-05-27 18:13:05
ACC_1001709,C_101140,BUSINESS,910203.83,ACTIVE,2022-12-30 11:43:55
ACC_1001710,C_101140,SAVINGS,10086.27,ACTIVE,2022-12-30 03:09:55
ACC_1001711,C_101141,CURRENT,766.48,ACTIVE,2023-08-06 08:37:45
ACC_1001712,C_101141,SAVINGS,7939.6,ACTIVE,2023-07-30 11:50:45
ACC_1001713,C_101142,CURRENT,808.42,ACTIVE,2024-05-26 06:04:56
ACC_1001714,C_101143,BUSINESS,291403.97,ACTIVE,2018-03-07 08:43:07
ACC_1001715,C_101143,SAVINGS,10090.65,ACTIVE,2018-03-24 15:51:07
ACC_1001716,C_101144,SAVINGS,5178.72,ACTIVE,2021-02-23 06:22:30
ACC_1001717,C_101145,BUSINESS,506210.09,ACTIVE,2018-01-14 06:16:18
ACC_1001718,C_101146,SAVINGS,5187.39,ACTIVE,2025-06-25 16:59:43
ACC_1001719,C_101147,CURRENT,5740.76,ACTIVE,2021-09-06 17:42:43
ACC_1001720,C_101148,CURRENT,447.07,ACTIVE,2018-03-27 23:53:48
ACC_1001721,C_101149,CURRENT,768.05,ACTIVE,2024-10-31 05:12:11
ACC_1001722,C_101149,BUSINESS,193535.7,ACTIVE,2024-10-20 13:39:11
ACC_1001723,C_101149,SAVINGS,19240.49,ACTIVE,2024-10-15 07:54:11
ACC_1001724,C_101150,CURRENT,1257.82,ACTIVE,2020-09-22 12:52:41
ACC_1001725,C_101151,SAVINGS,7875.96,ACTIVE,2022-06-14 14:05:23
ACC_1001726,C_101151,CURRENT,2688.03,ACTIVE,2022-06-07 03:38:23
ACC_1001727,C_101152,BUSINESS,13918.53,ACTIVE,2023-02-25 07:06:52
ACC_1001728,C_101152,CURRENT,98.32,ACTIVE,2023-03-19 02:38:52
ACC_1001729,C_101153,CURRENT,3700.36,ACTIVE,2024-01-14 01:09:58
ACC_1001730,C_101154,CURRENT,2473.0,ACTIVE,2019-08-25 18:15:07
ACC_1001731,C_101154,CURRENT,466.69,ACTIVE,2019-09-05 14:57:07
ACC_1001732,C_101155,CURRENT,958.98,ACTIVE,2022-06-04 11:53:22
ACC_1001733,C_101156,SAVINGS,7946.55,ACTIVE,2025-06-23 03:36:45
ACC_1001734,C_101156,CURRENT,2392.82,ACTIVE,2025-06-15 07:34:45
ACC_1001735,C_101157,BUSINESS,642382.86,ACTIVE,2023-02-10 06:36:33
ACC_1001736,C_101158,SAVINGS,22878.54,ACTIVE,2025-07-15 18:36:29
ACC_1001737,C_101159,SAVINGS,9814.25,ACTIVE,2020-03-27 18:07:02
ACC_1001738,C_101159,BUSINESS,358777.13,DORMANT,2020-03-31 14:40:02
ACC_1001739,C_101160,SAVINGS,75625.77,ACTIVE,2022-06-11 11:05:54
ACC_1001740,C_101160,BUSINESS,52986.28,ACTIVE,2022-06-01 11:44:54
ACC_1001741,C_101160,SAVINGS,48209.43,ACTIVE,2022-06-11 22:49:54
ACC_1001742,C_101161,SAVINGS,52434.6,ACTIVE,2022-09-27 05:37:48
ACC_1001743,C_101161,CURRENT,4132.86,ACTIVE,2022-10-23 22:46:48
ACC_1001744,C_101162,BUSINESS,5821.34,ACTIVE,2022-01-18 21:59:19
ACC_1001745,C_101162,CURRENT,2580.61,ACTIVE,2022-01-22 19:47:19
ACC_1001746,C_101163,CURRENT,1887.59,ACTIVE,2016-05-17 08:17:31
ACC_1001747,C_101164,SAVINGS,3890.21,ACTIVE,2022-03-26 03:00:09
ACC_1001748,C_101165,BUSINESS,1000.0,DORMANT,2018-11-08 17:53:50
ACC_1001749,C_101166,SAVINGS,5335.39,ACTIVE,2024-02-11 16:59:41
ACC_1001750,C_101166,SAVINGS,99471.5,ACTIVE,2024-02-08 08:41:41
ACC_1001751,C_101167,BUSINESS,8558.67,ACTIVE,2020-04-23 05:37:50
ACC_1001752,C_101168,SAVINGS,1333.18,ACTIVE,2021-10-24 04:50:49
ACC_1001753,C_101169,SAVINGS,5062.98,ACTIVE,2025-02-16 22:00:54
ACC_1001754,C_101169,CURRENT,2613.09,ACTIVE,2025-02-06 20:00:54
ACC_1001755,C_101170,CURRENT,1289.96,ACTIVE,2019-08-05 20:51:10
ACC_1001756,C_101171,BUSINESS,82388.36,ACTIVE,2019-09-06 23:53:13
ACC_1001757,C_101172,CURRENT,455.87,ACTIVE,2019-02-27 16:28:59
ACC_1001758,C_101172,CURRENT,690.92,ACTIVE,2019-03-13 20:34:59
ACC_1001759,C_101172,SAVINGS,29924.28,ACTIVE,2019-03-14 12:35:59
ACC_1001760,C_101173,CURRENT,3297.96,ACTIVE,2018-03-23 00:15:37
ACC_1001761,C_101174,CURRENT,4670.77,ACTIVE,2017-12-11 18:52:50
ACC_1001762,C_101174,BUSINESS,101704.0,DORMANT,2017-12-28 02:40:50
ACC_1001763,C_101175,SAVINGS,18920.8,ACTIVE,2025-08-09 18:47:45
ACC_1001764,C_101176,CURRENT,2790.65,ACTIVE,2016-07-04 19:08:02
ACC_1001765,C_101177,CURRENT,5701.61,ACTIVE,2022-03-29 17:54:08
ACC_1001766,C_101178,BUSINESS,418146.65,ACTIVE,2017-05-20 14:03:48
ACC_1001767,C_101179,SAVINGS,7283.4,ACTIVE,2018-03-05 15:29:49
ACC_1001768,C_101179,BUSINESS,39258.41,ACTIVE,2018-03-22 21:35:49
ACC_1001769,C_101180,SAVINGS,5091.44,ACTIVE,2019-09-23 01:34:34
ACC_1001770,C_101181,CURRENT,1505.86,ACTIVE,2022-08-15 00:11:51
ACC_1001771,C_101182,BUSINESS,129893.38,ACTIVE,2021-07-01 11:27:51
ACC_1001772,C_101183,CURRENT,615.6,ACTIVE,2022-04-21 02:12:28
ACC_1001773,C_101183,SAVINGS,24979.56,ACTIVE,2022-05-01 18:22:28
ACC_1001774,C_101184,BUSINESS,20620.75,ACTIVE,2023-08-04 22:25:09
ACC_1001775,C_101185,CURRENT,450.27,ACTIVE,2021-12-13 01:19:41
ACC_1001776,C_101185,CURRENT,7561.36,DORMANT,2021-12-22 21:23:41
ACC_1001777,C_101186,SAVINGS,24321.44,ACTIVE,2018-07-01 19:38:23
ACC_1001778,C_101186,BUSINESS,38326.67,DORMANT,2018-07-06 18:06:23
ACC_1001779,C_101187,BUSINESS,136091.11,ACTIVE,2020-10-18 18:30:41
ACC_1001780,C_101188,CURRENT,7530.15,ACTIVE,2017-04-04 18:23:31
ACC_1001781,C_101188,BUSINESS,18092.12,ACTIVE,2017-03-29 08:39:31
ACC_1001782,C_101189,SAVINGS,9317.72,ACTIVE,2016-12-19 06:12:15
ACC_1001783,C_101190,BUSINESS,50699.28,ACTIVE,2019-02-15 02:21:47
ACC_1001784,C_101191,SAVINGS,4629.81,ACTIVE,2020-07-15 12:06:53
ACC_1001785,C_101191,SAVINGS,33842.73,ACTIVE,2020-07-30 08:36:53
ACC_1001786,C_101192,SAVINGS,8019.25,ACTIVE,2023-04-27 16:22:49
ACC_1001787,C_101193,BUSINESS,47425.98,ACTIVE,2025-12-05 14:07:53
ACC_1001788,C_101194,CURRENT,1647.31,ACTIVE,2024-11-17 12:48:43
ACC_1001789,C_101195,BUSINESS,256246.37,ACTIVE,2023-11-19 02:32:02
ACC_1001790,C_101195,CURRENT,888.31,ACTIVE,2023-11-13 05:42:02
ACC_1001791,C_101196,SAVINGS,15018.65,ACTIVE,2019-10-05 10:29:26
ACC_1001792,C_101197,CURRENT,2393.84,ACTIVE,2025-12-01 18:56:09
ACC_1001793,C_101198,SAVINGS,6381.59,ACTIVE,2025-03-16 17:34:59
ACC_1001794,C_101199,CURRENT,557.28,ACTIVE,2017-01-26 19:45:26
ACC_1001795,C_101199,CURRENT,6615.5,ACTIVE,2017-02-01 14:24:26
ACC_1001796,C_101200,SAVINGS,12494.43,ACTIVE,2018-11-10 08:18:48
ACC_1001797,C_101201,CURRENT,1349.68,ACTIVE,2023-06-18 14:51:25
ACC_1001798,C_101202,CURRENT,2251.44,ACTIVE,2025-08-20 07:25:09
ACC_1001799,C_101202,SAVINGS,2564.62,ACTIVE,2025-09-05 16:41:09
ACC_1001800,C_101203,BUSINESS,5716.27,ACTIVE,2020-11-02 08:02:09
ACC_1001801,C_101204,CURRENT,1596.71,ACTIVE,2019-01-21 09:13:03
ACC_1001802,C_101204,CURRENT,1899.52,ACTIVE,2019-01-12 16:07:03
ACC_1001803,C_101205,CURRENT,3117.68,ACTIVE,2023-11-26 02:39:53
ACC_1001804,C_101206,CURRENT,616.76,ACTIVE,2016-02-17 05:45:55
ACC_1001805,C_101207,BUSINESS,587987.52,ACTIVE,2017-11-07 12:17:19
ACC_1001806,C_101208,SAVINGS,3976.36,ACTIVE,2025-04-20 08:01:35
ACC_1001807,C_101209,CURRENT,2819.31,ACTIVE,2016-08-06 01:34:15
ACC_1001808,C_101210,SAVINGS,54530.67,ACTIVE,2024-01-10 13:28:17
ACC_1001809,C_101211,BUSINESS,134501.96,ACTIVE,2019-12-28 18:16:21
ACC_1001810,C_101212,BUSINESS,28518.64,ACTIVE,2022-05-23 02:45:03
ACC_1001811,C_101212,BUSINESS,189944.29,ACTIVE,2022-05-01 18:27:03
ACC_1001812,C_101213,CURRENT,705.23,ACTIVE,2022-04-06 01:55:51
ACC_1001813,C_101213,CURRENT,898.56,ACTIVE,2022-03-31 14:02:51
ACC_1001814,C_101214,SAVINGS,16960.0,ACTIVE,2025-05-28 12:07:24
ACC_1001815,C_101215,CURRENT,1838.92,ACTIVE,2020-01-20 12:04:11
ACC_1001816,C_101216,SAVINGS,13669.7,ACTIVE,2024-08-17 23:44:30
ACC_1001817,C_101216,CURRENT,1871.64,ACTIVE,2024-08-22 22:40:30
ACC_1001818,C_101216,CURRENT,1298.33,ACTIVE,2024-08-07 13:04:30
ACC_1001819,C_101217,SAVINGS,75872.53,ACTIVE,2017-06-24 09:33:21
ACC_1001820,C_101218,SAVINGS,25537.55,ACTIVE,2025-10-26 05:08:36
ACC_1001821,C_101218,SAVINGS,15886.05,DORMANT,2025-11-07 00:57:36
ACC_1001822,C_101219,SAVINGS,16655.96,ACTIVE,2025-04-12 03:18:46
ACC_1001823,C_101220,BUSINESS,11048.27,DORMANT,2024-01-22 01:12:49
ACC_1001824,C_101221,SAVINGS,16964.64,ACTIVE,2023-08-02 15:12:22
ACC_1001825,C_101222,BUSINESS,17357.43,ACTIVE,2023-09-22 09:12:26
ACC_1001826,C_101223,BUSINESS,121853.53,ACTIVE,2017-05-26 00:45:11
ACC_1001827,C_101223,CURRENT,643.35,ACTIVE,2017-05-21 22:41:11
ACC_1001828,C_101224,CURRENT,699.2,ACTIVE,2017-06-15 08:46:29
ACC_1001829,C_101225,BUSINESS,9956.87,DORMANT,2019-04-04 08:06:18
ACC_1001830,C_101226,BUSINESS,4205.68,ACTIVE,2025-01-20 01:26:28
ACC_1001831,C_101227,CURRENT,722.54,ACTIVE,2020-05-24 22:48:04
ACC_1001832,C_101228,BUSINESS,5042.54,DORMANT,2024-02-13 15:54:16
ACC_1001833,C_101228,CURRENT,724.85,ACTIVE,2024-02-23 18:41:16
ACC_1001834,C_101229,BUSINESS,10952.12,ACTIVE,2023-12-30 11:07:00
ACC_1001835,C_101230,SAVINGS,19455.18,ACTIVE,2024-11-22 14:08:55
ACC_1001836,C_101230,CURRENT,9510.47,ACTIVE,2024-10-29 19:48:55
ACC_1001837,C_101231,BUSINESS,965657.31,ACTIVE,2022-06-29 15:17:30
ACC_1001838,C_101231,CURRENT,1139.27,DORMANT,2022-07-14 20:26:30
ACC_1001839,C_101232,SAVINGS,6360.88,ACTIVE,2022-12-14 02:33:03
ACC_1001840,C_101233,BUSINESS,340438.44,ACTIVE,2019-08-19 09:47:47
ACC_1001841,C_101233,SAVINGS,6759.1,ACTIVE,2019-08-19 08:01:47
ACC_1001842,C_101233,CURRENT,5125.77,ACTIVE,2019-09-09 21:35:47
ACC_1001843,C_101234,BUSINESS,4611.68,DORMANT,2022-11-23 08:32:11
ACC_1001844,C_101235,CURRENT,3656.74,ACTIVE,2017-04-05 23:50:58
ACC_1001845,C_101236,CURRENT,1610.89,ACTIVE,2018-04-25 06:50:05
ACC_1001846,C_101236,BUSINESS,31066.64,ACTIVE,2018-04-18 21:15:05
ACC_1001847,C_101237,CURRENT,8919.53,ACTIVE,2023-07-14 00:36:09
ACC_1001848,C_101237,SAVINGS,90596.17,ACTIVE,2023-07-24 13:26:09
ACC_1001849,C_101238,CURRENT,1270.14,ACTIVE,2018-02-04 00:04:58
ACC_1001850,C_101238,BUSINESS,15593.06,ACTIVE,2018-02-01 16:58:58
ACC_1001851,C_101239,BUSINESS,4999.59,ACTIVE,2022-12-15 08:54:29
ACC_1001852,C_101240,SAVINGS,239506.34,ACTIVE,2024-10-28 09:08:56
ACC_1001853,C_101241,CURRENT,896.2,ACTIVE,2025-03-28 20:19:17
ACC_1001854,C_101241,BUSINESS,2563.06,ACTIVE,2025-03-31 18:46:17
ACC_1001855,C_101242,SAVINGS,3981.09,ACTIVE,2022-06-22 16:04:20
ACC_1001856,C_101242,SAVINGS,4088.42,ACTIVE,2022-07-12 03:45:20
ACC_1001857,C_101242,BUSINESS,40185.14,ACTIVE,2022-07-15 03:37:20
ACC_1001858,C_101243,CURRENT,2120.36,ACTIVE,2017-04-08 22:14:05
ACC_1001859,C_101243,CURRENT,711.67,ACTIVE,2017-04-28 20:52:05
ACC_1001860,C_101244,CURRENT,500.89,DORMANT,2026-01-12 15:25:44
ACC_1001861,C_101245,BUSINESS,595721.3,ACTIVE,2025-01-14 16:55:45
ACC_1001862,C_101245,BUSINESS,507915.05,ACTIVE,2025-01-28 18:13:45
ACC_1001863,C_101246,BUSINESS,42796.07,ACTIVE,2016-12-24 20:56:36
ACC_1001864,C_101247,SAVINGS,9379.52,ACTIVE,2023-05-05 14:46:08
ACC_1001865,C_101248,CURRENT,1520.9,ACTIVE,2024-10-30 10:01:32
ACC_1001866,C_101249,BUSINESS,103592.68,ACTIVE,2020-04-20 14:55:35
ACC_1001867,C_101250,SAVINGS,17371.38,ACTIVE,2020-03-08 04:44:29
ACC_1001868,C_101250,BUSINESS,85931.37,ACTIVE,2020-02-25 20:20:29
ACC_1001869,C_101251,CURRENT,1595.61,ACTIVE,2018-07-23 09:08:21
ACC_1001870,C_101252,CURRENT,1363.18,ACTIVE,2023-05-31 07:38:33
ACC_1001871,C_101253,SAVINGS,10403.09,ACTIVE,2018-11-15 01:35:36
ACC_1001872,C_101253,SAVINGS,5045.4,ACTIVE,2018-10-25 01:03:36
ACC_1001873,C_101253,CURRENT,5293.12,ACTIVE,2018-11-03 13:04:36
ACC_1001874,C_101254,BUSINESS,28965.24,ACTIVE,2024-10-23 02:28:33
ACC_1001875,C_101255,CURRENT,2727.97,ACTIVE,2019-12-05 17:22:28
ACC_1001876,C_101256,SAVINGS,4149.76,ACTIVE,2018-08-31 16:22:08
ACC_1001877,C_101257,SAVINGS,200403.03,ACTIVE,2023-11-02 06:53:48
ACC_1001878,C_101257,CURRENT,8555.14,ACTIVE,2023-11-08 21:38:48
ACC_1001879,C_101257,SAVINGS,7721.57,ACTIVE,2023-11-25 06:18:48
ACC_1001880,C_101258,SAVINGS,818.39,ACTIVE,2016-12-29 00:16:27
ACC_1001881,C_101259,CURRENT,6300.68,ACTIVE,2018-07-24 18:05:25
ACC_1001882,C_101260,SAVINGS,2517.16,ACTIVE,2019-11-29 11:04:46
ACC_1001883,C_101261,SAVINGS,13669.56,ACTIVE,2022-12-22 10:37:15
ACC_1001884,C_101261,CURRENT,3280.33,ACTIVE,2023-01-13 16:05:15
ACC_1001885,C_101261,CURRENT,9298.82,ACTIVE,2022-12-30 22:27:15
ACC_1001886,C_101262,BUSINESS,53407.28,ACTIVE,2022-01-26 16:15:32
ACC_1001887,C_101263,SAVINGS,6121.93,ACTIVE,2021-04-02 06:25:24
ACC_1001888,C_101264,SAVINGS,11774.64,ACTIVE,2024-08-30 02:06:46
ACC_1001889,C_101264,SAVINGS,3961.32,ACTIVE,2024-09-03 22:42:46
ACC_1001890,C_101265,BUSINESS,544334.34,ACTIVE,2018-10-26 16:16:34
ACC_1001891,C_101266,BUSINESS,344757.57,ACTIVE,2021-03-27 13:11:43
ACC_1001892,C_101266,BUSINESS,57804.31,ACTIVE,2021-04-06 15:53:43
ACC_1001893,C_101267,CURRENT,1376.64,ACTIVE,2016-09-04 10:30:05
ACC_1001894,C_101267,SAVINGS,12016.86,ACTIVE,2016-09-13 13:34:05
ACC_1001895,C_101268,SAVINGS,4255.58,ACTIVE,2024-09-02 18:23:14
ACC_1001896,C_101269,CURRENT,950.37,ACTIVE,2017-04-25 15:09:59
ACC_1001897,C_101269,CURRENT,458.76,ACTIVE,2017-04-16 09:06:59
ACC_1001898,C_101270,CURRENT,1770.53,ACTIVE,2016-09-10 14:25:54
ACC_1001899,C_101270,BUSINESS,1427.22,ACTIVE,2016-09-28 14:41:54
ACC_1001900,C_101271,CURRENT,683.07,ACTIVE,2019-12-04 20:39:28
ACC_1001901,C_101271,CURRENT,5891.25,ACTIVE,2019-12-07 00:03:28
ACC_1001902,C_101271,SAVINGS,18828.4,ACTIVE,2019-12-27 11:38:28
ACC_1001903,C_101272,SAVINGS,6368.76,ACTIVE,2020-03-12 23:21:41
ACC_1001904,C_101273,BUSINESS,351995.03,ACTIVE,2019-10-09 20:20:35
ACC_1001905,C_101273,CURRENT,1145.41,ACTIVE,2019-10-18 01:15:35
ACC_1001906,C_101274,CURRENT,3196.43,ACTIVE,2017-09-07 17:32:33
ACC_1001907,C_101275,CURRENT,771.78,ACTIVE,2021-09-16 13:45:16
ACC_1001908,C_101275,CURRENT,923.59,ACTIVE,2021-09-15 16:58:16
ACC_1001909,C_101276,CURRENT,616.01,ACTIVE,2017-09-22 02:56:30
ACC_1001910,C_101276,CURRENT,555.55,ACTIVE,2017-10-05 21:20:30
ACC_1001911,C_101277,BUSINESS,14576.65,ACTIVE,2024-12-16 08:58:21
ACC_1001912,C_101278,BUSINESS,147003.09,ACTIVE,2022-07-09 07:05:12
ACC_1001913,C_101278,CURRENT,1425.94,ACTIVE,2022-07-12 17:05:12
ACC_1001914,C_101278,CURRENT,322.0,ACTIVE,2022-06-30 04:52:12
ACC_1001915,C_101279,CURRENT,4352.32,ACTIVE,2017-04-28 22:03:34
ACC_1001916,C_101280,BUSINESS,38429.95,ACTIVE,2023-05-19 00:52:39
ACC_1001917,C_101280,BUSINESS,1500000.0,ACTIVE,2023-05-18 23:51:39
ACC_1001918,C_101280,BUSINESS,6776.75,DORMANT,2023-05-19 11:15:39
ACC_1001919,C_101281,SAVINGS,12982.63,ACTIVE,2017-06-17 04:15:26
ACC_1001920,C_101282,SAVINGS,5301.2,DORMANT,2019-07-11 21:15:41
ACC_1001921,C_101282,BUSINESS,198031.37,DORMANT,2019-07-16 11:28:41
ACC_1001922,C_101283,BUSINESS,113638.43,ACTIVE,2021-02-06 17:40:53
ACC_1001923,C_101284,BUSINESS,26570.4,ACTIVE,2025-10-01 23:14:26
ACC_1001924,C_101284,SAVINGS,23898.24,ACTIVE,2025-10-10 07:46:26
ACC_1001925,C_101285,CURRENT,10107.99,ACTIVE,2017-05-17 08:11:46
ACC_1001926,C_101285,CURRENT,3522.04,DORMANT,2017-06-01 10:22:46
ACC_1001927,C_101286,SAVINGS,31950.47,DORMANT,2020-01-11 08:01:37
ACC_1001928,C_101287,CURRENT,6149.9,ACTIVE,2018-02-09 18:18:54
ACC_1001929,C_101287,SAVINGS,6372.41,ACTIVE,2018-02-03 00:10:54
ACC_1001930,C_101288,SAVINGS,5487.57,ACTIVE,2018-01-04 07:34:12
ACC_1001931,C_101288,BUSINESS,107398.45,ACTIVE,2018-01-22 01:26:12
ACC_1001932,C_101289,CURRENT,3041.4,ACTIVE,2021-11-16 13:35:18
ACC_1001933,C_101290,BUSINESS,398464.77,ACTIVE,2018-01-19 11:45:49
ACC_1001934,C_101291,CURRENT,3155.14,ACTIVE,2017-12-09 09:51:58
ACC_1001935,C_101292,CURRENT,22227.94,ACTIVE,2018-12-10 21:37:11
ACC_1001936,C_101292,CURRENT,1529.4,DORMANT,2018-11-29 02:08:11
ACC_1001937,C_101292,BUSINESS,213375.42,ACTIVE,2018-12-03 01:56:11
ACC_1001938,C_101293,BUSINESS,42564.5,ACTIVE,2022-10-17 19:32:49
ACC_1001939,C_101294,SAVINGS,24839.78,ACTIVE,2019-04-28 20:07:27
ACC_1001940,C_101294,CURRENT,659.57,ACTIVE,2019-04-25 13:58:27
ACC_1001941,C_101295,CURRENT,1110.04,ACTIVE,2019-03-09 16:37:24
ACC_1001942,C_101296,SAVINGS,3115.65,ACTIVE,2019-10-13 15:16:10
ACC_1001943,C_101297,CURRENT,871.94,ACTIVE,2020-11-26 10:15:24
ACC_1001944,C_101298,CURRENT,1200.59,ACTIVE,2017-07-29 04:30:53
ACC_1001945,C_101298,BUSINESS,37484.29,ACTIVE,2017-07-14 23:55:53
ACC_1001946,C_101299,SAVINGS,28738.44,ACTIVE,2024-03-24 15:05:06
ACC_1001947,C_101299,CURRENT,2037.45,ACTIVE,2024-04-10 21:07:06
ACC_1001948,C_101300,SAVINGS,19319.93,ACTIVE,2018-12-16 17:44:56
ACC_1001949,C_101301,SAVINGS,60498.59,ACTIVE,2025-11-27 03:22:34
ACC_1001950,C_101301,BUSINESS,14488.18,ACTIVE,2025-11-29 03:37:34
ACC_1001951,C_101301,BUSINESS,42574.38,ACTIVE,2025-11-14 17:23:34
ACC_1001952,C_101302,CURRENT,250.76,ACTIVE,2021-05-28 23:34:20
ACC_1001953,C_101302,SAVINGS,24665.5,ACTIVE,2021-06-07 04:01:20
ACC_1001954,C_101303,SAVINGS,13408.85,ACTIVE,2020-10-12 00:41:00
ACC_1001955,C_101304,CURRENT,407.4,ACTIVE,2025-07-03 12:15:37
ACC_1001956,C_101304,CURRENT,1668.09,ACTIVE,2025-06-21 08:31:37
ACC_1001957,C_101305,CURRENT,1862.45,ACTIVE,2025-08-13 08:42:29
ACC_1001958,C_101306,BUSINESS,418105.95,ACTIVE,2021-01-07 21:11:51
ACC_1001959,C_101307,SAVINGS,16861.88,ACTIVE,2016-08-04 17:39:57
ACC_1001960,C_101308,SAVINGS,6526.03,DORMANT,2017-07-02 07:44:33
ACC_1001961,C_101308,SAVINGS,21975.14,ACTIVE,2017-06-24 18:22:33
ACC_1001962,C_101309,BUSINESS,9157.39,DORMANT,2024-08-08 00:41:48
ACC_1001963,C_101310,BUSINESS,7904.78,ACTIVE,2020-06-18 09:24:59
ACC_1001964,C_101310,CURRENT,4834.56,ACTIVE,2020-06-21 09:25:59
ACC_1001965,C_101311,BUSINESS,1559.23,ACTIVE,2016-03-15 08:03:48
ACC_1001966,C_101312,SAVINGS,31965.02,ACTIVE,2019-06-16 16:30:57
ACC_1001967,C_101312,CURRENT,904.29,ACTIVE,2019-05-23 06:15:57
ACC_1001968,C_101313,BUSINESS,18132.57,ACTIVE,2025-11-23 02:04:49
ACC_1001969,C_101314,SAVINGS,82269.67,DORMANT,2022-11-01 23:21:42
ACC_1001970,C_101315,BUSINESS,197822.21,ACTIVE,2021-10-20 03:34:11
ACC_1001971,C_101316,SAVINGS,56226.75,ACTIVE,2020-11-12 01:31:17
ACC_1001972,C_101317,CURRENT,6836.04,ACTIVE,2016-03-13 01:56:47
ACC_1001973,C_101317,BUSINESS,71277.76,ACTIVE,2016-04-09 00:51:47
ACC_1001974,C_101318,CURRENT,906.4,ACTIVE,2018-08-11 23:21:40
ACC_1001975,C_101318,SAVINGS,19742.61,ACTIVE,2018-08-31 12:58:40
ACC_1001976,C_101319,SAVINGS,10234.84,ACTIVE,2016-12-12 18:17:22
ACC_1001977,C_101320,BUSINESS,9759.97,ACTIVE,2021-11-21 21:20:50
ACC_1001978,C_101321,CURRENT,1792.4,ACTIVE,2016-06-02 03:32:12
ACC_1001979,C_101322,BUSINESS,6682.65,ACTIVE,2022-05-23 03:36:38
ACC_1001980,C_101323,CURRENT,2461.14,ACTIVE,2021-10-14 22:50:59
ACC_1001981,C_101323,CURRENT,2208.3,ACTIVE,2021-10-18 16:03:59
ACC_1001982,C_101324,SAVINGS,9845.98,ACTIVE,2016-03-05 08:14:05
ACC_1001983,C_101325,SAVINGS,9774.81,ACTIVE,2021-08-01 00:26:56
ACC_1001984,C_101326,SAVINGS,12249.68,ACTIVE,2019-04-30 07:08:51
ACC_1001985,C_101326,SAVINGS,167692.85,ACTIVE,2019-05-08 11:03:51
ACC_1001986,C_101326,SAVINGS,75534.49,ACTIVE,2019-05-12 23:23:51
ACC_1001987,C_101327,SAVINGS,65312.34,ACTIVE,2017-08-24 19:53:56
ACC_1001988,C_101328,SAVINGS,6220.48,ACTIVE,2019-09-27 13:10:39
ACC_1001989,C_101328,SAVINGS,11885.43,DORMANT,2019-10-04 02:52:39
ACC_1001990,C_101329,BUSINESS,396324.76,ACTIVE,2021-04-24 23:15:28
ACC_1001991,C_101329,SAVINGS,14139.68,ACTIVE,2021-05-05 19:01:28
ACC_1001992,C_101330,CURRENT,24497.67,ACTIVE,2017-02-19 00:28:29
ACC_1001993,C_101331,SAVINGS,35529.44,DORMANT,2023-02-03 09:05:51
ACC_1001994,C_101331,CURRENT,3216.93,ACTIVE,2023-02-14 18:40:51
ACC_1001995,C_101331,SAVINGS,46776.87,ACTIVE,2023-02-18 08:03:51
ACC_1001996,C_101332,SAVINGS,6785.32,ACTIVE,2018-11-20 11:23:46
ACC_1001997,C_101332,SAVINGS,13611.67,ACTIVE,2018-11-17 03:34:46
ACC_1001998,C_101332,SAVINGS,3335.29,ACTIVE,2018-11-16 14:13:46
ACC_1001999,C_101333,SAVINGS,4082.92,ACTIVE,2025-01-05 09:00:01
ACC_1002000,C_101334,BUSINESS,141379.16,ACTIVE,2025-02-18 13:59:25
ACC_1002001,C_101334,CURRENT,2886.79,ACTIVE,2025-01-24 06:19:25
ACC_1002002,C_101335,CURRENT,1741.77,DORMANT,2025-10-27 16:23:32
ACC_1002003,C_101335,CURRENT,1293.7,ACTIVE,2025-10-28 05:42:32
ACC_1002004,C_101336,BUSINESS,376560.3,ACTIVE,2024-07-22 22:19:14
ACC_1002005,C_101336,CURRENT,2248.45,ACTIVE,2024-07-20 15:16:14
ACC_1002006,C_101337,SAVINGS,7254.27,ACTIVE,2021-11-28 01:38:26
ACC_1002007,C_101337,CURRENT,1520.0,ACTIVE,2021-11-28 09:34:26
ACC_1002008,C_101338,BUSINESS,245329.12,DORMANT,2018-10-24 04:30:40
ACC_1002009,C_101339,SAVINGS,21379.63,ACTIVE,2023-07-09 06:24:49
ACC_1002010,C_101340,SAVINGS,25365.91,ACTIVE,2024-05-24 05:56:18
ACC_1002011,C_101341,BUSINESS,38707.57,ACTIVE,2020-02-25 19:22:20
ACC_1002012,C_101342,BUSINESS,13946.01,ACTIVE,2016-07-10 10:00:46
ACC_1002013,C_101343,CURRENT,565.24,ACTIVE,2020-03-10 20:25:59
ACC_1002014,C_101344,CURRENT,1216.15,ACTIVE,2025-07-14 21:54:53
ACC_1002015,C_101344,CURRENT,6411.72,ACTIVE,2025-07-23 07:30:53
ACC_1002016,C_101345,SAVINGS,2018.72,DORMANT,2025-08-04 20:26:11
ACC_1002017,C_101345,SAVINGS,69979.37,ACTIVE,2025-08-07 19:37:11
ACC_1002018,C_101346,SAVINGS,4099.61,ACTIVE,2022-08-09 15:43:05
ACC_1002019,C_101347,BUSINESS,97307.84,ACTIVE,2024-08-14 13:44:35
ACC_1002020,C_101347,CURRENT,10387.58,ACTIVE,2024-07-16 03:55:35
ACC_1002021,C_101348,SAVINGS,25374.28,ACTIVE,2021-09-05 06:39:01
ACC_1002022,C_101349,BUSINESS,623876.54,DORMANT,2025-05-18 04:47:04
ACC_1002023,C_101350,SAVINGS,14542.36,ACTIVE,2016-04-19 02:09:55
ACC_1002024,C_101350,CURRENT,280.24,ACTIVE,2016-04-17 13:50:55
ACC_1002025,C_101351,SAVINGS,16593.58,ACTIVE,2023-03-15 23:13:26
ACC_1002026,C_101351,SAVINGS,21290.06,ACTIVE,2023-04-03 08:01:26
ACC_1002027,C_101351,CURRENT,1364.03,ACTIVE,2023-04-02 05:40:26
ACC_1002028,C_101352,SAVINGS,5797.43,ACTIVE,2022-05-16 19:24:18
ACC_1002029,C_101352,BUSINESS,74188.56,ACTIVE,2022-05-24 05:01:18
ACC_1002030,C_101353,SAVINGS,3798.86,ACTIVE,2018-12-19 00:22:19
ACC_1002031,C_101354,SAVINGS,22009.32,DORMANT,2021-02-03 02:11:29
ACC_1002032,C_101354,SAVINGS,31163.24,ACTIVE,2021-01-25 03:49:29
ACC_1002033,C_101355,SAVINGS,6047.58,ACTIVE,2023-04-23 04:16:39
ACC_1002034,C_101356,SAVINGS,68651.99,ACTIVE,2018-05-24 07:04:04
ACC_1002035,C_101356,SAVINGS,9857.22,ACTIVE,2018-05-20 18:24:04
ACC_1002036,C_101356,CURRENT,806.45,ACTIVE,2018-05-31 15:54:04
ACC_1002037,C_101357,CURRENT,1143.65,ACTIVE,2019-08-30 07:01:15
ACC_1002038,C_101358,BUSINESS,13057.48,ACTIVE,2016-02-29 21:38:47
ACC_1002039,C_101359,SAVINGS,2824.31,ACTIVE,2019-06-17 22:32:31
ACC_1002040,C_101359,SAVINGS,9957.29,DORMANT,2019-06-26 18:06:31
ACC_1002041,C_101360,BUSINESS,23221.74,ACTIVE,2020-07-06 13:13:32
ACC_1002042,C_101360,SAVINGS,1353.13,ACTIVE,2020-06-30 11:50:32
ACC_1002043,C_101361,CURRENT,1982.57,DORMANT,2016-06-20 16:07:50
ACC_1002044,C_101362,SAVINGS,3159.07,ACTIVE,2016-05-08 05:46:19
ACC_1002045,C_101363,BUSINESS,845837.48,ACTIVE,2017-01-11 22:51:37
ACC_1002046,C_101363,CURRENT,411.89,ACTIVE,2017-02-02 06:29:37
ACC_1002047,C_101364,BUSINESS,459450.79,ACTIVE,2025-12-06 19:32:53
ACC_1002048,C_101365,SAVINGS,7435.09,ACTIVE,2018-10-21 13:41:43
ACC_1002049,C_101366,SAVINGS,32965.37,ACTIVE,2021-04-18 17:10:07
ACC_1002050,C_101366,CURRENT,1456.97,ACTIVE,2021-04-30 02:07:07
ACC_1002051,C_101367,SAVINGS,40165.53,ACTIVE,2020-05-08 13:56:43
ACC_1002052,C_101368,CURRENT,477.82,ACTIVE,2025-11-07 12:12:32
ACC_1002053,C_101369,SAVINGS,24585.24,ACTIVE,2022-11-24 00:05:11
ACC_1002054,C_101370,CURRENT,861.55,DORMANT,2020-07-15 15:42:47
ACC_1002055,C_101371,BUSINESS,678635.7,DORMANT,2019-11-19 00:30:00
ACC_1002056,C_101372,BUSINESS,45679.42,ACTIVE,2016-05-28 07:06:12
ACC_1002057,C_101373,SAVINGS,3556.81,ACTIVE,2024-04-12 15:00:31
ACC_1002058,C_101373,CURRENT,2387.73,ACTIVE,2024-04-06 13:51:31
ACC_1002059,C_101374,CURRENT,4911.74,ACTIVE,2021-07-08 15:13:17
ACC_1002060,C_101374,BUSINESS,415350.21,ACTIVE,2021-07-07 10:28:17
ACC_1002061,C_101375,SAVINGS,3428.31,ACTIVE,2017-05-01 05:27:39
ACC_1002062,C_101375,CURRENT,984.19,ACTIVE,2017-05-06 22:04:39
ACC_1002063,C_101375,SAVINGS,51600.78,ACTIVE,2017-05-05 16:26:39
ACC_1002064,C_101376,BUSINESS,5964.47,ACTIVE,2020-02-19 13:39:57
ACC_1002065,C_101376,BUSINESS,28797.7,ACTIVE,2020-02-04 07:19:57
ACC_1002066,C_101377,BUSINESS,34490.47,ACTIVE,2024-01-08 08:42:12
ACC_1002067,C_101378,CURRENT,2855.42,ACTIVE,2019-03-21 17:35:02
ACC_1002068,C_101379,CURRENT,476.14,ACTIVE,2023-08-19 12:25:56
ACC_1002069,C_101379,CURRENT,719.32,ACTIVE,2023-08-02 04:09:56
ACC_1002070,C_101380,CURRENT,826.29,ACTIVE,2019-05-31 21:16:19
ACC_1002071,C_101380,BUSINESS,146532.27,ACTIVE,2019-05-10 21:27:19
ACC_1002072,C_101381,BUSINESS,480757.35,ACTIVE,2017-06-29 04:23:58
ACC_1002073,C_101382,SAVINGS,6804.82,ACTIVE,2025-04-14 05:32:43
ACC_1002074,C_101383,SAVINGS,17369.26,ACTIVE,2024-02-21 01:52:19
ACC_1002075,C_101384,CURRENT,653.58,ACTIVE,2019-06-17 06:53:01
ACC_1002076,C_101385,BUSINESS,1000.0,ACTIVE,2024-11-27 15:03:39
ACC_1002077,C_101385,CURRENT,720.07,ACTIVE,2024-11-27 08:37:39
ACC_1002078,C_101386,BUSINESS,318958.35,ACTIVE,2018-06-01 06:27:31
ACC_1002079,C_101387,SAVINGS,6031.74,ACTIVE,2019-04-13 09:46:40
ACC_1002080,C_101388,CURRENT,590.55,ACTIVE,2023-03-15 08:49:01
ACC_1002081,C_101388,CURRENT,488.98,ACTIVE,2023-03-10 06:58:01
ACC_1002082,C_101389,SAVINGS,97758.46,ACTIVE,2022-11-25 06:03:17
ACC_1002083,C_101389,CURRENT,1464.38,ACTIVE,2022-11-21 02:24:17
ACC_1002084,C_101390,SAVINGS,15479.86,ACTIVE,2016-02-24 06:22:11
ACC_1002085,C_101391,SAVINGS,10814.16,ACTIVE,2018-05-17 00:37:41
ACC_1002086,C_101392,BUSINESS,28858.51,ACTIVE,2016-12-14 07:02:16
ACC_1002087,C_101393,SAVINGS,5252.9,ACTIVE,2021-01-24 20:56:00
ACC_1002088,C_101394,SAVINGS,5021.19,ACTIVE,2024-08-28 04:11:08
ACC_1002089,C_101395,BUSINESS,130703.54,ACTIVE,2017-06-29 22:13:41
ACC_1002090,C_101396,BUSINESS,53468.5,ACTIVE,2025-09-20 21:47:35
ACC_1002091,C_101397,SAVINGS,12432.72,ACTIVE,2019-03-01 12:19:44
ACC_1002092,C_101397,CURRENT,477.83,ACTIVE,2019-03-14 09:05:44
ACC_1002093,C_101398,BUSINESS,49017.72,ACTIVE,2020-06-15 12:42:44
ACC_1002094,C_101398,CURRENT,582.69,ACTIVE,2020-06-23 09:40:44
ACC_1002095,C_101399,SAVINGS,22319.01,ACTIVE,2018-01-07 21:07:55
ACC_1002096,C_101399,SAVINGS,7780.04,ACTIVE,2018-01-22 22:15:55
ACC_1002097,C_101400,BUSINESS,22916.44,ACTIVE,2017-02-23 10:23:26
ACC_1002098,C_101401,BUSINESS,26121.23,ACTIVE,2022-11-09 12:18:14
ACC_1002099,C_101402,SAVINGS,84011.43,ACTIVE,2017-11-13 20:52:40
ACC_1002100,C_101403,CURRENT,9777.86,ACTIVE,2017-11-06 15:42:00
ACC_1002101,C_101404,CURRENT,4422.13,ACTIVE,2018-05-28 04:08:47
ACC_1002102,C_101404,CURRENT,515.67,ACTIVE,2018-05-18 04:40:47
ACC_1002103,C_101405,BUSINESS,39377.53,ACTIVE,2021-03-12 03:02:44
ACC_1002104,C_101405,BUSINESS,38326.38,DORMANT,2021-03-10 20:07:44
ACC_1002105,C_101405,BUSINESS,582314.27,ACTIVE,2021-03-10 19:57:44
ACC_1002106,C_101406,CURRENT,7474.92,ACTIVE,2020-08-06 09:57:26
ACC_1002107,C_101407,BUSINESS,123575.06,ACTIVE,2017-05-12 07:55:57
ACC_1002108,C_101408,BUSINESS,136146.61,ACTIVE,2025-05-10 00:36:10
ACC_1002109,C_101408,CURRENT,1175.49,ACTIVE,2025-04-30 13:17:10
ACC_1002110,C_101409,BUSINESS,463537.16,ACTIVE,2017-03-23 11:38:54
ACC_1002111,C_101410,CURRENT,1880.89,ACTIVE,2019-10-29 04:31:05
ACC_1002112,C_101410,SAVINGS,28726.28,ACTIVE,2019-11-09 02:15:05
ACC_1002113,C_101411,SAVINGS,21441.04,ACTIVE,2021-08-06 03:18:37
ACC_1002114,C_101411,CURRENT,8771.35,DORMANT,2021-07-17 09:58:37
ACC_1002115,C_101412,SAVINGS,29288.29,ACTIVE,2018-12-16 09:00:19
ACC_1002116,C_101413,CURRENT,1144.86,ACTIVE,2019-04-09 10:52:54
ACC_1002117,C_101414,BUSINESS,611089.55,ACTIVE,2024-05-23 05:06:49
ACC_1002118,C_101414,BUSINESS,61801.51,ACTIVE,2024-05-31 23:56:49
ACC_1002119,C_101415,CURRENT,333.22,ACTIVE,2022-07-29 21:25:49
ACC_1002120,C_101416,SAVINGS,5355.53,ACTIVE,2021-10-25 18:32:34
ACC_1002121,C_101417,BUSINESS,15149.74,ACTIVE,2020-04-09 13:08:02
ACC_1002122,C_101418,CURRENT,2386.18,ACTIVE,2023-07-15 19:03:27
ACC_1002123,C_101419,BUSINESS,147041.65,ACTIVE,2024-12-01 23:02:15
ACC_1002124,C_101420,BUSINESS,593385.99,ACTIVE,2025-03-16 16:53:57
ACC_1002125,C_101421,SAVINGS,18388.81,ACTIVE,2019-02-10 09:11:40
ACC_1002126,C_101421,SAVINGS,22513.66,ACTIVE,2019-02-07 22:36:40
ACC_1002127,C_101422,SAVINGS,4404.18,ACTIVE,2023-10-15 13:37:42
ACC_1002128,C_101422,SAVINGS,3416.81,ACTIVE,2023-10-10 17:13:42
ACC_1002129,C_101423,SAVINGS,42756.55,ACTIVE,2019-02-28 10:09:34
ACC_1002130,C_101424,CURRENT,1416.79,ACTIVE,2021-05-29 12:22:12
ACC_1002131,C_101425,CURRENT,475.64,ACTIVE,2021-05-17 05:25:13
ACC_1002132,C_101425,SAVINGS,2510.98,ACTIVE,2021-05-11 12:22:13
ACC_1002133,C_101426,BUSINESS,118675.62,ACTIVE,2020-11-07 13:37:37
ACC_1002134,C_101426,BUSINESS,486219.9,ACTIVE,2020-11-07 21:46:37
ACC_1002135,C_101427,BUSINESS,105327.08,DORMANT,2020-08-02 08:06:40
ACC_1002136,C_101427,BUSINESS,348593.37,ACTIVE,2020-08-22 14:23:40
ACC_1002137,C_101428,BUSINESS,501100.5,ACTIVE,2023-04-23 21:04:34
ACC_1002138,C_101429,CURRENT,692.28,ACTIVE,2021-01-02 19:18:30
ACC_1002139,C_101430,CURRENT,1964.59,ACTIVE,2018-01-27 12:32:13
ACC_1002140,C_101431,CURRENT,1106.09,DORMANT,2022-01-17 07:09:01
ACC_1002141,C_101432,SAVINGS,1979.15,ACTIVE,2021-12-25 02:35:49
ACC_1002142,C_101433,CURRENT,2602.74,ACTIVE,2024-09-02 12:01:35
ACC_1002143,C_101434,BUSINESS,36936.68,ACTIVE,2024-11-06 20:02:45
ACC_1002144,C_101434,BUSINESS,36945.42,ACTIVE,2024-11-30 23:09:45
ACC_1002145,C_101435,BUSINESS,103101.21,ACTIVE,2019-10-16 09:11:10
ACC_1002146,C_101435,CURRENT,1364.37,ACTIVE,2019-10-03 01:34:10
ACC_1002147,C_101436,SAVINGS,40327.05,ACTIVE,2024-07-24 10:28:43
ACC_1002148,C_101436,CURRENT,380.81,ACTIVE,2024-07-22 11:39:43
ACC_1002149,C_101437,BUSINESS,379982.4,ACTIVE,2025-03-17 02:24:44
ACC_1002150,C_101438,SAVINGS,1785.41,ACTIVE,2019-09-02 09:34:07
ACC_1002151,C_101439,CURRENT,343.74,ACTIVE,2016-11-09 14:13:08
ACC_1002152,C_101440,BUSINESS,23642.48,ACTIVE,2023-12-29 16:14:57
ACC_1002153,C_101441,BUSINESS,227169.03,ACTIVE,2021-05-10 21:14:20
ACC_1002154,C_101441,CURRENT,2849.92,DORMANT,2021-05-03 22:29:20
ACC_1002155,C_101442,CURRENT,5149.6,ACTIVE,2017-09-22 00:06:27
ACC_1002156,C_101443,CURRENT,1601.89,ACTIVE,2024-08-10 02:09:32
ACC_1002157,C_101444,SAVINGS,26905.53,ACTIVE,2023-11-19 08:02:51
ACC_1002158,C_101445,SAVINGS,870.53,ACTIVE,2020-02-15 03:37:28
ACC_1002159,C_101445,SAVINGS,8431.13,ACTIVE,2020-02-19 23:31:28
ACC_1002160,C_101446,SAVINGS,1737.35,ACTIVE,2020-07-01 14:48:27
ACC_1002161,C_101446,CURRENT,600.57,ACTIVE,2020-06-29 11:18:27
ACC_1002162,C_101446,SAVINGS,48493.16,DORMANT,2020-06-23 00:17:27
ACC_1002163,C_101447,CURRENT,3159.17,ACTIVE,2019-09-20 01:12:02
ACC_1002164,C_101448,CURRENT,1608.69,ACTIVE,2022-04-27 21:53:23
ACC_1002165,C_101448,BUSINESS,61311.77,ACTIVE,2022-04-15 23:08:23
ACC_1002166,C_101449,BUSINESS,270466.74,ACTIVE,2025-11-21 15:54:29
ACC_1002167,C_101449,SAVINGS,37665.48,ACTIVE,2025-11-19 21:14:29
ACC_1002168,C_101450,SAVINGS,12100.84,ACTIVE,2022-06-30 13:14:50
ACC_1002169,C_101451,CURRENT,3348.88,ACTIVE,2023-08-03 19:06:30
ACC_1002170,C_101452,CURRENT,1829.81,ACTIVE,2025-11-18 23:58:09
ACC_1002171,C_101453,SAVINGS,7568.32,ACTIVE,2022-10-02 22:04:11
ACC_1002172,C_101453,CURRENT,10417.73,ACTIVE,2022-10-18 14:25:11
ACC_1002173,C_101454,SAVINGS,23363.47,ACTIVE,2018-05-22 06:42:37
ACC_1002174,C_101454,CURRENT,19675.19,ACTIVE,2018-06-01 07:23:37
ACC_1002175,C_101455,SAVINGS,7686.11,ACTIVE,2017-08-01 05:58:24
ACC_1002176,C_101456,BUSINESS,12827.33,ACTIVE,2018-04-05 17:26:12
ACC_1002177,C_101457,BUSINESS,131535.97,ACTIVE,2024-03-08 23:36:18
ACC_1002178,C_101458,SAVINGS,2500.17,ACTIVE,2024-05-29 17:54:14
ACC_1002179,C_101459,CURRENT,2873.44,ACTIVE,2021-09-23 23:26:39
ACC_1002180,C_101459,SAVINGS,5628.18,DORMANT,2021-09-15 17:48:39
ACC_1002181,C_101460,BUSINESS,209638.69,ACTIVE,2025-06-07 00:41:39
ACC_1002182,C_101461,BUSINESS,4969.09,ACTIVE,2019-02-22 22:58:10
ACC_1002183,C_101461,BUSINESS,32731.62,ACTIVE,2019-02-26 06:24:10
ACC_1002184,C_101462,BUSINESS,110165.87,ACTIVE,2017-10-07 23:17:18
ACC_1002185,C_101462,BUSINESS,21835.38,ACTIVE,2017-09-30 19:43:18
ACC_1002186,C_101463,BUSINESS,74387.48,ACTIVE,2019-05-14 21:05:59
ACC_1002187,C_101464,BUSINESS,11905.93,ACTIVE,2017-10-08 18:24:44
ACC_1002188,C_101465,SAVINGS,5125.96,ACTIVE,2023-01-10 17:21:23
ACC_1002189,C_101466,SAVINGS,11863.93,ACTIVE,2016-07-23 15:38:30
ACC_1002190,C_101466,CURRENT,6107.4,ACTIVE,2016-08-04 17:44:30
ACC_1002191,C_101467,SAVINGS,222642.6,ACTIVE,2018-07-14 17:47:14
ACC_1002192,C_101468,BUSINESS,304544.68,ACTIVE,2020-12-10 18:56:36
ACC_1002193,C_101468,CURRENT,2771.98,ACTIVE,2021-01-04 19:40:36
ACC_1002194,C_101469,SAVINGS,8654.04,ACTIVE,2022-02-01 06:47:37
ACC_1002195,C_101469,CURRENT,333.89,ACTIVE,2022-01-22 10:57:37
ACC_1002196,C_101470,BUSINESS,125545.91,ACTIVE,2021-10-23 06:20:34
ACC_1002197,C_101471,SAVINGS,118724.41,ACTIVE,2017-03-26 13:01:39
ACC_1002198,C_101472,CURRENT,1446.16,ACTIVE,2021-11-22 22:06:11
ACC_1002199,C_101473,SAVINGS,4641.11,ACTIVE,2022-07-24 10:13:45
ACC_1002200,C_101473,CURRENT,5250.51,ACTIVE,2022-07-26 12:35:45
ACC_1002201,C_101474,BUSINESS,69195.01,ACTIVE,2016-05-20 22:23:32
ACC_1002202,C_101475,SAVINGS,26498.26,ACTIVE,2023-02-05 05:32:54
ACC_1002203,C_101475,CURRENT,405.11,ACTIVE,2023-01-29 18:06:54
ACC_1002204,C_101476,BUSINESS,61185.17,ACTIVE,2024-05-16 01:03:09
ACC_1002205,C_101476,BUSINESS,69440.4,ACTIVE,2024-05-14 15:51:09
ACC_1002206,C_101477,CURRENT,2604.35,ACTIVE,2025-10-13 15:51:38
ACC_1002207,C_101478,CURRENT,9006.5,ACTIVE,2016-09-26 04:05:16
ACC_1002208,C_101479,CURRENT,3664.61,ACTIVE,2019-05-08 13:41:54
ACC_1002209,C_101479,SAVINGS,7848.13,ACTIVE,2019-05-20 16:04:54
ACC_1002210,C_101480,CURRENT,2374.02,ACTIVE,2018-01-18 12:55:28
ACC_1002211,C_101481,CURRENT,1694.45,ACTIVE,2022-09-30 18:47:32
ACC_1002212,C_101482,CURRENT,915.83,ACTIVE,2022-01-06 12:41:16
ACC_1002213,C_101483,BUSINESS,7918.64,DORMANT,2024-01-17 14:58:09
ACC_1002214,C_101484,CURRENT,1393.24,ACTIVE,2021-11-10 19:52:15
ACC_1002215,C_101485,SAVINGS,20032.92,ACTIVE,2024-01-07 07:12:04
ACC_1002216,C_101486,CURRENT,1728.58,ACTIVE,2021-06-22 16:03:04
ACC_1002217,C_101487,SAVINGS,5519.18,ACTIVE,2018-11-02 13:27:28
ACC_1002218,C_101488,SAVINGS,92570.96,ACTIVE,2022-08-10 00:31:42
ACC_1002219,C_101488,CURRENT,425.28,ACTIVE,2022-08-21 20:53:42
ACC_1002220,C_101489,CURRENT,3587.6,ACTIVE,2021-11-08 21:31:44
ACC_1002221,C_101490,BUSINESS,12169.09,ACTIVE,2025-04-08 20:01:46
ACC_1002222,C_101490,BUSINESS,23484.13,ACTIVE,2025-04-18 14:25:46
ACC_1002223,C_101491,CURRENT,356.11,ACTIVE,2016-07-02 08:50:24
ACC_1002224,C_101492,BUSINESS,25197.97,ACTIVE,2025-09-27 20:08:31
ACC_1002225,C_101492,SAVINGS,9983.34,ACTIVE,2025-09-23 17:50:31
ACC_1002226,C_101493,CURRENT,1071.16,ACTIVE,2023-06-20 16:15:19
ACC_1002227,C_101494,SAVINGS,97911.23,ACTIVE,2019-02-13 15:01:46
ACC_1002228,C_101494,SAVINGS,897.97,ACTIVE,2019-02-11 15:11:46
ACC_1002229,C_101495,BUSINESS,19468.58,ACTIVE,2017-02-28 18:32:41
ACC_1002230,C_101496,BUSINESS,838270.31,ACTIVE,2025-04-29 05:18:45
ACC_1002231,C_101497,CURRENT,13376.26,ACTIVE,2020-05-11 10:29:58
ACC_1002232,C_101498,SAVINGS,95157.26,ACTIVE,2024-08-17 03:18:15
ACC_1002233,C_101499,CURRENT,806.57,ACTIVE,2021-01-03 07:10:30
ACC_1002234,C_101499,CURRENT,5125.8,ACTIVE,2020-12-25 00:15:30
ACC_1002235,C_101500,CURRENT,1250.57,ACTIVE,2018-06-12 06:42:28
ACC_1002236,C_101501,SAVINGS,105705.54,ACTIVE,2016-05-11 02:02:30
ACC_1002237,C_101501,BUSINESS,31027.53,ACTIVE,2016-05-21 11:09:30
ACC_1002238,C_101502,CURRENT,1329.7,ACTIVE,2016-07-25 18:47:54
ACC_1002239,C_101503,SAVINGS,26947.83,ACTIVE,2023-05-05 03:51:09
ACC_1002240,C_101504,BUSINESS,12183.76,ACTIVE,2020-01-07 22:02:33
ACC_1002241,C_101504,BUSINESS,21842.57,ACTIVE,2019-12-28 21:02:33
ACC_1002242,C_101505,BUSINESS,33096.35,ACTIVE,2023-01-06 06:49:08
ACC_1002243,C_101506,SAVINGS,37597.98,ACTIVE,2020-12-18 11:54:37
ACC_1002244,C_101507,BUSINESS,17806.99,ACTIVE,2021-09-17 20:26:08
ACC_1002245,C_101507,BUSINESS,295001.22,ACTIVE,2021-10-03 05:33:08
ACC_1002246,C_101508,SAVINGS,37222.76,ACTIVE,2018-03-26 18:47:57
ACC_1002247,C_101509,SAVINGS,6926.02,ACTIVE,2017-07-22 10:41:34
ACC_1002248,C_101509,BUSINESS,56239.07,ACTIVE,2017-06-30 01:59:34
ACC_1002249,C_101510,CURRENT,1216.52,ACTIVE,2023-06-28 11:36:05
ACC_1002250,C_101511,CURRENT,7407.22,ACTIVE,2025-02-21 13:50:47
ACC_1002251,C_101511,SAVINGS,53908.07,ACTIVE,2025-02-25 21:12:47
ACC_1002252,C_101511,CURRENT,544.35,ACTIVE,2025-02-12 05:24:47
ACC_1002253,C_101512,SAVINGS,2528.97,DORMANT,2022-06-07 06:06:57
ACC_1002254,C_101513,CURRENT,17159.73,ACTIVE,2020-05-09 00:05:14
ACC_1002255,C_101514,BUSINESS,17108.92,ACTIVE,2018-08-31 14:05:23
ACC_1002256,C_101514,BUSINESS,21800.09,ACTIVE,2018-08-20 00:39:23
ACC_1002257,C_101515,BUSINESS,28359.78,ACTIVE,2024-10-22 21:58:32
ACC_1002258,C_101516,SAVINGS,172014.45,ACTIVE,2023-11-24 03:22:56
ACC_1002259,C_101517,CURRENT,597.03,ACTIVE,2021-08-29 00:43:11
ACC_1002260,C_101518,CURRENT,1864.45,ACTIVE,2025-10-02 01:28:02
ACC_1002261,C_101518,BUSINESS,170626.51,ACTIVE,2025-10-14 11:07:02
ACC_1002262,C_101519,CURRENT,5442.28,ACTIVE,2024-08-15 01:35:19
ACC_1002263,C_101520,BUSINESS,178605.84,ACTIVE,2024-12-28 13:26:38
ACC_1002264,C_101520,CURRENT,1954.28,ACTIVE,2025-01-07 07:04:38
ACC_1002265,C_101521,CURRENT,619.62,DORMANT,2022-08-17 17:38:27
ACC_1002266,C_101521,SAVINGS,5899.33,ACTIVE,2022-08-10 16:47:27
ACC_1002267,C_101522,CURRENT,3371.57,ACTIVE,2022-10-16 04:23:46
ACC_1002268,C_101523,BUSINESS,916913.48,ACTIVE,2020-07-27 15:20:55
ACC_1002269,C_101524,CURRENT,2694.96,ACTIVE,2018-02-12 09:12:24
ACC_1002270,C_101525,SAVINGS,3304.81,ACTIVE,2018-12-23 08:34:55
ACC_1002271,C_101526,BUSINESS,45060.44,ACTIVE,2017-01-23 07:46:24
ACC_1002272,C_101527,SAVINGS,10986.28,ACTIVE,2022-01-01 14:05:28
ACC_1002273,C_101528,SAVINGS,12568.48,ACTIVE,2016-10-24 20:14:35
ACC_1002274,C_101529,SAVINGS,13500.09,ACTIVE,2017-10-16 00:39:06
ACC_1002275,C_101529,BUSINESS,34979.9,ACTIVE,2017-10-01 06:53:06
ACC_1002276,C_101529,CURRENT,8728.63,ACTIVE,2017-09-29 07:03:06
ACC_1002277,C_101530,CURRENT,2354.56,ACTIVE,2025-04-01 12:00:20
ACC_1002278,C_101531,BUSINESS,260499.85,ACTIVE,2017-04-16 12:38:31
ACC_1002279,C_101531,BUSINESS,94017.06,ACTIVE,2017-04-13 14:29:31
ACC_1002280,C_101532,SAVINGS,14178.52,ACTIVE,2017-09-30 09:48:32
ACC_1002281,C_101532,SAVINGS,34542.59,ACTIVE,2017-10-01 00:42:32
ACC_1002282,C_101533,CURRENT,1666.04,ACTIVE,2017-05-19 04:58:14
ACC_1002283,C_101534,BUSINESS,12663.34,ACTIVE,2016-07-11 10:36:45
ACC_1002284,C_101535,CURRENT,4023.35,DORMANT,2019-08-12 16:45:59
ACC_1002285,C_101536,BUSINESS,12070.54,ACTIVE,2019-08-14 21:20:57
ACC_1002286,C_101537,BUSINESS,1500000.0,ACTIVE,2021-07-16 03:06:03
ACC_1002287,C_101537,BUSINESS,56272.87,ACTIVE,2021-07-03 13:01:03
ACC_1002288,C_101538,CURRENT,2210.27,ACTIVE,2024-11-10 00:15:23
ACC_1002289,C_101539,BUSINESS,20805.92,ACTIVE,2024-06-13 18:09:58
ACC_1002290,C_101540,SAVINGS,22399.02,DORMANT,2019-06-17 04:17:49
ACC_1002291,C_101541,SAVINGS,2176.99,ACTIVE,2023-11-11 00:43:41
ACC_1002292,C_101542,BUSINESS,26608.36,ACTIVE,2024-01-06 07:09:47
ACC_1002293,C_101542,CURRENT,5689.31,ACTIVE,2024-01-04 16:58:47
ACC_1002294,C_101543,CURRENT,2433.52,ACTIVE,2023-10-19 21:55:07
ACC_1002295,C_101544,CURRENT,3254.39,ACTIVE,2020-03-16 19:11:05
ACC_1002296,C_101544,BUSINESS,76473.24,ACTIVE,2020-03-07 12:55:05
ACC_1002297,C_101544,CURRENT,6540.95,ACTIVE,2020-03-30 00:08:05
ACC_1002298,C_101545,CURRENT,5613.1,ACTIVE,2023-09-06 20:13:21
ACC_1002299,C_101545,SAVINGS,20634.44,ACTIVE,2023-09-08 23:33:21
ACC_1002300,C_101545,SAVINGS,34259.12,ACTIVE,2023-08-31 02:44:21
ACC_1002301,C_101546,SAVINGS,4853.32,DORMANT,2020-04-06 09:22:29
ACC_1002302,C_101547,CURRENT,725.66,ACTIVE,2018-07-08 04:49:03
ACC_1002303,C_101547,CURRENT,3393.85,ACTIVE,2018-08-01 15:52:03
ACC_1002304,C_101548,BUSINESS,24213.16,ACTIVE,2018-12-15 02:38:53
ACC_1002305,C_101549,SAVINGS,9153.21,ACTIVE,2025-12-26 09:27:33
ACC_1002306,C_101550,CURRENT,524.09,ACTIVE,2017-03-29 11:34:22
ACC_1002307,C_101550,BUSINESS,73893.0,ACTIVE,2017-04-11 11:04:22
ACC_1002308,C_101550,BUSINESS,45384.13,ACTIVE,2017-04-01 13:55:22
ACC_1002309,C_101551,SAVINGS,2622.24,ACTIVE,2020-03-19 20:09:03
ACC_1002310,C_101552,SAVINGS,114093.21,ACTIVE,2024-08-30 07:36:41
ACC_1002311,C_101553,CURRENT,1773.02,ACTIVE,2016-08-22 16:57:50
ACC_1002312,C_101553,SAVINGS,5223.9,ACTIVE,2016-09-04 08:59:50
ACC_1002313,C_101554,BUSINESS,183130.19,ACTIVE,2019-11-01 06:09:26
ACC_1002314,C_101554,CURRENT,4119.62,DORMANT,2019-10-15 20:56:26
ACC_1002315,C_101555,SAVINGS,4311.78,ACTIVE,2017-08-16 19:46:12
ACC_1002316,C_101555,SAVINGS,53089.17,ACTIVE,2017-09-01 10:07:12
ACC_1002317,C_101555,CURRENT,1787.84,ACTIVE,2017-08-26 22:48:12
ACC_1002318,C_101556,CURRENT,2100.06,ACTIVE,2020-03-21 20:18:57
ACC_1002319,C_101556,SAVINGS,9522.06,ACTIVE,2020-03-22 04:44:57
ACC_1002320,C_101557,BUSINESS,37153.62,ACTIVE,2022-05-26 20:17:50
ACC_1002321,C_101557,BUSINESS,85012.65,ACTIVE,2022-05-06 14:55:50
ACC_1002322,C_101557,BUSINESS,109723.4,ACTIVE,2022-05-17 04:00:50
ACC_1002323,C_101558,BUSINESS,56252.61,ACTIVE,2020-05-13 00:37:19
ACC_1002324,C_101559,SAVINGS,30395.14,ACTIVE,2017-10-03 09:33:15
ACC_1002325,C_101560,SAVINGS,250000.0,ACTIVE,2025-12-06 17:59:13
ACC_1002326,C_101561,SAVINGS,19059.2,ACTIVE,2025-12-11 14:37:55
ACC_1002327,C_101562,SAVINGS,4060.26,ACTIVE,2021-03-25 18:14:05
ACC_1002328,C_101562,CURRENT,13757.96,ACTIVE,2021-03-28 06:33:05
ACC_1002329,C_101563,SAVINGS,6673.91,ACTIVE,2018-05-10 17:26:24
ACC_1002330,C_101564,CURRENT,290.84,ACTIVE,2024-11-28 18:49:44
ACC_1002331,C_101564,CURRENT,4909.84,ACTIVE,2024-11-19 11:05:44
ACC_1002332,C_101565,BUSINESS,39945.29,ACTIVE,2019-05-20 18:47:15
ACC_1002333,C_101566,BUSINESS,38049.6,ACTIVE,2021-11-10 16:36:14
ACC_1002334,C_101566,SAVINGS,6304.98,ACTIVE,2021-10-31 16:31:14
ACC_1002335,C_101567,CURRENT,3734.76,ACTIVE,2020-07-14 00:25:15
ACC_1002336,C_101567,CURRENT,3744.16,ACTIVE,2020-07-12 22:20:15
ACC_1002337,C_101568,CURRENT,185.61,ACTIVE,2019-08-19 11:25:20
ACC_1002338,C_101569,SAVINGS,3834.48,ACTIVE,2016-10-17 16:13:19
ACC_1002339,C_101569,CURRENT,1052.18,ACTIVE,2016-09-29 21:18:19
ACC_1002340,C_101569,SAVINGS,111897.4,ACTIVE,2016-10-02 20:57:19
ACC_1002341,C_101570,BUSINESS,471721.49,ACTIVE,2018-06-21 14:23:52
ACC_1002342,C_101571,BUSINESS,111087.92,ACTIVE,2017-12-20 16:30:56
ACC_1002343,C_101572,SAVINGS,13046.23,ACTIVE,2021-12-24 01:00:40
ACC_1002344,C_101573,SAVINGS,19298.92,ACTIVE,2018-10-24 02:01:38
ACC_1002345,C_101574,CURRENT,1073.81,ACTIVE,2025-03-18 09:04:38
ACC_1002346,C_101575,SAVINGS,42254.35,ACTIVE,2022-05-18 19:55:06
ACC_1002347,C_101576,SAVINGS,9417.39,ACTIVE,2024-12-06 19:49:38
ACC_1002348,C_101577,SAVINGS,21926.58,ACTIVE,2023-01-08 12:11:34
ACC_1002349,C_101577,CURRENT,176.64,ACTIVE,2023-01-20 14:25:34
ACC_1002350,C_101578,SAVINGS,35435.92,ACTIVE,2016-05-02 16:48:34
ACC_1002351,C_101579,SAVINGS,17511.12,ACTIVE,2020-12-02 15:37:19
ACC_1002352,C_101579,BUSINESS,48888.17,ACTIVE,2020-11-25 21:48:19
ACC_1002353,C_101580,CURRENT,805.8,ACTIVE,2017-06-26 06:33:31
ACC_1002354,C_101581,SAVINGS,51707.43,ACTIVE,2023-11-14 14:04:26
ACC_1002355,C_101582,CURRENT,1904.36,ACTIVE,2019-12-02 03:39:26
ACC_1002356,C_101583,CURRENT,3257.82,ACTIVE,2025-01-20 16:09:01
ACC_1002357,C_101584,BUSINESS,159403.33,ACTIVE,2022-06-18 22:56:36
ACC_1002358,C_101585,CURRENT,2218.53,ACTIVE,2024-11-13 10:05:11
ACC_1002359,C_101586,CURRENT,599.66,ACTIVE,2018-05-17 10:01:13
ACC_1002360,C_101586,CURRENT,1222.67,ACTIVE,2018-06-05 21:14:13
ACC_1002361,C_101587,BUSINESS,10203.02,ACTIVE,2024-01-06 04:21:00
ACC_1002362,C_101588,BUSINESS,33538.41,ACTIVE,2020-12-30 16:23:58
ACC_1002363,C_101589,CURRENT,1652.89,DORMANT,2018-02-27 13:58:36
ACC_1002364,C_101589,CURRENT,5923.43,ACTIVE,2018-02-13 01:40:36
ACC_1002365,C_101590,CURRENT,2302.33,ACTIVE,2019-03-31 20:03:47
ACC_1002366,C_101591,CURRENT,1664.66,ACTIVE,2018-11-03 06:58:50
ACC_1002367,C_101592,SAVINGS,18442.49,ACTIVE,2024-02-06 10:42:09
ACC_1002368,C_101593,CURRENT,5438.42,DORMANT,2023-08-10 06:11:54
ACC_1002369,C_101594,BUSINESS,81454.04,ACTIVE,2020-03-12 23:06:36
ACC_1002370,C_101594,BUSINESS,170504.19,ACTIVE,2020-02-29 01:42:36
ACC_1002371,C_101594,SAVINGS,8911.99,ACTIVE,2020-03-04 04:15:36
ACC_1002372,C_101595,BUSINESS,40302.7,ACTIVE,2021-04-18 15:53:28
ACC_1002373,C_101595,BUSINESS,102090.88,ACTIVE,2021-04-05 04:16:28
ACC_1002374,C_101595,BUSINESS,316840.51,ACTIVE,2021-04-16 06:36:28
ACC_1002375,C_101596,CURRENT,1248.94,ACTIVE,2024-06-18 23:54:16
ACC_1002376,C_101596,CURRENT,633.75,ACTIVE,2024-06-10 07:02:16
ACC_1002377,C_101597,CURRENT,1364.5,ACTIVE,2025-03-27 00:45:26
ACC_1002378,C_101597,CURRENT,2208.05,ACTIVE,2025-03-09 18:59:26
ACC_1002379,C_101598,CURRENT,64.38,ACTIVE,2019-02-10 07:21:52
ACC_1002380,C_101599,BUSINESS,33051.61,ACTIVE,2021-07-11 12:07:37
ACC_1002381,C_101600,SAVINGS,21695.8,ACTIVE,2017-03-10 21:43:09
ACC_1002382,C_101601,BUSINESS,150555.16,ACTIVE,2020-09-28 04:03:31
ACC_1002383,C_101602,CURRENT,1300.85,ACTIVE,2022-12-04 14:11:10
ACC_1002384,C_101603,BUSINESS,305079.56,ACTIVE,2017-06-12 08:55:19
ACC_1002385,C_101604,CURRENT,859.59,ACTIVE,2019-09-28 15:08:57
ACC_1002386,C_101605,SAVINGS,20912.35,ACTIVE,2018-03-20 19:38:43
ACC_1002387,C_101606,BUSINESS,30877.09,ACTIVE,2026-01-01 17:11:22
ACC_1002388,C_101606,CURRENT,2705.26,ACTIVE,2026-01-13 19:18:22
ACC_1002389,C_101607,CURRENT,3532.65,ACTIVE,2021-12-25 05:25:28
ACC_1002390,C_101608,CURRENT,4631.07,ACTIVE,2024-09-11 00:13:23
ACC_1002391,C_101608,BUSINESS,46548.11,ACTIVE,2024-09-13 22:15:23
ACC_1002392,C_101609,CURRENT,473.29,ACTIVE,2016-02-08 16:25:48
ACC_1002393,C_101609,SAVINGS,6903.74,ACTIVE,2016-02-01 23:06:48
ACC_1002394,C_101610,SAVINGS,22355.9,ACTIVE,2019-08-10 00:23:08
ACC_1002395,C_101611,CURRENT,662.46,ACTIVE,2024-04-06 16:58:51
ACC_1002396,C_101611,CURRENT,2151.02,ACTIVE,2024-04-19 21:01:51
ACC_1002397,C_101612,BUSINESS,1011.22,ACTIVE,2018-12-13 20:13:10
ACC_1002398,C_101613,SAVINGS,605.82,ACTIVE,2017-09-10 08:10:47
ACC_1002399,C_101613,BUSINESS,3109.44,ACTIVE,2017-09-18 03:46:47
ACC_1002400,C_101613,SAVINGS,4378.49,ACTIVE,2017-09-11 12:16:47
ACC_1002401,C_101614,BUSINESS,47070.41,ACTIVE,2021-03-03 23:57:49
ACC_1002402,C_101614,BUSINESS,9903.25,ACTIVE,2021-02-11 02:36:49
ACC_1002403,C_101615,SAVINGS,7954.35,ACTIVE,2017-06-05 12:04:31
ACC_1002404,C_101616,BUSINESS,483525.04,ACTIVE,2020-11-26 06:02:55
ACC_1002405,C_101617,CURRENT,3819.53,ACTIVE,2022-05-21 20:47:58
ACC_1002406,C_101617,BUSINESS,352724.02,ACTIVE,2022-05-26 19:20:58
ACC_1002407,C_101618,CURRENT,687.6,ACTIVE,2020-01-22 04:20:43
ACC_1002408,C_101618,BUSINESS,41126.0,ACTIVE,2020-01-18 18:39:43
ACC_1002409,C_101619,CURRENT,4504.95,ACTIVE,2020-09-27 18:43:04
ACC_1002410,C_101619,SAVINGS,59405.15,DORMANT,2020-09-26 11:45:04
ACC_1002411,C_101619,SAVINGS,250000.0,ACTIVE,2020-09-09 07:18:04
ACC_1002412,C_101620,CURRENT,9950.62,ACTIVE,2024-08-19 04:33:37
ACC_1002413,C_101620,BUSINESS,91415.8,ACTIVE,2024-07-22 10:49:37
ACC_1002414,C_101621,SAVINGS,2940.92,ACTIVE,2017-09-19 22:05:45
ACC_1002415,C_101621,SAVINGS,100471.47,ACTIVE,2017-10-07 14:03:45
ACC_1002416,C_101621,SAVINGS,6207.98,ACTIVE,2017-09-22 23:08:45
ACC_1002417,C_101622,BUSINESS,77599.7,ACTIVE,2019-04-08 18:29:17
ACC_1002418,C_101623,SAVINGS,4194.98,DORMANT,2022-08-11 08:48:37
ACC_1002419,C_101624,SAVINGS,6456.99,ACTIVE,2017-11-17 01:45:39
ACC_1002420,C_101625,BUSINESS,176240.88,ACTIVE,2021-09-30 22:35:30
ACC_1002421,C_101625,CURRENT,16672.46,ACTIVE,2021-10-17 10:59:30
ACC_1002422,C_101626,CURRENT,6112.27,ACTIVE,2020-06-03 04:02:19
ACC_1002423,C_101627,SAVINGS,2312.11,ACTIVE,2018-01-27 06:18:10
ACC_1002424,C_101628,CURRENT,2626.76,ACTIVE,2019-05-24 11:34:14
ACC_1002425,C_101629,CURRENT,3116.97,ACTIVE,2025-06-21 18:45:13
ACC_1002426,C_101629,SAVINGS,26667.26,ACTIVE,2025-07-08 02:35:13
ACC_1002427,C_101630,SAVINGS,12488.21,ACTIVE,2021-07-09 19:35:57
ACC_1002428,C_101630,CURRENT,807.91,ACTIVE,2021-07-29 22:33:57
ACC_1002429,C_101631,CURRENT,739.16,ACTIVE,2016-05-25 06:33:49
ACC_1002430,C_101632,CURRENT,1798.93,DORMANT,2020-03-01 10:37:20
ACC_1002431,C_101632,BUSINESS,96256.52,ACTIVE,2020-03-01 23:02:20
ACC_1002432,C_101633,SAVINGS,4629.99,ACTIVE,2017-05-18 16:16:50
ACC_1002433,C_101634,BUSINESS,1445591.57,ACTIVE,2024-05-25 21:46:20
ACC_1002434,C_101634,CURRENT,1130.94,ACTIVE,2024-05-17 15:10:20
ACC_1002435,C_101635,SAVINGS,5919.75,ACTIVE,2021-06-04 04:26:14
ACC_1002436,C_101635,BUSINESS,494242.46,ACTIVE,2021-05-31 09:13:14
ACC_1002437,C_101636,SAVINGS,4474.58,ACTIVE,2020-11-23 02:21:20
ACC_1002438,C_101636,SAVINGS,12049.42,ACTIVE,2020-11-12 00:01:20
ACC_1002439,C_101637,BUSINESS,19513.56,ACTIVE,2025-01-17 00:19:53
ACC_1002440,C_101638,CURRENT,1335.44,ACTIVE,2022-04-14 23:05:12
ACC_1002441,C_101639,SAVINGS,48479.25,ACTIVE,2022-02-17 06:39:02
ACC_1002442,C_101640,BUSINESS,40470.49,ACTIVE,2020-08-23 23:37:01
ACC_1002443,C_101640,BUSINESS,462575.8,ACTIVE,2020-08-16 18:42:01
ACC_1002444,C_101641,BUSINESS,1610.56,ACTIVE,2020-01-21 14:56:05
ACC_1002445,C_101641,CURRENT,187.29,ACTIVE,2020-01-17 04:55:05
ACC_1002446,C_101641,BUSINESS,463648.09,ACTIVE,2020-01-16 01:06:05
ACC_1002447,C_101642,SAVINGS,22947.01,ACTIVE,2024-07-13 00:43:55
ACC_1002448,C_101643,CURRENT,3620.52,ACTIVE,2023-02-10 06:48:16
ACC_1002449,C_101643,CURRENT,1917.59,ACTIVE,2023-02-11 18:18:16
ACC_1002450,C_101644,BUSINESS,70538.84,ACTIVE,2021-08-21 00:00:22
ACC_1002451,C_101645,CURRENT,19059.32,ACTIVE,2024-04-10 04:07:32
ACC_1002452,C_101645,SAVINGS,9066.4,ACTIVE,2024-03-28 08:28:32
ACC_1002453,C_101646,SAVINGS,7236.57,ACTIVE,2020-08-26 11:34:29
ACC_1002454,C_101647,BUSINESS,1500000.0,ACTIVE,2021-09-11 07:45:29
ACC_1002455,C_101648,SAVINGS,1736.87,ACTIVE,2023-03-10 12:13:59
ACC_1002456,C_101649,CURRENT,1172.78,ACTIVE,2023-08-31 00:39:50
ACC_1002457,C_101649,CURRENT,5668.49,ACTIVE,2023-09-01 15:09:50
ACC_1002458,C_101650,CURRENT,1209.64,ACTIVE,2023-11-10 11:50:23
ACC_1002459,C_101650,CURRENT,1373.32,ACTIVE,2023-11-26 11:00:23
ACC_1002460,C_101651,BUSINESS,224607.34,ACTIVE,2021-05-15 23:15:39
ACC_1002461,C_101651,BUSINESS,4872.49,ACTIVE,2021-05-30 00:48:39
ACC_1002462,C_101652,SAVINGS,72626.52,ACTIVE,2023-11-16 02:37:35
ACC_1002463,C_101653,BUSINESS,44856.41,ACTIVE,2023-09-16 02:58:05
ACC_1002464,C_101654,CURRENT,432.38,ACTIVE,2018-10-11 08:45:05
ACC_1002465,C_101655,BUSINESS,444670.68,ACTIVE,2022-04-06 01:36:39
ACC_1002466,C_101655,BUSINESS,15403.35,ACTIVE,2022-04-13 08:15:39
ACC_1002467,C_101656,CURRENT,3973.24,ACTIVE,2024-11-01 11:04:40
ACC_1002468,C_101656,CURRENT,972.69,ACTIVE,2024-10-20 23:07:40
ACC_1002469,C_101657,BUSINESS,11669.45,ACTIVE,2018-11-12 04:50:23
ACC_1002470,C_101658,SAVINGS,2826.25,ACTIVE,2019-04-22 15:58:10
ACC_1002471,C_101659,CURRENT,5592.93,ACTIVE,2018-10-20 17:09:26
ACC_1002472,C_101659,BUSINESS,10269.65,ACTIVE,2018-11-12 06:22:26
ACC_1002473,C_101660,SAVINGS,4516.22,DORMANT,2024-01-08 16:17:23
ACC_1002474,C_101661,CURRENT,5212.17,DORMANT,2016-04-02 01:07:15
ACC_1002475,C_101661,SAVINGS,1784.88,ACTIVE,2016-04-07 08:40:15
ACC_1002476,C_101662,CURRENT,356.87,ACTIVE,2022-05-02 02:47:25
ACC_1002477,C_101663,BUSINESS,16392.21,ACTIVE,2025-11-21 16:35:25
ACC_1002478,C_101664,SAVINGS,742.23,ACTIVE,2022-02-26 05:04:31
ACC_1002479,C_101665,SAVINGS,16031.17,ACTIVE,2022-05-04 17:09:50
ACC_1002480,C_101666,SAVINGS,7717.57,ACTIVE,2021-10-09 07:55:34
ACC_1002481,C_101667,BUSINESS,50730.41,ACTIVE,2017-08-09 00:56:01
ACC_1002482,C_101668,SAVINGS,6790.08,ACTIVE,2017-02-25 20:18:39
ACC_1002483,C_101669,SAVINGS,2674.96,ACTIVE,2025-09-09 19:56:49
ACC_1002484,C_101669,SAVINGS,9516.08,ACTIVE,2025-08-15 20:02:49
ACC_1002485,C_101669,BUSINESS,36475.8,ACTIVE,2025-08-20 11:16:49
ACC_1002486,C_101670,SAVINGS,26552.58,ACTIVE,2020-09-04 03:39:41
ACC_1002487,C_101670,CURRENT,12551.32,ACTIVE,2020-09-07 13:26:41
ACC_1002488,C_101671,BUSINESS,740931.36,ACTIVE,2024-10-18 23:26:04
ACC_1002489,C_101672,BUSINESS,30689.17,ACTIVE,2021-05-31 06:52:15
ACC_1002490,C_101673,BUSINESS,37189.13,ACTIVE,2019-04-02 20:35:00
ACC_1002491,C_101674,BUSINESS,37718.49,ACTIVE,2024-09-25 18:11:59
ACC_1002492,C_101675,CURRENT,16617.97,ACTIVE,2019-11-02 18:54:59
ACC_1002493,C_101675,BUSINESS,16240.83,ACTIVE,2019-11-29 04:12:59
ACC_1002494,C_101676,SAVINGS,13706.39,ACTIVE,2024-07-04 18:37:54
ACC_1002495,C_101676,BUSINESS,8704.23,ACTIVE,2024-07-15 23:39:54
ACC_1002496,C_101676,SAVINGS,60248.58,ACTIVE,2024-07-21 04:41:54
ACC_1002497,C_101677,CURRENT,2544.62,ACTIVE,2021-07-07 01:37:00
ACC_1002498,C_101678,BUSINESS,92920.03,ACTIVE,2019-04-26 01:14:33
ACC_1002499,C_101678,SAVINGS,67737.96,ACTIVE,2019-04-29 06:53:33
ACC_1002500,C_101679,BUSINESS,63527.14,ACTIVE,2019-10-09 23:30:52
ACC_1002501,C_101680,BUSINESS,358830.09,DORMANT,2024-11-18 09:31:15
ACC_1002502,C_101680,BUSINESS,22200.67,ACTIVE,2024-11-25 21:27:15
ACC_1002503,C_101681,CURRENT,2424.69,ACTIVE,2022-08-06 20:49:12
ACC_1002504,C_101682,SAVINGS,5150.55,ACTIVE,2025-02-27 04:07:36
ACC_1002505,C_101682,CURRENT,6249.27,ACTIVE,2025-02-13 02:43:36
ACC_1002506,C_101683,SAVINGS,45511.66,ACTIVE,2017-08-31 10:46:27
ACC_1002507,C_101684,SAVINGS,20553.82,ACTIVE,2016-08-08 18:03:20
ACC_1002508,C_101684,SAVINGS,6877.51,ACTIVE,2016-08-01 06:50:20
ACC_1002509,C_101685,CURRENT,1733.63,ACTIVE,2018-01-16 14:07:30
ACC_1002510,C_101686,CURRENT,1575.81,ACTIVE,2020-10-15 15:37:35
ACC_1002511,C_101687,SAVINGS,6538.45,ACTIVE,2024-07-05 14:45:41
ACC_1002512,C_101688,SAVINGS,15359.27,ACTIVE,2018-07-01 07:06:23
ACC_1002513,C_101688,SAVINGS,15886.35,ACTIVE,2018-06-21 00:50:23
ACC_1002514,C_101689,BUSINESS,145562.32,ACTIVE,2022-11-22 07:11:13
ACC_1002515,C_101689,BUSINESS,157092.12,ACTIVE,2022-12-13 13:45:13
ACC_1002516,C_101689,BUSINESS,386074.62,ACTIVE,2022-12-10 11:22:13
ACC_1002517,C_101690,CURRENT,11301.81,ACTIVE,2018-06-23 12:12:30
ACC_1002518,C_101690,BUSINESS,4018.95,ACTIVE,2018-07-05 23:45:30
ACC_1002519,C_101690,CURRENT,2057.96,ACTIVE,2018-06-22 09:53:30
ACC_1002520,C_101691,BUSINESS,3285.81,ACTIVE,2020-05-04 16:42:39
ACC_1002521,C_101692,CURRENT,997.88,ACTIVE,2020-04-12 02:58:18
ACC_1002522,C_101692,SAVINGS,13275.28,ACTIVE,2020-05-05 00:56:18
ACC_1002523,C_101693,BUSINESS,118205.81,ACTIVE,2016-04-14 22:54:09
ACC_1002524,C_101694,CURRENT,1063.97,ACTIVE,2016-11-13 19:26:48
ACC_1002525,C_101694,BUSINESS,91865.7,ACTIVE,2016-11-18 23:15:48
ACC_1002526,C_101695,BUSINESS,214472.38,ACTIVE,2019-02-06 07:43:26
ACC_1002527,C_101695,SAVINGS,22533.82,ACTIVE,2019-02-14 15:40:26
ACC_1002528,C_101696,CURRENT,1439.78,ACTIVE,2022-05-17 12:34:11
ACC_1002529,C_101697,BUSINESS,211018.21,DORMANT,2020-04-13 20:42:46
ACC_1002530,C_101697,CURRENT,1858.78,ACTIVE,2020-04-15 12:18:46
ACC_1002531,C_101698,BUSINESS,12456.17,ACTIVE,2018-12-12 18:41:21
ACC_1002532,C_101699,CURRENT,7714.95,ACTIVE,2018-04-02 01:48:17
ACC_1002533,C_101700,SAVINGS,27215.28,ACTIVE,2022-04-12 13:21:22
ACC_1002534,C_101700,SAVINGS,121271.44,ACTIVE,2022-03-17 06:30:22
ACC_1002535,C_101701,CURRENT,1038.31,ACTIVE,2020-12-13 10:21:25
ACC_1002536,C_101702,SAVINGS,43516.03,ACTIVE,2022-12-26 06:05:54
ACC_1002537,C_101702,SAVINGS,20566.4,ACTIVE,2023-01-13 17:14:54
ACC_1002538,C_101703,BUSINESS,15459.8,ACTIVE,2016-03-25 19:25:49
ACC_1002539,C_101703,BUSINESS,1455110.83,ACTIVE,2016-04-06 16:24:49
ACC_1002540,C_101704,BUSINESS,59488.58,ACTIVE,2024-08-13 05:55:56
ACC_1002541,C_101704,CURRENT,7941.17,ACTIVE,2024-08-02 16:33:56
ACC_1002542,C_101705,SAVINGS,9977.53,ACTIVE,2017-07-16 12:52:49
ACC_1002543,C_101705,SAVINGS,11217.41,ACTIVE,2017-07-29 01:05:49
ACC_1002544,C_101705,CURRENT,5379.0,ACTIVE,2017-07-31 10:25:49
ACC_1002545,C_101706,BUSINESS,7452.69,ACTIVE,2021-03-31 01:23:56
ACC_1002546,C_101706,CURRENT,1419.65,ACTIVE,2021-03-27 13:01:56
ACC_1002547,C_101706,CURRENT,1224.33,ACTIVE,2021-03-28 15:12:56
ACC_1002548,C_101707,SAVINGS,12329.71,DORMANT,2016-06-28 09:15:31
ACC_1002549,C_101708,SAVINGS,106674.06,DORMANT,2020-07-30 13:45:59
ACC_1002550,C_101709,SAVINGS,39405.72,ACTIVE,2020-08-21 20:20:35
ACC_1002551,C_101709,CURRENT,1890.21,ACTIVE,2020-08-02 22:22:35
ACC_1002552,C_101709,BUSINESS,462998.18,ACTIVE,2020-08-05 03:01:35
ACC_1002553,C_101710,BUSINESS,458336.94,ACTIVE,2020-03-18 13:27:09
ACC_1002554,C_101711,CURRENT,1298.73,ACTIVE,2024-11-23 18:17:29
ACC_1002555,C_101711,CURRENT,1816.04,ACTIVE,2024-11-22 08:00:29
ACC_1002556,C_101712,SAVINGS,8948.65,ACTIVE,2021-07-02 17:10:09
ACC_1002557,C_101713,CURRENT,3055.68,ACTIVE,2018-10-08 12:25:55
ACC_1002558,C_101714,CURRENT,1522.74,ACTIVE,2023-05-28 13:37:44
ACC_1002559,C_101715,CURRENT,1402.9,ACTIVE,2025-07-30 22:52:23
ACC_1002560,C_101716,BUSINESS,53236.88,ACTIVE,2017-02-24 11:13:48
ACC_1002561,C_101717,CURRENT,935.34,ACTIVE,2025-01-08 11:25:57
ACC_1002562,C_101718,CURRENT,2570.85,DORMANT,2017-06-19 19:56:41
ACC_1002563,C_101719,CURRENT,1934.56,ACTIVE,2021-09-06 05:00:59
ACC_1002564,C_101719,BUSINESS,11748.52,ACTIVE,2021-09-16 01:22:59
ACC_1002565,C_101720,CURRENT,373.08,ACTIVE,2018-03-30 19:18:34
ACC_1002566,C_101721,BUSINESS,48406.82,ACTIVE,2017-07-12 01:22:52
ACC_1002567,C_101721,SAVINGS,7356.07,ACTIVE,2017-07-17 07:32:52
ACC_1002568,C_101722,CURRENT,859.55,ACTIVE,2018-05-19 05:58:14
ACC_1002569,C_101722,CURRENT,1545.87,DORMANT,2018-06-11 14:14:14
ACC_1002570,C_101723,CURRENT,821.62,ACTIVE,2021-04-04 12:47:46
ACC_1002571,C_101723,SAVINGS,17242.73,ACTIVE,2021-04-07 00:06:46
ACC_1002572,C_101724,SAVINGS,9187.18,ACTIVE,2018-12-11 22:31:34
ACC_1002573,C_101724,CURRENT,3325.16,ACTIVE,2018-12-18 05:07:34
ACC_1002574,C_101724,CURRENT,12061.36,ACTIVE,2018-11-27 03:34:34
ACC_1002575,C_101725,SAVINGS,53017.52,ACTIVE,2025-05-30 19:18:23
ACC_1002576,C_101726,CURRENT,991.0,ACTIVE,2019-02-05 20:55:51
ACC_1002577,C_101727,CURRENT,490.92,ACTIVE,2019-05-15 09:41:49
ACC_1002578,C_101727,BUSINESS,41177.58,ACTIVE,2019-06-03 06:58:49
ACC_1002579,C_101728,BUSINESS,236661.8,ACTIVE,2021-03-21 03:35:47
ACC_1002580,C_101728,BUSINESS,282533.67,ACTIVE,2021-04-01 18:13:47
ACC_1002581,C_101728,BUSINESS,44422.76,DORMANT,2021-03-20 04:51:47
ACC_1002582,C_101729,BUSINESS,28889.49,ACTIVE,2019-05-15 00:42:13
ACC_1002583,C_101730,SAVINGS,6652.27,ACTIVE,2020-11-05 18:17:31
ACC_1002584,C_101730,BUSINESS,22102.74,ACTIVE,2020-11-27 21:14:31
ACC_1002585,C_101731,SAVINGS,31117.32,ACTIVE,2021-06-24 02:40:29
ACC_1002586,C_101732,CURRENT,4403.23,ACTIVE,2025-01-16 23:29:13
ACC_1002587,C_101733,BUSINESS,15275.04,ACTIVE,2024-12-21 01:44:32
ACC_1002588,C_101733,CURRENT,4916.73,DORMANT,2025-01-04 03:54:32
ACC_1002589,C_101734,SAVINGS,47333.31,ACTIVE,2018-01-07 08:39:24
ACC_1002590,C_101734,CURRENT,3114.82,ACTIVE,2018-01-24 14:44:24
ACC_1002591,C_101734,CURRENT,718.19,ACTIVE,2018-01-26 00:40:24
ACC_1002592,C_101735,CURRENT,497.83,ACTIVE,2016-06-24 12:42:55
ACC_1002593,C_101736,SAVINGS,108577.16,ACTIVE,2025-06-14 15:59:15
ACC_1002594,C_101737,CURRENT,3816.31,ACTIVE,2023-11-17 05:11:47
ACC_1002595,C_101737,SAVINGS,17042.66,ACTIVE,2023-11-08 20:14:47
ACC_1002596,C_101738,SAVINGS,33069.46,ACTIVE,2023-07-06 21:48:39
ACC_1002597,C_101738,BUSINESS,60850.29,ACTIVE,2023-06-22 11:13:39
ACC_1002598,C_101739,BUSINESS,24154.29,ACTIVE,2023-12-28 12:05:12
ACC_1002599,C_101740,CURRENT,670.81,ACTIVE,2016-06-02 09:41:34
ACC_1002600,C_101740,CURRENT,1771.26,ACTIVE,2016-06-20 10:47:34
ACC_1002601,C_101741,CURRENT,26641.59,ACTIVE,2016-11-26 12:38:04
ACC_1002602,C_101742,BUSINESS,1560.8,ACTIVE,2023-04-23 19:35:07
ACC_1002603,C_101743,CURRENT,2996.48,ACTIVE,2017-10-29 14:53:42
ACC_1002604,C_101744,BUSINESS,54838.87,ACTIVE,2023-05-25 17:03:19
ACC_1002605,C_101745,CURRENT,614.65,ACTIVE,2024-07-01 17:58:41
ACC_1002606,C_101746,BUSINESS,18388.49,ACTIVE,2017-09-25 23:35:48
ACC_1002607,C_101747,BUSINESS,37160.45,ACTIVE,2018-01-24 04:45:51
ACC_1002608,C_101747,SAVINGS,29704.96,ACTIVE,2018-01-30 05:08:51
ACC_1002609,C_101748,BUSINESS,12278.88,ACTIVE,2021-06-26 12:03:37
ACC_1002610,C_101749,SAVINGS,10008.39,ACTIVE,2022-08-27 01:01:56
ACC_1002611,C_101749,CURRENT,1860.88,ACTIVE,2022-09-07 00:28:56
ACC_1002612,C_101750,CURRENT,3130.8,ACTIVE,2019-04-27 16:59:00
ACC_1002613,C_101751,SAVINGS,2686.73,ACTIVE,2024-11-27 13:56:11
ACC_1002614,C_101752,SAVINGS,4050.15,ACTIVE,2021-01-23 00:09:14
ACC_1002615,C_101752,SAVINGS,1178.82,ACTIVE,2021-02-07 19:56:14
ACC_1002616,C_101753,SAVINGS,526.19,ACTIVE,2016-01-22 23:42:25
ACC_1002617,C_101754,BUSINESS,341703.68,ACTIVE,2025-10-06 06:03:08
ACC_1002618,C_101754,CURRENT,321.23,ACTIVE,2025-10-22 04:37:08
ACC_1002619,C_101755,CURRENT,7374.09,ACTIVE,2022-04-07 02:14:10
ACC_1002620,C_101756,SAVINGS,4738.96,DORMANT,2018-04-23 11:03:02
ACC_1002621,C_101757,SAVINGS,29636.11,ACTIVE,2020-10-18 20:10:50
ACC_1002622,C_101758,SAVINGS,6918.89,ACTIVE,2023-10-18 07:03:36
ACC_1002623,C_101758,BUSINESS,53818.16,ACTIVE,2023-10-28 23:48:36
ACC_1002624,C_101759,SAVINGS,4241.75,ACTIVE,2019-11-03 18:56:17
ACC_1002625,C_101760,CURRENT,762.49,ACTIVE,2024-11-28 08:43:02
ACC_1002626,C_101761,CURRENT,1055.21,ACTIVE,2022-12-28 21:18:47
ACC_1002627,C_101762,SAVINGS,169235.14,ACTIVE,2024-07-24 21:24:41
ACC_1002628,C_101763,SAVINGS,4848.68,ACTIVE,2024-09-25 17:44:11
ACC_1002629,C_101763,CURRENT,4668.13,ACTIVE,2024-09-30 14:11:11
ACC_1002630,C_101764,SAVINGS,56920.4,ACTIVE,2024-06-07 22:22:20
ACC_1002631,C_101764,CURRENT,2774.9,ACTIVE,2024-06-07 14:32:20
ACC_1002632,C_101765,SAVINGS,10211.78,ACTIVE,2016-06-21 03:39:28
ACC_1002633,C_101766,SAVINGS,20888.28,ACTIVE,2024-06-22 17:24:14
ACC_1002634,C_101766,BUSINESS,6062.31,ACTIVE,2024-06-11 07:02:14
ACC_1002635,C_101767,BUSINESS,635688.32,ACTIVE,2021-07-21 10:13:19
ACC_1002636,C_101768,SAVINGS,69627.49,ACTIVE,2020-10-16 08:16:03
ACC_1002637,C_101769,CURRENT,7089.46,ACTIVE,2020-04-27 14:06:18
ACC_1002638,C_101770,BUSINESS,7700.9,ACTIVE,2020-08-21 21:40:39
ACC_1002639,C_101771,CURRENT,1145.01,ACTIVE,2022-10-18 22:32:43
ACC_1002640,C_101771,CURRENT,838.06,ACTIVE,2022-10-19 03:48:43
ACC_1002641,C_101771,CURRENT,416.73,ACTIVE,2022-10-14 03:18:43
ACC_1002642,C_101772,SAVINGS,3190.45,ACTIVE,2018-02-18 09:41:11
ACC_1002643,C_101773,SAVINGS,30287.42,ACTIVE,2022-03-08 08:00:30
ACC_1002644,C_101774,CURRENT,6253.7,ACTIVE,2024-07-02 01:41:59
ACC_1002645,C_101775,SAVINGS,3310.64,ACTIVE,2022-08-06 02:54:45
ACC_1002646,C_101775,SAVINGS,36914.86,ACTIVE,2022-08-15 21:53:45
ACC_1002647,C_101776,CURRENT,2511.29,ACTIVE,2024-12-03 11:18:50
ACC_1002648,C_101776,BUSINESS,541574.29,ACTIVE,2024-12-13 09:48:50
ACC_1002649,C_101777,CURRENT,1875.95,ACTIVE,2016-03-15 00:51:25
ACC_1002650,C_101778,CURRENT,459.64,ACTIVE,2025-10-26 10:13:03
ACC_1002651,C_101778,CURRENT,1253.6,ACTIVE,2025-10-28 12:11:03
ACC_1002652,C_101779,SAVINGS,10521.53,ACTIVE,2020-05-25 12:03:27
ACC_1002653,C_101780,SAVINGS,25569.36,ACTIVE,2019-04-05 19:32:25
ACC_1002654,C_101780,CURRENT,345.77,ACTIVE,2019-04-20 06:38:25
ACC_1002655,C_101781,SAVINGS,2943.35,ACTIVE,2021-08-24 08:32:10
ACC_1002656,C_101782,CURRENT,5320.07,DORMANT,2023-03-15 23:26:28
ACC_1002657,C_101782,CURRENT,836.36,ACTIVE,2023-04-01 18:27:28
ACC_1002658,C_101782,CURRENT,12476.7,ACTIVE,2023-04-04 11:16:28
ACC_1002659,C_101783,CURRENT,937.73,ACTIVE,2017-04-07 00:57:10
ACC_1002660,C_101784,CURRENT,841.16,ACTIVE,2017-09-04 21:36:05
ACC_1002661,C_101784,SAVINGS,1355.76,ACTIVE,2017-09-02 12:07:05
ACC_1002662,C_101785,BUSINESS,6778.28,ACTIVE,2023-09-11 09:03:53
ACC_1002663,C_101786,SAVINGS,4210.59,DORMANT,2023-07-13 16:40:20
ACC_1002664,C_101786,SAVINGS,12105.93,ACTIVE,2023-06-21 21:36:20
ACC_1002665,C_101786,CURRENT,1971.25,ACTIVE,2023-06-21 21:46:20
ACC_1002666,C_101787,SAVINGS,6899.02,ACTIVE,2017-11-01 21:08:08
ACC_1002667,C_101788,BUSINESS,817071.32,ACTIVE,2019-03-12 08:03:12
ACC_1002668,C_101789,CURRENT,1550.44,ACTIVE,2019-12-22 08:46:20
ACC_1002669,C_101789,BUSINESS,20227.05,ACTIVE,2019-12-12 01:51:20
ACC_1002670,C_101790,CURRENT,19093.24,ACTIVE,2020-05-30 05:14:02
ACC_1002671,C_101791,CURRENT,5015.55,ACTIVE,2017-09-05 16:26:54
ACC_1002672,C_101791,SAVINGS,3345.06,ACTIVE,2017-08-20 13:35:54
ACC_1002673,C_101791,CURRENT,1808.79,ACTIVE,2017-08-28 18:49:54
ACC_1002674,C_101792,CURRENT,5974.04,ACTIVE,2025-01-16 19:36:40
ACC_1002675,C_101793,CURRENT,1895.14,DORMANT,2024-07-24 14:10:30
ACC_1002676,C_101794,CURRENT,1605.24,ACTIVE,2021-12-21 09:53:21
ACC_1002677,C_101795,BUSINESS,1456232.25,DORMANT,2016-01-31 17:29:48
ACC_1002678,C_101795,CURRENT,1499.26,DORMANT,2016-02-04 19:33:48
ACC_1002679,C_101796,BUSINESS,136689.68,ACTIVE,2019-02-07 22:38:33
ACC_1002680,C_101797,BUSINESS,1613.69,ACTIVE,2025-12-31 08:16:57
ACC_1002681,C_101798,BUSINESS,25221.11,ACTIVE,2018-07-24 11:20:08
ACC_1002682,C_101798,CURRENT,8422.26,ACTIVE,2018-08-01 22:03:08
ACC_1002683,C_101799,SAVINGS,21914.47,DORMANT,2016-07-15 01:53:44
ACC_1002684,C_101799,SAVINGS,94070.22,ACTIVE,2016-07-25 19:00:44
ACC_1002685,C_101800,BUSINESS,541403.79,ACTIVE,2022-02-28 19:13:59
ACC_1002686,C_101800,SAVINGS,39768.55,ACTIVE,2022-03-16 17:16:59
ACC_1002687,C_101800,BUSINESS,19566.71,ACTIVE,2022-02-26 21:53:59
ACC_1002688,C_101801,BUSINESS,1118079.74,ACTIVE,2016-03-13 05:12:24
ACC_1002689,C_101801,CURRENT,5472.85,ACTIVE,2016-03-02 12:17:24
ACC_1002690,C_101802,BUSINESS,14777.76,DORMANT,2024-06-07 01:55:18
ACC_1002691,C_101802,BUSINESS,20354.2,ACTIVE,2024-05-20 21:15:18
ACC_1002692,C_101803,BUSINESS,391674.01,ACTIVE,2025-03-08 10:43:38
ACC_1002693,C_101804,BUSINESS,103250.6,ACTIVE,2016-01-28 08:34:01
ACC_1002694,C_101805,CURRENT,1318.59,ACTIVE,2023-07-15 09:07:18
ACC_1002695,C_101805,CURRENT,848.65,ACTIVE,2023-07-08 08:38:18
ACC_1002696,C_101805,CURRENT,822.98,ACTIVE,2023-07-04 17:01:18
ACC_1002697,C_101806,SAVINGS,2362.18,ACTIVE,2025-05-02 07:18:43
ACC_1002698,C_101806,SAVINGS,5021.17,DORMANT,2025-04-30 08:19:43
ACC_1002699,C_101806,BUSINESS,33758.38,ACTIVE,2025-05-04 09:32:43
ACC_1002700,C_101807,BUSINESS,33530.53,ACTIVE,2016-05-15 23:02:30
ACC_1002701,C_101807,BUSINESS,134285.53,ACTIVE,2016-05-21 22:30:30
ACC_1002702,C_101808,SAVINGS,31895.83,ACTIVE,2017-10-03 03:34:12
ACC_1002703,C_101808,BUSINESS,185079.93,ACTIVE,2017-10-06 20:47:12
ACC_1002704,C_101809,BUSINESS,39174.36,ACTIVE,2025-07-09 22:15:16
ACC_1002705,C_101809,BUSINESS,38578.86,ACTIVE,2025-07-11 02:58:16
ACC_1002706,C_101809,BUSINESS,312539.99,ACTIVE,2025-07-09 14:24:16
ACC_1002707,C_101810,CURRENT,3219.7,ACTIVE,2018-08-04 20:10:02
ACC_1002708,C_101811,CURRENT,1311.1,ACTIVE,2022-08-08 13:56:00
ACC_1002709,C_101811,CURRENT,1505.37,ACTIVE,2022-08-05 14:58:00
ACC_1002710,C_101812,CURRENT,2197.26,ACTIVE,2020-10-14 14:09:02
ACC_1002711,C_101813,SAVINGS,11620.79,ACTIVE,2024-09-23 08:02:45
ACC_1002712,C_101813,CURRENT,1518.61,ACTIVE,2024-09-01 19:26:45
ACC_1002713,C_101814,BUSINESS,46256.05,ACTIVE,2024-12-24 22:53:57
ACC_1002714,C_101814,CURRENT,2224.76,ACTIVE,2024-12-16 13:31:57
ACC_1002715,C_101815,SAVINGS,51468.85,ACTIVE,2023-04-29 05:20:28
ACC_1002716,C_101816,BUSINESS,36355.03,ACTIVE,2016-12-22 09:32:48
ACC_1002717,C_101817,BUSINESS,47884.11,ACTIVE,2016-07-28 03:29:22
ACC_1002718,C_101818,CURRENT,5509.92,ACTIVE,2020-10-11 19:44:40
ACC_1002719,C_101819,CURRENT,8521.81,ACTIVE,2025-07-03 09:24:40
ACC_1002720,C_101820,SAVINGS,19884.09,ACTIVE,2019-09-07 08:07:16
ACC_1002721,C_101821,SAVINGS,8720.38,ACTIVE,2023-04-21 17:20:38
ACC_1002722,C_101822,CURRENT,2388.34,ACTIVE,2023-04-21 14:46:12
ACC_1002723,C_101822,CURRENT,2448.49,ACTIVE,2023-04-01 23:00:12
ACC_1002724,C_101823,SAVINGS,10405.92,DORMANT,2022-02-13 18:57:32
ACC_1002725,C_101823,CURRENT,297.98,ACTIVE,2022-02-20 11:27:32
ACC_1002726,C_101824,SAVINGS,12485.2,ACTIVE,2019-04-15 18:00:21
ACC_1002727,C_101824,CURRENT,6650.88,ACTIVE,2019-04-02 21:51:21
ACC_1002728,C_101825,BUSINESS,344007.25,DORMANT,2016-07-08 22:44:59
ACC_1002729,C_101826,SAVINGS,145134.79,ACTIVE,2024-03-02 08:05:58
ACC_1002730,C_101826,BUSINESS,18522.74,ACTIVE,2024-03-06 16:01:58
ACC_1002731,C_101827,SAVINGS,34756.04,DORMANT,2024-12-12 03:54:32
ACC_1002732,C_101828,SAVINGS,42542.07,ACTIVE,2017-12-26 07:17:05
ACC_1002733,C_101828,BUSINESS,533997.92,ACTIVE,2017-12-28 20:54:05
ACC_1002734,C_101829,SAVINGS,84288.78,ACTIVE,2018-09-22 15:03:03
ACC_1002735,C_101829,SAVINGS,20772.36,ACTIVE,2018-09-20 19:59:03
ACC_1002736,C_101829,SAVINGS,46021.5,DORMANT,2018-10-09 06:44:03
ACC_1002737,C_101830,CURRENT,4529.43,ACTIVE,2023-03-11 08:53:40
ACC_1002738,C_101831,CURRENT,815.47,ACTIVE,2020-06-21 00:43:16
ACC_1002739,C_101832,CURRENT,1314.9,ACTIVE,2022-03-06 18:41:41
ACC_1002740,C_101832,SAVINGS,671.36,ACTIVE,2022-02-26 01:28:41
ACC_1002741,C_101833,SAVINGS,5441.36,ACTIVE,2020-06-27 16:01:01
ACC_1002742,C_101834,BUSINESS,1500000.0,ACTIVE,2024-03-22 17:19:16
ACC_1002743,C_101834,CURRENT,984.48,ACTIVE,2024-03-14 02:30:16
ACC_1002744,C_101835,CURRENT,1194.85,ACTIVE,2016-04-07 11:35:13
ACC_1002745,C_101835,CURRENT,3301.81,ACTIVE,2016-03-31 08:24:13
ACC_1002746,C_101836,BUSINESS,48469.45,ACTIVE,2019-07-22 06:33:10
ACC_1002747,C_101836,BUSINESS,1500000.0,ACTIVE,2019-06-30 12:42:10
ACC_1002748,C_101837,BUSINESS,808659.95,ACTIVE,2025-11-07 10:19:26
ACC_1002749,C_101838,SAVINGS,5864.6,ACTIVE,2018-03-03 18:52:49
ACC_1002750,C_101839,BUSINESS,343636.13,DORMANT,2022-07-02 16:39:34
ACC_1002751,C_101839,SAVINGS,4344.77,ACTIVE,2022-06-26 22:08:34
ACC_1002752,C_101840,SAVINGS,22328.62,ACTIVE,2018-01-27 19:57:41
ACC_1002753,C_101841,SAVINGS,51936.05,ACTIVE,2016-06-22 14:17:51
ACC_1002754,C_101841,CURRENT,4605.88,DORMANT,2016-06-28 09:33:51
ACC_1002755,C_101842,SAVINGS,4376.91,ACTIVE,2018-12-21 19:57:35
ACC_1002756,C_101843,CURRENT,668.83,ACTIVE,2017-02-15 21:48:24
ACC_1002757,C_101843,CURRENT,2255.72,ACTIVE,2017-02-18 22:02:24
ACC_1002758,C_101843,CURRENT,2703.71,ACTIVE,2017-02-01 09:24:24
ACC_1002759,C_101844,CURRENT,1731.07,ACTIVE,2018-04-07 03:00:40
ACC_1002760,C_101844,SAVINGS,11699.7,ACTIVE,2018-04-20 02:38:40
ACC_1002761,C_101845,SAVINGS,4314.43,ACTIVE,2019-09-09 13:20:05
ACC_1002762,C_101845,SAVINGS,9221.94,ACTIVE,2019-09-15 08:56:05
ACC_1002763,C_101845,BUSINESS,147568.16,ACTIVE,2019-08-23 18:44:05
ACC_1002764,C_101846,CURRENT,796.21,ACTIVE,2021-08-27 07:01:18
ACC_1002765,C_101846,BUSINESS,220510.1,ACTIVE,2021-08-05 23:31:18
ACC_1002766,C_101847,BUSINESS,37663.89,ACTIVE,2025-09-18 20:09:43
ACC_1002767,C_101847,BUSINESS,77195.64,ACTIVE,2025-09-19 15:46:43
ACC_1002768,C_101847,SAVINGS,9024.99,ACTIVE,2025-09-28 02:15:43
ACC_1002769,C_101848,SAVINGS,61549.44,ACTIVE,2017-04-08 23:39:55
ACC_1002770,C_101849,BUSINESS,167130.42,ACTIVE,2023-10-18 21:00:12
ACC_1002771,C_101850,CURRENT,10257.01,ACTIVE,2017-05-25 14:43:41
ACC_1002772,C_101851,CURRENT,901.67,ACTIVE,2016-12-01 12:31:53
ACC_1002773,C_101851,BUSINESS,4010.67,ACTIVE,2016-11-13 22:36:53
ACC_1002774,C_101852,SAVINGS,15664.82,ACTIVE,2018-08-12 05:18:15
ACC_1002775,C_101853,CURRENT,2859.16,ACTIVE,2018-04-04 00:14:40
ACC_1002776,C_101854,BUSINESS,47905.87,ACTIVE,2019-10-18 07:40:42
ACC_1002777,C_101855,CURRENT,2725.91,ACTIVE,2024-06-10 12:09:36
ACC_1002778,C_101856,CURRENT,2385.19,ACTIVE,2020-12-12 01:46:16
ACC_1002779,C_101857,BUSINESS,67328.31,ACTIVE,2016-05-02 23:13:51
ACC_1002780,C_101858,CURRENT,1342.93,ACTIVE,2020-11-19 18:32:05
ACC_1002781,C_101859,BUSINESS,40988.64,ACTIVE,2023-03-23 16:01:30
ACC_1002782,C_101859,BUSINESS,74182.94,ACTIVE,2023-04-03 14:18:30
ACC_1002783,C_101860,CURRENT,328.53,ACTIVE,2021-01-30 04:30:57
ACC_1002784,C_101861,CURRENT,3797.4,ACTIVE,2022-12-22 11:07:10
ACC_1002785,C_101861,CURRENT,2539.98,ACTIVE,2022-11-22 06:47:10
ACC_1002786,C_101862,BUSINESS,29853.95,ACTIVE,2021-09-19 09:02:26
ACC_1002787,C_101863,CURRENT,5803.13,ACTIVE,2021-02-19 12:41:35
ACC_1002788,C_101864,BUSINESS,9297.14,ACTIVE,2020-09-28 20:35:12
ACC_1002789,C_101865,CURRENT,890.35,ACTIVE,2024-03-12 12:22:35
ACC_1002790,C_101866,SAVINGS,4165.76,ACTIVE,2022-06-08 08:02:12
ACC_1002791,C_101866,BUSINESS,19412.18,ACTIVE,2022-06-10 10:32:12
ACC_1002792,C_101867,BUSINESS,169089.43,DORMANT,2022-12-25 17:42:47
ACC_1002793,C_101867,SAVINGS,17688.17,ACTIVE,2022-12-30 12:00:47
ACC_1002794,C_101867,SAVINGS,2180.33,ACTIVE,2022-12-19 05:20:47
ACC_1002795,C_101868,CURRENT,1613.47,ACTIVE,2020-08-04 11:18:53
ACC_1002796,C_101869,BUSINESS,97292.53,ACTIVE,2023-03-15 04:25:09
ACC_1002797,C_101870,SAVINGS,20640.02,ACTIVE,2024-03-09 14:04:18
ACC_1002798,C_101870,CURRENT,1925.31,ACTIVE,2024-03-16 08:41:18
ACC_1002799,C_101871,CURRENT,1743.53,ACTIVE,2017-07-28 21:36:48
ACC_1002800,C_101872,SAVINGS,731.24,ACTIVE,2016-05-07 11:20:51
ACC_1002801,C_101872,BUSINESS,122408.82,ACTIVE,2016-05-12 20:59:51
ACC_1002802,C_101872,BUSINESS,63090.1,ACTIVE,2016-05-27 20:03:51
ACC_1002803,C_101873,CURRENT,22066.81,ACTIVE,2017-02-08 06:03:50
ACC_1002804,C_101874,BUSINESS,19467.85,ACTIVE,2016-03-09 09:35:15
ACC_1002805,C_101874,SAVINGS,4383.83,ACTIVE,2016-04-01 03:26:15
ACC_1002806,C_101875,SAVINGS,23093.59,ACTIVE,2018-10-30 11:17:31
ACC_1002807,C_101876,SAVINGS,3916.85,DORMANT,2023-01-22 17:57:36
ACC_1002808,C_101877,SAVINGS,13068.66,ACTIVE,2020-11-17 09:07:34
ACC_1002809,C_101877,SAVINGS,8440.25,ACTIVE,2020-11-18 03:34:34
ACC_1002810,C_101878,BUSINESS,8181.17,ACTIVE,2025-04-11 07:19:40
ACC_1002811,C_101878,BUSINESS,10469.04,ACTIVE,2025-04-19 06:48:40
ACC_1002812,C_101878,SAVINGS,10023.46,ACTIVE,2025-04-13 04:56:40
ACC_1002813,C_101879,CURRENT,2845.44,ACTIVE,2022-11-07 05:40:49
ACC_1002814,C_101879,SAVINGS,2011.78,ACTIVE,2022-11-19 00:27:49
ACC_1002815,C_101880,CURRENT,4113.98,ACTIVE,2018-03-14 01:43:24
ACC_1002816,C_101880,BUSINESS,68974.0,ACTIVE,2018-03-29 17:49:24
ACC_1002817,C_101881,BUSINESS,40491.89,ACTIVE,2019-01-21 15:11:44
ACC_1002818,C_101882,SAVINGS,8287.78,ACTIVE,2021-02-10 09:31:14
ACC_1002819,C_101882,SAVINGS,5946.54,ACTIVE,2021-01-18 15:11:14
ACC_1002820,C_101882,CURRENT,2103.49,ACTIVE,2021-02-12 18:12:14
ACC_1002821,C_101883,SAVINGS,18509.26,ACTIVE,2016-04-15 04:30:25
ACC_1002822,C_101883,CURRENT,5251.32,ACTIVE,2016-03-27 02:15:25
ACC_1002823,C_101884,SAVINGS,15850.12,ACTIVE,2022-10-14 21:58:54
ACC_1002824,C_101884,CURRENT,483.76,ACTIVE,2022-10-18 11:00:54
ACC_1002825,C_101884,CURRENT,5136.76,ACTIVE,2022-10-13 03:55:54
ACC_1002826,C_101885,CURRENT,2671.38,ACTIVE,2018-03-22 20:58:29
ACC_1002827,C_101886,CURRENT,1837.45,ACTIVE,2020-07-03 20:09:29
ACC_1002828,C_101886,CURRENT,8934.02,DORMANT,2020-07-09 16:18:29
ACC_1002829,C_101886,CURRENT,1821.69,ACTIVE,2020-07-18 18:19:29
ACC_1002830,C_101887,BUSINESS,105821.91,DORMANT,2017-11-10 07:58:04
ACC_1002831,C_101888,SAVINGS,2155.8,ACTIVE,2025-04-20 23:14:18
ACC_1002832,C_101888,CURRENT,2431.31,ACTIVE,2025-04-14 18:44:18
ACC_1002833,C_101889,BUSINESS,31406.93,ACTIVE,2018-03-07 15:18:46
ACC_1002834,C_101890,BUSINESS,27103.27,DORMANT,2024-03-12 01:18:31
ACC_1002835,C_101890,CURRENT,2891.66,DORMANT,2024-03-09 00:19:31
ACC_1002836,C_101891,BUSINESS,12290.95,ACTIVE,2016-08-17 11:35:39
ACC_1002837,C_101891,CURRENT,1336.27,ACTIVE,2016-08-13 00:39:39
ACC_1002838,C_101891,SAVINGS,1642.76,ACTIVE,2016-08-15 17:23:39
ACC_1002839,C_101892,BUSINESS,103102.35,ACTIVE,2021-03-24 18:38:31
ACC_1002840,C_101892,BUSINESS,107456.51,ACTIVE,2021-04-06 16:17:31
ACC_1002841,C_101893,SAVINGS,5163.09,ACTIVE,2017-02-11 09:27:51
ACC_1002842,C_101894,SAVINGS,5323.76,ACTIVE,2020-09-16 22:35:54
ACC_1002843,C_101895,CURRENT,2510.56,ACTIVE,2018-08-14 22:22:14
ACC_1002844,C_101895,SAVINGS,6966.51,ACTIVE,2018-08-08 07:12:14
ACC_1002845,C_101895,CURRENT,4978.63,ACTIVE,2018-08-16 02:12:14
ACC_1002846,C_101896,CURRENT,693.79,ACTIVE,2018-08-16 13:50:28
ACC_1002847,C_101897,SAVINGS,27952.05,ACTIVE,2017-05-31 06:40:50
ACC_1002848,C_101898,CURRENT,1102.64,ACTIVE,2017-09-18 07:45:46
ACC_1002849,C_101898,CURRENT,3455.25,ACTIVE,2017-09-18 11:39:46
ACC_1002850,C_101899,SAVINGS,16803.13,ACTIVE,2019-12-11 20:45:17
ACC_1002851,C_101900,SAVINGS,82532.98,ACTIVE,2022-01-24 19:21:06
ACC_1002852,C_101901,BUSINESS,233305.16,ACTIVE,2018-01-08 11:42:55
ACC_1002853,C_101902,BUSINESS,35916.29,ACTIVE,2016-06-26 14:17:56
ACC_1002854,C_101903,SAVINGS,40903.23,ACTIVE,2019-03-30 17:29:20
ACC_1002855,C_101904,BUSINESS,359547.31,ACTIVE,2023-04-25 19:32:57
ACC_1002856,C_101905,BUSINESS,20974.22,ACTIVE,2023-05-02 19:42:31
ACC_1002857,C_101906,BUSINESS,18179.67,ACTIVE,2016-06-02 20:27:30
ACC_1002858,C_101907,BUSINESS,13719.58,ACTIVE,2021-05-27 15:12:08
ACC_1002859,C_101908,BUSINESS,324144.3,ACTIVE,2021-08-19 04:45:30
ACC_1002860,C_101909,BUSINESS,344388.18,DORMANT,2021-08-20 03:26:13
ACC_1002861,C_101910,SAVINGS,32733.98,ACTIVE,2019-08-11 02:48:32
ACC_1002862,C_101911,BUSINESS,25812.81,ACTIVE,2019-01-08 22:15:18
ACC_1002863,C_101911,SAVINGS,70933.86,DORMANT,2019-01-19 05:33:18
ACC_1002864,C_101912,CURRENT,609.73,ACTIVE,2016-06-24 10:32:55
ACC_1002865,C_101913,CURRENT,613.22,ACTIVE,2020-06-29 16:45:23
ACC_1002866,C_101914,SAVINGS,8736.7,ACTIVE,2023-03-04 19:12:45
ACC_1002867,C_101915,SAVINGS,22179.6,ACTIVE,2018-03-19 03:56:09
ACC_1002868,C_101916,CURRENT,3042.96,ACTIVE,2019-10-02 12:09:38
ACC_1002869,C_101916,BUSINESS,114386.74,ACTIVE,2019-09-07 14:29:38
ACC_1002870,C_101916,BUSINESS,1319.76,ACTIVE,2019-09-18 02:09:38
ACC_1002871,C_101917,SAVINGS,7207.85,ACTIVE,2017-02-22 15:40:21
ACC_1002872,C_101918,BUSINESS,31369.16,ACTIVE,2021-07-24 00:54:37
ACC_1002873,C_101918,SAVINGS,7059.52,ACTIVE,2021-07-10 11:36:37
ACC_1002874,C_101919,BUSINESS,55529.81,ACTIVE,2023-09-01 07:41:37
ACC_1002875,C_101920,SAVINGS,3696.8,ACTIVE,2017-04-27 10:54:14
ACC_1002876,C_101921,CURRENT,4514.25,ACTIVE,2024-12-16 15:32:20
ACC_1002877,C_101922,SAVINGS,8233.72,ACTIVE,2019-09-24 15:45:00
ACC_1002878,C_101922,BUSINESS,78253.05,ACTIVE,2019-09-17 17:57:00
ACC_1002879,C_101923,SAVINGS,7688.55,ACTIVE,2024-03-12 12:25:50
ACC_1002880,C_101923,BUSINESS,168788.58,ACTIVE,2024-03-21 02:34:50
ACC_1002881,C_101924,CURRENT,625.19,ACTIVE,2022-12-31 03:17:32
ACC_1002882,C_101924,SAVINGS,8617.59,ACTIVE,2022-12-23 02:31:32
ACC_1002883,C_101925,CURRENT,2672.41,ACTIVE,2020-05-13 21:44:03
ACC_1002884,C_101926,SAVINGS,58329.22,ACTIVE,2025-05-14 18:06:33
ACC_1002885,C_101927,CURRENT,1139.7,ACTIVE,2022-04-29 17:39:54
ACC_1002886,C_101927,BUSINESS,139424.87,ACTIVE,2022-04-22 08:55:54
ACC_1002887,C_101928,CURRENT,1102.83,ACTIVE,2019-08-26 06:39:49
ACC_1002888,C_101929,BUSINESS,1000.0,ACTIVE,2017-11-20 20:27:56
ACC_1002889,C_101930,BUSINESS,26666.8,ACTIVE,2024-04-18 22:26:12
ACC_1002890,C_101931,BUSINESS,510892.7,ACTIVE,2019-06-12 10:11:08
ACC_1002891,C_101932,SAVINGS,1906.17,ACTIVE,2025-08-09 14:53:40
ACC_1002892,C_101933,CURRENT,20553.04,ACTIVE,2018-09-06 17:12:55
ACC_1002893,C_101934,SAVINGS,14757.1,ACTIVE,2019-08-12 16:17:15
ACC_1002894,C_101935,BUSINESS,977545.0,ACTIVE,2020-11-05 15:23:36
ACC_1002895,C_101936,CURRENT,886.9,ACTIVE,2022-12-13 03:03:49
ACC_1002896,C_101937,SAVINGS,88312.24,ACTIVE,2023-10-27 07:49:09
ACC_1002897,C_101938,BUSINESS,307343.79,ACTIVE,2017-06-20 00:15:10
ACC_1002898,C_101938,SAVINGS,14299.1,ACTIVE,2017-07-10 19:08:10
ACC_1002899,C_101939,BUSINESS,320527.51,ACTIVE,2025-03-06 09:13:38
ACC_1002900,C_101940,SAVINGS,3933.41,ACTIVE,2017-06-19 14:55:18
ACC_1002901,C_101940,SAVINGS,4221.68,ACTIVE,2017-06-05 23:05:18
ACC_1002902,C_101940,CURRENT,1714.4,ACTIVE,2017-06-05 04:20:18
ACC_1002903,C_101941,BUSINESS,45516.67,DORMANT,2016-02-20 17:33:16
ACC_1002904,C_101942,BUSINESS,2336.14,ACTIVE,2019-12-01 03:12:55
ACC_1002905,C_101942,SAVINGS,13165.71,ACTIVE,2019-11-21 17:21:55
ACC_1002906,C_101943,CURRENT,4479.82,ACTIVE,2024-11-22 07:40:40
ACC_1002907,C_101944,CURRENT,3548.25,ACTIVE,2021-06-29 08:48:22
ACC_1002908,C_101945,CURRENT,4649.27,DORMANT,2023-07-08 18:59:50
ACC_1002909,C_101946,CURRENT,449.83,ACTIVE,2024-01-29 21:11:10
ACC_1002910,C_101946,BUSINESS,49306.29,ACTIVE,2024-02-11 04:49:10
ACC_1002911,C_101947,CURRENT,657.01,ACTIVE,2024-01-20 20:24:38
ACC_1002912,C_101947,SAVINGS,39450.69,ACTIVE,2024-01-26 15:58:38
ACC_1002913,C_101947,BUSINESS,84597.88,ACTIVE,2024-02-05 11:01:38
ACC_1002914,C_101948,BUSINESS,187305.53,ACTIVE,2022-05-14 21:49:04
ACC_1002915,C_101949,CURRENT,2159.81,ACTIVE,2022-03-28 07:13:17
ACC_1002916,C_101949,CURRENT,2030.23,ACTIVE,2022-03-25 22:25:17
ACC_1002917,C_101949,BUSINESS,81400.2,ACTIVE,2022-03-06 14:22:17
ACC_1002918,C_101950,BUSINESS,86893.51,ACTIVE,2022-01-30 02:57:52
ACC_1002919,C_101951,CURRENT,1050.35,ACTIVE,2021-03-21 22:14:11
ACC_1002920,C_101952,BUSINESS,430772.59,ACTIVE,2025-09-24 01:54:38
ACC_1002921,C_101953,CURRENT,1761.52,ACTIVE,2025-04-14 04:17:58
ACC_1002922,C_101953,CURRENT,1149.13,ACTIVE,2025-04-23 19:26:58
ACC_1002923,C_101954,CURRENT,1666.09,ACTIVE,2018-10-12 17:08:45
ACC_1002924,C_101955,CURRENT,562.66,ACTIVE,2021-10-26 09:36:54
ACC_1002925,C_101955,CURRENT,2104.77,ACTIVE,2021-11-25 23:46:54
ACC_1002926,C_101955,SAVINGS,5843.73,ACTIVE,2021-11-06 11:27:54
ACC_1002927,C_101956,BUSINESS,7562.6,ACTIVE,2016-06-22 11:05:08
ACC_1002928,C_101957,CURRENT,485.37,DORMANT,2025-09-11 08:39:49
ACC_1002929,C_101957,BUSINESS,151222.36,ACTIVE,2025-09-11 13:14:49
ACC_1002930,C_101958,SAVINGS,18785.61,ACTIVE,2018-02-11 02:35:17
ACC_1002931,C_101959,CURRENT,344.02,ACTIVE,2019-05-23 07:18:10
ACC_1002932,C_101959,SAVINGS,3909.31,ACTIVE,2019-06-20 11:04:10
ACC_1002933,C_101960,SAVINGS,14858.37,ACTIVE,2017-11-18 10:57:51
ACC_1002934,C_101960,SAVINGS,5756.44,ACTIVE,2017-11-05 15:12:51
ACC_1002935,C_101961,SAVINGS,18157.67,ACTIVE,2016-05-01 18:27:00
ACC_1002936,C_101962,SAVINGS,13961.44,ACTIVE,2025-03-27 11:16:53
ACC_1002937,C_101963,BUSINESS,584773.91,ACTIVE,2017-01-26 08:25:43
ACC_1002938,C_101964,SAVINGS,43318.28,ACTIVE,2017-05-14 03:04:38
ACC_1002939,C_101965,BUSINESS,22526.15,ACTIVE,2023-07-27 16:19:56
ACC_1002940,C_101966,CURRENT,434.94,ACTIVE,2024-02-22 08:04:43
ACC_1002941,C_101967,CURRENT,1679.69,ACTIVE,2018-10-25 19:02:25
ACC_1002942,C_101967,SAVINGS,3707.51,DORMANT,2018-10-31 02:42:25
ACC_1002943,C_101968,SAVINGS,2366.12,ACTIVE,2021-02-22 15:09:18
ACC_1002944,C_101968,CURRENT,961.01,ACTIVE,2021-03-08 16:43:18
ACC_1002945,C_101969,CURRENT,4648.61,ACTIVE,2019-04-08 08:08:36
ACC_1002946,C_101970,CURRENT,1785.12,ACTIVE,2023-06-16 15:52:33
ACC_1002947,C_101971,CURRENT,3288.76,ACTIVE,2018-03-21 08:43:07
ACC_1002948,C_101971,SAVINGS,15214.3,ACTIVE,2018-03-06 13:32:07
ACC_1002949,C_101971,CURRENT,1978.93,ACTIVE,2018-03-08 18:39:07
ACC_1002950,C_101972,CURRENT,5890.69,ACTIVE,2022-09-27 00:07:11
ACC_1002951,C_101973,BUSINESS,783281.5,ACTIVE,2017-05-30 20:04:56
ACC_1002952,C_101973,SAVINGS,32633.38,ACTIVE,2017-05-10 00:38:56
ACC_1002953,C_101974,CURRENT,255.76,ACTIVE,2019-07-07 02:01:43
ACC_1002954,C_101974,BUSINESS,318916.32,ACTIVE,2019-06-18 09:18:43
ACC_1002955,C_101975,SAVINGS,7765.62,ACTIVE,2021-06-24 07:34:33
ACC_1002956,C_101976,BUSINESS,74623.25,ACTIVE,2016-09-22 15:38:24
ACC_1002957,C_101976,SAVINGS,4598.97,ACTIVE,2016-10-02 00:23:24
ACC_1002958,C_101977,SAVINGS,22424.3,ACTIVE,2017-06-29 20:20:18
ACC_1002959,C_101977,SAVINGS,6266.65,ACTIVE,2017-07-12 00:37:18
ACC_1002960,C_101978,CURRENT,2699.65,ACTIVE,2025-12-02 07:36:02
ACC_1002961,C_101979,SAVINGS,23630.79,ACTIVE,2022-12-17 09:55:23
ACC_1002962,C_101980,BUSINESS,2914.33,DORMANT,2024-11-23 22:44:24
ACC_1002963,C_101981,CURRENT,1764.11,DORMANT,2025-07-14 19:08:47
ACC_1002964,C_101982,CURRENT,1397.1,ACTIVE,2017-04-02 03:43:23
ACC_1002965,C_101982,SAVINGS,72316.94,ACTIVE,2017-04-08 22:19:23
ACC_1002966,C_101982,BUSINESS,65202.47,ACTIVE,2017-04-23 09:08:23
ACC_1002967,C_101983,CURRENT,672.48,ACTIVE,2024-04-11 17:38:16
ACC_1002968,C_101984,CURRENT,926.85,ACTIVE,2021-11-14 05:16:06
ACC_1002969,C_101985,BUSINESS,20352.29,ACTIVE,2022-09-15 12:58:35
ACC_1002970,C_101986,CURRENT,168.91,ACTIVE,2018-11-05 05:49:42
ACC_1002971,C_101986,BUSINESS,575030.27,ACTIVE,2018-11-04 02:06:42
ACC_1002972,C_101987,SAVINGS,3183.47,ACTIVE,2018-04-21 00:19:09
ACC_1002973,C_101987,SAVINGS,973.98,ACTIVE,2018-04-14 04:26:09
ACC_1002974,C_101988,SAVINGS,10209.66,ACTIVE,2020-01-14 08:00:05
ACC_1002975,C_101988,CURRENT,1935.25,ACTIVE,2020-01-01 11:05:05
ACC_1002976,C_101989,CURRENT,4448.65,ACTIVE,2019-10-12 01:38:38
ACC_1002977,C_101989,SAVINGS,5829.43,ACTIVE,2019-10-04 06:10:38
ACC_1002978,C_101989,BUSINESS,523132.99,ACTIVE,2019-10-13 21:39:38
ACC_1002979,C_101990,CURRENT,2712.95,ACTIVE,2020-12-12 18:53:53
ACC_1002980,C_101990,CURRENT,2139.78,DORMANT,2020-12-25 00:14:53
ACC_1002981,C_101990,BUSINESS,218879.53,ACTIVE,2020-12-13 02:31:53
ACC_1002982,C_101991,CURRENT,3155.03,ACTIVE,2021-05-07 03:02:27
ACC_1002983,C_101992,CURRENT,7591.14,ACTIVE,2019-10-16 17:50:20
ACC_1002984,C_101993,BUSINESS,9241.83,ACTIVE,2017-06-09 14:41:11
ACC_1002985,C_101993,BUSINESS,421270.87,ACTIVE,2017-06-18 21:40:11
ACC_1002986,C_101993,BUSINESS,20371.73,ACTIVE,2017-05-30 01:38:11
ACC_1002987,C_101994,CURRENT,3397.6,DORMANT,2022-04-06 07:47:25
ACC_1002988,C_101994,SAVINGS,8553.5,ACTIVE,2022-04-05 02:26:25
ACC_1002989,C_101994,BUSINESS,122904.95,ACTIVE,2022-03-12 06:31:25
ACC_1002990,C_101995,CURRENT,24379.7,ACTIVE,2023-12-28 16:27:41
ACC_1002991,C_101995,SAVINGS,3687.13,ACTIVE,2023-12-19 03:57:41
ACC_1002992,C_101996,SAVINGS,13599.03,ACTIVE,2025-03-25 12:32:30
ACC_1002993,C_101997,BUSINESS,20122.08,DORMANT,2021-03-27 09:46:34
ACC_1002994,C_101998,SAVINGS,23941.58,ACTIVE,2020-08-15 06:58:30
ACC_1002995,C_101999,BUSINESS,201261.06,ACTIVE,2018-12-27 14:49:17
ACC_1002996,C_102000,CURRENT,663.49,ACTIVE,2021-10-28 14:39:00
ACC_1002997,C_102001,CURRENT,3801.86,ACTIVE,2024-01-17 18:13:57
ACC_1002998,C_102001,BUSINESS,113353.78,ACTIVE,2024-01-02 02:46:57
ACC_1002999,C_102001,BUSINESS,61179.22,ACTIVE,2024-01-18 13:54:57
ACC_1003000,C_102002,BUSINESS,6861.78,ACTIVE,2022-02-09 14:50:42
ACC_1003001,C_102003,SAVINGS,3613.52,ACTIVE,2023-02-07 12:53:52
ACC_1003002,C_102003,CURRENT,4363.15,ACTIVE,2023-01-28 08:36:52
ACC_1003003,C_102004,CURRENT,933.38,ACTIVE,2024-10-28 09:53:19
ACC_1003004,C_102005,SAVINGS,66822.52,ACTIVE,2019-04-12 04:34:13
ACC_1003005,C_102005,SAVINGS,23298.76,ACTIVE,2019-04-13 22:21:13
ACC_1003006,C_102005,BUSINESS,173893.6,ACTIVE,2019-04-19 13:49:13
ACC_1003007,C_102006,CURRENT,5490.1,ACTIVE,2021-02-08 01:41:48
ACC_1003008,C_102006,CURRENT,1701.97,ACTIVE,2021-01-27 02:28:48
ACC_1003009,C_102007,BUSINESS,54529.82,ACTIVE,2016-03-10 23:10:40
ACC_1003010,C_102007,BUSINESS,1500000.0,ACTIVE,2016-02-25 07:35:40
ACC_1003011,C_102007,BUSINESS,400353.0,ACTIVE,2016-03-02 08:36:40
ACC_1003012,C_102008,CURRENT,507.32,DORMANT,2021-05-10 16:23:41
ACC_1003013,C_102008,SAVINGS,11097.66,ACTIVE,2021-05-05 07:43:41
ACC_1003014,C_102009,BUSINESS,51939.73,ACTIVE,2023-07-22 12:00:34
ACC_1003015,C_102010,BUSINESS,58056.71,ACTIVE,2020-10-18 15:09:39
ACC_1003016,C_102011,BUSINESS,354276.01,ACTIVE,2021-05-09 19:58:01
ACC_1003017,C_102011,CURRENT,2973.54,ACTIVE,2021-05-26 13:42:01
ACC_1003018,C_102011,CURRENT,2275.23,ACTIVE,2021-05-27 05:30:01
ACC_1003019,C_102012,CURRENT,2415.73,DORMANT,2017-01-17 20:24:09
ACC_1003020,C_102012,BUSINESS,159231.79,ACTIVE,2017-01-06 23:04:09
ACC_1003021,C_102013,CURRENT,668.85,ACTIVE,2021-06-26 04:15:39
ACC_1003022,C_102013,CURRENT,1555.03,ACTIVE,2021-06-22 17:49:39
ACC_1003023,C_102013,CURRENT,1642.91,ACTIVE,2021-06-21 03:14:39
ACC_1003024,C_102014,BUSINESS,54269.53,ACTIVE,2021-03-22 04:03:17
ACC_1003025,C_102015,SAVINGS,25151.42,ACTIVE,2020-04-01 22:22:16
ACC_1003026,C_102016,BUSINESS,7574.0,DORMANT,2020-12-29 07:01:22
ACC_1003027,C_102016,BUSINESS,490344.9,ACTIVE,2021-01-16 20:18:22
ACC_1003028,C_102016,SAVINGS,17093.77,ACTIVE,2021-01-16 17:08:22
ACC_1003029,C_102017,CURRENT,1264.13,ACTIVE,2024-07-31 06:01:11
ACC_1003030,C_102017,BUSINESS,40728.35,ACTIVE,2024-07-17 11:37:11
ACC_1003031,C_102017,SAVINGS,51412.22,ACTIVE,2024-07-21 12:15:11
ACC_1003032,C_102018,SAVINGS,5557.94,ACTIVE,2024-11-19 21:53:58
ACC_1003033,C_102019,SAVINGS,70485.78,ACTIVE,2020-11-21 08:00:17
ACC_1003034,C_102019,BUSINESS,82607.78,ACTIVE,2020-11-27 18:20:17
ACC_1003035,C_102019,CURRENT,866.05,ACTIVE,2020-12-15 05:16:17
ACC_1003036,C_102020,SAVINGS,54153.46,DORMANT,2016-04-20 01:49:29
ACC_1003037,C_102021,CURRENT,6267.84,ACTIVE,2024-02-27 23:58:23
ACC_1003038,C_102022,BUSINESS,221700.76,ACTIVE,2018-09-02 12:44:03
ACC_1003039,C_102023,BUSINESS,12146.59,ACTIVE,2019-08-19 15:54:14
ACC_1003040,C_102024,SAVINGS,68286.16,DORMANT,2019-02-22 05:02:55
ACC_1003041,C_102024,SAVINGS,9167.28,ACTIVE,2019-03-12 16:34:55
ACC_1003042,C_102024,CURRENT,1821.17,ACTIVE,2019-03-11 14:45:55
ACC_1003043,C_102025,CURRENT,2233.06,ACTIVE,2025-10-23 20:46:09
ACC_1003044,C_102026,SAVINGS,5113.23,ACTIVE,2024-04-28 06:44:50
ACC_1003045,C_102027,SAVINGS,25648.47,ACTIVE,2024-06-18 00:21:06
ACC_1003046,C_102027,SAVINGS,121152.13,ACTIVE,2024-06-11 21:59:06
ACC_1003047,C_102028,BUSINESS,4776.67,ACTIVE,2017-08-28 18:02:40
ACC_1003048,C_102028,CURRENT,990.48,ACTIVE,2017-08-26 13:45:40
ACC_1003049,C_102029,SAVINGS,2653.06,ACTIVE,2019-09-19 22:01:58
ACC_1003050,C_102029,BUSINESS,72186.5,ACTIVE,2019-09-07 09:11:58
ACC_1003051,C_102030,BUSINESS,6634.14,ACTIVE,2018-11-04 22:01:53
ACC_1003052,C_102031,SAVINGS,4540.39,DORMANT,2023-09-23 17:15:15
ACC_1003053,C_102031,BUSINESS,38036.44,ACTIVE,2023-09-24 05:46:15
ACC_1003054,C_102032,SAVINGS,2179.12,ACTIVE,2024-10-13 18:24:40
ACC_1003055,C_102033,CURRENT,260.89,ACTIVE,2021-04-29 11:01:43
ACC_1003056,C_102034,CURRENT,313.93,ACTIVE,2020-10-17 11:19:47
ACC_1003057,C_102034,BUSINESS,184847.84,ACTIVE,2020-10-07 16:29:47
ACC_1003058,C_102035,CURRENT,626.59,ACTIVE,2016-02-24 23:30:22
ACC_1003059,C_102036,CURRENT,256.68,ACTIVE,2022-07-25 04:58:36
ACC_1003060,C_102037,BUSINESS,461017.12,ACTIVE,2024-11-14 06:03:14
ACC_1003061,C_102037,CURRENT,1531.63,ACTIVE,2024-11-07 16:14:14
ACC_1003062,C_102037,SAVINGS,40276.43,ACTIVE,2024-10-24 17:03:14
ACC_1003063,C_102038,CURRENT,186.84,ACTIVE,2017-11-22 16:57:21
ACC_1003064,C_102039,BUSINESS,6473.85,ACTIVE,2016-05-12 15:29:49
ACC_1003065,C_102040,CURRENT,4050.81,DORMANT,2025-08-14 04:51:14
ACC_1003066,C_102040,CURRENT,5576.46,ACTIVE,2025-09-06 14:35:14
ACC_1003067,C_102041,BUSINESS,202438.03,ACTIVE,2016-09-06 07:49:48
ACC_1003068,C_102041,SAVINGS,13139.96,ACTIVE,2016-08-21 01:58:48
ACC_1003069,C_102041,SAVINGS,590.79,ACTIVE,2016-08-19 21:58:48
ACC_1003070,C_102042,CURRENT,937.83,ACTIVE,2023-08-02 22:13:30
ACC_1003071,C_102043,SAVINGS,67969.45,ACTIVE,2020-10-29 23:45:00
ACC_1003072,C_102043,BUSINESS,16316.38,ACTIVE,2020-10-28 13:55:00
ACC_1003073,C_102044,CURRENT,1426.2,ACTIVE,2016-05-21 18:47:26
ACC_1003074,C_102045,SAVINGS,4506.31,ACTIVE,2022-01-28 06:17:47
ACC_1003075,C_102045,CURRENT,2867.65,ACTIVE,2022-01-11 03:41:47
ACC_1003076,C_102046,BUSINESS,37890.7,DORMANT,2016-12-19 09:12:40
ACC_1003077,C_102047,CURRENT,1162.84,ACTIVE,2021-01-12 03:37:42
ACC_1003078,C_102047,CURRENT,1761.72,ACTIVE,2021-01-14 17:34:42
ACC_1003079,C_102047,CURRENT,577.88,ACTIVE,2021-01-03 19:44:42
ACC_1003080,C_102048,CURRENT,3263.45,ACTIVE,2017-11-21 06:21:48
ACC_1003081,C_102049,SAVINGS,24253.78,ACTIVE,2022-09-02 19:15:56
ACC_1003082,C_102050,CURRENT,2457.54,ACTIVE,2018-01-15 14:18:41
ACC_1003083,C_102050,CURRENT,8494.91,ACTIVE,2017-12-24 14:56:41
ACC_1003084,C_102051,SAVINGS,2234.78,ACTIVE,2018-11-12 14:34:51
ACC_1003085,C_102052,CURRENT,816.65,DORMANT,2019-10-21 09:29:09
ACC_1003086,C_102053,SAVINGS,5636.75,ACTIVE,2024-04-10 17:37:09
ACC_1003087,C_102053,SAVINGS,104809.09,ACTIVE,2024-04-08 15:10:09
ACC_1003088,C_102053,SAVINGS,18549.89,ACTIVE,2024-04-11 08:22:09
ACC_1003089,C_102054,CURRENT,1608.34,ACTIVE,2023-07-13 21:44:05
ACC_1003090,C_102055,BUSINESS,138369.41,ACTIVE,2017-11-27 12:24:58
ACC_1003091,C_102056,BUSINESS,700860.69,ACTIVE,2022-11-14 15:56:28
ACC_1003092,C_102057,SAVINGS,12612.88,ACTIVE,2018-08-12 23:48:58
ACC_1003093,C_102058,BUSINESS,81969.4,ACTIVE,2025-12-01 07:41:33
ACC_1003094,C_102058,SAVINGS,3821.03,ACTIVE,2025-11-23 09:39:33
ACC_1003095,C_102059,CURRENT,1751.01,ACTIVE,2021-05-17 19:52:31
ACC_1003096,C_102060,SAVINGS,10045.53,ACTIVE,2020-01-31 18:56:35
ACC_1003097,C_102061,BUSINESS,876028.12,ACTIVE,2022-10-15 17:56:24
ACC_1003098,C_102061,SAVINGS,2168.33,ACTIVE,2022-10-05 12:19:24
ACC_1003099,C_102062,BUSINESS,73865.64,ACTIVE,2024-07-03 07:13:08
ACC_1003100,C_102063,CURRENT,5166.41,ACTIVE,2025-11-11 20:32:10
ACC_1003101,C_102063,CURRENT,1213.12,ACTIVE,2025-11-13 11:10:10
ACC_1003102,C_102064,SAVINGS,14689.9,ACTIVE,2024-09-29 17:40:36
ACC_1003103,C_102065,SAVINGS,16492.87,ACTIVE,2019-02-22 04:00:45
ACC_1003104,C_102065,CURRENT,421.24,ACTIVE,2019-02-17 22:34:45
ACC_1003105,C_102066,CURRENT,3405.8,ACTIVE,2022-10-09 16:10:37
ACC_1003106,C_102067,CURRENT,1326.34,DORMANT,2022-04-10 16:54:06
ACC_1003107,C_102067,CURRENT,233.9,ACTIVE,2022-04-23 21:03:06
ACC_1003108,C_102068,SAVINGS,9151.98,ACTIVE,2017-10-10 12:03:15
ACC_1003109,C_102069,BUSINESS,101421.11,ACTIVE,2017-12-16 06:17:34
ACC_1003110,C_102069,SAVINGS,17768.29,ACTIVE,2017-12-17 08:19:34
ACC_1003111,C_102070,CURRENT,799.22,ACTIVE,2016-07-07 19:11:31
ACC_1003112,C_102071,SAVINGS,4637.85,ACTIVE,2021-10-01 18:52:16
ACC_1003113,C_102072,CURRENT,388.21,ACTIVE,2018-03-04 09:16:06
ACC_1003114,C_102073,BUSINESS,71434.08,DORMANT,2016-12-21 13:02:04
ACC_1003115,C_102074,BUSINESS,19106.35,ACTIVE,2019-08-03 16:15:44
ACC_1003116,C_102075,BUSINESS,270099.52,ACTIVE,2024-04-19 14:26:55
ACC_1003117,C_102076,BUSINESS,167679.28,ACTIVE,2020-12-05 22:40:49
ACC_1003118,C_102076,CURRENT,7532.3,ACTIVE,2020-11-30 15:44:49
ACC_1003119,C_102077,SAVINGS,848.68,ACTIVE,2016-11-18 13:28:29
ACC_1003120,C_102078,SAVINGS,2656.74,ACTIVE,2025-06-16 17:44:04
ACC_1003121,C_102078,BUSINESS,48352.16,ACTIVE,2025-06-10 18:12:04
ACC_1003122,C_102079,SAVINGS,4785.3,ACTIVE,2022-09-02 01:20:20
ACC_1003123,C_102079,BUSINESS,147998.75,ACTIVE,2022-09-19 09:34:20
ACC_1003124,C_102080,BUSINESS,75478.38,ACTIVE,2018-04-13 14:27:41
ACC_1003125,C_102081,BUSINESS,55414.21,ACTIVE,2020-05-13 00:16:51
ACC_1003126,C_102082,BUSINESS,15886.23,ACTIVE,2023-03-15 22:58:54
ACC_1003127,C_102083,SAVINGS,5420.92,DORMANT,2020-02-07 10:44:55
ACC_1003128,C_102083,BUSINESS,14565.41,ACTIVE,2020-02-14 23:38:55
ACC_1003129,C_102084,BUSINESS,33842.68,ACTIVE,2020-03-24 17:13:03
ACC_1003130,C_102084,CURRENT,29488.11,ACTIVE,2020-04-07 14:59:03
ACC_1003131,C_102084,SAVINGS,42988.91,ACTIVE,2020-04-20 03:01:03
ACC_1003132,C_102085,SAVINGS,681.08,ACTIVE,2023-02-23 13:27:16
ACC_1003133,C_102086,CURRENT,5743.77,ACTIVE,2022-04-07 19:42:46
ACC_1003134,C_102087,BUSINESS,63991.15,DORMANT,2019-11-03 00:21:11
ACC_1003135,C_102087,CURRENT,811.79,ACTIVE,2019-10-13 00:02:11
ACC_1003136,C_102088,BUSINESS,39315.75,ACTIVE,2021-07-06 08:52:21
ACC_1003137,C_102088,SAVINGS,54220.98,ACTIVE,2021-07-15 19:03:21
ACC_1003138,C_102089,BUSINESS,25444.22,ACTIVE,2022-11-22 12:58:43
ACC_1003139,C_102089,BUSINESS,12638.85,DORMANT,2022-10-29 14:58:43
ACC_1003140,C_102090,CURRENT,242.91,ACTIVE,2019-10-17 18:55:58
ACC_1003141,C_102090,SAVINGS,63078.32,ACTIVE,2019-10-03 00:51:58
ACC_1003142,C_102091,CURRENT,1069.37,ACTIVE,2019-01-02 06:17:07
ACC_1003143,C_102092,SAVINGS,13367.01,ACTIVE,2019-08-02 17:49:31
ACC_1003144,C_102093,CURRENT,1953.99,DORMANT,2016-08-20 15:31:25
ACC_1003145,C_102093,BUSINESS,14975.7,ACTIVE,2016-07-25 10:05:25
ACC_1003146,C_102094,CURRENT,558.47,ACTIVE,2018-06-15 01:52:07
ACC_1003147,C_102094,CURRENT,1095.53,ACTIVE,2018-06-13 07:57:07
ACC_1003148,C_102094,CURRENT,789.33,ACTIVE,2018-06-04 13:03:07
ACC_1003149,C_102095,SAVINGS,14915.61,ACTIVE,2023-05-11 07:15:46
ACC_1003150,C_102096,CURRENT,4359.66,ACTIVE,2020-09-17 18:42:21
ACC_1003151,C_102097,CURRENT,1578.54,ACTIVE,2022-05-01 05:15:20
ACC_1003152,C_102097,CURRENT,3023.57,ACTIVE,2022-04-29 17:58:20
ACC_1003153,C_102098,CURRENT,545.29,ACTIVE,2025-02-06 08:11:34
ACC_1003154,C_102099,BUSINESS,25204.95,ACTIVE,2025-03-31 02:05:28
ACC_1003155,C_102100,BUSINESS,198605.6,ACTIVE,2016-01-21 08:16:01
ACC_1003156,C_102101,BUSINESS,5738.56,ACTIVE,2023-11-29 16:05:08
ACC_1003157,C_102102,BUSINESS,94499.66,ACTIVE,2018-06-09 06:55:18
ACC_1003158,C_102103,SAVINGS,1105.82,ACTIVE,2025-06-18 00:13:26
ACC_1003159,C_102103,SAVINGS,52332.44,ACTIVE,2025-06-09 13:57:26
ACC_1003160,C_102104,BUSINESS,2498.82,ACTIVE,2024-08-26 19:40:29
ACC_1003161,C_102105,CURRENT,1307.07,ACTIVE,2018-07-07 21:27:09
ACC_1003162,C_102106,BUSINESS,4263.52,ACTIVE,2024-08-07 17:45:33
ACC_1003163,C_102107,BUSINESS,1500000.0,ACTIVE,2024-05-19 06:19:44
ACC_1003164,C_102107,BUSINESS,78275.17,ACTIVE,2024-06-05 20:05:44
ACC_1003165,C_102107,SAVINGS,21627.15,ACTIVE,2024-05-16 16:33:44
ACC_1003166,C_102108,BUSINESS,286781.31,ACTIVE,2022-02-27 12:33:39
ACC_1003167,C_102108,BUSINESS,21377.62,ACTIVE,2022-01-29 11:08:39
ACC_1003168,C_102109,CURRENT,2102.16,ACTIVE,2025-01-04 18:48:36
ACC_1003169,C_102109,SAVINGS,10036.61,ACTIVE,2024-12-20 10:06:36
ACC_1003170,C_102109,BUSINESS,3585.9,ACTIVE,2024-12-12 18:11:36
ACC_1003171,C_102110,CURRENT,2067.95,ACTIVE,2025-03-18 14:02:39
ACC_1003172,C_102111,BUSINESS,38865.98,ACTIVE,2020-06-16 11:12:20
ACC_1003173,C_102111,CURRENT,1627.06,ACTIVE,2020-07-10 15:26:20
ACC_1003174,C_102112,CURRENT,24171.22,ACTIVE,2017-03-17 21:28:51
ACC_1003175,C_102113,CURRENT,1416.22,ACTIVE,2017-01-05 07:31:42
ACC_1003176,C_102114,SAVINGS,7713.14,ACTIVE,2023-09-21 19:22:59
ACC_1003177,C_102114,BUSINESS,66535.79,ACTIVE,2023-09-30 02:54:59
ACC_1003178,C_102115,CURRENT,10310.52,ACTIVE,2019-01-17 05:14:39
ACC_1003179,C_102115,BUSINESS,7337.44,ACTIVE,2019-01-18 14:40:39
ACC_1003180,C_102115,CURRENT,1460.59,ACTIVE,2019-01-26 05:33:39
ACC_1003181,C_102116,BUSINESS,26513.05,ACTIVE,2022-05-08 05:08:37
ACC_1003182,C_102117,BUSINESS,54240.52,DORMANT,2019-11-05 12:48:47
ACC_1003183,C_102117,BUSINESS,133616.14,ACTIVE,2019-10-26 18:35:47
ACC_1003184,C_102118,SAVINGS,15453.35,ACTIVE,2026-01-19 18:43:14
ACC_1003185,C_102119,SAVINGS,4852.26,ACTIVE,2023-12-24 07:33:49
ACC_1003186,C_102120,CURRENT,803.61,ACTIVE,2023-08-17 12:26:52
ACC_1003187,C_102121,SAVINGS,28720.06,ACTIVE,2016-02-27 06:24:02
ACC_1003188,C_102122,CURRENT,1343.1,ACTIVE,2020-11-20 00:54:37
ACC_1003189,C_102122,SAVINGS,1880.75,ACTIVE,2020-11-04 14:53:37
ACC_1003190,C_102123,SAVINGS,57006.59,ACTIVE,2023-02-04 17:14:03
ACC_1003191,C_102123,CURRENT,1152.01,ACTIVE,2023-02-10 18:49:03
ACC_1003192,C_102124,SAVINGS,63833.38,ACTIVE,2024-07-22 02:10:13
ACC_1003193,C_102125,BUSINESS,209048.58,ACTIVE,2020-07-31 08:52:38
ACC_1003194,C_102126,SAVINGS,38150.36,ACTIVE,2020-12-27 01:55:06
ACC_1003195,C_102126,SAVINGS,13516.94,ACTIVE,2020-12-11 09:18:06
ACC_1003196,C_102127,SAVINGS,18876.46,ACTIVE,2025-07-11 00:29:16
ACC_1003197,C_102128,BUSINESS,20973.41,ACTIVE,2018-06-23 12:21:00
ACC_1003198,C_102129,BUSINESS,216300.82,ACTIVE,2018-02-14 19:50:29
ACC_1003199,C_102129,SAVINGS,30351.44,ACTIVE,2018-02-06 06:04:29
ACC_1003200,C_102130,CURRENT,994.27,ACTIVE,2022-06-12 11:43:28
ACC_1003201,C_102131,CURRENT,912.13,ACTIVE,2016-07-03 19:27:59
ACC_1003202,C_102132,SAVINGS,18595.58,ACTIVE,2016-03-24 01:23:53
ACC_1003203,C_102132,SAVINGS,24552.14,ACTIVE,2016-03-12 02:13:53
ACC_1003204,C_102133,SAVINGS,15216.42,ACTIVE,2019-03-11 09:26:45
ACC_1003205,C_102134,BUSINESS,7808.42,ACTIVE,2024-04-23 10:10:43
ACC_1003206,C_102135,SAVINGS,139573.05,ACTIVE,2023-11-10 15:07:02
ACC_1003207,C_102136,SAVINGS,22607.03,ACTIVE,2026-01-05 09:23:52
ACC_1003208,C_102137,BUSINESS,30294.34,DORMANT,2020-11-06 21:20:32
ACC_1003209,C_102137,BUSINESS,41449.23,ACTIVE,2020-12-02 01:54:32
ACC_1003210,C_102138,CURRENT,2680.61,DORMANT,2024-10-25 21:44:57
ACC_1003211,C_102138,BUSINESS,90207.57,DORMANT,2024-10-25 07:39:57
ACC_1003212,C_102139,SAVINGS,1267.06,ACTIVE,2021-09-19 22:37:36
ACC_1003213,C_102140,BUSINESS,45066.01,ACTIVE,2019-07-23 14:38:56
ACC_1003214,C_102141,CURRENT,2056.32,ACTIVE,2016-07-18 04:36:58
ACC_1003215,C_102141,SAVINGS,28263.21,ACTIVE,2016-07-02 02:33:58
ACC_1003216,C_102142,SAVINGS,25174.15,ACTIVE,2020-03-24 10:25:37
ACC_1003217,C_102143,BUSINESS,11581.7,ACTIVE,2019-10-03 17:06:22
ACC_1003218,C_102143,BUSINESS,38128.31,ACTIVE,2019-10-19 19:09:22
ACC_1003219,C_102143,CURRENT,381.6,DORMANT,2019-09-25 03:27:22
ACC_1003220,C_102144,CURRENT,3401.86,ACTIVE,2018-05-29 07:57:34
ACC_1003221,C_102144,SAVINGS,14372.17,ACTIVE,2018-06-09 23:47:34
ACC_1003222,C_102145,BUSINESS,8832.9,ACTIVE,2017-07-10 19:10:39
ACC_1003223,C_102146,BUSINESS,50740.82,ACTIVE,2023-01-13 04:29:29
ACC_1003224,C_102146,SAVINGS,18526.4,ACTIVE,2023-01-30 11:36:29
ACC_1003225,C_102147,CURRENT,2889.86,ACTIVE,2017-07-09 13:56:48
ACC_1003226,C_102148,SAVINGS,36072.57,ACTIVE,2018-03-14 15:51:30
ACC_1003227,C_102148,CURRENT,483.9,ACTIVE,2018-03-23 09:42:30
ACC_1003228,C_102148,CURRENT,3408.62,ACTIVE,2018-03-16 03:25:30
ACC_1003229,C_102149,CURRENT,1499.25,ACTIVE,2018-04-16 20:58:18
ACC_1003230,C_102149,BUSINESS,95745.77,ACTIVE,2018-04-03 09:22:18
ACC_1003231,C_102150,CURRENT,916.37,ACTIVE,2021-02-16 07:36:00
ACC_1003232,C_102150,CURRENT,217.12,ACTIVE,2021-03-02 23:33:00
ACC_1003233,C_102151,BUSINESS,8825.68,ACTIVE,2017-11-01 22:02:49
ACC_1003234,C_102151,SAVINGS,6157.79,ACTIVE,2017-11-15 10:39:49
ACC_1003235,C_102151,CURRENT,1800.27,ACTIVE,2017-10-27 03:12:49
ACC_1003236,C_102152,BUSINESS,52939.95,ACTIVE,2025-09-29 08:07:27
ACC_1003237,C_102153,BUSINESS,313872.35,ACTIVE,2018-10-13 17:14:17
ACC_1003238,C_102154,SAVINGS,19270.59,ACTIVE,2025-10-03 08:47:30
ACC_1003239,C_102155,SAVINGS,11337.39,ACTIVE,2020-02-24 09:14:26
ACC_1003240,C_102155,BUSINESS,143646.62,ACTIVE,2020-02-20 20:07:26
ACC_1003241,C_102156,SAVINGS,11392.77,ACTIVE,2022-06-03 23:39:47
ACC_1003242,C_102156,SAVINGS,11413.53,ACTIVE,2022-06-02 22:25:47
ACC_1003243,C_102157,BUSINESS,19187.57,ACTIVE,2018-11-13 02:56:27
ACC_1003244,C_102158,SAVINGS,28063.64,ACTIVE,2024-09-02 07:21:55
ACC_1003245,C_102159,SAVINGS,10338.77,ACTIVE,2017-12-10 04:00:56
ACC_1003246,C_102160,CURRENT,526.85,ACTIVE,2016-12-31 21:13:34
ACC_1003247,C_102161,CURRENT,3911.21,DORMANT,2019-11-21 12:29:52
ACC_1003248,C_102161,SAVINGS,15441.25,ACTIVE,2019-11-11 06:46:52
ACC_1003249,C_102162,SAVINGS,21495.14,ACTIVE,2025-12-21 10:49:49
ACC_1003250,C_102163,CURRENT,1373.2,ACTIVE,2023-03-16 23:49:30
ACC_1003251,C_102163,BUSINESS,32413.78,ACTIVE,2023-04-03 19:04:30
ACC_1003252,C_102164,BUSINESS,191778.98,ACTIVE,2022-04-22 04:32:11
ACC_1003253,C_102165,SAVINGS,18585.26,ACTIVE,2016-09-02 01:10:38
ACC_1003254,C_102166,CURRENT,1463.02,ACTIVE,2023-10-05 11:33:13
ACC_1003255,C_102166,CURRENT,1960.01,DORMANT,2023-10-18 20:33:13
ACC_1003256,C_102166,CURRENT,1391.19,ACTIVE,2023-10-05 20:30:13
ACC_1003257,C_102167,CURRENT,876.47,ACTIVE,2020-04-06 05:20:26
ACC_1003258,C_102168,BUSINESS,47009.51,ACTIVE,2019-09-21 06:53:45
ACC_1003259,C_102168,SAVINGS,2988.11,ACTIVE,2019-09-25 19:30:45
ACC_1003260,C_102169,CURRENT,1666.68,ACTIVE,2023-03-17 10:31:55
ACC_1003261,C_102169,BUSINESS,33275.56,ACTIVE,2023-02-27 05:21:55
ACC_1003262,C_102170,BUSINESS,194161.2,ACTIVE,2019-02-08 12:17:34
ACC_1003263,C_102171,BUSINESS,14266.63,DORMANT,2019-02-26 08:50:17
ACC_1003264,C_102172,SAVINGS,3305.79,ACTIVE,2022-06-22 14:44:21
ACC_1003265,C_102172,SAVINGS,57493.79,ACTIVE,2022-06-05 09:53:21
ACC_1003266,C_102172,CURRENT,3395.5,ACTIVE,2022-06-24 13:22:21
ACC_1003267,C_102173,BUSINESS,21552.81,ACTIVE,2017-08-31 09:17:48
ACC_1003268,C_102173,CURRENT,2863.58,ACTIVE,2017-08-07 13:24:48
ACC_1003269,C_102174,SAVINGS,1694.69,ACTIVE,2018-09-22 07:41:35
ACC_1003270,C_102175,BUSINESS,6590.04,ACTIVE,2020-04-30 12:53:41
ACC_1003271,C_102175,BUSINESS,78480.67,ACTIVE,2020-04-30 16:40:41
ACC_1003272,C_102176,CURRENT,22337.32,ACTIVE,2020-09-03 18:13:09
ACC_1003273,C_102177,CURRENT,2936.27,ACTIVE,2018-07-06 17:17:57
ACC_1003274,C_102177,BUSINESS,77726.98,ACTIVE,2018-07-04 15:32:57
ACC_1003275,C_102178,SAVINGS,10979.95,ACTIVE,2017-12-14 10:50:23
ACC_1003276,C_102179,SAVINGS,36231.06,ACTIVE,2019-03-03 13:48:24
ACC_1003277,C_102180,SAVINGS,36709.83,DORMANT,2023-09-11 12:45:00
ACC_1003278,C_102180,CURRENT,941.61,ACTIVE,2023-09-14 15:14:00
ACC_1003279,C_102181,SAVINGS,66605.31,ACTIVE,2016-04-27 16:00:41
ACC_1003280,C_102182,CURRENT,771.59,ACTIVE,2020-07-17 13:46:36
ACC_1003281,C_102182,CURRENT,1075.33,ACTIVE,2020-07-10 17:14:36
ACC_1003282,C_102183,CURRENT,5059.93,ACTIVE,2023-11-20 09:40:07
ACC_1003283,C_102183,CURRENT,986.55,ACTIVE,2023-11-13 06:17:07
ACC_1003284,C_102184,SAVINGS,15830.29,ACTIVE,2016-06-05 20:28:18
ACC_1003285,C_102184,BUSINESS,51266.51,ACTIVE,2016-06-26 13:40:18
ACC_1003286,C_102185,CURRENT,850.03,ACTIVE,2019-08-20 15:15:41
ACC_1003287,C_102186,BUSINESS,19731.31,ACTIVE,2025-02-05 11:01:53
ACC_1003288,C_102187,CURRENT,11451.96,ACTIVE,2020-04-12 19:36:43
ACC_1003289,C_102188,SAVINGS,14835.44,ACTIVE,2016-05-11 18:09:45
ACC_1003290,C_102189,CURRENT,2647.29,ACTIVE,2017-06-29 23:03:59
ACC_1003291,C_102190,BUSINESS,8645.51,ACTIVE,2018-03-10 12:10:47
ACC_1003292,C_102190,BUSINESS,228103.4,ACTIVE,2018-02-25 07:01:47
ACC_1003293,C_102191,SAVINGS,5073.36,ACTIVE,2024-11-04 13:00:05
ACC_1003294,C_102191,CURRENT,1348.03,ACTIVE,2024-11-01 01:22:05
ACC_1003295,C_102191,BUSINESS,9737.6,ACTIVE,2024-10-27 07:21:05
ACC_1003296,C_102192,SAVINGS,146867.2,ACTIVE,2016-06-17 08:36:43
ACC_1003297,C_102192,BUSINESS,161385.25,ACTIVE,2016-05-22 20:51:43
ACC_1003298,C_102192,CURRENT,5810.98,ACTIVE,2016-05-25 12:36:43
ACC_1003299,C_102193,SAVINGS,9446.98,ACTIVE,2020-06-12 02:57:18
ACC_1003300,C_102193,BUSINESS,201801.28,ACTIVE,2020-06-10 14:11:18
ACC_1003301,C_102194,BUSINESS,26380.95,ACTIVE,2017-06-21 16:23:43
ACC_1003302,C_102194,BUSINESS,33322.74,ACTIVE,2017-05-28 19:13:43
ACC_1003303,C_102195,CURRENT,4407.42,ACTIVE,2023-02-12 22:21:31
ACC_1003304,C_102196,CURRENT,4305.38,DORMANT,2018-12-22 21:26:49
ACC_1003305,C_102196,SAVINGS,4973.05,ACTIVE,2019-01-04 14:13:49
ACC_1003306,C_102197,CURRENT,1194.16,ACTIVE,2018-06-18 20:47:43
ACC_1003307,C_102197,BUSINESS,289337.95,ACTIVE,2018-07-04 08:19:43
ACC_1003308,C_102198,SAVINGS,68545.95,ACTIVE,2018-11-08 04:06:20
ACC_1003309,C_102199,SAVINGS,50164.3,ACTIVE,2019-12-26 23:11:47
ACC_1003310,C_102200,SAVINGS,3550.91,ACTIVE,2020-05-26 06:27:11
ACC_1003311,C_102201,BUSINESS,119739.61,ACTIVE,2020-06-23 11:26:18
ACC_1003312,C_102202,CURRENT,2950.47,ACTIVE,2023-05-26 01:47:01
ACC_1003313,C_102202,SAVINGS,74512.86,ACTIVE,2023-05-03 11:55:01
ACC_1003314,C_102203,BUSINESS,36944.03,ACTIVE,2024-10-28 16:51:34
ACC_1003315,C_102204,BUSINESS,102779.37,DORMANT,2024-12-09 12:52:09
ACC_1003316,C_102204,CURRENT,3497.41,ACTIVE,2024-12-02 07:39:09
ACC_1003317,C_102205,SAVINGS,40615.55,ACTIVE,2016-10-20 16:00:32
ACC_1003318,C_102206,CURRENT,814.96,ACTIVE,2023-07-11 00:31:30
ACC_1003319,C_102206,SAVINGS,19740.94,ACTIVE,2023-08-03 10:27:30
ACC_1003320,C_102207,CURRENT,8673.91,ACTIVE,2020-01-12 02:15:50
ACC_1003321,C_102208,BUSINESS,69476.69,ACTIVE,2018-05-06 02:50:37
ACC_1003322,C_102209,BUSINESS,1500000.0,ACTIVE,2016-06-05 11:27:18
ACC_1003323,C_102210,BUSINESS,152097.95,ACTIVE,2016-12-10 04:00:57
ACC_1003324,C_102210,BUSINESS,244145.63,ACTIVE,2016-12-01 21:17:57
ACC_1003325,C_102211,SAVINGS,5635.98,ACTIVE,2023-10-28 15:07:59
ACC_1003326,C_102212,BUSINESS,143848.13,DORMANT,2023-03-21 04:12:23
ACC_1003327,C_102213,CURRENT,2093.14,ACTIVE,2019-09-23 15:20:30
ACC_1003328,C_102213,BUSINESS,17243.27,ACTIVE,2019-10-01 21:48:30
ACC_1003329,C_102213,BUSINESS,128742.38,ACTIVE,2019-10-03 18:30:30
ACC_1003330,C_102214,CURRENT,4399.41,ACTIVE,2016-08-02 22:17:20
ACC_1003331,C_102215,CURRENT,534.79,ACTIVE,2022-05-18 05:04:17
ACC_1003332,C_102216,SAVINGS,2216.52,ACTIVE,2022-05-13 06:49:12
ACC_1003333,C_102217,SAVINGS,67743.34,ACTIVE,2022-07-03 00:50:17
ACC_1003334,C_102218,BUSINESS,59441.34,ACTIVE,2016-05-28 09:08:21
ACC_1003335,C_102218,CURRENT,5916.64,ACTIVE,2016-05-30 21:00:21
ACC_1003336,C_102219,BUSINESS,6634.13,ACTIVE,2024-05-09 21:26:29
ACC_1003337,C_102219,BUSINESS,191319.34,ACTIVE,2024-04-24 22:45:29
ACC_1003338,C_102220,CURRENT,482.46,ACTIVE,2025-12-09 18:40:09
ACC_1003339,C_102221,SAVINGS,3100.63,ACTIVE,2022-08-29 17:33:53
ACC_1003340,C_102222,BUSINESS,27133.32,ACTIVE,2020-09-06 07:25:49
ACC_1003341,C_102223,BUSINESS,1000.0,DORMANT,2021-12-10 21:01:04
ACC_1003342,C_102223,SAVINGS,14423.07,ACTIVE,2021-11-29 04:34:04
ACC_1003343,C_102224,BUSINESS,46237.39,ACTIVE,2023-06-11 20:37:27
ACC_1003344,C_102225,CURRENT,1554.35,ACTIVE,2019-06-23 10:29:54
ACC_1003345,C_102225,CURRENT,1734.0,ACTIVE,2019-06-18 13:20:54
ACC_1003346,C_102226,BUSINESS,357401.53,ACTIVE,2025-05-22 09:26:39
ACC_1003347,C_102226,SAVINGS,14336.49,ACTIVE,2025-05-20 06:58:39
ACC_1003348,C_102226,SAVINGS,5279.42,ACTIVE,2025-05-10 15:23:39
ACC_1003349,C_102227,SAVINGS,34723.48,ACTIVE,2016-03-30 20:29:40
ACC_1003350,C_102227,SAVINGS,47668.36,ACTIVE,2016-04-09 23:04:40
ACC_1003351,C_102228,BUSINESS,47754.19,ACTIVE,2017-07-03 08:38:36
ACC_1003352,C_102228,SAVINGS,36350.93,ACTIVE,2017-07-10 07:06:36
ACC_1003353,C_102228,BUSINESS,38222.65,ACTIVE,2017-07-04 20:21:36
ACC_1003354,C_102229,SAVINGS,42772.64,ACTIVE,2023-04-15 08:22:10
ACC_1003355,C_102229,BUSINESS,12133.78,ACTIVE,2023-03-21 06:56:10
ACC_1003356,C_102230,SAVINGS,39256.64,DORMANT,2021-01-11 16:34:59
ACC_1003357,C_102230,CURRENT,468.27,ACTIVE,2020-12-31 00:34:59
ACC_1003358,C_102231,CURRENT,1034.56,ACTIVE,2025-08-04 19:18:50
ACC_1003359,C_102232,BUSINESS,123790.9,ACTIVE,2025-01-21 22:52:16
ACC_1003360,C_102233,SAVINGS,4707.77,ACTIVE,2017-09-14 11:37:36
ACC_1003361,C_102234,SAVINGS,15017.35,ACTIVE,2020-06-15 12:58:44
ACC_1003362,C_102235,SAVINGS,8202.94,ACTIVE,2020-11-27 09:54:19
ACC_1003363,C_102236,BUSINESS,51842.77,ACTIVE,2018-12-07 07:00:54
ACC_1003364,C_102237,SAVINGS,127813.7,ACTIVE,2025-12-12 22:46:10
ACC_1003365,C_102237,SAVINGS,29340.94,ACTIVE,2025-12-18 07:17:10
ACC_1003366,C_102238,CURRENT,289.52,ACTIVE,2018-04-01 20:09:15
ACC_1003367,C_102239,SAVINGS,11225.27,ACTIVE,2023-06-17 02:52:42
ACC_1003368,C_102240,CURRENT,1140.03,DORMANT,2025-05-02 18:24:12
ACC_1003369,C_102241,SAVINGS,2471.25,ACTIVE,2020-05-10 19:58:38
ACC_1003370,C_102241,SAVINGS,87687.67,ACTIVE,2020-04-25 15:57:38
ACC_1003371,C_102242,BUSINESS,15033.3,ACTIVE,2019-01-08 00:05:23
ACC_1003372,C_102242,CURRENT,565.83,ACTIVE,2018-12-19 08:47:23
ACC_1003373,C_102242,BUSINESS,8879.39,ACTIVE,2018-12-22 10:43:23
ACC_1003374,C_102243,CURRENT,5217.46,ACTIVE,2024-12-06 04:39:52
ACC_1003375,C_102244,BUSINESS,22729.95,ACTIVE,2018-02-06 05:38:39
ACC_1003376,C_102245,CURRENT,214.55,ACTIVE,2021-11-02 20:26:55
ACC_1003377,C_102245,CURRENT,1004.96,ACTIVE,2021-11-06 00:56:55
ACC_1003378,C_102245,BUSINESS,96277.65,ACTIVE,2021-11-03 10:57:55
ACC_1003379,C_102246,SAVINGS,34908.06,ACTIVE,2016-02-14 09:49:50
ACC_1003380,C_102246,BUSINESS,67274.72,ACTIVE,2016-03-10 07:26:50
ACC_1003381,C_102246,SAVINGS,8264.15,ACTIVE,2016-02-19 22:17:50
ACC_1003382,C_102247,BUSINESS,155184.53,ACTIVE,2017-05-18 17:06:29
ACC_1003383,C_102247,BUSINESS,829758.7,ACTIVE,2017-05-19 23:37:29
ACC_1003384,C_102247,SAVINGS,25562.83,DORMANT,2017-05-31 20:49:29
ACC_1003385,C_102248,SAVINGS,17655.64,ACTIVE,2024-06-07 07:01:32
ACC_1003386,C_102249,CURRENT,1665.87,ACTIVE,2018-08-20 21:51:47
ACC_1003387,C_102250,BUSINESS,1765.77,ACTIVE,2024-11-28 20:28:56
ACC_1003388,C_102251,BUSINESS,62545.55,ACTIVE,2024-09-16 16:05:47
ACC_1003389,C_102252,SAVINGS,1643.91,ACTIVE,2020-12-27 06:36:29
ACC_1003390,C_102252,SAVINGS,4324.55,ACTIVE,2020-12-15 05:55:29
ACC_1003391,C_102253,CURRENT,1258.28,ACTIVE,2023-03-28 15:25:29
ACC_1003392,C_102254,BUSINESS,67473.63,ACTIVE,2022-10-20 09:08:30
ACC_1003393,C_102255,SAVINGS,12665.12,ACTIVE,2021-01-04 22:44:36
ACC_1003394,C_102255,BUSINESS,70964.67,ACTIVE,2020-12-20 18:07:36
ACC_1003395,C_102256,BUSINESS,34070.13,ACTIVE,2022-09-24 14:56:36
ACC_1003396,C_102256,SAVINGS,74832.07,ACTIVE,2022-10-03 14:01:36
ACC_1003397,C_102257,SAVINGS,17422.12,ACTIVE,2021-10-04 15:58:04
ACC_1003398,C_102258,BUSINESS,177667.61,DORMANT,2024-11-29 14:34:59
ACC_1003399,C_102259,SAVINGS,11760.59,ACTIVE,2019-11-26 12:27:36
ACC_1003400,C_102260,CURRENT,1791.11,ACTIVE,2017-03-09 04:45:58
ACC_1003401,C_102261,BUSINESS,2158.25,ACTIVE,2024-08-25 17:56:58
ACC_1003402,C_102261,CURRENT,2355.26,ACTIVE,2024-08-22 23:02:58
ACC_1003403,C_102262,CURRENT,7116.15,ACTIVE,2018-11-05 05:18:16
ACC_1003404,C_102263,CURRENT,977.24,ACTIVE,2023-09-02 06:29:08
ACC_1003405,C_102264,CURRENT,1807.37,ACTIVE,2024-04-24 12:28:17
ACC_1003406,C_102265,CURRENT,6999.4,ACTIVE,2025-11-15 17:37:27
ACC_1003407,C_102266,CURRENT,1939.71,ACTIVE,2019-01-30 23:40:59
ACC_1003408,C_102267,BUSINESS,4679.43,DORMANT,2019-12-10 05:56:54
ACC_1003409,C_102267,SAVINGS,17630.68,ACTIVE,2019-12-21 06:05:54
ACC_1003410,C_102267,BUSINESS,37678.71,ACTIVE,2019-12-28 03:17:54
ACC_1003411,C_102268,SAVINGS,28381.54,ACTIVE,2020-06-19 07:14:05
ACC_1003412,C_102269,CURRENT,344.36,ACTIVE,2021-08-13 11:43:49
ACC_1003413,C_102269,BUSINESS,81695.32,ACTIVE,2021-08-08 22:25:49
ACC_1003414,C_102270,CURRENT,1565.26,ACTIVE,2026-01-07 06:26:25
ACC_1003415,C_102270,SAVINGS,15481.82,ACTIVE,2025-12-17 11:00:25
ACC_1003416,C_102271,CURRENT,1632.69,ACTIVE,2019-04-07 13:39:38
ACC_1003417,C_102271,BUSINESS,148493.96,ACTIVE,2019-04-15 03:02:38
ACC_1003418,C_102272,CURRENT,8855.08,ACTIVE,2024-07-11 16:25:26
ACC_1003419,C_102273,CURRENT,1167.26,ACTIVE,2025-04-23 01:29:42
ACC_1003420,C_102273,CURRENT,3392.1,ACTIVE,2025-04-29 04:45:42
ACC_1003421,C_102274,BUSINESS,31608.19,ACTIVE,2021-10-29 05:30:07
ACC_1003422,C_102275,BUSINESS,50370.76,ACTIVE,2024-07-14 04:01:21
ACC_1003423,C_102275,SAVINGS,1642.26,ACTIVE,2024-07-28 23:35:21
ACC_1003424,C_102276,BUSINESS,12502.6,ACTIVE,2016-10-21 07:40:16
ACC_1003425,C_102277,BUSINESS,24252.19,ACTIVE,2017-10-09 18:32:14
ACC_1003426,C_102278,BUSINESS,5404.71,ACTIVE,2016-09-10 23:54:47
ACC_1003427,C_102278,SAVINGS,7481.57,ACTIVE,2016-09-15 18:54:47
ACC_1003428,C_102279,SAVINGS,28147.22,ACTIVE,2021-09-07 00:13:31
ACC_1003429,C_102280,BUSINESS,21608.26,ACTIVE,2020-05-23 10:33:18
ACC_1003430,C_102280,SAVINGS,6392.49,ACTIVE,2020-05-17 06:59:18
ACC_1003431,C_102281,SAVINGS,4383.3,ACTIVE,2022-09-22 03:50:01
ACC_1003432,C_102282,SAVINGS,6922.11,ACTIVE,2020-11-22 21:46:23
ACC_1003433,C_102282,CURRENT,3029.33,ACTIVE,2020-12-06 06:40:23
ACC_1003434,C_102283,BUSINESS,523671.36,ACTIVE,2018-07-07 15:56:20
ACC_1003435,C_102283,SAVINGS,12490.95,ACTIVE,2018-06-25 14:44:20
ACC_1003436,C_102283,BUSINESS,14816.94,ACTIVE,2018-07-05 23:39:20
ACC_1003437,C_102284,BUSINESS,4955.84,ACTIVE,2022-12-03 20:09:25
ACC_1003438,C_102285,BUSINESS,16226.17,ACTIVE,2017-02-12 07:22:38
ACC_1003439,C_102286,BUSINESS,86729.07,ACTIVE,2025-10-26 13:51:41
ACC_1003440,C_102287,CURRENT,3505.35,ACTIVE,2025-10-18 22:52:30
ACC_1003441,C_102288,SAVINGS,11069.97,ACTIVE,2021-12-29 00:49:14
ACC_1003442,C_102289,CURRENT,1760.11,ACTIVE,2025-02-09 19:59:33
ACC_1003443,C_102290,BUSINESS,17530.86,ACTIVE,2020-12-05 19:13:17
ACC_1003444,C_102291,BUSINESS,17136.43,ACTIVE,2022-11-16 13:36:50
ACC_1003445,C_102291,CURRENT,2273.56,ACTIVE,2022-11-18 05:55:50
ACC_1003446,C_102292,CURRENT,571.08,ACTIVE,2017-04-26 06:14:40
ACC_1003447,C_102293,CURRENT,608.04,ACTIVE,2024-10-17 03:14:22
ACC_1003448,C_102294,SAVINGS,134.48,ACTIVE,2017-10-01 15:34:35
ACC_1003449,C_102294,CURRENT,2108.71,ACTIVE,2017-09-16 23:51:35
ACC_1003450,C_102294,SAVINGS,19396.97,ACTIVE,2017-09-30 23:55:35
ACC_1003451,C_102295,BUSINESS,1055969.83,ACTIVE,2022-10-09 21:12:16
ACC_1003452,C_102295,CURRENT,3922.03,ACTIVE,2022-10-19 12:58:16
ACC_1003453,C_102295,SAVINGS,7232.86,ACTIVE,2022-09-27 05:27:16
ACC_1003454,C_102296,CURRENT,6170.44,ACTIVE,2020-05-07 10:46:28
ACC_1003455,C_102297,BUSINESS,92990.4,DORMANT,2016-02-15 13:12:45
ACC_1003456,C_102297,SAVINGS,33279.35,ACTIVE,2016-01-30 03:42:45
ACC_1003457,C_102298,CURRENT,1043.79,ACTIVE,2021-04-21 21:07:21
ACC_1003458,C_102299,CURRENT,2955.29,ACTIVE,2022-01-08 02:11:12
ACC_1003459,C_102300,BUSINESS,46432.97,ACTIVE,2016-03-13 01:39:09
ACC_1003460,C_102300,SAVINGS,17593.61,ACTIVE,2016-03-28 02:47:09
ACC_1003461,C_102301,SAVINGS,1790.26,ACTIVE,2017-12-11 18:50:08
ACC_1003462,C_102302,SAVINGS,28712.46,ACTIVE,2021-09-26 18:38:48
ACC_1003463,C_102302,SAVINGS,35957.85,ACTIVE,2021-09-22 22:15:48
ACC_1003464,C_102303,SAVINGS,22222.36,ACTIVE,2023-03-14 17:18:43
ACC_1003465,C_102303,SAVINGS,16977.67,ACTIVE,2023-02-19 08:51:43
ACC_1003466,C_102304,BUSINESS,449514.93,ACTIVE,2017-08-15 01:33:36
ACC_1003467,C_102305,SAVINGS,17106.22,ACTIVE,2016-02-05 12:13:35
ACC_1003468,C_102306,CURRENT,3994.48,ACTIVE,2022-12-15 12:35:19
ACC_1003469,C_102306,BUSINESS,395488.58,ACTIVE,2023-01-01 00:30:19
ACC_1003470,C_102307,SAVINGS,79210.16,ACTIVE,2020-09-01 07:42:20
ACC_1003471,C_102307,BUSINESS,64721.04,ACTIVE,2020-09-03 15:51:20
ACC_1003472,C_102308,BUSINESS,313916.62,DORMANT,2022-07-26 07:25:51
ACC_1003473,C_102309,BUSINESS,6605.56,ACTIVE,2022-10-16 20:53:05
ACC_1003474,C_102310,SAVINGS,48520.44,ACTIVE,2021-02-25 14:22:22
ACC_1003475,C_102310,BUSINESS,125188.31,ACTIVE,2021-02-23 03:13:22
ACC_1003476,C_102311,SAVINGS,13731.38,DORMANT,2018-01-16 21:06:02
ACC_1003477,C_102312,CURRENT,3363.6,ACTIVE,2022-02-05 15:45:01
ACC_1003478,C_102313,SAVINGS,57837.3,ACTIVE,2022-09-27 17:29:52
ACC_1003479,C_102313,BUSINESS,17865.69,ACTIVE,2022-10-02 09:59:52
ACC_1003480,C_102313,SAVINGS,12421.16,ACTIVE,2022-09-14 08:43:52
ACC_1003481,C_102314,BUSINESS,46735.62,ACTIVE,2021-01-09 13:37:29
ACC_1003482,C_102314,SAVINGS,4580.82,ACTIVE,2021-01-30 00:01:29
ACC_1003483,C_102315,BUSINESS,107337.81,ACTIVE,2025-10-17 11:49:56
ACC_1003484,C_102316,SAVINGS,39296.67,ACTIVE,2018-03-03 16:23:25
ACC_1003485,C_102317,CURRENT,239.03,ACTIVE,2024-02-05 03:14:36
ACC_1003486,C_102317,SAVINGS,30026.8,ACTIVE,2024-02-21 14:23:36
ACC_1003487,C_102318,SAVINGS,24605.54,ACTIVE,2024-06-05 16:20:44
ACC_1003488,C_102318,SAVINGS,14942.83,ACTIVE,2024-06-16 06:14:44
ACC_1003489,C_102319,SAVINGS,5301.27,ACTIVE,2020-10-06 21:26:20
ACC_1003490,C_102319,SAVINGS,14587.67,ACTIVE,2020-10-23 04:21:20
ACC_1003491,C_102320,CURRENT,969.09,ACTIVE,2019-11-15 08:53:21
ACC_1003492,C_102321,BUSINESS,196715.75,ACTIVE,2025-08-20 11:03:57
ACC_1003493,C_102322,CURRENT,2189.57,ACTIVE,2019-06-14 23:19:14
ACC_1003494,C_102323,SAVINGS,18889.56,ACTIVE,2025-07-30 16:04:17
ACC_1003495,C_102324,CURRENT,1922.62,ACTIVE,2024-03-29 10:29:33
ACC_1003496,C_102324,SAVINGS,13908.48,ACTIVE,2024-03-24 21:41:33
ACC_1003497,C_102325,BUSINESS,209280.04,ACTIVE,2016-10-08 03:18:45
ACC_1003498,C_102326,BUSINESS,19565.8,DORMANT,2022-01-14 15:04:38
ACC_1003499,C_102327,SAVINGS,3236.73,ACTIVE,2018-02-05 17:58:45
ACC_1003500,C_102328,SAVINGS,5770.92,ACTIVE,2019-10-09 04:50:05
ACC_1003501,C_102329,SAVINGS,15135.17,ACTIVE,2019-01-29 22:10:15
ACC_1003502,C_102329,SAVINGS,11681.87,ACTIVE,2019-02-02 06:02:15
ACC_1003503,C_102330,SAVINGS,2160.77,ACTIVE,2021-12-07 06:45:10
ACC_1003504,C_102331,CURRENT,1230.9,ACTIVE,2022-10-25 15:57:50
ACC_1003505,C_102332,CURRENT,5033.15,ACTIVE,2022-01-07 14:44:43
ACC_1003506,C_102332,SAVINGS,16756.52,ACTIVE,2021-12-27 03:23:43
ACC_1003507,C_102333,SAVINGS,16591.48,ACTIVE,2021-10-21 09:39:25
ACC_1003508,C_102333,CURRENT,807.83,ACTIVE,2021-10-19 11:09:25
ACC_1003509,C_102334,SAVINGS,2989.98,DORMANT,2018-04-03 01:21:03
ACC_1003510,C_102335,SAVINGS,3880.71,ACTIVE,2021-01-08 06:24:52
ACC_1003511,C_102335,CURRENT,557.44,ACTIVE,2021-01-13 21:08:52
ACC_1003512,C_102335,BUSINESS,99107.15,ACTIVE,2021-01-28 03:15:52
ACC_1003513,C_102336,BUSINESS,22060.5,ACTIVE,2025-03-02 14:28:10
ACC_1003514,C_102336,SAVINGS,36608.58,ACTIVE,2025-02-26 15:46:10
ACC_1003515,C_102336,CURRENT,2254.62,ACTIVE,2025-03-06 00:23:10
ACC_1003516,C_102337,BUSINESS,7886.12,DORMANT,2018-02-11 04:21:03
ACC_1003517,C_102337,SAVINGS,27213.72,DORMANT,2018-02-15 08:42:03
ACC_1003518,C_102338,BUSINESS,274191.25,ACTIVE,2017-11-20 11:27:18
ACC_1003519,C_102339,CURRENT,531.69,ACTIVE,2020-04-19 10:53:18
ACC_1003520,C_102340,BUSINESS,53570.45,ACTIVE,2016-05-16 03:27:40
ACC_1003521,C_102341,CURRENT,407.21,DORMANT,2021-12-31 20:50:04
ACC_1003522,C_102342,SAVINGS,1679.59,ACTIVE,2019-04-16 22:54:48
ACC_1003523,C_102343,SAVINGS,11493.61,ACTIVE,2022-12-19 10:13:38
ACC_1003524,C_102344,BUSINESS,58514.08,ACTIVE,2025-04-10 00:10:01
ACC_1003525,C_102345,CURRENT,944.51,ACTIVE,2022-09-16 14:51:09
ACC_1003526,C_102346,CURRENT,1006.69,ACTIVE,2021-12-23 00:26:37
ACC_1003527,C_102347,BUSINESS,48698.72,ACTIVE,2019-09-28 11:28:20
ACC_1003528,C_102348,SAVINGS,1577.85,DORMANT,2019-01-20 08:38:15
ACC_1003529,C_102348,SAVINGS,3312.13,ACTIVE,2019-01-21 00:51:15
ACC_1003530,C_102348,BUSINESS,21617.43,ACTIVE,2018-12-30 03:46:15
ACC_1003531,C_102349,SAVINGS,9855.86,ACTIVE,2018-01-28 20:38:26
ACC_1003532,C_102350,BUSINESS,40536.0,ACTIVE,2024-09-25 22:14:56
ACC_1003533,C_102350,SAVINGS,74827.05,ACTIVE,2024-09-12 18:19:56
ACC_1003534,C_102351,SAVINGS,25588.47,ACTIVE,2024-04-30 08:24:17
ACC_1003535,C_102352,CURRENT,635.16,ACTIVE,2016-07-19 11:33:09
ACC_1003536,C_102353,CURRENT,1633.84,ACTIVE,2025-04-09 04:25:17
ACC_1003537,C_102354,CURRENT,2581.87,ACTIVE,2024-05-27 17:54:58
ACC_1003538,C_102355,BUSINESS,17257.4,ACTIVE,2018-10-06 00:51:50
ACC_1003539,C_102356,CURRENT,1544.05,ACTIVE,2019-12-21 10:19:54
ACC_1003540,C_102357,SAVINGS,11991.95,ACTIVE,2017-06-07 23:42:18
ACC_1003541,C_102357,BUSINESS,899117.21,ACTIVE,2017-06-16 14:41:18
ACC_1003542,C_102357,SAVINGS,37655.85,ACTIVE,2017-06-04 14:05:18
ACC_1003543,C_102358,SAVINGS,59213.9,ACTIVE,2023-11-06 02:53:50
ACC_1003544,C_102359,BUSINESS,222694.76,ACTIVE,2019-12-11 06:03:21
ACC_1003545,C_102360,CURRENT,1392.23,DORMANT,2016-09-30 23:33:32
ACC_1003546,C_102361,SAVINGS,1394.09,ACTIVE,2021-01-28 05:31:04
ACC_1003547,C_102362,SAVINGS,250000.0,DORMANT,2025-11-15 07:32:43
ACC_1003548,C_102362,CURRENT,4349.04,ACTIVE,2025-11-07 20:41:43
ACC_1003549,C_102362,SAVINGS,1757.08,ACTIVE,2025-11-24 09:42:43
ACC_1003550,C_102363,CURRENT,4211.86,ACTIVE,2021-09-26 04:31:15
ACC_1003551,C_102364,CURRENT,1578.85,ACTIVE,2019-05-23 05:02:51
ACC_1003552,C_102365,CURRENT,1123.89,ACTIVE,2020-08-28 09:19:12
ACC_1003553,C_102365,CURRENT,2076.55,ACTIVE,2020-09-06 05:53:12
ACC_1003554,C_102365,CURRENT,789.25,ACTIVE,2020-08-22 11:48:12
ACC_1003555,C_102366,BUSINESS,666657.63,ACTIVE,2019-10-14 19:56:37
ACC_1003556,C_102366,CURRENT,2742.2,ACTIVE,2019-10-11 00:31:37
ACC_1003557,C_102367,SAVINGS,894.91,ACTIVE,2023-07-29 20:08:48
ACC_1003558,C_102368,SAVINGS,108474.28,ACTIVE,2023-02-25 23:00:09
ACC_1003559,C_102369,BUSINESS,71728.69,ACTIVE,2024-12-26 17:17:50
ACC_1003560,C_102370,SAVINGS,6367.56,ACTIVE,2023-10-29 06:42:36
ACC_1003561,C_102370,CURRENT,903.52,ACTIVE,2023-11-14 00:35:36
ACC_1003562,C_102371,BUSINESS,46218.9,ACTIVE,2022-12-19 10:50:14
ACC_1003563,C_102371,CURRENT,1557.01,ACTIVE,2022-12-02 13:32:14
ACC_1003564,C_102372,SAVINGS,40354.85,ACTIVE,2024-06-14 04:24:04
ACC_1003565,C_102372,SAVINGS,27981.34,DORMANT,2024-06-16 02:55:04
ACC_1003566,C_102373,BUSINESS,29106.1,ACTIVE,2020-11-02 21:54:36
ACC_1003567,C_102374,BUSINESS,20772.05,ACTIVE,2018-05-07 19:15:25
ACC_1003568,C_102374,SAVINGS,14799.66,ACTIVE,2018-05-08 00:12:25
ACC_1003569,C_102375,BUSINESS,14877.92,ACTIVE,2022-03-05 00:21:29
ACC_1003570,C_102376,CURRENT,600.15,ACTIVE,2018-11-15 18:31:59
ACC_1003571,C_102377,BUSINESS,30955.62,ACTIVE,2025-04-06 06:28:21
ACC_1003572,C_102377,SAVINGS,8324.05,ACTIVE,2025-04-13 17:43:21
ACC_1003573,C_102378,CURRENT,20401.94,ACTIVE,2017-12-14 13:31:19
ACC_1003574,C_102379,BUSINESS,1500000.0,ACTIVE,2016-05-25 17:31:07
ACC_1003575,C_102380,CURRENT,1405.12,ACTIVE,2023-12-28 05:27:47
ACC_1003576,C_102381,SAVINGS,15491.28,ACTIVE,2020-03-21 13:43:43
ACC_1003577,C_102382,CURRENT,4014.2,ACTIVE,2017-08-28 05:24:13
ACC_1003578,C_102383,CURRENT,2117.79,ACTIVE,2022-06-26 07:44:49
ACC_1003579,C_102384,CURRENT,2422.9,ACTIVE,2019-01-16 09:18:31
ACC_1003580,C_102384,SAVINGS,8196.03,DORMANT,2018-12-30 10:34:31
ACC_1003581,C_102385,SAVINGS,9869.85,DORMANT,2016-06-09 17:48:20
ACC_1003582,C_102386,CURRENT,1681.1,ACTIVE,2016-02-28 05:35:10
ACC_1003583,C_102387,CURRENT,4172.47,DORMANT,2024-10-14 10:58:46
ACC_1003584,C_102388,CURRENT,1498.32,ACTIVE,2024-02-10 11:28:05
ACC_1003585,C_102388,CURRENT,681.35,ACTIVE,2024-02-27 05:28:05
ACC_1003586,C_102388,BUSINESS,1012603.71,ACTIVE,2024-02-09 10:08:05
ACC_1003587,C_102389,CURRENT,552.62,ACTIVE,2019-10-24 08:22:28
ACC_1003588,C_102390,BUSINESS,21721.5,ACTIVE,2025-01-04 04:13:04
ACC_1003589,C_102391,CURRENT,3295.31,ACTIVE,2024-10-18 19:59:36
ACC_1003590,C_102391,CURRENT,1476.09,ACTIVE,2024-09-29 01:47:36
ACC_1003591,C_102392,SAVINGS,50397.79,ACTIVE,2022-05-11 00:06:07
ACC_1003592,C_102392,CURRENT,5425.78,ACTIVE,2022-05-20 05:22:07
ACC_1003593,C_102393,SAVINGS,4481.21,ACTIVE,2017-05-28 07:31:30
ACC_1003594,C_102393,CURRENT,3463.59,ACTIVE,2017-05-17 04:59:30
ACC_1003595,C_102394,SAVINGS,4236.84,ACTIVE,2021-08-15 01:13:23
ACC_1003596,C_102394,CURRENT,4681.41,ACTIVE,2021-08-05 05:24:23
ACC_1003597,C_102395,CURRENT,4715.87,ACTIVE,2017-08-24 23:03:47
ACC_1003598,C_102396,SAVINGS,8841.7,ACTIVE,2020-07-01 10:07:38
ACC_1003599,C_102397,CURRENT,2784.35,ACTIVE,2024-05-11 01:32:28
ACC_1003600,C_102397,CURRENT,1204.27,DORMANT,2024-05-14 09:30:28
ACC_1003601,C_102397,BUSINESS,211020.82,ACTIVE,2024-05-27 07:38:28
ACC_1003602,C_102398,BUSINESS,11871.94,ACTIVE,2020-01-16 20:27:53
ACC_1003603,C_102399,CURRENT,6760.98,ACTIVE,2025-03-30 07:42:35
ACC_1003604,C_102400,SAVINGS,12615.26,ACTIVE,2016-06-09 06:48:04
ACC_1003605,C_102401,SAVINGS,56472.97,ACTIVE,2017-01-21 15:32:57
ACC_1003606,C_102402,SAVINGS,11234.55,ACTIVE,2021-06-02 08:28:36
ACC_1003607,C_102403,CURRENT,493.96,ACTIVE,2016-02-22 07:50:42
ACC_1003608,C_102403,BUSINESS,34002.08,ACTIVE,2016-03-10 09:38:42
ACC_1003609,C_102403,SAVINGS,21411.75,ACTIVE,2016-02-21 13:58:42
ACC_1003610,C_102404,CURRENT,5699.27,ACTIVE,2025-03-30 07:47:00
ACC_1003611,C_102405,CURRENT,2080.55,ACTIVE,2019-05-26 19:26:16
ACC_1003612,C_102406,BUSINESS,12339.96,ACTIVE,2018-04-06 17:40:36
ACC_1003613,C_102406,SAVINGS,428.07,ACTIVE,2018-04-28 01:18:36
ACC_1003614,C_102406,CURRENT,1854.1,ACTIVE,2018-04-26 11:18:36
ACC_1003615,C_102407,BUSINESS,5459.38,DORMANT,2021-01-29 00:12:21
ACC_1003616,C_102408,CURRENT,1459.16,DORMANT,2017-09-20 04:32:15
ACC_1003617,C_102409,CURRENT,2353.42,ACTIVE,2019-09-30 20:46:15
ACC_1003618,C_102410,CURRENT,1474.09,ACTIVE,2020-07-13 13:00:32
ACC_1003619,C_102411,CURRENT,2880.31,ACTIVE,2017-05-23 20:44:20
ACC_1003620,C_102411,SAVINGS,25313.67,ACTIVE,2017-05-10 06:55:20
ACC_1003621,C_102412,SAVINGS,16717.44,ACTIVE,2024-04-29 05:09:23
ACC_1003622,C_102413,BUSINESS,30659.26,ACTIVE,2023-08-17 17:35:01
ACC_1003623,C_102414,CURRENT,2947.38,ACTIVE,2024-04-04 08:17:50
ACC_1003624,C_102414,CURRENT,308.16,ACTIVE,2024-03-24 09:20:50
ACC_1003625,C_102414,SAVINGS,250000.0,DORMANT,2024-04-21 09:08:50
ACC_1003626,C_102415,CURRENT,1478.81,ACTIVE,2016-08-04 11:44:22
ACC_1003627,C_102416,BUSINESS,184845.27,ACTIVE,2017-02-24 16:44:43
ACC_1003628,C_102416,BUSINESS,109662.35,ACTIVE,2017-02-07 06:48:43
ACC_1003629,C_102417,SAVINGS,29330.16,ACTIVE,2022-10-16 09:16:03
ACC_1003630,C_102418,SAVINGS,3395.63,ACTIVE,2025-01-31 17:50:07
ACC_1003631,C_102418,CURRENT,2590.85,ACTIVE,2025-01-22 03:57:07
ACC_1003632,C_102419,BUSINESS,45465.31,DORMANT,2019-09-07 22:04:28
ACC_1003633,C_102420,SAVINGS,253.84,ACTIVE,2018-11-01 05:41:03
ACC_1003634,C_102421,CURRENT,687.95,ACTIVE,2016-09-03 20:21:39
ACC_1003635,C_102422,BUSINESS,5164.27,ACTIVE,2017-07-30 07:25:39
ACC_1003636,C_102422,SAVINGS,71101.05,ACTIVE,2017-07-19 20:20:39
ACC_1003637,C_102423,BUSINESS,824723.72,ACTIVE,2025-12-28 17:24:19
ACC_1003638,C_102424,BUSINESS,485070.83,ACTIVE,2019-09-03 00:01:58
ACC_1003639,C_102425,BUSINESS,103490.35,ACTIVE,2018-07-20 00:45:26
ACC_1003640,C_102425,SAVINGS,49423.14,ACTIVE,2018-07-02 22:15:26
ACC_1003641,C_102426,CURRENT,3906.17,ACTIVE,2023-10-07 05:10:36
ACC_1003642,C_102427,BUSINESS,164084.07,ACTIVE,2017-12-25 13:44:33
ACC_1003643,C_102427,CURRENT,874.07,ACTIVE,2017-12-28 07:43:33
ACC_1003644,C_102427,SAVINGS,10621.58,ACTIVE,2017-12-10 11:52:33
ACC_1003645,C_102428,CURRENT,3256.31,ACTIVE,2021-11-24 14:35:05
ACC_1003646,C_102429,SAVINGS,3577.34,ACTIVE,2023-01-17 16:45:16
ACC_1003647,C_102429,CURRENT,3202.39,ACTIVE,2023-01-15 23:16:16
ACC_1003648,C_102429,CURRENT,233.28,ACTIVE,2023-01-28 06:24:16
ACC_1003649,C_102430,SAVINGS,40586.48,ACTIVE,2024-09-07 07:47:48
ACC_1003650,C_102431,CURRENT,2085.71,ACTIVE,2018-07-02 13:34:01
ACC_1003651,C_102432,BUSINESS,246751.92,ACTIVE,2024-05-09 07:31:20
ACC_1003652,C_102433,CURRENT,392.4,ACTIVE,2020-10-07 01:26:28
ACC_1003653,C_102434,SAVINGS,780.24,ACTIVE,2023-09-07 11:04:43
ACC_1003654,C_102435,BUSINESS,206273.23,ACTIVE,2023-11-19 12:40:13
ACC_1003655,C_102436,SAVINGS,20156.24,ACTIVE,2025-08-13 20:19:16
ACC_1003656,C_102437,SAVINGS,40184.49,ACTIVE,2016-12-11 20:12:44
ACC_1003657,C_102438,BUSINESS,100118.2,ACTIVE,2017-04-19 06:02:40
ACC_1003658,C_102439,BUSINESS,175716.79,ACTIVE,2024-02-28 04:24:55
ACC_1003659,C_102440,CURRENT,786.94,ACTIVE,2023-03-21 13:47:31
ACC_1003660,C_102441,SAVINGS,20446.93,ACTIVE,2017-12-18 09:28:33
ACC_1003661,C_102442,BUSINESS,427877.12,ACTIVE,2023-07-17 05:07:56
ACC_1003662,C_102443,SAVINGS,31004.11,ACTIVE,2025-09-07 23:15:14
ACC_1003663,C_102444,CURRENT,291.45,ACTIVE,2018-01-30 06:45:29
ACC_1003664,C_102444,CURRENT,2573.34,ACTIVE,2018-01-24 08:51:29
ACC_1003665,C_102445,SAVINGS,51434.98,ACTIVE,2025-09-18 05:40:56
ACC_1003666,C_102446,SAVINGS,1277.46,ACTIVE,2024-06-03 03:16:24
ACC_1003667,C_102446,BUSINESS,29028.71,ACTIVE,2024-06-07 22:47:24
ACC_1003668,C_102447,BUSINESS,18221.91,ACTIVE,2018-09-16 01:51:59
ACC_1003669,C_102448,SAVINGS,56339.99,ACTIVE,2016-09-11 14:37:39
ACC_1003670,C_102448,CURRENT,2404.53,ACTIVE,2016-08-29 23:06:39
ACC_1003671,C_102449,BUSINESS,11560.85,ACTIVE,2016-08-13 21:24:09
ACC_1003672,C_102449,CURRENT,1401.66,ACTIVE,2016-08-14 22:19:09
ACC_1003673,C_102449,BUSINESS,5311.23,ACTIVE,2016-08-18 23:19:09
ACC_1003674,C_102450,SAVINGS,6198.72,ACTIVE,2025-04-07 13:23:22
ACC_1003675,C_102450,CURRENT,4348.45,ACTIVE,2025-03-24 18:14:22
ACC_1003676,C_102451,BUSINESS,169255.97,ACTIVE,2020-05-16 05:06:53
ACC_1003677,C_102451,SAVINGS,10259.52,ACTIVE,2020-05-17 03:35:53
ACC_1003678,C_102451,BUSINESS,41709.44,ACTIVE,2020-05-27 18:17:53
ACC_1003679,C_102452,BUSINESS,45249.22,ACTIVE,2017-02-28 12:20:02
ACC_1003680,C_102453,CURRENT,1112.03,DORMANT,2016-03-08 22:04:23
ACC_1003681,C_102453,SAVINGS,20434.39,ACTIVE,2016-03-07 23:13:23
ACC_1003682,C_102453,BUSINESS,47305.45,ACTIVE,2016-02-17 15:11:23
ACC_1003683,C_102454,SAVINGS,64190.99,ACTIVE,2023-12-30 06:16:47
ACC_1003684,C_102454,BUSINESS,224513.38,DORMANT,2023-12-28 21:23:47
ACC_1003685,C_102454,SAVINGS,18655.04,ACTIVE,2023-12-20 00:17:47
ACC_1003686,C_102455,BUSINESS,711758.68,ACTIVE,2021-05-10 20:34:35
ACC_1003687,C_102456,BUSINESS,29872.65,ACTIVE,2017-04-03 08:29:15
ACC_1003688,C_102457,SAVINGS,7359.49,ACTIVE,2018-04-21 13:11:22
ACC_1003689,C_102457,BUSINESS,47461.52,ACTIVE,2018-04-19 08:13:22
ACC_1003690,C_102458,SAVINGS,5056.96,ACTIVE,2022-01-21 03:11:27
ACC_1003691,C_102459,SAVINGS,5566.48,ACTIVE,2018-01-31 00:25:30
ACC_1003692,C_102460,BUSINESS,16485.67,ACTIVE,2025-09-24 16:22:21
ACC_1003693,C_102461,CURRENT,1868.73,DORMANT,2017-07-18 23:08:55
ACC_1003694,C_102462,CURRENT,152.04,ACTIVE,2020-04-16 23:18:44
ACC_1003695,C_102462,CURRENT,493.84,ACTIVE,2020-05-10 15:16:44
ACC_1003696,C_102463,SAVINGS,17240.23,ACTIVE,2023-09-23 10:58:48
ACC_1003697,C_102463,SAVINGS,85720.55,ACTIVE,2023-09-13 12:20:48
ACC_1003698,C_102463,SAVINGS,8169.77,ACTIVE,2023-09-19 13:54:48
ACC_1003699,C_102464,CURRENT,2001.26,ACTIVE,2020-02-13 16:27:17
ACC_1003700,C_102464,SAVINGS,6503.82,ACTIVE,2020-02-12 10:13:17
ACC_1003701,C_102464,BUSINESS,21231.87,ACTIVE,2020-02-23 09:41:17
ACC_1003702,C_102465,CURRENT,2442.68,ACTIVE,2021-05-25 20:14:04
ACC_1003703,C_102466,SAVINGS,5937.64,ACTIVE,2017-08-01 09:59:21
ACC_1003704,C_102467,BUSINESS,136132.42,ACTIVE,2024-05-02 02:03:36
ACC_1003705,C_102468,SAVINGS,3154.07,ACTIVE,2020-03-12 22:29:41
ACC_1003706,C_102469,SAVINGS,70634.53,ACTIVE,2020-07-16 14:47:21
ACC_1003707,C_102470,CURRENT,14471.38,ACTIVE,2019-09-02 18:43:18
ACC_1003708,C_102470,SAVINGS,33161.61,ACTIVE,2019-09-05 14:48:18
ACC_1003709,C_102471,SAVINGS,2116.43,ACTIVE,2025-02-14 01:27:24
ACC_1003710,C_102471,CURRENT,3771.54,ACTIVE,2025-02-13 06:14:24
ACC_1003711,C_102472,CURRENT,229.8,ACTIVE,2025-10-01 23:32:50
ACC_1003712,C_102473,SAVINGS,13227.67,ACTIVE,2020-03-18 22:57:25
ACC_1003713,C_102474,SAVINGS,169135.48,ACTIVE,2023-03-04 22:52:38
ACC_1003714,C_102474,CURRENT,700.31,DORMANT,2023-03-20 15:37:38
ACC_1003715,C_102475,BUSINESS,103182.7,ACTIVE,2024-11-20 08:44:27
ACC_1003716,C_102476,CURRENT,7645.04,ACTIVE,2020-01-30 15:05:14
ACC_1003717,C_102477,CURRENT,346.94,ACTIVE,2024-07-18 20:18:03
ACC_1003718,C_102478,CURRENT,1068.54,ACTIVE,2019-06-14 16:06:39
ACC_1003719,C_102479,CURRENT,3295.3,DORMANT,2023-12-24 11:03:44
ACC_1003720,C_102479,BUSINESS,44115.4,DORMANT,2023-12-11 04:00:44
ACC_1003721,C_102480,BUSINESS,1500000.0,ACTIVE,2024-07-04 16:05:38
ACC_1003722,C_102481,SAVINGS,33279.87,ACTIVE,2025-06-04 04:10:55
ACC_1003723,C_102482,CURRENT,779.12,ACTIVE,2020-04-08 01:31:55
ACC_1003724,C_102483,CURRENT,1292.44,DORMANT,2017-08-04 12:46:21
ACC_1003725,C_102484,SAVINGS,80568.45,ACTIVE,2016-08-05 11:56:52
ACC_1003726,C_102485,BUSINESS,143998.78,ACTIVE,2018-09-14 09:31:16
ACC_1003727,C_102485,SAVINGS,6919.32,ACTIVE,2018-09-10 04:43:16
ACC_1003728,C_102486,CURRENT,1688.99,ACTIVE,2021-12-18 18:39:25
ACC_1003729,C_102487,BUSINESS,25931.96,ACTIVE,2025-08-13 20:58:40
ACC_1003730,C_102488,CURRENT,8015.62,ACTIVE,2024-04-28 20:42:47
ACC_1003731,C_102489,BUSINESS,431192.95,ACTIVE,2020-12-03 08:03:09
ACC_1003732,C_102489,CURRENT,940.68,ACTIVE,2020-12-04 11:23:09
ACC_1003733,C_102490,CURRENT,3886.37,ACTIVE,2025-09-09 16:57:08
ACC_1003734,C_102490,CURRENT,4549.88,DORMANT,2025-09-08 17:48:08
ACC_1003735,C_102491,CURRENT,3108.64,ACTIVE,2023-04-17 03:44:37
ACC_1003736,C_102492,SAVINGS,8044.24,ACTIVE,2021-07-15 03:24:53
ACC_1003737,C_102492,SAVINGS,7526.55,ACTIVE,2021-07-14 03:02:53
ACC_1003738,C_102493,CURRENT,1644.66,ACTIVE,2019-01-05 15:16:55
ACC_1003739,C_102494,SAVINGS,2648.76,ACTIVE,2022-07-11 21:00:10
ACC_1003740,C_102494,BUSINESS,599175.27,ACTIVE,2022-07-06 13:47:10
ACC_1003741,C_102494,BUSINESS,61173.38,ACTIVE,2022-07-24 00:21:10
ACC_1003742,C_102495,SAVINGS,116113.07,ACTIVE,2020-08-28 09:32:12
ACC_1003743,C_102496,CURRENT,1549.1,ACTIVE,2016-10-06 14:31:32
ACC_1003744,C_102496,BUSINESS,226054.49,ACTIVE,2016-09-10 15:41:32
ACC_1003745,C_102496,CURRENT,1316.63,ACTIVE,2016-10-04 08:26:32
ACC_1003746,C_102497,BUSINESS,1000.0,ACTIVE,2016-12-18 10:59:56
ACC_1003747,C_102497,CURRENT,6753.27,ACTIVE,2016-12-19 04:15:56
ACC_1003748,C_102498,SAVINGS,12706.7,ACTIVE,2019-03-01 23:23:59
ACC_1003749,C_102498,CURRENT,670.14,ACTIVE,2019-03-16 03:43:59
ACC_1003750,C_102499,BUSINESS,74120.54,ACTIVE,2022-04-15 07:37:38
ACC_1003751,C_102500,CURRENT,1083.0,ACTIVE,2024-04-02 05:49:34
ACC_1003752,C_102501,CURRENT,1014.91,ACTIVE,2024-07-14 08:40:32
ACC_1003753,C_102501,CURRENT,793.1,ACTIVE,2024-07-27 12:29:32
ACC_1003754,C_102501,CURRENT,4665.13,ACTIVE,2024-08-02 06:41:32
ACC_1003755,C_102502,BUSINESS,118064.32,ACTIVE,2018-07-03 19:48:21
ACC_1003756,C_102503,CURRENT,1422.61,ACTIVE,2020-10-04 03:27:38
ACC_1003757,C_102504,BUSINESS,33627.88,ACTIVE,2020-01-17 06:35:43
ACC_1003758,C_102505,SAVINGS,6364.97,ACTIVE,2021-09-20 01:58:02
ACC_1003759,C_102505,CURRENT,2354.93,ACTIVE,2021-09-30 23:42:02
ACC_1003760,C_102506,CURRENT,1003.35,ACTIVE,2025-07-29 14:08:24
ACC_1003761,C_102507,CURRENT,529.24,ACTIVE,2025-07-07 21:42:12
ACC_1003762,C_102508,CURRENT,1815.05,ACTIVE,2017-10-15 10:11:18
ACC_1003763,C_102508,BUSINESS,150479.08,ACTIVE,2017-10-16 14:27:18
ACC_1003764,C_102508,SAVINGS,30713.61,ACTIVE,2017-10-30 18:00:18
ACC_1003765,C_102509,BUSINESS,40895.54,ACTIVE,2023-05-12 20:24:55
ACC_1003766,C_102510,CURRENT,2021.79,DORMANT,2016-06-07 20:49:47
ACC_1003767,C_102511,CURRENT,4469.9,ACTIVE,2018-05-10 17:12:40
ACC_1003768,C_102512,CURRENT,1019.95,ACTIVE,2022-09-17 12:36:15
ACC_1003769,C_102513,SAVINGS,3961.05,ACTIVE,2024-11-14 02:43:39
ACC_1003770,C_102514,CURRENT,5505.1,ACTIVE,2018-10-09 17:38:25
ACC_1003771,C_102514,CURRENT,9658.4,ACTIVE,2018-10-08 17:41:25
ACC_1003772,C_102515,SAVINGS,15732.98,ACTIVE,2016-10-25 01:35:31
ACC_1003773,C_102516,CURRENT,3154.65,ACTIVE,2021-02-06 12:58:53
ACC_1003774,C_102516,BUSINESS,241350.57,ACTIVE,2021-01-21 19:42:53
ACC_1003775,C_102516,SAVINGS,40250.94,ACTIVE,2021-01-28 21:30:53
ACC_1003776,C_102517,BUSINESS,8897.65,ACTIVE,2017-03-10 02:28:06
ACC_1003777,C_102518,CURRENT,465.19,ACTIVE,2021-05-08 06:28:46
ACC_1003778,C_102518,SAVINGS,3384.31,ACTIVE,2021-05-09 17:52:46
ACC_1003779,C_102519,CURRENT,1397.38,ACTIVE,2017-08-16 08:23:29
ACC_1003780,C_102520,SAVINGS,6624.29,ACTIVE,2025-11-02 02:49:13
ACC_1003781,C_102520,BUSINESS,10331.62,ACTIVE,2025-11-19 18:20:13
ACC_1003782,C_102521,CURRENT,2075.31,ACTIVE,2020-01-05 05:31:41
ACC_1003783,C_102522,SAVINGS,4148.36,ACTIVE,2017-03-30 01:39:17
ACC_1003784,C_102523,CURRENT,3425.34,ACTIVE,2018-12-27 20:49:17
ACC_1003785,C_102523,CURRENT,22349.23,ACTIVE,2018-12-29 03:40:17
ACC_1003786,C_102524,CURRENT,2409.22,ACTIVE,2021-08-24 10:01:07
ACC_1003787,C_102525,BUSINESS,100473.98,ACTIVE,2018-02-02 20:52:13
ACC_1003788,C_102525,BUSINESS,62766.74,ACTIVE,2018-01-09 09:52:13
ACC_1003789,C_102526,BUSINESS,4434.17,ACTIVE,2022-06-28 19:26:08
ACC_1003790,C_102527,SAVINGS,2074.5,ACTIVE,2020-02-01 02:11:58
ACC_1003791,C_102527,SAVINGS,9444.22,ACTIVE,2020-02-06 02:56:58
ACC_1003792,C_102527,CURRENT,88.72,DORMANT,2020-01-30 23:34:58
ACC_1003793,C_102528,BUSINESS,104907.19,ACTIVE,2025-12-12 11:55:26
ACC_1003794,C_102529,CURRENT,1981.76,ACTIVE,2024-04-17 01:56:53
ACC_1003795,C_102530,CURRENT,15432.05,ACTIVE,2017-12-26 17:27:17
ACC_1003796,C_102531,BUSINESS,98216.89,ACTIVE,2019-06-18 18:54:24
ACC_1003797,C_102532,BUSINESS,24018.1,ACTIVE,2017-11-03 11:27:04
ACC_1003798,C_102532,SAVINGS,48048.63,ACTIVE,2017-10-28 03:16:04
ACC_1003799,C_102532,CURRENT,1811.06,ACTIVE,2017-10-23 01:24:04
ACC_1003800,C_102533,CURRENT,1765.55,ACTIVE,2021-01-30 23:11:57
ACC_1003801,C_102534,CURRENT,32848.06,ACTIVE,2017-12-03 15:09:02
ACC_1003802,C_102535,CURRENT,2797.14,ACTIVE,2023-12-16 22:06:08
ACC_1003803,C_102536,SAVINGS,98432.81,ACTIVE,2025-04-30 14:44:37
ACC_1003804,C_102537,CURRENT,3126.03,ACTIVE,2023-04-27 13:55:56
ACC_1003805,C_102538,BUSINESS,18150.72,DORMANT,2020-03-23 22:48:38
ACC_1003806,C_102538,BUSINESS,519969.09,ACTIVE,2020-02-27 20:15:38
ACC_1003807,C_102539,CURRENT,2439.64,ACTIVE,2022-08-25 15:55:23
ACC_1003808,C_102540,BUSINESS,11192.88,ACTIVE,2021-03-06 07:23:21
ACC_1003809,C_102541,SAVINGS,7707.95,ACTIVE,2020-10-05 14:10:54
ACC_1003810,C_102542,BUSINESS,38425.43,ACTIVE,2020-01-14 22:06:33
ACC_1003811,C_102542,BUSINESS,8922.63,ACTIVE,2019-12-31 03:46:33
ACC_1003812,C_102543,BUSINESS,10608.62,ACTIVE,2020-12-29 08:50:45
ACC_1003813,C_102544,CURRENT,3663.82,ACTIVE,2020-08-17 08:20:29
ACC_1003814,C_102544,CURRENT,5849.85,ACTIVE,2020-08-31 11:07:29
ACC_1003815,C_102545,SAVINGS,7469.97,ACTIVE,2020-06-06 00:01:19
ACC_1003816,C_102546,CURRENT,1839.97,ACTIVE,2020-10-11 20:17:07
ACC_1003817,C_102547,SAVINGS,14111.14,ACTIVE,2025-03-14 12:46:05
ACC_1003818,C_102548,SAVINGS,26683.11,ACTIVE,2016-04-10 08:05:03
ACC_1003819,C_102548,BUSINESS,11422.26,ACTIVE,2016-03-29 02:21:03
ACC_1003820,C_102549,BUSINESS,28780.97,ACTIVE,2025-11-25 04:13:31
ACC_1003821,C_102549,SAVINGS,6529.18,ACTIVE,2025-12-04 13:00:31
ACC_1003822,C_102550,CURRENT,722.47,DORMANT,2017-11-26 14:26:27
ACC_1003823,C_102551,CURRENT,431.01,DORMANT,2022-06-09 05:39:12
ACC_1003824,C_102552,CURRENT,932.94,ACTIVE,2020-03-30 08:32:52
ACC_1003825,C_102553,CURRENT,119.61,ACTIVE,2020-11-25 08:31:34
ACC_1003826,C_102554,CURRENT,338.83,ACTIVE,2021-06-25 15:09:16
ACC_1003827,C_102554,SAVINGS,4108.63,ACTIVE,2021-05-29 03:44:16
ACC_1003828,C_102555,SAVINGS,19537.06,ACTIVE,2016-03-15 16:06:00
ACC_1003829,C_102556,SAVINGS,4753.53,ACTIVE,2025-07-08 03:38:34
ACC_1003830,C_102556,CURRENT,1068.91,ACTIVE,2025-07-26 02:51:34
ACC_1003831,C_102557,SAVINGS,46291.62,ACTIVE,2021-12-05 14:21:10
ACC_1003832,C_102557,SAVINGS,20657.04,ACTIVE,2021-12-02 22:54:10
ACC_1003833,C_102558,CURRENT,3535.92,ACTIVE,2021-02-12 23:58:56
ACC_1003834,C_102558,CURRENT,1428.33,ACTIVE,2021-02-05 05:07:56
ACC_1003835,C_102559,CURRENT,26556.1,ACTIVE,2020-05-09 14:45:49
ACC_1003836,C_102560,SAVINGS,23280.05,ACTIVE,2021-11-07 16:16:19
ACC_1003837,C_102561,CURRENT,11535.69,ACTIVE,2022-07-14 07:20:17
ACC_1003838,C_102562,BUSINESS,19434.46,ACTIVE,2022-05-08 18:34:10
ACC_1003839,C_102562,BUSINESS,294041.31,ACTIVE,2022-05-13 03:41:10
ACC_1003840,C_102563,CURRENT,955.71,ACTIVE,2016-06-18 07:41:50
ACC_1003841,C_102564,CURRENT,1875.26,ACTIVE,2016-05-18 07:16:51
ACC_1003842,C_102565,CURRENT,936.62,ACTIVE,2025-12-14 17:59:40
ACC_1003843,C_102566,SAVINGS,4224.55,ACTIVE,2022-06-21 09:00:17
ACC_1003844,C_102567,CURRENT,3710.57,ACTIVE,2020-11-19 19:24:55
ACC_1003845,C_102568,SAVINGS,20239.71,ACTIVE,2018-04-25 05:36:57
ACC_1003846,C_102568,SAVINGS,45075.16,ACTIVE,2018-05-07 20:30:57
ACC_1003847,C_102569,CURRENT,6068.06,ACTIVE,2024-07-14 00:06:01
ACC_1003848,C_102569,CURRENT,918.62,ACTIVE,2024-06-28 10:41:01
ACC_1003849,C_102570,BUSINESS,613676.49,ACTIVE,2023-08-05 23:25:06
ACC_1003850,C_102571,SAVINGS,10209.39,ACTIVE,2024-08-16 22:35:50
ACC_1003851,C_102572,BUSINESS,60157.37,ACTIVE,2025-06-01 17:12:40
ACC_1003852,C_102573,CURRENT,4406.87,ACTIVE,2025-02-28 14:28:30
ACC_1003853,C_102573,BUSINESS,18475.2,ACTIVE,2025-02-27 11:13:30
ACC_1003854,C_102574,BUSINESS,33300.95,ACTIVE,2025-03-03 12:25:01
ACC_1003855,C_102574,CURRENT,1153.43,ACTIVE,2025-03-07 04:25:01
ACC_1003856,C_102575,BUSINESS,27888.76,ACTIVE,2024-09-07 18:08:49
ACC_1003857,C_102575,BUSINESS,247017.73,ACTIVE,2024-09-29 02:24:49
ACC_1003858,C_102575,CURRENT,5942.85,ACTIVE,2024-08-31 05:02:49
ACC_1003859,C_102576,SAVINGS,38131.01,ACTIVE,2025-05-07 19:59:45
ACC_1003860,C_102576,CURRENT,9474.63,ACTIVE,2025-05-14 21:19:45
ACC_1003861,C_102576,SAVINGS,9077.49,ACTIVE,2025-05-25 08:52:45
ACC_1003862,C_102577,SAVINGS,12741.05,ACTIVE,2023-10-22 14:56:50
ACC_1003863,C_102577,CURRENT,2995.19,ACTIVE,2023-11-10 11:44:50
ACC_1003864,C_102578,BUSINESS,76359.79,ACTIVE,2022-11-20 18:02:19
ACC_1003865,C_102579,CURRENT,1239.8,ACTIVE,2020-03-02 03:09:37
ACC_1003866,C_102580,CURRENT,7249.58,ACTIVE,2017-09-22 14:16:35
ACC_1003867,C_102580,SAVINGS,1632.85,DORMANT,2017-08-30 10:12:35
ACC_1003868,C_102581,BUSINESS,31585.68,ACTIVE,2023-04-09 08:50:10
ACC_1003869,C_102582,BUSINESS,21047.7,ACTIVE,2024-07-28 05:08:10
ACC_1003870,C_102583,BUSINESS,917836.56,ACTIVE,2017-08-21 02:12:47
ACC_1003871,C_102583,SAVINGS,61526.56,ACTIVE,2017-08-31 20:02:47
ACC_1003872,C_102584,CURRENT,787.89,ACTIVE,2021-05-04 23:01:50
ACC_1003873,C_102584,CURRENT,12292.18,ACTIVE,2021-05-18 17:05:50
ACC_1003874,C_102585,BUSINESS,8574.22,ACTIVE,2016-06-06 06:37:03
ACC_1003875,C_102586,CURRENT,426.3,ACTIVE,2020-09-15 15:41:04
ACC_1003876,C_102587,BUSINESS,40201.47,ACTIVE,2018-02-02 19:27:33
ACC_1003877,C_102588,SAVINGS,24905.92,ACTIVE,2022-09-08 06:48:23
ACC_1003878,C_102589,BUSINESS,767337.87,ACTIVE,2020-08-15 19:48:08
ACC_1003879,C_102589,SAVINGS,13953.54,ACTIVE,2020-08-13 15:24:08
ACC_1003880,C_102590,BUSINESS,34455.72,ACTIVE,2021-02-14 20:12:07
ACC_1003881,C_102591,CURRENT,1043.72,ACTIVE,2019-09-09 04:58:29
ACC_1003882,C_102591,BUSINESS,83788.56,ACTIVE,2019-09-21 13:15:29
ACC_1003883,C_102592,CURRENT,4353.85,ACTIVE,2021-06-13 01:14:49
ACC_1003884,C_102593,BUSINESS,16035.1,DORMANT,2016-04-11 12:58:11
ACC_1003885,C_102594,SAVINGS,4500.04,DORMANT,2019-01-12 15:35:54
ACC_1003886,C_102595,CURRENT,6676.36,ACTIVE,2018-10-04 09:45:08
ACC_1003887,C_102596,SAVINGS,53006.45,ACTIVE,2018-11-29 19:08:57
ACC_1003888,C_102597,BUSINESS,153723.96,ACTIVE,2018-10-10 15:43:02
ACC_1003889,C_102597,CURRENT,1985.16,ACTIVE,2018-10-03 17:40:02
ACC_1003890,C_102598,BUSINESS,57668.14,DORMANT,2018-10-18 22:45:05
ACC_1003891,C_102599,CURRENT,711.87,ACTIVE,2018-08-10 02:18:44
ACC_1003892,C_102600,CURRENT,233.64,ACTIVE,2016-11-19 11:49:33
ACC_1003893,C_102600,CURRENT,10219.28,DORMANT,2016-10-30 11:26:33
ACC_1003894,C_102601,CURRENT,2056.74,ACTIVE,2018-02-12 22:41:16
ACC_1003895,C_102602,SAVINGS,28476.57,ACTIVE,2021-02-04 05:23:25
ACC_1003896,C_102603,CURRENT,3999.08,ACTIVE,2024-07-04 15:52:42
ACC_1003897,C_102603,CURRENT,2123.33,ACTIVE,2024-06-16 13:15:42
ACC_1003898,C_102603,BUSINESS,15522.66,ACTIVE,2024-06-13 21:55:42
ACC_1003899,C_102604,BUSINESS,654043.69,ACTIVE,2021-01-31 22:39:33
ACC_1003900,C_102605,SAVINGS,8585.86,ACTIVE,2021-12-13 01:23:11
ACC_1003901,C_102606,SAVINGS,9037.23,ACTIVE,2024-08-06 18:53:36
ACC_1003902,C_102607,CURRENT,3349.28,ACTIVE,2019-04-13 20:17:52
ACC_1003903,C_102608,CURRENT,1679.76,ACTIVE,2023-05-09 17:53:30
ACC_1003904,C_102608,SAVINGS,193943.9,ACTIVE,2023-05-08 23:42:30
ACC_1003905,C_102608,SAVINGS,7493.57,DORMANT,2023-05-04 14:53:30
ACC_1003906,C_102609,SAVINGS,1325.82,ACTIVE,2018-04-20 10:52:29
ACC_1003907,C_102610,BUSINESS,106384.03,ACTIVE,2020-12-12 03:45:46
ACC_1003908,C_102610,BUSINESS,423119.3,ACTIVE,2020-12-14 10:25:46
ACC_1003909,C_102611,SAVINGS,1765.01,ACTIVE,2019-09-18 05:12:46
ACC_1003910,C_102611,CURRENT,1714.49,ACTIVE,2019-09-12 18:06:46
ACC_1003911,C_102612,CURRENT,262.43,ACTIVE,2020-11-12 01:56:12
ACC_1003912,C_102613,CURRENT,4993.85,ACTIVE,2022-05-23 07:57:00
ACC_1003913,C_102613,BUSINESS,7861.37,ACTIVE,2022-06-05 20:14:00
ACC_1003914,C_102613,BUSINESS,73004.17,ACTIVE,2022-05-28 12:32:00
ACC_1003915,C_102614,SAVINGS,20064.69,ACTIVE,2020-02-21 09:10:24
ACC_1003916,C_102615,BUSINESS,941232.37,ACTIVE,2022-06-02 09:14:53
ACC_1003917,C_102616,SAVINGS,15384.31,ACTIVE,2019-07-14 12:43:33
ACC_1003918,C_102617,CURRENT,318.0,ACTIVE,2021-06-18 21:10:30
ACC_1003919,C_102618,CURRENT,1146.94,DORMANT,2019-12-19 19:31:40
ACC_1003920,C_102618,CURRENT,1466.73,ACTIVE,2019-12-30 14:52:40
ACC_1003921,C_102619,CURRENT,2825.62,ACTIVE,2025-05-07 13:49:48
ACC_1003922,C_102620,CURRENT,559.44,ACTIVE,2018-05-23 11:32:03
ACC_1003923,C_102620,CURRENT,1706.39,ACTIVE,2018-05-18 22:45:03
ACC_1003924,C_102621,SAVINGS,3208.5,ACTIVE,2019-02-03 06:04:52
ACC_1003925,C_102621,BUSINESS,288266.1,ACTIVE,2019-02-02 02:53:52
ACC_1003926,C_102622,SAVINGS,5331.32,ACTIVE,2024-06-09 13:18:43
ACC_1003927,C_102623,SAVINGS,22867.6,ACTIVE,2016-02-07 03:58:40
ACC_1003928,C_102624,BUSINESS,178388.36,ACTIVE,2025-08-08 15:18:29
ACC_1003929,C_102625,BUSINESS,92172.93,ACTIVE,2020-04-27 06:16:42
ACC_1003930,C_102626,SAVINGS,32719.44,ACTIVE,2019-12-12 15:33:42
ACC_1003931,C_102627,SAVINGS,60475.32,ACTIVE,2024-02-09 03:48:33
ACC_1003932,C_102627,BUSINESS,58206.63,ACTIVE,2024-01-31 13:53:33
ACC_1003933,C_102627,BUSINESS,19252.3,ACTIVE,2024-01-28 11:55:33
ACC_1003934,C_102628,SAVINGS,144577.94,DORMANT,2025-04-05 03:49:50
ACC_1003935,C_102628,CURRENT,1038.95,ACTIVE,2025-04-07 16:12:50
ACC_1003936,C_102629,BUSINESS,71031.43,ACTIVE,2019-07-20 07:17:05
ACC_1003937,C_102630,BUSINESS,284534.55,ACTIVE,2023-09-03 17:26:34
ACC_1003938,C_102631,CURRENT,8213.55,ACTIVE,2025-03-27 01:31:21
ACC_1003939,C_102632,BUSINESS,24355.97,ACTIVE,2022-01-22 13:24:11
ACC_1003940,C_102633,SAVINGS,3779.19,ACTIVE,2020-04-16 15:49:05
ACC_1003941,C_102634,SAVINGS,34724.1,ACTIVE,2024-02-18 16:43:05
ACC_1003942,C_102635,BUSINESS,65181.72,ACTIVE,2016-08-20 15:13:43
ACC_1003943,C_102635,SAVINGS,42079.89,ACTIVE,2016-08-12 08:36:43
ACC_1003944,C_102636,SAVINGS,18306.6,ACTIVE,2016-07-05 23:56:15
ACC_1003945,C_102637,CURRENT,6667.72,ACTIVE,2023-10-20 01:50:30
ACC_1003946,C_102638,SAVINGS,81118.65,ACTIVE,2017-03-08 21:49:15
ACC_1003947,C_102638,CURRENT,970.2,ACTIVE,2017-03-16 02:03:15
ACC_1003948,C_102639,SAVINGS,1966.36,ACTIVE,2020-07-08 09:07:24
ACC_1003949,C_102640,CURRENT,18048.74,ACTIVE,2023-07-27 19:53:11
ACC_1003950,C_102640,SAVINGS,3521.84,ACTIVE,2023-08-10 20:30:11
ACC_1003951,C_102641,BUSINESS,25384.79,ACTIVE,2021-05-13 14:22:35
ACC_1003952,C_102642,CURRENT,3400.51,ACTIVE,2026-01-15 15:53:33
ACC_1003953,C_102643,CURRENT,1377.51,ACTIVE,2022-07-04 12:20:50
ACC_1003954,C_102643,CURRENT,7125.1,ACTIVE,2022-06-26 15:38:50
ACC_1003955,C_102644,SAVINGS,43140.43,ACTIVE,2022-07-11 05:54:13
ACC_1003956,C_102645,BUSINESS,24091.01,ACTIVE,2020-03-25 06:41:02
ACC_1003957,C_102646,CURRENT,829.2,ACTIVE,2020-06-25 08:13:39
ACC_1003958,C_102647,CURRENT,4271.07,ACTIVE,2023-03-26 21:38:38
ACC_1003959,C_102648,BUSINESS,49071.34,ACTIVE,2017-05-30 03:32:14
ACC_1003960,C_102649,CURRENT,716.44,ACTIVE,2019-11-05 12:18:19
ACC_1003961,C_102650,CURRENT,430.39,ACTIVE,2022-09-29 04:32:59
ACC_1003962,C_102651,CURRENT,2043.43,DORMANT,2024-01-28 00:33:19
ACC_1003963,C_102652,SAVINGS,10762.38,ACTIVE,2019-08-14 16:56:08
ACC_1003964,C_102653,BUSINESS,118940.54,ACTIVE,2019-09-24 13:47:48
ACC_1003965,C_102654,BUSINESS,94484.58,DORMANT,2022-01-04 12:54:43
ACC_1003966,C_102655,BUSINESS,217753.69,ACTIVE,2022-10-07 11:29:27
ACC_1003967,C_102656,BUSINESS,25338.08,ACTIVE,2016-03-07 08:57:47
ACC_1003968,C_102657,BUSINESS,31237.2,ACTIVE,2025-09-10 00:06:51
ACC_1003969,C_102658,CURRENT,4259.34,ACTIVE,2016-10-07 00:41:28
ACC_1003970,C_102658,CURRENT,2494.53,ACTIVE,2016-10-14 09:39:28
ACC_1003971,C_102659,SAVINGS,50457.92,ACTIVE,2021-01-02 22:35:18
ACC_1003972,C_102660,CURRENT,1551.31,DORMANT,2021-12-11 07:47:16
ACC_1003973,C_102660,BUSINESS,499886.99,ACTIVE,2021-11-29 09:12:16
ACC_1003974,C_102661,SAVINGS,2314.61,ACTIVE,2022-08-22 19:59:01
ACC_1003975,C_102661,SAVINGS,6309.53,ACTIVE,2022-09-04 10:10:01
ACC_1003976,C_102662,BUSINESS,42837.56,ACTIVE,2020-02-29 22:06:02
ACC_1003977,C_102662,BUSINESS,191633.63,ACTIVE,2020-02-22 01:16:02
ACC_1003978,C_102662,SAVINGS,9029.63,ACTIVE,2020-03-06 17:13:02
ACC_1003979,C_102663,BUSINESS,17816.43,ACTIVE,2024-04-23 04:34:39
ACC_1003980,C_102663,BUSINESS,57729.55,ACTIVE,2024-04-09 14:06:39
ACC_1003981,C_102664,CURRENT,2518.17,ACTIVE,2025-07-22 16:54:53
ACC_1003982,C_102665,BUSINESS,27147.87,ACTIVE,2025-12-04 10:31:00
ACC_1003983,C_102665,BUSINESS,26790.16,ACTIVE,2025-11-28 22:28:00
ACC_1003984,C_102665,BUSINESS,400211.83,ACTIVE,2025-12-03 12:53:00
ACC_1003985,C_102666,BUSINESS,79612.6,ACTIVE,2016-02-05 20:13:34
ACC_1003986,C_102667,SAVINGS,121513.15,ACTIVE,2022-02-07 02:13:41
ACC_1003987,C_102668,SAVINGS,26477.82,ACTIVE,2020-02-04 22:05:46
ACC_1003988,C_102669,CURRENT,3812.14,ACTIVE,2022-05-15 19:59:27
ACC_1003989,C_102669,CURRENT,1297.01,ACTIVE,2022-05-27 18:07:27
ACC_1003990,C_102670,CURRENT,1735.86,ACTIVE,2025-01-12 10:25:17
ACC_1003991,C_102670,CURRENT,3905.41,ACTIVE,2025-02-02 01:31:17
ACC_1003992,C_102671,SAVINGS,6581.45,ACTIVE,2023-01-10 23:48:19
ACC_1003993,C_102672,BUSINESS,145580.72,ACTIVE,2022-07-12 05:28:10
ACC_1003994,C_102673,CURRENT,1082.37,ACTIVE,2019-04-27 12:21:07
ACC_1003995,C_102674,SAVINGS,7752.48,ACTIVE,2022-11-23 10:14:51
ACC_1003996,C_102674,BUSINESS,12879.34,ACTIVE,2022-11-10 20:43:51
ACC_1003997,C_102674,CURRENT,1951.96,ACTIVE,2022-11-14 00:18:51
ACC_1003998,C_102675,CURRENT,8525.54,ACTIVE,2023-10-26 05:51:19
ACC_1003999,C_102675,BUSINESS,497248.33,ACTIVE,2023-10-27 03:10:19
ACC_1004000,C_102676,CURRENT,4246.49,ACTIVE,2018-07-09 02:55:34
ACC_1004001,C_102677,SAVINGS,1537.55,ACTIVE,2017-09-27 10:23:37
ACC_1004002,C_102678,CURRENT,444.08,DORMANT,2018-04-16 15:44:47
ACC_1004003,C_102679,SAVINGS,38123.97,ACTIVE,2024-03-26 20:42:31
ACC_1004004,C_102679,CURRENT,2891.28,ACTIVE,2024-03-15 16:05:31
ACC_1004005,C_102680,BUSINESS,49515.28,ACTIVE,2017-12-18 02:59:56
ACC_1004006,C_102680,BUSINESS,11570.12,ACTIVE,2017-12-10 04:37:56
ACC_1004007,C_102681,SAVINGS,46922.62,ACTIVE,2023-12-18 22:35:55
ACC_1004008,C_102682,CURRENT,5789.23,ACTIVE,2020-11-21 04:18:48
ACC_1004009,C_102683,CURRENT,559.11,DORMANT,2016-01-25 15:54:41
ACC_1004010,C_102684,CURRENT,2905.15,ACTIVE,2023-07-06 16:56:30
ACC_1004011,C_102685,BUSINESS,1000.0,DORMANT,2022-08-06 20:19:16
ACC_1004012,C_102685,CURRENT,3130.98,ACTIVE,2022-08-19 06:36:16
ACC_1004013,C_102686,CURRENT,2534.67,ACTIVE,2022-02-07 20:08:51
ACC_1004014,C_102687,SAVINGS,14901.15,ACTIVE,2025-10-19 18:43:14
ACC_1004015,C_102688,SAVINGS,90919.93,ACTIVE,2017-07-02 12:46:54
ACC_1004016,C_102689,BUSINESS,23897.64,ACTIVE,2017-03-28 21:35:54
ACC_1004017,C_102690,BUSINESS,14331.97,ACTIVE,2016-11-24 03:35:34
ACC_1004018,C_102691,CURRENT,4914.97,ACTIVE,2025-03-14 12:26:19
ACC_1004019,C_102691,BUSINESS,161950.89,ACTIVE,2025-03-16 06:13:19
ACC_1004020,C_102692,SAVINGS,8326.77,ACTIVE,2021-03-14 02:18:02
ACC_1004021,C_102693,CURRENT,4869.16,ACTIVE,2018-05-16 10:59:35
ACC_1004022,C_102693,SAVINGS,5540.53,ACTIVE,2018-05-06 23:02:35
ACC_1004023,C_102694,CURRENT,739.05,ACTIVE,2020-05-17 02:33:40
ACC_1004024,C_102695,CURRENT,287.88,ACTIVE,2024-06-07 10:12:00
ACC_1004025,C_102696,CURRENT,996.83,ACTIVE,2021-01-22 06:09:07
ACC_1004026,C_102696,BUSINESS,70652.71,ACTIVE,2021-01-13 15:04:07
ACC_1004027,C_102697,BUSINESS,1586.93,ACTIVE,2025-08-18 16:41:22
ACC_1004028,C_102698,SAVINGS,43155.83,ACTIVE,2020-07-10 01:14:15
ACC_1004029,C_102699,SAVINGS,3994.51,DORMANT,2021-09-13 08:25:41
ACC_1004030,C_102700,BUSINESS,1513.35,DORMANT,2024-07-08 16:34:05
ACC_1004031,C_102701,SAVINGS,38796.54,ACTIVE,2021-12-11 04:47:11
ACC_1004032,C_102702,SAVINGS,8748.35,ACTIVE,2023-09-10 02:02:35
ACC_1004033,C_102703,SAVINGS,5962.49,ACTIVE,2026-01-08 19:25:44
ACC_1004034,C_102704,SAVINGS,9849.11,ACTIVE,2025-07-06 12:39:39
ACC_1004035,C_102705,CURRENT,933.43,ACTIVE,2018-08-18 23:04:17
ACC_1004036,C_102705,SAVINGS,2736.29,ACTIVE,2018-08-30 00:49:17
ACC_1004037,C_102705,BUSINESS,6920.87,ACTIVE,2018-08-19 01:52:17
ACC_1004038,C_102706,SAVINGS,12811.28,ACTIVE,2025-11-27 23:08:14
ACC_1004039,C_102706,BUSINESS,29878.29,ACTIVE,2025-12-17 19:41:14
ACC_1004040,C_102706,CURRENT,3309.09,ACTIVE,2025-11-26 08:09:14
ACC_1004041,C_102707,SAVINGS,12255.21,ACTIVE,2025-01-03 12:39:58
ACC_1004042,C_102707,SAVINGS,9732.81,ACTIVE,2024-12-21 22:08:58
ACC_1004043,C_102708,SAVINGS,21802.17,ACTIVE,2024-09-30 11:36:15
ACC_1004044,C_102708,BUSINESS,21664.07,ACTIVE,2024-10-07 16:21:15
ACC_1004045,C_102709,SAVINGS,20431.46,ACTIVE,2025-04-02 05:06:53
ACC_1004046,C_102709,CURRENT,5264.87,ACTIVE,2025-04-07 23:29:53
ACC_1004047,C_102710,CURRENT,537.9,ACTIVE,2025-07-04 11:00:48
ACC_1004048,C_102710,SAVINGS,15968.94,DORMANT,2025-06-20 16:05:48
ACC_1004049,C_102711,SAVINGS,10514.57,ACTIVE,2021-12-25 14:06:47
ACC_1004050,C_102712,BUSINESS,108760.61,ACTIVE,2024-06-25 13:30:06
ACC_1004051,C_102712,CURRENT,2285.18,ACTIVE,2024-06-07 14:10:06
ACC_1004052,C_102712,CURRENT,2486.73,ACTIVE,2024-06-18 22:05:06
ACC_1004053,C_102713,CURRENT,742.05,ACTIVE,2016-04-13 02:34:42
ACC_1004054,C_102713,BUSINESS,563713.79,ACTIVE,2016-03-24 10:01:42
ACC_1004055,C_102714,BUSINESS,252061.9,DORMANT,2025-11-08 11:32:45
ACC_1004056,C_102715,CURRENT,3467.24,ACTIVE,2022-11-11 15:14:21
ACC_1004057,C_102716,SAVINGS,7379.32,ACTIVE,2021-01-06 02:26:31
ACC_1004058,C_102716,CURRENT,3002.56,ACTIVE,2020-12-31 01:29:31
ACC_1004059,C_102716,SAVINGS,34873.23,ACTIVE,2020-12-30 08:45:31
ACC_1004060,C_102717,SAVINGS,13418.74,ACTIVE,2016-10-11 14:05:43
ACC_1004061,C_102718,SAVINGS,5879.09,ACTIVE,2017-06-19 04:01:38
ACC_1004062,C_102719,BUSINESS,24486.43,ACTIVE,2023-04-24 17:16:07
ACC_1004063,C_102719,SAVINGS,12050.91,ACTIVE,2023-04-14 19:46:07
ACC_1004064,C_102720,CURRENT,709.93,ACTIVE,2025-06-02 11:25:48
ACC_1004065,C_102720,BUSINESS,69728.13,ACTIVE,2025-06-05 16:30:48
ACC_1004066,C_102721,SAVINGS,3067.63,ACTIVE,2022-08-30 20:28:41
ACC_1004067,C_102722,BUSINESS,20848.29,ACTIVE,2017-09-10 02:43:13
ACC_1004068,C_102723,CURRENT,7239.44,ACTIVE,2020-09-27 01:07:42
ACC_1004069,C_102723,SAVINGS,20206.21,ACTIVE,2020-09-26 13:17:42
ACC_1004070,C_102724,BUSINESS,123329.46,ACTIVE,2021-09-08 09:47:26
ACC_1004071,C_102725,SAVINGS,9801.63,ACTIVE,2025-03-09 06:28:52
ACC_1004072,C_102726,CURRENT,3203.21,ACTIVE,2021-01-26 02:55:02
ACC_1004073,C_102726,BUSINESS,5262.92,ACTIVE,2021-02-03 09:54:02
ACC_1004074,C_102727,SAVINGS,42585.78,ACTIVE,2025-03-23 23:15:47
ACC_1004075,C_102727,SAVINGS,2089.01,ACTIVE,2025-03-28 23:25:47
ACC_1004076,C_102727,SAVINGS,14463.05,ACTIVE,2025-03-27 15:57:47
ACC_1004077,C_102728,CURRENT,1385.48,ACTIVE,2016-10-20 22:18:56
ACC_1004078,C_102728,SAVINGS,7598.29,ACTIVE,2016-10-09 16:49:56
ACC_1004079,C_102729,CURRENT,2286.23,ACTIVE,2023-01-26 10:36:17
ACC_1004080,C_102730,SAVINGS,43487.02,ACTIVE,2020-08-21 08:20:37
ACC_1004081,C_102731,CURRENT,2340.72,ACTIVE,2023-09-15 04:15:37
ACC_1004082,C_102731,CURRENT,1921.84,ACTIVE,2023-09-12 12:06:37
ACC_1004083,C_102732,CURRENT,939.21,ACTIVE,2025-12-02 01:54:33
ACC_1004084,C_102732,SAVINGS,124724.99,ACTIVE,2025-11-15 09:46:33
ACC_1004085,C_102733,SAVINGS,52867.28,ACTIVE,2025-03-18 14:36:00
ACC_1004086,C_102734,SAVINGS,53784.72,ACTIVE,2021-02-08 02:59:26
ACC_1004087,C_102735,SAVINGS,3115.34,ACTIVE,2022-11-15 09:21:33
ACC_1004088,C_102736,BUSINESS,29803.77,ACTIVE,2021-02-08 08:49:58
ACC_1004089,C_102737,CURRENT,503.75,ACTIVE,2024-11-08 07:49:08
ACC_1004090,C_102738,CURRENT,2304.13,ACTIVE,2017-03-16 22:11:08
ACC_1004091,C_102739,CURRENT,1551.92,ACTIVE,2019-08-07 21:18:08
ACC_1004092,C_102739,CURRENT,5286.88,ACTIVE,2019-08-22 16:09:08
ACC_1004093,C_102740,BUSINESS,52642.21,ACTIVE,2023-08-01 15:49:22
ACC_1004094,C_102741,BUSINESS,4113.9,ACTIVE,2021-10-08 13:05:57
ACC_1004095,C_102742,BUSINESS,32735.38,ACTIVE,2016-08-29 05:32:00
ACC_1004096,C_102742,SAVINGS,22934.93,DORMANT,2016-08-17 01:43:00
ACC_1004097,C_102743,BUSINESS,37195.57,ACTIVE,2023-02-03 06:38:42
ACC_1004098,C_102744,BUSINESS,27101.47,ACTIVE,2025-12-07 22:38:28
ACC_1004099,C_102744,CURRENT,1550.62,ACTIVE,2025-12-11 16:12:28
ACC_1004100,C_102745,SAVINGS,32453.04,ACTIVE,2018-12-22 18:38:03
ACC_1004101,C_102746,SAVINGS,18507.79,ACTIVE,2019-05-09 10:06:17
ACC_1004102,C_102747,CURRENT,4815.88,ACTIVE,2021-09-02 19:44:26
ACC_1004103,C_102748,SAVINGS,35740.67,ACTIVE,2017-11-10 11:55:49
ACC_1004104,C_102748,SAVINGS,30126.49,ACTIVE,2017-10-21 18:42:49
ACC_1004105,C_102749,CURRENT,1054.3,ACTIVE,2024-09-07 09:19:12
ACC_1004106,C_102750,SAVINGS,18132.83,ACTIVE,2025-04-06 01:06:23
ACC_1004107,C_102750,CURRENT,110.47,ACTIVE,2025-03-20 23:49:23
ACC_1004108,C_102751,SAVINGS,59371.33,ACTIVE,2023-01-24 02:36:30
ACC_1004109,C_102752,SAVINGS,27539.31,ACTIVE,2019-05-25 06:25:05
ACC_1004110,C_102753,SAVINGS,11839.26,ACTIVE,2022-06-21 03:36:18
ACC_1004111,C_102754,BUSINESS,419201.07,DORMANT,2016-02-02 06:31:28
ACC_1004112,C_102755,CURRENT,9130.26,DORMANT,2019-04-05 12:32:00
ACC_1004113,C_102755,BUSINESS,45340.21,ACTIVE,2019-03-23 15:36:00
ACC_1004114,C_102756,SAVINGS,13942.33,ACTIVE,2018-12-04 16:29:41
ACC_1004115,C_102756,CURRENT,1750.14,ACTIVE,2018-11-25 04:48:41
ACC_1004116,C_102757,SAVINGS,2013.58,ACTIVE,2025-08-21 06:56:53
ACC_1004117,C_102758,BUSINESS,12910.87,ACTIVE,2016-05-05 17:01:05
ACC_1004118,C_102758,BUSINESS,155947.88,ACTIVE,2016-05-27 15:42:05
ACC_1004119,C_102759,SAVINGS,20672.84,ACTIVE,2017-04-26 00:53:35
ACC_1004120,C_102759,SAVINGS,11433.45,ACTIVE,2017-04-26 20:38:35
ACC_1004121,C_102759,BUSINESS,122695.11,ACTIVE,2017-05-12 12:14:35
ACC_1004122,C_102760,CURRENT,678.25,ACTIVE,2016-12-09 08:47:16
ACC_1004123,C_102761,CURRENT,3417.12,ACTIVE,2017-07-10 03:24:59
ACC_1004124,C_102761,CURRENT,1652.71,ACTIVE,2017-07-28 14:14:59
ACC_1004125,C_102762,CURRENT,1472.42,ACTIVE,2020-10-19 21:25:38
ACC_1004126,C_102762,SAVINGS,210228.21,ACTIVE,2020-10-02 11:41:38
ACC_1004127,C_102763,BUSINESS,1395497.15,ACTIVE,2021-02-04 03:37:53
ACC_1004128,C_102763,SAVINGS,1407.8,ACTIVE,2021-02-07 12:46:53
ACC_1004129,C_102763,BUSINESS,7371.05,ACTIVE,2021-01-28 03:42:53
ACC_1004130,C_102764,BUSINESS,116750.27,ACTIVE,2016-05-04 08:06:22
ACC_1004131,C_102764,BUSINESS,34806.98,ACTIVE,2016-05-18 07:15:22
ACC_1004132,C_102765,SAVINGS,448.67,DORMANT,2025-11-21 01:06:01
ACC_1004133,C_102766,SAVINGS,49508.56,DORMANT,2017-06-15 07:31:16
ACC_1004134,C_102767,SAVINGS,2833.65,ACTIVE,2020-05-02 09:32:40
ACC_1004135,C_102768,BUSINESS,93376.9,DORMANT,2020-03-31 05:58:53
ACC_1004136,C_102769,BUSINESS,28433.12,ACTIVE,2018-01-20 03:20:46
ACC_1004137,C_102770,BUSINESS,92862.65,ACTIVE,2021-06-14 06:28:19
ACC_1004138,C_102771,BUSINESS,63799.82,ACTIVE,2018-09-21 05:57:55
ACC_1004139,C_102772,BUSINESS,86522.28,ACTIVE,2019-04-28 06:09:35
ACC_1004140,C_102773,SAVINGS,17970.7,ACTIVE,2021-04-02 00:16:06
ACC_1004141,C_102774,BUSINESS,1000.0,ACTIVE,2017-01-25 12:53:29
ACC_1004142,C_102775,BUSINESS,258159.69,ACTIVE,2022-01-31 22:11:30
ACC_1004143,C_102776,BUSINESS,136622.64,DORMANT,2018-10-22 22:17:54
ACC_1004144,C_102776,CURRENT,11520.98,ACTIVE,2018-11-19 14:10:54
ACC_1004145,C_102777,CURRENT,7927.99,ACTIVE,2025-01-07 22:02:13
ACC_1004146,C_102778,SAVINGS,41253.68,ACTIVE,2020-10-13 22:31:57
ACC_1004147,C_102779,SAVINGS,9524.58,DORMANT,2025-03-29 04:11:04
ACC_1004148,C_102779,SAVINGS,188489.65,ACTIVE,2025-03-21 13:39:04
ACC_1004149,C_102780,CURRENT,1704.75,DORMANT,2024-05-11 21:50:33
ACC_1004150,C_102781,CURRENT,14435.66,ACTIVE,2023-08-23 23:10:07
ACC_1004151,C_102781,BUSINESS,213323.01,ACTIVE,2023-08-11 03:21:07
ACC_1004152,C_102782,CURRENT,8559.7,ACTIVE,2020-07-12 16:18:09
ACC_1004153,C_102783,SAVINGS,3803.5,ACTIVE,2025-08-31 18:56:44
ACC_1004154,C_102784,CURRENT,3177.28,ACTIVE,2016-06-16 09:48:49
ACC_1004155,C_102784,CURRENT,3109.38,ACTIVE,2016-06-09 14:44:49
ACC_1004156,C_102785,SAVINGS,374.94,ACTIVE,2020-03-21 22:18:16
ACC_1004157,C_102786,BUSINESS,237281.19,ACTIVE,2018-12-05 17:58:56
ACC_1004158,C_102787,BUSINESS,29412.08,ACTIVE,2018-01-13 20:42:27
ACC_1004159,C_102788,CURRENT,1998.55,ACTIVE,2020-09-08 19:13:53
ACC_1004160,C_102789,SAVINGS,6196.43,ACTIVE,2019-06-05 08:16:16
ACC_1004161,C_102790,BUSINESS,22297.45,ACTIVE,2018-03-17 18:33:37
ACC_1004162,C_102791,BUSINESS,53050.3,ACTIVE,2021-02-04 02:44:47
ACC_1004163,C_102791,BUSINESS,147592.13,ACTIVE,2021-02-21 07:27:47
ACC_1004164,C_102792,SAVINGS,7605.75,ACTIVE,2022-04-03 16:36:29
ACC_1004165,C_102792,CURRENT,2927.44,ACTIVE,2022-03-13 04:20:29
ACC_1004166,C_102793,CURRENT,514.2,ACTIVE,2024-09-14 04:22:13
ACC_1004167,C_102794,BUSINESS,145320.09,ACTIVE,2021-07-15 04:09:09
ACC_1004168,C_102794,BUSINESS,88901.35,ACTIVE,2021-07-16 14:16:09
ACC_1004169,C_102794,SAVINGS,89102.61,ACTIVE,2021-06-24 18:49:09
ACC_1004170,C_102795,SAVINGS,42095.16,ACTIVE,2019-01-15 00:19:41
ACC_1004171,C_102795,BUSINESS,44510.87,ACTIVE,2018-12-28 20:25:41
ACC_1004172,C_102796,SAVINGS,45738.99,ACTIVE,2019-02-01 06:26:17
ACC_1004173,C_102796,SAVINGS,11104.75,ACTIVE,2019-01-31 02:30:17
ACC_1004174,C_102797,CURRENT,3554.95,DORMANT,2023-11-08 03:18:40
ACC_1004175,C_102798,BUSINESS,78955.37,ACTIVE,2025-11-12 02:20:09
ACC_1004176,C_102798,SAVINGS,8756.52,ACTIVE,2025-11-04 02:48:09
ACC_1004177,C_102799,CURRENT,3463.54,ACTIVE,2020-09-21 01:28:17
ACC_1004178,C_102799,CURRENT,832.44,ACTIVE,2020-09-30 14:52:17
ACC_1004179,C_102800,SAVINGS,26046.57,ACTIVE,2022-03-17 03:38:40
ACC_1004180,C_102801,CURRENT,2915.51,ACTIVE,2024-03-29 19:14:09
ACC_1004181,C_102801,BUSINESS,210245.99,ACTIVE,2024-04-05 14:18:09
ACC_1004182,C_102802,SAVINGS,4200.76,DORMANT,2026-01-15 01:34:34
ACC_1004183,C_102803,CURRENT,2112.18,ACTIVE,2017-01-06 06:58:44
ACC_1004184,C_102803,CURRENT,1630.14,ACTIVE,2016-12-30 11:12:44
ACC_1004185,C_102804,BUSINESS,24744.54,ACTIVE,2021-08-01 00:07:51
ACC_1004186,C_102805,SAVINGS,77395.8,ACTIVE,2016-02-16 14:19:26
ACC_1004187,C_102806,CURRENT,7476.36,ACTIVE,2022-04-14 12:51:41
ACC_1004188,C_102807,BUSINESS,30389.21,ACTIVE,2018-03-27 15:12:34
ACC_1004189,C_102807,CURRENT,2052.56,ACTIVE,2018-04-09 23:00:34
ACC_1004190,C_102807,BUSINESS,252620.94,ACTIVE,2018-03-19 19:11:34
ACC_1004191,C_102808,SAVINGS,63925.49,ACTIVE,2022-07-06 07:53:26
ACC_1004192,C_102808,CURRENT,942.88,ACTIVE,2022-07-25 01:38:26
ACC_1004193,C_102809,BUSINESS,64065.94,ACTIVE,2018-03-15 08:27:01
ACC_1004194,C_102810,SAVINGS,1492.21,ACTIVE,2025-03-30 07:20:59
ACC_1004195,C_102810,CURRENT,255.14,ACTIVE,2025-04-05 02:48:59
ACC_1004196,C_102811,CURRENT,274.88,ACTIVE,2024-02-04 10:48:10
ACC_1004197,C_102811,CURRENT,2628.86,ACTIVE,2024-02-16 17:07:10
ACC_1004198,C_102811,BUSINESS,29870.49,ACTIVE,2024-02-13 04:39:10
ACC_1004199,C_102812,BUSINESS,8313.03,ACTIVE,2022-03-22 23:27:45
ACC_1004200,C_102813,BUSINESS,17822.6,ACTIVE,2019-12-06 14:24:50
ACC_1004201,C_102814,CURRENT,1417.78,ACTIVE,2022-08-08 23:09:01
ACC_1004202,C_102814,CURRENT,4495.07,ACTIVE,2022-08-23 18:35:01
ACC_1004203,C_102815,BUSINESS,364369.23,ACTIVE,2023-06-21 15:00:53
ACC_1004204,C_102815,CURRENT,807.26,DORMANT,2023-06-26 23:24:53
ACC_1004205,C_102815,BUSINESS,28894.92,ACTIVE,2023-07-10 14:03:53
ACC_1004206,C_102816,BUSINESS,2147.0,ACTIVE,2022-05-25 05:00:39
ACC_1004207,C_102817,SAVINGS,33495.84,ACTIVE,2018-10-27 10:48:16
ACC_1004208,C_102817,BUSINESS,48540.81,ACTIVE,2018-11-09 11:34:16
ACC_1004209,C_102818,SAVINGS,12387.53,ACTIVE,2025-08-03 17:12:35
ACC_1004210,C_102819,BUSINESS,18566.23,ACTIVE,2017-05-05 11:48:59
ACC_1004211,C_102820,SAVINGS,5649.42,ACTIVE,2017-05-17 15:45:09
ACC_1004212,C_102821,SAVINGS,34616.23,ACTIVE,2018-04-03 02:19:09
ACC_1004213,C_102822,SAVINGS,1303.95,DORMANT,2022-09-15 22:58:46
ACC_1004214,C_102822,BUSINESS,163113.93,ACTIVE,2022-09-16 05:37:46
ACC_1004215,C_102822,SAVINGS,94252.64,DORMANT,2022-08-22 18:12:46
ACC_1004216,C_102823,BUSINESS,145072.7,ACTIVE,2025-11-29 19:39:45
ACC_1004217,C_102823,CURRENT,2333.36,ACTIVE,2025-12-19 12:28:45
ACC_1004218,C_102824,BUSINESS,43234.75,ACTIVE,2025-07-25 14:18:26
ACC_1004219,C_102825,CURRENT,3555.86,ACTIVE,2017-07-13 07:21:42
ACC_1004220,C_102825,BUSINESS,5899.12,ACTIVE,2017-07-26 22:15:42
ACC_1004221,C_102826,CURRENT,111.32,ACTIVE,2020-03-03 10:17:17
ACC_1004222,C_102826,BUSINESS,231251.31,ACTIVE,2020-03-08 22:41:17
ACC_1004223,C_102826,SAVINGS,3350.56,ACTIVE,2020-03-10 03:40:17
ACC_1004224,C_102827,CURRENT,3995.74,ACTIVE,2016-11-28 08:45:56
ACC_1004225,C_102828,CURRENT,178.1,ACTIVE,2023-03-17 14:32:30
ACC_1004226,C_102829,BUSINESS,5270.48,ACTIVE,2018-06-16 09:23:09
ACC_1004227,C_102829,BUSINESS,91724.46,ACTIVE,2018-06-15 00:54:09
ACC_1004228,C_102830,BUSINESS,20698.36,ACTIVE,2022-03-19 02:54:16
ACC_1004229,C_102830,BUSINESS,12111.79,ACTIVE,2022-03-11 03:07:16
ACC_1004230,C_102830,SAVINGS,33058.1,ACTIVE,2022-03-21 09:56:16
ACC_1004231,C_102831,BUSINESS,142059.97,ACTIVE,2016-11-13 04:02:24
ACC_1004232,C_102831,CURRENT,6977.54,ACTIVE,2016-11-08 20:18:24
ACC_1004233,C_102832,BUSINESS,98654.47,ACTIVE,2022-08-12 15:41:46
ACC_1004234,C_102833,CURRENT,11910.18,ACTIVE,2019-03-03 13:12:52
ACC_1004235,C_102833,SAVINGS,8083.51,ACTIVE,2019-03-18 13:45:52
ACC_1004236,C_102834,CURRENT,422.61,ACTIVE,2023-06-14 20:37:56
ACC_1004237,C_102835,SAVINGS,4775.22,ACTIVE,2021-01-26 15:32:03
ACC_1004238,C_102836,CURRENT,325.94,ACTIVE,2020-08-02 03:33:37
ACC_1004239,C_102837,SAVINGS,42237.71,DORMANT,2016-07-12 20:02:22
ACC_1004240,C_102837,SAVINGS,1403.96,ACTIVE,2016-07-02 05:44:22
ACC_1004241,C_102838,BUSINESS,33467.3,ACTIVE,2023-08-15 19:19:04
ACC_1004242,C_102838,CURRENT,6428.84,ACTIVE,2023-07-31 09:06:04
ACC_1004243,C_102838,BUSINESS,1500000.0,ACTIVE,2023-08-07 18:03:04
ACC_1004244,C_102839,SAVINGS,2403.45,ACTIVE,2018-03-29 00:21:32
ACC_1004245,C_102839,CURRENT,550.2,DORMANT,2018-03-08 15:58:32
ACC_1004246,C_102840,CURRENT,16090.33,ACTIVE,2017-12-30 19:57:44
ACC_1004247,C_102841,SAVINGS,52992.41,ACTIVE,2022-08-27 23:26:52
ACC_1004248,C_102842,CURRENT,870.86,ACTIVE,2018-07-25 11:26:53
ACC_1004249,C_102843,CURRENT,930.5,ACTIVE,2024-09-10 10:52:51
ACC_1004250,C_102843,SAVINGS,4610.22,ACTIVE,2024-09-06 22:14:51
ACC_1004251,C_102844,BUSINESS,11920.36,ACTIVE,2019-04-17 11:09:01
ACC_1004252,C_102844,SAVINGS,45639.66,ACTIVE,2019-04-15 10:29:01
ACC_1004253,C_102845,CURRENT,8103.44,DORMANT,2016-05-12 16:19:48
ACC_1004254,C_102845,SAVINGS,504.91,ACTIVE,2016-05-04 02:53:48
ACC_1004255,C_102846,SAVINGS,33769.36,ACTIVE,2022-12-16 01:08:16
ACC_1004256,C_102847,BUSINESS,68940.94,ACTIVE,2019-04-07 05:53:42
ACC_1004257,C_102848,CURRENT,3629.98,ACTIVE,2016-12-17 21:59:30
ACC_1004258,C_102849,SAVINGS,16246.9,ACTIVE,2021-08-22 01:18:41
ACC_1004259,C_102850,SAVINGS,37567.56,ACTIVE,2023-06-30 05:30:44
ACC_1004260,C_102850,SAVINGS,8572.39,ACTIVE,2023-07-16 01:03:44
ACC_1004261,C_102851,CURRENT,1253.03,ACTIVE,2018-09-18 05:02:16
ACC_1004262,C_102851,BUSINESS,366437.66,ACTIVE,2018-09-09 15:22:16
ACC_1004263,C_102851,CURRENT,236.15,ACTIVE,2018-09-30 10:48:16
ACC_1004264,C_102852,SAVINGS,3692.98,ACTIVE,2023-10-31 09:16:33
ACC_1004265,C_102853,CURRENT,13516.34,ACTIVE,2022-02-12 12:01:29
ACC_1004266,C_102854,BUSINESS,130713.88,ACTIVE,2020-03-03 11:28:02
ACC_1004267,C_102854,BUSINESS,22026.78,ACTIVE,2020-03-28 06:53:02
ACC_1004268,C_102855,SAVINGS,21607.02,ACTIVE,2020-09-23 18:34:38
ACC_1004269,C_102855,CURRENT,3797.81,DORMANT,2020-09-29 22:36:38
ACC_1004270,C_102855,CURRENT,8084.61,DORMANT,2020-10-09 10:24:38
ACC_1004271,C_102856,CURRENT,927.97,ACTIVE,2016-03-29 13:33:32
ACC_1004272,C_102857,BUSINESS,212307.65,ACTIVE,2020-06-28 08:09:05
ACC_1004273,C_102857,CURRENT,1197.04,ACTIVE,2020-07-18 01:44:05
ACC_1004274,C_102858,BUSINESS,41642.48,ACTIVE,2025-02-10 05:30:59
ACC_1004275,C_102859,CURRENT,1282.66,ACTIVE,2018-06-15 21:33:35
ACC_1004276,C_102859,SAVINGS,19143.57,ACTIVE,2018-06-19 19:27:35
ACC_1004277,C_102860,CURRENT,1051.23,ACTIVE,2017-04-19 23:47:04
ACC_1004278,C_102861,BUSINESS,825125.53,ACTIVE,2019-07-30 14:04:41
ACC_1004279,C_102861,CURRENT,3009.92,DORMANT,2019-08-09 17:42:41
ACC_1004280,C_102862,BUSINESS,35127.71,ACTIVE,2016-03-07 07:02:13
ACC_1004281,C_102862,SAVINGS,14676.56,ACTIVE,2016-03-06 23:32:13
ACC_1004282,C_102863,CURRENT,1240.81,ACTIVE,2022-12-23 15:00:14
ACC_1004283,C_102864,CURRENT,10087.74,ACTIVE,2023-03-11 20:17:53
ACC_1004284,C_102864,BUSINESS,64024.64,ACTIVE,2023-03-26 05:19:53
ACC_1004285,C_102864,SAVINGS,2585.62,DORMANT,2023-03-06 20:02:53
ACC_1004286,C_102865,SAVINGS,21858.88,ACTIVE,2022-10-25 14:51:27
ACC_1004287,C_102866,CURRENT,2353.8,ACTIVE,2017-10-12 20:01:14
ACC_1004288,C_102866,SAVINGS,12582.5,ACTIVE,2017-11-02 14:13:14
ACC_1004289,C_102867,SAVINGS,3257.58,ACTIVE,2023-09-12 10:01:54
ACC_1004290,C_102868,SAVINGS,17398.15,ACTIVE,2025-06-06 12:36:49
ACC_1004291,C_102868,BUSINESS,61433.32,DORMANT,2025-06-08 08:13:49
ACC_1004292,C_102869,CURRENT,12929.11,ACTIVE,2022-01-08 08:55:42
ACC_1004293,C_102870,SAVINGS,4087.05,ACTIVE,2018-09-30 07:35:37
ACC_1004294,C_102871,BUSINESS,329997.8,ACTIVE,2016-01-30 16:42:59
ACC_1004295,C_102872,CURRENT,3885.51,ACTIVE,2017-09-02 02:48:24
ACC_1004296,C_102873,BUSINESS,1500000.0,ACTIVE,2020-02-28 07:26:06
ACC_1004297,C_102874,CURRENT,1802.02,ACTIVE,2016-12-22 20:29:11
ACC_1004298,C_102875,SAVINGS,4470.3,DORMANT,2019-04-07 23:33:34
ACC_1004299,C_102876,BUSINESS,55447.56,ACTIVE,2024-07-14 19:53:34
ACC_1004300,C_102877,BUSINESS,1500000.0,ACTIVE,2021-08-23 19:40:46
ACC_1004301,C_102877,CURRENT,2232.93,ACTIVE,2021-08-29 07:01:46
ACC_1004302,C_102878,BUSINESS,353410.66,ACTIVE,2020-09-20 22:58:08
ACC_1004303,C_102879,CURRENT,10161.87,ACTIVE,2019-08-09 09:04:33
ACC_1004304,C_102880,BUSINESS,777282.52,ACTIVE,2016-10-19 05:56:46
ACC_1004305,C_102881,BUSINESS,12890.62,ACTIVE,2025-05-06 03:39:49
ACC_1004306,C_102881,BUSINESS,15539.4,ACTIVE,2025-04-21 23:16:49
ACC_1004307,C_102882,SAVINGS,66899.07,ACTIVE,2017-06-03 22:13:47
ACC_1004308,C_102883,BUSINESS,80415.49,ACTIVE,2020-09-21 04:12:03
ACC_1004309,C_102884,CURRENT,980.69,ACTIVE,2018-10-03 18:26:48
ACC_1004310,C_102885,SAVINGS,25417.64,ACTIVE,2023-11-09 09:27:47
ACC_1004311,C_102886,CURRENT,1615.76,ACTIVE,2022-12-10 14:01:53
ACC_1004312,C_102887,SAVINGS,19604.99,ACTIVE,2022-03-19 23:27:37
ACC_1004313,C_102888,SAVINGS,2228.86,ACTIVE,2021-11-27 03:12:39
ACC_1004314,C_102889,SAVINGS,177150.33,ACTIVE,2020-01-02 21:58:32
ACC_1004315,C_102890,SAVINGS,56472.49,ACTIVE,2018-06-28 19:02:39
ACC_1004316,C_102891,BUSINESS,1480473.45,ACTIVE,2018-11-08 04:45:15
ACC_1004317,C_102892,BUSINESS,34238.6,ACTIVE,2020-12-12 22:29:58
ACC_1004318,C_102892,SAVINGS,110080.46,ACTIVE,2021-01-01 13:09:58
ACC_1004319,C_102893,BUSINESS,62465.69,ACTIVE,2025-04-28 07:18:49
ACC_1004320,C_102894,SAVINGS,67861.39,ACTIVE,2022-06-06 08:50:53
ACC_1004321,C_102894,BUSINESS,662913.45,ACTIVE,2022-06-07 22:45:53
ACC_1004322,C_102894,SAVINGS,4177.98,ACTIVE,2022-05-17 09:10:53
ACC_1004323,C_102895,CURRENT,3798.01,ACTIVE,2016-08-26 17:41:13
ACC_1004324,C_102896,CURRENT,14142.51,ACTIVE,2018-12-01 20:34:16
ACC_1004325,C_102897,SAVINGS,179490.88,ACTIVE,2017-09-09 03:16:54
ACC_1004326,C_102898,CURRENT,411.49,ACTIVE,2024-02-20 01:25:08
ACC_1004327,C_102899,SAVINGS,6594.87,ACTIVE,2018-04-23 05:57:49
ACC_1004328,C_102899,CURRENT,6287.42,ACTIVE,2018-05-14 04:28:49
ACC_1004329,C_102900,SAVINGS,49947.39,ACTIVE,2017-09-08 18:07:52
ACC_1004330,C_102901,BUSINESS,513805.27,ACTIVE,2019-08-15 17:53:52
ACC_1004331,C_102901,SAVINGS,5019.79,ACTIVE,2019-07-29 19:58:52
ACC_1004332,C_102902,SAVINGS,26240.1,ACTIVE,2020-08-22 22:25:33
ACC_1004333,C_102902,CURRENT,4820.05,ACTIVE,2020-07-30 13:04:33
ACC_1004334,C_102903,CURRENT,1385.26,ACTIVE,2017-07-29 10:04:03
ACC_1004335,C_102903,BUSINESS,69395.72,ACTIVE,2017-07-27 15:33:03
ACC_1004336,C_102904,CURRENT,5182.21,ACTIVE,2018-11-24 14:24:30
ACC_1004337,C_102904,CURRENT,4707.87,ACTIVE,2018-11-14 11:36:30
ACC_1004338,C_102905,SAVINGS,38561.39,ACTIVE,2023-11-01 01:05:12
ACC_1004339,C_102906,BUSINESS,7409.52,ACTIVE,2016-02-19 08:09:03
ACC_1004340,C_102906,SAVINGS,1704.25,ACTIVE,2016-02-16 15:12:03
ACC_1004341,C_102906,BUSINESS,218321.97,ACTIVE,2016-02-23 01:16:03
ACC_1004342,C_102907,SAVINGS,57629.51,ACTIVE,2017-07-08 15:28:29
ACC_1004343,C_102908,BUSINESS,86029.4,ACTIVE,2017-09-01 12:36:22
ACC_1004344,C_102908,BUSINESS,491006.31,ACTIVE,2017-08-22 13:46:22
ACC_1004345,C_102909,CURRENT,1655.46,DORMANT,2016-08-01 07:29:41
ACC_1004346,C_102910,CURRENT,1121.09,ACTIVE,2024-11-25 16:03:06
ACC_1004347,C_102911,CURRENT,316.97,DORMANT,2023-03-20 17:03:02
ACC_1004348,C_102911,CURRENT,710.08,ACTIVE,2023-03-08 17:40:02
ACC_1004349,C_102912,SAVINGS,12409.94,ACTIVE,2019-12-05 10:31:11
ACC_1004350,C_102912,SAVINGS,4103.39,ACTIVE,2019-12-02 23:51:11
ACC_1004351,C_102913,SAVINGS,4561.71,ACTIVE,2023-05-10 18:03:04
ACC_1004352,C_102914,SAVINGS,84062.17,ACTIVE,2016-08-20 16:01:32
ACC_1004353,C_102915,BUSINESS,79606.76,ACTIVE,2020-04-22 18:04:40
ACC_1004354,C_102916,BUSINESS,1535.34,ACTIVE,2022-11-24 05:09:16
ACC_1004355,C_102917,BUSINESS,107045.08,ACTIVE,2023-11-03 12:41:37
ACC_1004356,C_102918,CURRENT,571.97,ACTIVE,2020-06-07 07:30:52
ACC_1004357,C_102919,BUSINESS,10112.05,ACTIVE,2022-07-11 01:57:49
ACC_1004358,C_102919,CURRENT,454.52,ACTIVE,2022-07-17 22:01:49
ACC_1004359,C_102919,BUSINESS,32760.29,ACTIVE,2022-07-21 07:27:49
ACC_1004360,C_102920,SAVINGS,11269.88,ACTIVE,2018-12-03 23:53:52
ACC_1004361,C_102920,CURRENT,3525.55,ACTIVE,2018-11-19 04:53:52
ACC_1004362,C_102920,CURRENT,1324.83,ACTIVE,2018-12-02 21:35:52
ACC_1004363,C_102921,BUSINESS,22604.88,ACTIVE,2022-02-14 20:30:26
ACC_1004364,C_102921,CURRENT,2345.8,ACTIVE,2022-03-01 10:15:26
ACC_1004365,C_102921,SAVINGS,17957.5,ACTIVE,2022-03-12 02:11:26
ACC_1004366,C_102922,CURRENT,1011.02,ACTIVE,2020-05-17 14:32:12
ACC_1004367,C_102922,SAVINGS,89972.55,ACTIVE,2020-05-11 17:40:12
ACC_1004368,C_102923,SAVINGS,12540.11,ACTIVE,2022-02-09 02:15:45
ACC_1004369,C_102923,BUSINESS,40824.75,ACTIVE,2022-01-21 16:03:45
ACC_1004370,C_102924,SAVINGS,2392.12,ACTIVE,2024-09-26 22:51:08
ACC_1004371,C_102924,BUSINESS,310522.66,ACTIVE,2024-10-11 00:35:08
ACC_1004372,C_102925,BUSINESS,8395.18,ACTIVE,2018-01-27 06:58:22
ACC_1004373,C_102926,CURRENT,1313.51,ACTIVE,2023-03-21 03:27:24
ACC_1004374,C_102926,BUSINESS,30831.62,ACTIVE,2023-03-12 01:24:24
ACC_1004375,C_102927,BUSINESS,39149.42,ACTIVE,2020-11-02 21:00:38
ACC_1004376,C_102927,SAVINGS,488.47,DORMANT,2020-11-08 07:33:38
ACC_1004377,C_102928,SAVINGS,20952.16,ACTIVE,2022-05-10 15:52:53
ACC_1004378,C_102929,BUSINESS,32214.52,DORMANT,2025-07-05 19:55:38
ACC_1004379,C_102929,SAVINGS,75930.9,ACTIVE,2025-07-19 21:38:38
ACC_1004380,C_102930,CURRENT,1435.55,DORMANT,2021-09-07 03:05:57
ACC_1004381,C_102930,BUSINESS,668473.32,ACTIVE,2021-09-13 22:04:57
ACC_1004382,C_102930,BUSINESS,24813.02,ACTIVE,2021-09-07 09:58:57
ACC_1004383,C_102931,SAVINGS,93024.85,ACTIVE,2016-11-05 13:53:58
ACC_1004384,C_102932,SAVINGS,5348.23,ACTIVE,2023-08-08 23:11:13
ACC_1004385,C_102933,BUSINESS,54282.72,ACTIVE,2025-06-03 23:14:13
ACC_1004386,C_102933,CURRENT,1925.94,ACTIVE,2025-05-12 17:57:13
ACC_1004387,C_102934,SAVINGS,8428.18,ACTIVE,2020-12-12 22:14:17
ACC_1004388,C_102935,BUSINESS,1500000.0,ACTIVE,2023-09-21 20:19:56
ACC_1004389,C_102936,CURRENT,764.0,ACTIVE,2017-11-09 12:38:03
ACC_1004390,C_102937,CURRENT,2678.06,ACTIVE,2023-11-01 12:46:14
ACC_1004391,C_102938,CURRENT,3794.06,ACTIVE,2021-03-17 02:29:25
ACC_1004392,C_102939,CURRENT,164.83,ACTIVE,2021-07-12 23:57:16
ACC_1004393,C_102939,SAVINGS,15827.12,ACTIVE,2021-07-14 22:11:16
ACC_1004394,C_102939,BUSINESS,31473.52,ACTIVE,2021-07-16 18:59:16
ACC_1004395,C_102940,CURRENT,306.12,ACTIVE,2021-09-14 07:32:25
ACC_1004396,C_102941,SAVINGS,3637.26,ACTIVE,2021-04-17 02:21:34
ACC_1004397,C_102941,CURRENT,2280.03,ACTIVE,2021-04-10 14:27:34
ACC_1004398,C_102942,BUSINESS,964677.78,ACTIVE,2020-01-15 18:32:46
ACC_1004399,C_102943,BUSINESS,36662.48,DORMANT,2025-03-12 12:14:49
ACC_1004400,C_102944,SAVINGS,111468.5,ACTIVE,2025-11-09 04:04:39
ACC_1004401,C_102945,CURRENT,414.1,ACTIVE,2017-08-28 06:14:01
ACC_1004402,C_102945,SAVINGS,80320.14,ACTIVE,2017-08-12 23:52:01
ACC_1004403,C_102946,CURRENT,1582.17,DORMANT,2017-06-15 21:12:43
ACC_1004404,C_102947,BUSINESS,56990.18,ACTIVE,2017-01-09 14:26:31
ACC_1004405,C_102948,CURRENT,5897.95,ACTIVE,2019-11-08 14:57:14
ACC_1004406,C_102949,BUSINESS,26047.71,DORMANT,2023-04-10 12:18:51
ACC_1004407,C_102949,SAVINGS,30762.92,ACTIVE,2023-04-16 16:12:51
ACC_1004408,C_102950,BUSINESS,230635.3,ACTIVE,2016-08-26 14:53:13
ACC_1004409,C_102950,SAVINGS,6133.4,ACTIVE,2016-09-25 21:56:13
ACC_1004410,C_102951,BUSINESS,26775.1,DORMANT,2020-12-27 17:11:13
ACC_1004411,C_102952,BUSINESS,47452.76,ACTIVE,2023-04-13 02:39:50
ACC_1004412,C_102953,SAVINGS,20380.6,ACTIVE,2018-08-06 10:13:50
ACC_1004413,C_102953,CURRENT,661.88,ACTIVE,2018-08-24 23:05:50
ACC_1004414,C_102954,BUSINESS,1742.09,ACTIVE,2020-06-12 23:56:13
ACC_1004415,C_102955,CURRENT,1348.55,ACTIVE,2020-10-28 15:18:46
ACC_1004416,C_102956,CURRENT,4204.95,ACTIVE,2016-02-08 10:52:05
ACC_1004417,C_102957,CURRENT,2618.54,ACTIVE,2018-10-07 15:35:16
ACC_1004418,C_102957,BUSINESS,159694.54,ACTIVE,2018-10-17 16:44:16
ACC_1004419,C_102957,SAVINGS,23415.3,ACTIVE,2018-10-21 13:49:16
ACC_1004420,C_102958,SAVINGS,7847.44,ACTIVE,2017-08-14 07:29:47
ACC_1004421,C_102958,CURRENT,1294.27,ACTIVE,2017-08-24 21:54:47
ACC_1004422,C_102959,CURRENT,5206.99,ACTIVE,2024-04-06 11:21:38
ACC_1004423,C_102960,BUSINESS,50936.29,ACTIVE,2025-10-16 15:09:43
ACC_1004424,C_102960,BUSINESS,112612.95,ACTIVE,2025-09-25 00:21:43
ACC_1004425,C_102961,CURRENT,1879.9,ACTIVE,2025-02-23 13:55:29
ACC_1004426,C_102961,SAVINGS,29283.28,ACTIVE,2025-03-03 07:33:29
ACC_1004427,C_102962,BUSINESS,34605.12,ACTIVE,2023-05-07 08:19:11
ACC_1004428,C_102963,BUSINESS,53155.66,ACTIVE,2020-12-06 06:58:13
ACC_1004429,C_102964,BUSINESS,372052.96,ACTIVE,2021-02-07 16:45:55
ACC_1004430,C_102965,CURRENT,2214.28,ACTIVE,2019-04-27 18:52:44
ACC_1004431,C_102966,CURRENT,10880.33,ACTIVE,2023-01-22 16:00:11
ACC_1004432,C_102967,SAVINGS,20767.23,ACTIVE,2022-03-21 00:03:36
ACC_1004433,C_102968,BUSINESS,247074.89,ACTIVE,2024-01-10 04:18:29
ACC_1004434,C_102968,CURRENT,1676.76,ACTIVE,2023-12-22 16:55:29
ACC_1004435,C_102969,BUSINESS,110381.94,ACTIVE,2025-04-07 16:57:48
ACC_1004436,C_102970,CURRENT,3341.67,ACTIVE,2016-12-25 10:58:12
ACC_1004437,C_102971,CURRENT,452.53,ACTIVE,2024-01-26 17:34:17
ACC_1004438,C_102971,SAVINGS,4066.25,ACTIVE,2024-01-24 11:52:17
ACC_1004439,C_102972,CURRENT,1964.17,ACTIVE,2022-05-17 19:40:12
ACC_1004440,C_102973,BUSINESS,53615.8,ACTIVE,2017-03-09 16:09:31
ACC_1004441,C_102974,SAVINGS,18897.43,ACTIVE,2016-04-28 23:21:05
ACC_1004442,C_102975,CURRENT,4752.47,ACTIVE,2020-05-23 21:35:19
ACC_1004443,C_102976,SAVINGS,13736.09,ACTIVE,2025-03-06 08:28:38
ACC_1004444,C_102977,SAVINGS,21660.45,DORMANT,2021-02-04 06:40:02
ACC_1004445,C_102978,BUSINESS,47973.84,ACTIVE,2019-03-07 02:44:26
ACC_1004446,C_102979,SAVINGS,70806.95,ACTIVE,2020-05-03 12:42:39
ACC_1004447,C_102980,BUSINESS,71375.71,ACTIVE,2024-03-01 16:18:16
ACC_1004448,C_102981,SAVINGS,34742.78,ACTIVE,2025-10-22 02:32:05
ACC_1004449,C_102982,CURRENT,423.16,ACTIVE,2023-06-17 01:38:31
ACC_1004450,C_102982,SAVINGS,22973.02,DORMANT,2023-06-28 06:44:31
ACC_1004451,C_102982,BUSINESS,54871.06,ACTIVE,2023-06-30 06:35:31
ACC_1004452,C_102983,BUSINESS,44319.16,ACTIVE,2023-07-05 05:38:27
ACC_1004453,C_102983,SAVINGS,6022.8,ACTIVE,2023-06-11 00:54:27
ACC_1004454,C_102983,SAVINGS,34990.53,DORMANT,2023-06-18 20:56:27
ACC_1004455,C_102984,CURRENT,1181.0,ACTIVE,2018-09-28 14:23:29
ACC_1004456,C_102984,BUSINESS,487776.89,ACTIVE,2018-10-25 11:59:29
ACC_1004457,C_102985,BUSINESS,86182.46,ACTIVE,2018-11-14 13:03:02
ACC_1004458,C_102985,CURRENT,773.42,ACTIVE,2018-11-16 13:33:02
ACC_1004459,C_102986,CURRENT,1361.07,ACTIVE,2022-01-14 04:01:56
ACC_1004460,C_102986,CURRENT,333.58,ACTIVE,2022-01-13 14:12:56
ACC_1004461,C_102987,BUSINESS,9561.43,DORMANT,2018-08-10 05:53:28
ACC_1004462,C_102988,SAVINGS,3556.8,ACTIVE,2023-09-10 08:01:27
ACC_1004463,C_102989,BUSINESS,153864.96,ACTIVE,2023-08-26 22:18:47
ACC_1004464,C_102989,CURRENT,147.47,DORMANT,2023-08-18 06:51:47
ACC_1004465,C_102990,BUSINESS,90661.26,ACTIVE,2018-05-27 18:12:12
ACC_1004466,C_102991,CURRENT,3120.91,ACTIVE,2023-08-08 14:40:59
ACC_1004467,C_102992,SAVINGS,10748.49,ACTIVE,2024-03-02 16:13:41
ACC_1004468,C_102993,CURRENT,8666.66,DORMANT,2017-11-22 14:11:13
ACC_1004469,C_102993,BUSINESS,11639.27,ACTIVE,2017-11-14 18:25:13
ACC_1004470,C_102994,BUSINESS,51327.07,ACTIVE,2023-07-16 10:01:21
ACC_1004471,C_102995,SAVINGS,4076.36,ACTIVE,2023-08-08 00:24:47
ACC_1004472,C_102996,CURRENT,473.56,ACTIVE,2025-04-12 20:39:06
ACC_1004473,C_102997,BUSINESS,9537.6,ACTIVE,2019-06-01 07:58:31
ACC_1004474,C_102998,CURRENT,3962.09,ACTIVE,2024-08-09 20:19:52
ACC_1004475,C_102998,SAVINGS,10732.71,ACTIVE,2024-07-29 17:10:52
ACC_1004476,C_102999,CURRENT,845.7,ACTIVE,2025-06-17 11:24:42
ACC_1004477,C_103000,SAVINGS,21372.98,ACTIVE,2025-10-28 08:28:20
ACC_1004478,C_103001,BUSINESS,58793.74,DORMANT,2021-12-17 18:59:55
ACC_1004479,C_103001,CURRENT,8215.33,DORMANT,2021-11-29 22:06:55
ACC_1004480,C_103002,SAVINGS,24773.47,ACTIVE,2016-12-22 16:31:22
ACC_1004481,C_103003,SAVINGS,122390.76,ACTIVE,2019-06-29 20:58:06
ACC_1004482,C_103004,BUSINESS,52906.37,ACTIVE,2023-08-20 13:39:49
ACC_1004483,C_103004,SAVINGS,31597.05,ACTIVE,2023-08-14 19:33:49
ACC_1004484,C_103005,BUSINESS,319277.35,ACTIVE,2024-10-26 22:48:35
ACC_1004485,C_103006,BUSINESS,32660.74,ACTIVE,2017-01-12 13:27:29
ACC_1004486,C_103006,CURRENT,3039.56,ACTIVE,2017-01-08 06:01:29
ACC_1004487,C_103007,SAVINGS,9103.75,ACTIVE,2016-07-26 01:20:13
ACC_1004488,C_103008,BUSINESS,2773.89,ACTIVE,2020-02-15 15:33:38
ACC_1004489,C_103009,CURRENT,6736.33,ACTIVE,2019-04-24 03:47:54
ACC_1004490,C_103010,SAVINGS,14112.72,ACTIVE,2018-04-24 15:54:10
ACC_1004491,C_103011,SAVINGS,46797.67,ACTIVE,2025-12-22 09:52:18
ACC_1004492,C_103012,BUSINESS,17112.44,DORMANT,2017-04-11 23:24:33
ACC_1004493,C_103012,BUSINESS,277383.36,ACTIVE,2017-03-28 14:11:33
ACC_1004494,C_103013,CURRENT,3132.69,ACTIVE,2019-11-22 13:11:18
ACC_1004495,C_103014,BUSINESS,96439.11,ACTIVE,2016-12-26 18:12:02
ACC_1004496,C_103015,CURRENT,472.86,ACTIVE,2022-04-02 00:47:48
ACC_1004497,C_103015,CURRENT,1415.74,ACTIVE,2022-03-21 12:22:48
ACC_1004498,C_103016,CURRENT,3221.78,ACTIVE,2024-09-24 07:31:46
ACC_1004499,C_103017,BUSINESS,38416.97,ACTIVE,2019-04-25 08:52:24
ACC_1004500,C_103017,SAVINGS,11722.33,ACTIVE,2019-04-26 23:48:24
ACC_1004501,C_103017,BUSINESS,30418.45,ACTIVE,2019-04-12 15:08:24
ACC_1004502,C_103018,SAVINGS,28278.78,ACTIVE,2023-04-30 06:06:11
ACC_1004503,C_103018,CURRENT,1719.12,ACTIVE,2023-04-16 00:42:11
ACC_1004504,C_103018,BUSINESS,163492.82,ACTIVE,2023-04-15 10:19:11
ACC_1004505,C_103019,BUSINESS,516670.87,ACTIVE,2019-07-17 15:57:37
ACC_1004506,C_103020,CURRENT,813.49,ACTIVE,2016-07-28 05:51:21
ACC_1004507,C_103021,SAVINGS,16346.44,ACTIVE,2023-10-26 07:39:13
ACC_1004508,C_103021,CURRENT,439.19,ACTIVE,2023-10-09 12:45:13
ACC_1004509,C_103022,SAVINGS,29657.5,ACTIVE,2022-02-10 19:49:09
ACC_1004510,C_103022,SAVINGS,23635.1,ACTIVE,2022-01-28 08:13:09
ACC_1004511,C_103023,BUSINESS,76002.88,ACTIVE,2017-12-15 07:47:34
ACC_1004512,C_103023,SAVINGS,46771.4,ACTIVE,2017-12-09 06:19:34
ACC_1004513,C_103024,BUSINESS,58698.63,ACTIVE,2019-07-18 05:04:49
ACC_1004514,C_103025,CURRENT,3460.09,ACTIVE,2016-05-10 13:45:52
ACC_1004515,C_103026,SAVINGS,64055.55,ACTIVE,2024-09-30 10:25:55
ACC_1004516,C_103027,BUSINESS,10598.44,ACTIVE,2023-09-10 17:56:46
ACC_1004517,C_103027,SAVINGS,6665.51,ACTIVE,2023-09-14 02:34:46
ACC_1004518,C_103028,SAVINGS,102233.92,ACTIVE,2023-04-19 09:10:53
ACC_1004519,C_103029,SAVINGS,2008.54,ACTIVE,2021-04-28 18:30:18
ACC_1004520,C_103030,CURRENT,920.58,ACTIVE,2024-12-03 22:10:08
ACC_1004521,C_103030,CURRENT,16320.47,ACTIVE,2024-11-30 23:11:08
ACC_1004522,C_103031,BUSINESS,44415.18,ACTIVE,2021-12-23 21:00:08
ACC_1004523,C_103032,BUSINESS,22306.75,ACTIVE,2023-03-29 17:58:57
ACC_1004524,C_103032,BUSINESS,55614.24,ACTIVE,2023-04-02 15:28:57
ACC_1004525,C_103033,CURRENT,987.62,ACTIVE,2019-12-06 15:01:18
ACC_1004526,C_103034,BUSINESS,9203.36,ACTIVE,2021-01-31 22:20:07
ACC_1004527,C_103035,CURRENT,628.77,ACTIVE,2020-07-02 07:15:45
ACC_1004528,C_103036,BUSINESS,222268.25,ACTIVE,2016-05-05 03:22:12
ACC_1004529,C_103037,BUSINESS,744822.41,ACTIVE,2021-06-06 12:01:51
ACC_1004530,C_103037,SAVINGS,5831.0,ACTIVE,2021-06-07 05:08:51
ACC_1004531,C_103038,SAVINGS,35481.53,ACTIVE,2016-10-10 20:00:34
ACC_1004532,C_103038,BUSINESS,23896.75,ACTIVE,2016-10-25 17:16:34
ACC_1004533,C_103038,BUSINESS,107245.37,DORMANT,2016-11-05 18:27:34
ACC_1004534,C_103039,SAVINGS,27366.84,ACTIVE,2016-01-12 19:45:29
ACC_1004535,C_103039,SAVINGS,22787.98,ACTIVE,2016-02-03 16:46:29
ACC_1004536,C_103040,CURRENT,2144.91,ACTIVE,2023-01-18 19:20:24
ACC_1004537,C_103041,SAVINGS,5402.27,ACTIVE,2018-05-23 01:33:01
ACC_1004538,C_103041,CURRENT,1678.62,ACTIVE,2018-05-15 07:30:01
ACC_1004539,C_103042,CURRENT,9717.44,ACTIVE,2021-06-20 08:46:43
ACC_1004540,C_103043,SAVINGS,4961.91,ACTIVE,2022-02-04 12:31:21
ACC_1004541,C_103044,CURRENT,364.11,ACTIVE,2024-08-08 02:35:36
ACC_1004542,C_103045,SAVINGS,28522.78,ACTIVE,2021-06-28 09:17:56
ACC_1004543,C_103046,CURRENT,1137.11,ACTIVE,2020-04-18 20:13:05
ACC_1004544,C_103047,CURRENT,573.71,ACTIVE,2021-06-09 02:29:03
ACC_1004545,C_103048,SAVINGS,10790.04,ACTIVE,2025-04-22 19:42:34
ACC_1004546,C_103048,BUSINESS,39505.21,ACTIVE,2025-05-08 15:01:34
ACC_1004547,C_103049,CURRENT,665.41,ACTIVE,2022-07-14 08:57:09
ACC_1004548,C_103050,SAVINGS,40415.92,ACTIVE,2025-10-21 08:55:31
ACC_1004549,C_103051,CURRENT,5009.73,ACTIVE,2020-09-22 16:46:34
ACC_1004550,C_103052,BUSINESS,96652.04,ACTIVE,2020-11-30 17:28:08
ACC_1004551,C_103052,BUSINESS,138151.08,ACTIVE,2020-11-24 16:07:08
ACC_1004552,C_103053,SAVINGS,6815.75,ACTIVE,2017-02-18 20:42:08
ACC_1004553,C_103054,SAVINGS,12555.34,ACTIVE,2025-03-26 06:31:51
ACC_1004554,C_103054,BUSINESS,105829.33,ACTIVE,2025-03-13 04:35:51
ACC_1004555,C_103054,SAVINGS,5967.28,ACTIVE,2025-03-30 03:32:51
ACC_1004556,C_103055,SAVINGS,4488.49,DORMANT,2016-11-11 14:35:43
ACC_1004557,C_103056,SAVINGS,8351.85,ACTIVE,2022-08-23 21:06:59
ACC_1004558,C_103057,BUSINESS,456745.8,DORMANT,2025-01-13 15:17:49
ACC_1004559,C_103058,BUSINESS,89553.59,ACTIVE,2019-09-16 18:16:55
ACC_1004560,C_103059,BUSINESS,162761.5,ACTIVE,2024-06-25 05:47:18
ACC_1004561,C_103060,BUSINESS,38635.19,ACTIVE,2025-03-25 22:05:05
ACC_1004562,C_103061,CURRENT,2976.72,ACTIVE,2019-03-05 01:58:51
ACC_1004563,C_103061,CURRENT,283.15,ACTIVE,2019-03-12 12:21:51
ACC_1004564,C_103061,BUSINESS,174059.83,ACTIVE,2019-03-06 01:37:51
ACC_1004565,C_103062,CURRENT,13037.07,ACTIVE,2019-01-26 01:28:20
ACC_1004566,C_103063,CURRENT,3898.64,ACTIVE,2025-05-02 09:47:00
ACC_1004567,C_103063,SAVINGS,2595.61,ACTIVE,2025-05-20 22:12:00
ACC_1004568,C_103064,SAVINGS,14724.32,ACTIVE,2020-06-29 19:04:35
ACC_1004569,C_103064,SAVINGS,3272.84,ACTIVE,2020-07-07 03:59:35
ACC_1004570,C_103065,CURRENT,3596.27,ACTIVE,2018-11-01 17:08:25
ACC_1004571,C_103066,CURRENT,829.63,ACTIVE,2024-08-29 17:30:22
ACC_1004572,C_103067,CURRENT,2188.81,ACTIVE,2023-11-20 05:28:08
ACC_1004573,C_103068,BUSINESS,785510.74,DORMANT,2022-05-18 08:43:21
ACC_1004574,C_103069,BUSINESS,772689.21,ACTIVE,2024-07-31 23:23:02
ACC_1004575,C_103070,CURRENT,735.07,DORMANT,2021-05-05 10:18:40
ACC_1004576,C_103070,CURRENT,1617.24,ACTIVE,2021-04-29 08:34:40
ACC_1004577,C_103071,BUSINESS,56595.96,ACTIVE,2019-07-05 21:44:40
ACC_1004578,C_103072,CURRENT,344.33,ACTIVE,2021-12-16 12:26:25
ACC_1004579,C_103073,SAVINGS,6233.86,ACTIVE,2016-03-12 01:11:39
ACC_1004580,C_103074,CURRENT,2001.81,ACTIVE,2022-04-08 09:50:27
ACC_1004581,C_103074,SAVINGS,16511.91,ACTIVE,2022-03-31 00:46:27
ACC_1004582,C_103075,CURRENT,606.45,ACTIVE,2019-07-11 22:21:29
ACC_1004583,C_103075,CURRENT,1994.32,ACTIVE,2019-07-14 00:56:29
ACC_1004584,C_103076,CURRENT,329.23,ACTIVE,2016-02-09 06:14:26
ACC_1004585,C_103077,BUSINESS,350141.65,ACTIVE,2023-12-28 10:33:53
ACC_1004586,C_103078,CURRENT,7762.36,DORMANT,2017-01-30 21:38:45
ACC_1004587,C_103079,SAVINGS,5594.48,DORMANT,2025-03-23 22:14:13
ACC_1004588,C_103080,BUSINESS,74220.23,ACTIVE,2022-09-09 20:06:13
ACC_1004589,C_103081,SAVINGS,3482.43,ACTIVE,2020-10-05 12:03:36
ACC_1004590,C_103081,BUSINESS,66324.85,ACTIVE,2020-10-08 19:42:36
ACC_1004591,C_103082,SAVINGS,26225.68,ACTIVE,2018-10-29 04:43:52
ACC_1004592,C_103082,BUSINESS,197847.94,DORMANT,2018-11-13 15:18:52
ACC_1004593,C_103083,BUSINESS,57503.55,ACTIVE,2018-08-05 07:22:28
ACC_1004594,C_103083,CURRENT,2305.83,ACTIVE,2018-08-04 07:21:28
ACC_1004595,C_103084,BUSINESS,263240.25,ACTIVE,2021-10-15 18:23:18
ACC_1004596,C_103084,SAVINGS,8086.58,ACTIVE,2021-10-04 13:40:18
ACC_1004597,C_103084,CURRENT,4277.61,ACTIVE,2021-09-30 17:07:18
ACC_1004598,C_103085,BUSINESS,2772.19,ACTIVE,2021-05-08 11:10:18
ACC_1004599,C_103086,BUSINESS,8379.75,ACTIVE,2025-02-11 18:38:44
ACC_1004600,C_103086,BUSINESS,14568.86,ACTIVE,2025-01-31 09:18:44
ACC_1004601,C_103087,CURRENT,1873.29,ACTIVE,2017-07-19 07:32:17
ACC_1004602,C_103087,CURRENT,465.43,ACTIVE,2017-07-26 05:38:17
ACC_1004603,C_103087,CURRENT,4800.06,ACTIVE,2017-07-15 05:33:17
ACC_1004604,C_103088,SAVINGS,9360.86,ACTIVE,2025-07-28 14:55:07
ACC_1004605,C_103088,CURRENT,1167.73,ACTIVE,2025-08-04 18:57:07
ACC_1004606,C_103089,BUSINESS,7406.29,ACTIVE,2016-03-02 19:24:22
ACC_1004607,C_103090,BUSINESS,303747.71,ACTIVE,2019-09-14 07:12:46
ACC_1004608,C_103091,BUSINESS,767055.74,ACTIVE,2021-11-15 07:12:59
ACC_1004609,C_103092,BUSINESS,58585.65,ACTIVE,2021-03-05 16:36:42
ACC_1004610,C_103092,BUSINESS,42508.23,ACTIVE,2021-02-25 01:57:42
ACC_1004611,C_103093,SAVINGS,250000.0,ACTIVE,2020-12-10 10:16:41
ACC_1004612,C_103093,CURRENT,5831.69,ACTIVE,2020-12-03 06:23:41
ACC_1004613,C_103094,SAVINGS,4983.3,ACTIVE,2017-04-08 12:50:35
ACC_1004614,C_103094,SAVINGS,2679.28,ACTIVE,2017-04-05 06:43:35
ACC_1004615,C_103095,BUSINESS,31052.51,ACTIVE,2016-12-27 14:52:29
ACC_1004616,C_103096,SAVINGS,4182.9,ACTIVE,2021-06-19 15:14:08
ACC_1004617,C_103097,BUSINESS,348879.92,ACTIVE,2023-09-30 18:34:32
ACC_1004618,C_103097,SAVINGS,28777.44,DORMANT,2023-09-30 00:18:32
ACC_1004619,C_103098,CURRENT,4825.95,ACTIVE,2018-05-24 08:46:46
ACC_1004620,C_103099,CURRENT,5266.02,ACTIVE,2016-03-14 08:36:34
ACC_1004621,C_103099,CURRENT,1705.3,ACTIVE,2016-03-28 17:49:34
ACC_1004622,C_103100,CURRENT,6724.96,ACTIVE,2016-07-24 12:22:28
ACC_1004623,C_103101,SAVINGS,37973.85,ACTIVE,2019-09-22 22:16:39
ACC_1004624,C_103102,SAVINGS,4628.69,ACTIVE,2021-07-13 08:21:36
ACC_1004625,C_103103,SAVINGS,25110.66,ACTIVE,2022-06-19 10:06:06
ACC_1004626,C_103104,SAVINGS,250000.0,ACTIVE,2024-01-31 07:20:46
ACC_1004627,C_103105,BUSINESS,27634.43,ACTIVE,2019-10-02 01:04:37
ACC_1004628,C_103105,SAVINGS,20840.43,ACTIVE,2019-09-28 14:18:37
ACC_1004629,C_103105,SAVINGS,61658.59,ACTIVE,2019-09-29 08:23:37
ACC_1004630,C_103106,BUSINESS,39621.2,ACTIVE,2016-08-09 10:06:22
ACC_1004631,C_103107,SAVINGS,35662.49,ACTIVE,2018-11-18 14:41:11
ACC_1004632,C_103107,SAVINGS,7929.77,ACTIVE,2018-12-05 13:13:11
ACC_1004633,C_103108,BUSINESS,89551.68,ACTIVE,2020-03-31 05:36:20
ACC_1004634,C_103108,SAVINGS,73666.72,ACTIVE,2020-04-11 03:56:20
ACC_1004635,C_103109,CURRENT,1338.19,ACTIVE,2021-01-05 03:08:10
ACC_1004636,C_103109,CURRENT,1758.58,ACTIVE,2020-12-16 18:35:10
ACC_1004637,C_103110,SAVINGS,20356.66,ACTIVE,2025-06-17 11:56:57
ACC_1004638,C_103111,CURRENT,581.86,ACTIVE,2023-08-04 14:42:15
ACC_1004639,C_103111,SAVINGS,13472.71,ACTIVE,2023-08-11 21:55:15
ACC_1004640,C_103112,BUSINESS,42312.57,ACTIVE,2021-09-24 00:56:51
ACC_1004641,C_103113,CURRENT,1453.86,ACTIVE,2022-11-24 12:51:32
ACC_1004642,C_103113,BUSINESS,231728.4,ACTIVE,2022-12-02 07:02:32
ACC_1004643,C_103114,SAVINGS,3755.32,ACTIVE,2024-06-09 19:22:13
ACC_1004644,C_103114,CURRENT,477.63,ACTIVE,2024-05-30 16:39:13
ACC_1004645,C_103115,SAVINGS,1062.07,ACTIVE,2019-01-11 21:00:19
ACC_1004646,C_103116,CURRENT,1768.48,ACTIVE,2018-04-28 02:00:05
ACC_1004647,C_103117,SAVINGS,7890.77,ACTIVE,2016-09-03 23:34:45
ACC_1004648,C_103117,BUSINESS,13605.22,ACTIVE,2016-08-31 23:29:45
ACC_1004649,C_103118,CURRENT,1512.14,ACTIVE,2024-04-12 19:09:10
ACC_1004650,C_103119,SAVINGS,4929.58,ACTIVE,2024-02-09 11:22:23
ACC_1004651,C_103120,BUSINESS,76273.67,ACTIVE,2020-02-09 05:13:23
ACC_1004652,C_103121,SAVINGS,12104.8,ACTIVE,2023-07-24 07:36:26
ACC_1004653,C_103122,BUSINESS,200025.84,ACTIVE,2016-09-12 13:28:20
ACC_1004654,C_103123,SAVINGS,20041.02,ACTIVE,2020-07-17 12:05:43
ACC_1004655,C_103123,SAVINGS,22624.42,ACTIVE,2020-06-27 21:05:43
ACC_1004656,C_103124,SAVINGS,3548.72,ACTIVE,2021-02-01 14:48:25
ACC_1004657,C_103125,CURRENT,873.96,ACTIVE,2023-04-21 09:45:04
ACC_1004658,C_103125,SAVINGS,2599.88,ACTIVE,2023-04-08 22:57:04
ACC_1004659,C_103126,BUSINESS,326925.61,ACTIVE,2020-07-21 11:02:54
ACC_1004660,C_103127,SAVINGS,56754.99,ACTIVE,2022-09-27 06:55:30
ACC_1004661,C_103128,SAVINGS,31381.87,DORMANT,2018-08-31 13:07:50
ACC_1004662,C_103129,BUSINESS,444425.13,DORMANT,2016-03-17 06:43:19
ACC_1004663,C_103130,BUSINESS,141434.66,ACTIVE,2016-10-13 22:20:30
ACC_1004664,C_103131,CURRENT,3074.5,ACTIVE,2025-09-25 23:46:13
ACC_1004665,C_103131,CURRENT,1133.2,ACTIVE,2025-10-01 21:30:13
ACC_1004666,C_103132,SAVINGS,7634.75,ACTIVE,2019-11-09 00:26:15
ACC_1004667,C_103133,SAVINGS,53872.11,ACTIVE,2022-11-11 21:44:20
ACC_1004668,C_103133,CURRENT,4407.89,ACTIVE,2022-10-21 11:04:20
ACC_1004669,C_103134,BUSINESS,5214.57,ACTIVE,2023-04-18 14:39:57
ACC_1004670,C_103134,SAVINGS,16704.83,ACTIVE,2023-04-02 02:34:57
ACC_1004671,C_103135,SAVINGS,4711.87,DORMANT,2025-10-04 09:26:29
ACC_1004672,C_103136,SAVINGS,74314.41,ACTIVE,2017-08-26 22:48:15
ACC_1004673,C_103136,BUSINESS,73987.45,ACTIVE,2017-08-20 13:14:15
ACC_1004674,C_103137,CURRENT,2208.98,ACTIVE,2024-10-03 13:28:12
ACC_1004675,C_103137,CURRENT,742.42,ACTIVE,2024-09-23 11:34:12
ACC_1004676,C_103138,CURRENT,370.14,ACTIVE,2025-02-12 21:20:08
ACC_1004677,C_103139,CURRENT,629.74,DORMANT,2022-03-23 18:11:26
ACC_1004678,C_103140,CURRENT,1514.8,ACTIVE,2025-07-29 14:08:07
ACC_1004679,C_103140,CURRENT,142.88,ACTIVE,2025-08-02 07:01:07
ACC_1004680,C_103141,BUSINESS,22811.08,ACTIVE,2024-02-10 19:05:40
ACC_1004681,C_103142,SAVINGS,74405.33,ACTIVE,2023-12-07 04:13:21
ACC_1004682,C_103142,CURRENT,4018.0,ACTIVE,2023-11-24 19:01:21
ACC_1004683,C_103143,CURRENT,6924.63,ACTIVE,2024-08-19 08:31:38
ACC_1004684,C_103144,CURRENT,828.94,ACTIVE,2019-05-23 19:57:05
ACC_1004685,C_103144,CURRENT,2194.38,ACTIVE,2019-05-20 17:36:05
ACC_1004686,C_103144,CURRENT,3900.88,DORMANT,2019-05-01 00:19:05
ACC_1004687,C_103145,CURRENT,13406.19,ACTIVE,2023-03-17 00:11:28
ACC_1004688,C_103146,SAVINGS,30318.81,ACTIVE,2016-03-09 21:37:33
ACC_1004689,C_103147,BUSINESS,21353.01,DORMANT,2024-08-23 19:48:27
ACC_1004690,C_103147,BUSINESS,8413.96,ACTIVE,2024-08-28 19:50:27
ACC_1004691,C_103147,CURRENT,1484.56,ACTIVE,2024-08-13 21:48:27
ACC_1004692,C_103148,CURRENT,607.41,ACTIVE,2019-06-21 02:06:08
ACC_1004693,C_103148,CURRENT,3983.4,ACTIVE,2019-06-18 22:21:08
ACC_1004694,C_103148,CURRENT,1741.91,ACTIVE,2019-06-24 09:33:08
ACC_1004695,C_103149,CURRENT,2716.52,ACTIVE,2022-12-13 20:04:14
ACC_1004696,C_103149,CURRENT,2692.7,ACTIVE,2022-11-26 21:55:14
ACC_1004697,C_103150,CURRENT,1482.16,ACTIVE,2024-04-22 00:33:57
ACC_1004698,C_103151,CURRENT,514.19,ACTIVE,2025-12-21 09:56:01
ACC_1004699,C_103152,SAVINGS,12429.78,ACTIVE,2020-09-19 22:38:49
ACC_1004700,C_103153,CURRENT,4353.35,ACTIVE,2020-07-09 13:05:27
ACC_1004701,C_103154,CURRENT,1971.06,ACTIVE,2018-03-07 16:09:22
ACC_1004702,C_103154,SAVINGS,56713.43,ACTIVE,2018-03-30 08:35:22
ACC_1004703,C_103155,SAVINGS,3862.67,ACTIVE,2018-08-29 04:43:58
ACC_1004704,C_103156,CURRENT,1586.34,ACTIVE,2023-12-11 11:21:36
ACC_1004705,C_103156,BUSINESS,504871.35,ACTIVE,2023-12-14 03:55:36
ACC_1004706,C_103157,BUSINESS,79767.59,ACTIVE,2025-01-23 11:49:03
ACC_1004707,C_103158,CURRENT,333.58,ACTIVE,2016-07-12 19:45:28
ACC_1004708,C_103159,SAVINGS,6544.46,ACTIVE,2018-01-01 19:33:25
ACC_1004709,C_103160,BUSINESS,6615.39,ACTIVE,2021-01-23 18:45:55
ACC_1004710,C_103160,SAVINGS,4976.19,DORMANT,2021-02-10 11:28:55
ACC_1004711,C_103161,CURRENT,3413.3,ACTIVE,2024-03-26 03:19:41
ACC_1004712,C_103162,CURRENT,8420.37,ACTIVE,2019-09-15 16:32:42
ACC_1004713,C_103163,CURRENT,4695.36,DORMANT,2021-09-29 23:10:18
ACC_1004714,C_103163,CURRENT,1207.19,DORMANT,2021-10-03 18:10:18
ACC_1004715,C_103164,CURRENT,1146.27,ACTIVE,2023-05-23 10:54:36
ACC_1004716,C_103165,CURRENT,6344.08,ACTIVE,2017-02-14 12:58:46
ACC_1004717,C_103166,SAVINGS,48953.32,ACTIVE,2024-06-20 14:31:23
ACC_1004718,C_103166,BUSINESS,35808.85,ACTIVE,2024-07-11 08:25:23
ACC_1004719,C_103167,SAVINGS,171603.63,ACTIVE,2022-08-06 06:57:50
ACC_1004720,C_103168,SAVINGS,8935.33,ACTIVE,2024-06-24 23:52:35
ACC_1004721,C_103169,SAVINGS,4003.07,ACTIVE,2018-10-06 08:35:39
ACC_1004722,C_103170,CURRENT,6345.77,ACTIVE,2022-05-04 22:27:54
ACC_1004723,C_103171,CURRENT,289.18,ACTIVE,2021-11-06 00:43:34
ACC_1004724,C_103171,BUSINESS,223834.69,ACTIVE,2021-11-02 07:42:34
ACC_1004725,C_103172,BUSINESS,7543.72,ACTIVE,2017-10-04 10:06:25
ACC_1004726,C_103172,BUSINESS,33920.4,ACTIVE,2017-09-06 16:56:25
ACC_1004727,C_103172,SAVINGS,39631.13,ACTIVE,2017-09-11 02:08:25
ACC_1004728,C_103173,BUSINESS,110525.93,ACTIVE,2024-01-20 18:06:02
ACC_1004729,C_103174,CURRENT,981.85,ACTIVE,2021-09-28 23:23:22
ACC_1004730,C_103175,BUSINESS,129598.14,ACTIVE,2023-03-07 03:53:48
ACC_1004731,C_103176,CURRENT,657.57,ACTIVE,2021-05-23 07:48:12
ACC_1004732,C_103176,CURRENT,10707.9,ACTIVE,2021-05-22 04:04:12
ACC_1004733,C_103177,SAVINGS,29403.23,ACTIVE,2018-08-07 21:22:46
ACC_1004734,C_103177,SAVINGS,6799.32,ACTIVE,2018-08-19 17:52:46
ACC_1004735,C_103177,SAVINGS,14519.06,ACTIVE,2018-08-21 23:43:46
ACC_1004736,C_103178,BUSINESS,81129.74,DORMANT,2019-10-08 22:46:03
ACC_1004737,C_103179,CURRENT,369.12,ACTIVE,2023-10-02 03:38:37
ACC_1004738,C_103180,SAVINGS,5294.31,ACTIVE,2024-07-24 20:08:48
ACC_1004739,C_103180,BUSINESS,81977.88,ACTIVE,2024-07-27 21:48:48
ACC_1004740,C_103180,BUSINESS,127334.58,ACTIVE,2024-07-26 14:21:48
ACC_1004741,C_103181,CURRENT,1387.44,DORMANT,2019-01-04 04:51:23
ACC_1004742,C_103181,SAVINGS,32952.36,ACTIVE,2019-01-18 17:53:23
ACC_1004743,C_103181,BUSINESS,1500000.0,ACTIVE,2019-01-28 10:28:23
ACC_1004744,C_103182,CURRENT,2323.49,ACTIVE,2019-07-23 16:06:46
ACC_1004745,C_103182,BUSINESS,201699.27,ACTIVE,2019-07-04 03:33:46
ACC_1004746,C_103182,BUSINESS,27442.05,ACTIVE,2019-07-10 15:31:46
ACC_1004747,C_103183,SAVINGS,4316.15,ACTIVE,2025-02-18 10:40:50
ACC_1004748,C_103184,SAVINGS,6315.56,DORMANT,2020-07-09 21:48:42
ACC_1004749,C_103185,SAVINGS,13054.38,ACTIVE,2018-01-05 02:49:22
ACC_1004750,C_103185,SAVINGS,1896.15,ACTIVE,2018-01-04 07:21:22
ACC_1004751,C_103186,CURRENT,10019.43,ACTIVE,2022-10-16 07:49:40
ACC_1004752,C_103187,BUSINESS,42707.59,ACTIVE,2023-05-14 02:05:43
ACC_1004753,C_103188,CURRENT,3644.4,ACTIVE,2022-03-29 14:14:56
ACC_1004754,C_103188,SAVINGS,250000.0,DORMANT,2022-04-11 18:53:56
ACC_1004755,C_103189,BUSINESS,19613.63,ACTIVE,2021-12-01 02:39:55
ACC_1004756,C_103189,BUSINESS,156040.8,ACTIVE,2021-12-08 10:44:55
ACC_1004757,C_103189,BUSINESS,38187.29,ACTIVE,2021-12-29 10:35:55
ACC_1004758,C_103190,BUSINESS,5036.23,ACTIVE,2016-03-20 23:21:46
ACC_1004759,C_103190,CURRENT,11753.16,ACTIVE,2016-03-29 20:58:46
ACC_1004760,C_103191,SAVINGS,104991.95,ACTIVE,2024-06-13 18:06:08
ACC_1004761,C_103192,SAVINGS,15625.58,ACTIVE,2023-11-04 03:58:59
ACC_1004762,C_103192,CURRENT,3160.68,ACTIVE,2023-11-12 03:13:59
ACC_1004763,C_103193,CURRENT,285.36,ACTIVE,2020-08-12 10:10:54
ACC_1004764,C_103194,SAVINGS,3599.04,DORMANT,2025-11-27 02:01:47
ACC_1004765,C_103195,BUSINESS,198957.73,DORMANT,2019-08-28 08:50:21
ACC_1004766,C_103196,SAVINGS,12592.93,ACTIVE,2022-11-18 03:22:58
ACC_1004767,C_103197,BUSINESS,134431.21,ACTIVE,2022-11-15 04:13:52
ACC_1004768,C_103197,CURRENT,732.75,ACTIVE,2022-11-17 02:45:52
ACC_1004769,C_103198,BUSINESS,100355.23,ACTIVE,2021-03-06 17:08:43
ACC_1004770,C_103198,BUSINESS,465659.32,ACTIVE,2021-03-13 23:27:43
ACC_1004771,C_103199,CURRENT,3223.5,ACTIVE,2024-10-06 07:06:54
ACC_1004772,C_103200,CURRENT,120.69,ACTIVE,2021-11-02 11:47:11
ACC_1004773,C_103201,SAVINGS,38097.64,ACTIVE,2020-04-27 12:04:23
ACC_1004774,C_103201,SAVINGS,25894.8,ACTIVE,2020-04-30 12:25:23
ACC_1004775,C_103202,BUSINESS,486231.22,ACTIVE,2023-04-27 03:40:17
ACC_1004776,C_103203,CURRENT,50000.0,ACTIVE,2025-09-20 18:23:48
ACC_1004777,C_103204,SAVINGS,11934.8,ACTIVE,2023-10-19 19:11:27
ACC_1004778,C_103204,CURRENT,6389.34,ACTIVE,2023-11-08 18:59:27
ACC_1004779,C_103205,BUSINESS,75572.39,ACTIVE,2016-08-18 02:29:17
ACC_1004780,C_103206,SAVINGS,166273.86,ACTIVE,2018-09-23 08:51:45
ACC_1004781,C_103206,BUSINESS,64970.58,ACTIVE,2018-09-16 16:08:45
ACC_1004782,C_103206,SAVINGS,45350.1,ACTIVE,2018-10-02 23:38:45
ACC_1004783,C_103207,BUSINESS,44579.68,ACTIVE,2021-04-11 23:52:19
ACC_1004784,C_103208,BUSINESS,51006.05,ACTIVE,2023-03-01 13:31:36
ACC_1004785,C_103208,SAVINGS,3058.53,ACTIVE,2023-03-12 03:11:36
ACC_1004786,C_103208,CURRENT,5187.69,ACTIVE,2023-02-22 03:38:36
ACC_1004787,C_103209,SAVINGS,48916.47,ACTIVE,2023-07-15 15:38:06
ACC_1004788,C_103209,BUSINESS,49556.56,ACTIVE,2023-06-23 15:40:06
ACC_1004789,C_103209,CURRENT,1660.83,ACTIVE,2023-07-17 09:57:06
ACC_1004790,C_103210,CURRENT,1165.52,ACTIVE,2025-05-16 00:30:33
ACC_1004791,C_103211,CURRENT,786.54,ACTIVE,2017-02-13 13:02:51
ACC_1004792,C_103212,BUSINESS,23653.13,ACTIVE,2018-06-17 22:35:18
ACC_1004793,C_103212,CURRENT,1200.3,DORMANT,2018-06-15 16:13:18
ACC_1004794,C_103213,CURRENT,1896.68,ACTIVE,2025-02-09 16:07:12
ACC_1004795,C_103214,SAVINGS,7772.11,ACTIVE,2019-12-31 23:48:36
ACC_1004796,C_103214,CURRENT,3104.25,ACTIVE,2019-12-14 07:25:36
ACC_1004797,C_103215,CURRENT,5940.86,ACTIVE,2018-03-11 02:03:15
ACC_1004798,C_103215,CURRENT,8539.44,ACTIVE,2018-03-19 09:19:15
ACC_1004799,C_103215,SAVINGS,28256.51,ACTIVE,2018-03-15 03:38:15
ACC_1004800,C_103216,CURRENT,1627.9,ACTIVE,2020-12-23 02:09:02
ACC_1004801,C_103217,SAVINGS,10182.01,ACTIVE,2020-11-19 21:29:00
ACC_1004802,C_103218,BUSINESS,267600.31,ACTIVE,2017-04-15 13:21:42
ACC_1004803,C_103219,BUSINESS,36683.24,ACTIVE,2023-09-03 10:28:06
ACC_1004804,C_103220,CURRENT,1236.13,ACTIVE,2024-12-09 15:10:47
ACC_1004805,C_103221,BUSINESS,28136.57,ACTIVE,2022-01-17 09:03:00
ACC_1004806,C_103222,CURRENT,1610.54,ACTIVE,2016-02-25 05:35:33
ACC_1004807,C_103223,CURRENT,801.85,ACTIVE,2022-11-22 18:42:15
ACC_1004808,C_103224,SAVINGS,108789.86,ACTIVE,2025-03-29 19:40:39
ACC_1004809,C_103225,SAVINGS,6483.51,ACTIVE,2021-02-21 03:36:47
ACC_1004810,C_103226,SAVINGS,17793.85,ACTIVE,2021-10-17 01:11:20
ACC_1004811,C_103226,SAVINGS,58800.99,DORMANT,2021-10-18 00:26:20
ACC_1004812,C_103227,SAVINGS,57270.79,ACTIVE,2016-10-13 10:47:05
ACC_1004813,C_103228,SAVINGS,7397.37,ACTIVE,2018-04-02 06:26:10
ACC_1004814,C_103229,BUSINESS,24280.57,ACTIVE,2017-03-30 09:40:13
ACC_1004815,C_103230,BUSINESS,425286.59,ACTIVE,2023-02-04 20:24:19
ACC_1004816,C_103231,SAVINGS,63072.8,ACTIVE,2021-12-01 06:42:06
ACC_1004817,C_103231,SAVINGS,3514.69,ACTIVE,2021-11-25 03:43:06
ACC_1004818,C_103232,BUSINESS,188755.55,ACTIVE,2021-01-28 16:37:46
ACC_1004819,C_103233,CURRENT,7563.18,ACTIVE,2023-04-19 02:16:22
ACC_1004820,C_103233,BUSINESS,10559.17,ACTIVE,2023-03-23 18:30:22
ACC_1004821,C_103234,CURRENT,3218.03,ACTIVE,2019-03-02 22:36:57
ACC_1004822,C_103235,CURRENT,5089.83,ACTIVE,2021-12-03 22:07:39
ACC_1004823,C_103236,SAVINGS,65041.65,ACTIVE,2021-09-20 21:58:15
ACC_1004824,C_103236,BUSINESS,60636.35,ACTIVE,2021-09-15 01:48:15
ACC_1004825,C_103237,SAVINGS,20271.45,ACTIVE,2023-07-01 15:51:29
ACC_1004826,C_103238,BUSINESS,85106.88,ACTIVE,2023-05-05 14:56:38
ACC_1004827,C_103238,CURRENT,4343.13,ACTIVE,2023-05-06 00:02:38
ACC_1004828,C_103238,CURRENT,6142.48,ACTIVE,2023-05-16 05:42:38
ACC_1004829,C_103239,BUSINESS,237484.48,ACTIVE,2019-03-20 06:19:52
ACC_1004830,C_103239,BUSINESS,66685.39,ACTIVE,2019-03-06 18:11:52
ACC_1004831,C_103240,SAVINGS,4555.14,ACTIVE,2025-03-05 04:40:35
ACC_1004832,C_103240,CURRENT,764.51,ACTIVE,2025-03-10 17:21:35
ACC_1004833,C_103240,CURRENT,656.21,ACTIVE,2025-03-09 04:51:35
ACC_1004834,C_103241,CURRENT,3043.67,ACTIVE,2019-05-23 09:59:31
ACC_1004835,C_103241,CURRENT,13922.91,ACTIVE,2019-06-04 11:32:31
ACC_1004836,C_103241,CURRENT,12513.84,ACTIVE,2019-05-20 11:35:31
ACC_1004837,C_103242,SAVINGS,9609.49,ACTIVE,2020-06-01 17:26:30
ACC_1004838,C_103242,BUSINESS,87025.24,ACTIVE,2020-05-08 20:27:30
ACC_1004839,C_103243,BUSINESS,63444.88,ACTIVE,2025-02-17 08:10:06
ACC_1004840,C_103243,SAVINGS,16683.79,ACTIVE,2025-03-18 04:16:06
ACC_1004841,C_103244,BUSINESS,1693.32,ACTIVE,2020-04-06 05:31:23
ACC_1004842,C_103245,BUSINESS,6166.52,ACTIVE,2017-05-10 13:15:30
ACC_1004843,C_103246,CURRENT,2231.32,ACTIVE,2025-11-15 19:12:46
ACC_1004844,C_103247,SAVINGS,23082.17,ACTIVE,2024-07-25 14:34:47
ACC_1004845,C_103248,BUSINESS,1500000.0,ACTIVE,2025-07-11 21:22:19
ACC_1004846,C_103249,BUSINESS,11559.15,ACTIVE,2019-05-11 04:59:42
ACC_1004847,C_103250,BUSINESS,230688.89,ACTIVE,2019-06-29 17:17:31
ACC_1004848,C_103251,SAVINGS,13707.32,ACTIVE,2017-11-08 02:41:00
ACC_1004849,C_103252,SAVINGS,5783.62,ACTIVE,2020-03-04 02:20:09
ACC_1004850,C_103252,SAVINGS,18483.25,ACTIVE,2020-03-12 04:53:09
ACC_1004851,C_103253,CURRENT,6192.64,ACTIVE,2025-02-16 19:11:03
ACC_1004852,C_103253,SAVINGS,4714.32,ACTIVE,2025-02-12 05:55:03
ACC_1004853,C_103254,BUSINESS,42817.02,ACTIVE,2016-05-14 03:28:32
ACC_1004854,C_103254,SAVINGS,14859.69,ACTIVE,2016-06-10 19:49:32
ACC_1004855,C_103255,SAVINGS,5787.98,ACTIVE,2018-11-11 23:18:27
ACC_1004856,C_103255,SAVINGS,18110.45,ACTIVE,2018-12-02 11:34:27
ACC_1004857,C_103255,CURRENT,9687.69,ACTIVE,2018-11-08 13:58:27
ACC_1004858,C_103256,SAVINGS,10766.24,ACTIVE,2023-02-24 05:58:52
ACC_1004859,C_103257,CURRENT,1597.38,ACTIVE,2024-06-26 02:03:33
ACC_1004860,C_103258,BUSINESS,36101.94,ACTIVE,2020-06-03 00:13:15
ACC_1004861,C_103258,BUSINESS,6310.19,ACTIVE,2020-05-11 02:05:15
ACC_1004862,C_103259,SAVINGS,3792.75,ACTIVE,2024-08-10 02:01:00
ACC_1004863,C_103259,SAVINGS,4690.79,ACTIVE,2024-08-14 07:59:00
ACC_1004864,C_103260,CURRENT,3812.11,ACTIVE,2024-06-16 21:50:38
ACC_1004865,C_103261,CURRENT,8357.03,ACTIVE,2019-06-07 01:15:51
ACC_1004866,C_103261,CURRENT,2135.94,ACTIVE,2019-06-19 20:03:51
ACC_1004867,C_103262,SAVINGS,43581.84,ACTIVE,2025-07-10 17:38:44
ACC_1004868,C_103263,SAVINGS,15730.13,ACTIVE,2021-07-01 03:32:25
ACC_1004869,C_103263,CURRENT,911.81,ACTIVE,2021-06-27 00:18:25
ACC_1004870,C_103263,CURRENT,11668.52,DORMANT,2021-06-17 17:21:25
ACC_1004871,C_103264,SAVINGS,11034.41,ACTIVE,2026-01-12 02:16:56
ACC_1004872,C_103265,SAVINGS,26523.34,ACTIVE,2022-06-21 14:38:32
ACC_1004873,C_103265,SAVINGS,26496.01,ACTIVE,2022-06-25 07:55:32
ACC_1004874,C_103265,CURRENT,908.39,ACTIVE,2022-07-05 12:24:32
ACC_1004875,C_103266,BUSINESS,1048520.81,ACTIVE,2017-09-24 12:33:54
ACC_1004876,C_103267,CURRENT,1565.66,ACTIVE,2019-11-09 08:22:14
ACC_1004877,C_103267,BUSINESS,68930.66,ACTIVE,2019-10-24 09:06:14
ACC_1004878,C_103268,BUSINESS,64214.51,ACTIVE,2020-04-15 23:22:21
ACC_1004879,C_103269,BUSINESS,35763.76,ACTIVE,2023-05-07 03:16:41
ACC_1004880,C_103269,BUSINESS,33113.78,ACTIVE,2023-05-09 06:05:41
ACC_1004881,C_103270,CURRENT,2227.6,ACTIVE,2024-08-29 14:23:26
ACC_1004882,C_103270,SAVINGS,27171.72,ACTIVE,2024-09-04 21:20:26
ACC_1004883,C_103270,SAVINGS,3055.67,ACTIVE,2024-08-20 03:38:26
ACC_1004884,C_103271,BUSINESS,34277.72,ACTIVE,2022-06-06 06:37:15
ACC_1004885,C_103271,CURRENT,12857.96,ACTIVE,2022-06-12 12:12:15
ACC_1004886,C_103272,CURRENT,699.9,ACTIVE,2025-02-05 14:32:01
ACC_1004887,C_103273,SAVINGS,24883.14,ACTIVE,2022-03-28 03:32:19
ACC_1004888,C_103274,CURRENT,2175.38,ACTIVE,2023-10-02 20:44:20
ACC_1004889,C_103275,SAVINGS,5843.45,ACTIVE,2016-04-15 10:47:17
ACC_1004890,C_103276,SAVINGS,12876.35,ACTIVE,2023-05-26 18:00:06
ACC_1004891,C_103276,SAVINGS,13787.32,DORMANT,2023-05-31 02:55:06
ACC_1004892,C_103276,SAVINGS,5579.4,ACTIVE,2023-05-17 23:40:06
ACC_1004893,C_103277,BUSINESS,535292.04,ACTIVE,2019-07-02 04:57:21
ACC_1004894,C_103277,BUSINESS,683015.23,DORMANT,2019-07-03 14:17:21
ACC_1004895,C_103278,BUSINESS,45386.42,ACTIVE,2025-09-04 04:10:41
ACC_1004896,C_103278,BUSINESS,1092643.61,ACTIVE,2025-09-13 11:43:41
ACC_1004897,C_103278,BUSINESS,89791.34,ACTIVE,2025-09-12 14:51:41
ACC_1004898,C_103279,BUSINESS,575281.42,ACTIVE,2019-11-18 07:17:06
ACC_1004899,C_103280,SAVINGS,38274.73,ACTIVE,2019-12-21 20:44:25
ACC_1004900,C_103280,BUSINESS,6475.13,ACTIVE,2019-12-05 08:17:25
ACC_1004901,C_103281,CURRENT,46078.05,ACTIVE,2019-05-26 14:08:23
ACC_1004902,C_103281,BUSINESS,639946.38,ACTIVE,2019-06-08 18:06:23
ACC_1004903,C_103282,BUSINESS,125312.37,ACTIVE,2021-01-14 16:20:09
ACC_1004904,C_103282,CURRENT,2614.43,DORMANT,2021-01-05 05:13:09
ACC_1004905,C_103283,BUSINESS,4560.21,ACTIVE,2018-10-18 08:41:11
ACC_1004906,C_103284,SAVINGS,9170.63,ACTIVE,2017-07-08 00:58:31
ACC_1004907,C_103285,CURRENT,1690.44,DORMANT,2024-12-19 01:46:39
ACC_1004908,C_103285,CURRENT,881.09,ACTIVE,2025-01-04 06:37:39
ACC_1004909,C_103286,BUSINESS,636051.15,DORMANT,2017-04-13 17:27:13
ACC_1004910,C_103286,BUSINESS,3725.54,ACTIVE,2017-04-18 11:41:13
ACC_1004911,C_103286,BUSINESS,5224.11,ACTIVE,2017-04-30 04:54:13
ACC_1004912,C_103287,BUSINESS,46774.05,ACTIVE,2024-07-25 01:31:13
ACC_1004913,C_103288,CURRENT,4137.43,ACTIVE,2016-06-19 17:43:35
ACC_1004914,C_103289,CURRENT,94.81,ACTIVE,2017-11-06 01:24:14
ACC_1004915,C_103290,BUSINESS,17303.46,ACTIVE,2021-12-17 06:22:31
ACC_1004916,C_103290,SAVINGS,7855.45,ACTIVE,2021-12-25 21:56:31
ACC_1004917,C_103291,CURRENT,17993.48,ACTIVE,2020-07-29 17:39:41
ACC_1004918,C_103292,SAVINGS,14052.07,ACTIVE,2023-08-28 23:28:42
ACC_1004919,C_103293,SAVINGS,50575.73,ACTIVE,2022-01-22 03:25:21
ACC_1004920,C_103294,BUSINESS,18154.64,DORMANT,2017-08-18 10:25:43
ACC_1004921,C_103294,SAVINGS,23583.76,ACTIVE,2017-08-20 23:48:43
ACC_1004922,C_103295,BUSINESS,33782.08,ACTIVE,2017-01-01 16:53:08
ACC_1004923,C_103296,SAVINGS,152030.54,ACTIVE,2019-11-22 05:18:37
ACC_1004924,C_103297,SAVINGS,18039.29,ACTIVE,2017-03-16 06:39:20
ACC_1004925,C_103298,BUSINESS,42128.59,ACTIVE,2022-12-03 13:42:04
ACC_1004926,C_103299,SAVINGS,6307.94,ACTIVE,2024-02-25 17:04:46
ACC_1004927,C_103300,CURRENT,969.76,ACTIVE,2025-05-15 17:52:52
ACC_1004928,C_103300,SAVINGS,57096.01,DORMANT,2025-05-10 23:01:52
ACC_1004929,C_103301,BUSINESS,547861.86,ACTIVE,2017-03-28 07:41:45
ACC_1004930,C_103302,SAVINGS,18155.87,ACTIVE,2016-04-05 00:58:24
ACC_1004931,C_103303,SAVINGS,48903.46,ACTIVE,2021-04-10 23:07:24
ACC_1004932,C_103303,SAVINGS,10258.37,ACTIVE,2021-04-04 00:25:24
ACC_1004933,C_103304,BUSINESS,54626.58,ACTIVE,2018-09-17 04:49:06
ACC_1004934,C_103305,BUSINESS,144370.19,ACTIVE,2021-05-29 11:07:24
ACC_1004935,C_103306,CURRENT,1160.56,ACTIVE,2025-09-18 09:17:45
ACC_1004936,C_103307,SAVINGS,21466.87,DORMANT,2019-11-06 14:38:08
ACC_1004937,C_103307,CURRENT,502.75,ACTIVE,2019-10-18 16:08:08
ACC_1004938,C_103307,SAVINGS,38968.99,ACTIVE,2019-11-04 09:13:08
ACC_1004939,C_103308,SAVINGS,17095.35,ACTIVE,2022-05-29 12:45:24
ACC_1004940,C_103309,CURRENT,573.5,ACTIVE,2019-05-01 08:08:41
ACC_1004941,C_103309,CURRENT,4339.88,ACTIVE,2019-05-09 13:15:41
ACC_1004942,C_103310,BUSINESS,238416.72,ACTIVE,2023-11-10 18:40:03
ACC_1004943,C_103310,CURRENT,1194.52,ACTIVE,2023-11-14 09:40:03
ACC_1004944,C_103311,CURRENT,2221.42,ACTIVE,2024-09-30 15:34:23
ACC_1004945,C_103312,SAVINGS,20148.21,ACTIVE,2022-10-19 09:16:28
ACC_1004946,C_103312,SAVINGS,19702.45,ACTIVE,2022-09-28 09:18:28
ACC_1004947,C_103313,BUSINESS,66872.3,DORMANT,2016-09-10 08:17:00
ACC_1004948,C_103313,BUSINESS,38383.62,ACTIVE,2016-09-26 09:02:00
ACC_1004949,C_103314,CURRENT,4645.22,ACTIVE,2025-03-31 14:40:11
ACC_1004950,C_103314,BUSINESS,86924.3,ACTIVE,2025-03-24 12:00:11
ACC_1004951,C_103315,SAVINGS,40666.15,ACTIVE,2024-11-01 04:00:50
ACC_1004952,C_103315,BUSINESS,13374.83,ACTIVE,2024-11-20 00:12:50
ACC_1004953,C_103316,SAVINGS,71058.28,ACTIVE,2022-12-02 15:17:18
ACC_1004954,C_103317,CURRENT,652.58,ACTIVE,2018-10-04 10:04:13
ACC_1004955,C_103318,BUSINESS,335841.57,ACTIVE,2016-12-28 23:44:56
ACC_1004956,C_103319,CURRENT,932.87,ACTIVE,2018-09-20 05:31:40
ACC_1004957,C_103320,BUSINESS,26648.89,ACTIVE,2016-08-27 06:28:25
ACC_1004958,C_103320,CURRENT,1861.58,ACTIVE,2016-09-10 14:42:25
ACC_1004959,C_103320,CURRENT,2735.27,ACTIVE,2016-09-01 12:43:25
ACC_1004960,C_103321,BUSINESS,1500000.0,ACTIVE,2021-08-27 07:29:59
ACC_1004961,C_103322,CURRENT,4141.46,ACTIVE,2017-12-25 01:56:56
ACC_1004962,C_103322,CURRENT,1327.03,ACTIVE,2018-01-04 11:26:56
ACC_1004963,C_103323,SAVINGS,5132.49,ACTIVE,2016-10-01 15:07:36
ACC_1004964,C_103324,SAVINGS,11726.93,ACTIVE,2019-06-14 14:18:03
ACC_1004965,C_103325,SAVINGS,5928.18,ACTIVE,2024-09-24 00:50:47
ACC_1004966,C_103326,BUSINESS,20224.84,ACTIVE,2018-11-02 14:54:10
ACC_1004967,C_103327,CURRENT,660.38,ACTIVE,2018-08-07 02:35:16
ACC_1004968,C_103327,CURRENT,5994.21,ACTIVE,2018-08-24 09:56:16
ACC_1004969,C_103328,BUSINESS,190920.89,ACTIVE,2023-02-14 06:12:18
ACC_1004970,C_103329,SAVINGS,16716.58,DORMANT,2016-10-25 04:44:17
ACC_1004971,C_103330,CURRENT,7702.22,ACTIVE,2023-12-22 10:34:06
ACC_1004972,C_103331,SAVINGS,3465.71,ACTIVE,2023-11-15 15:40:18
ACC_1004973,C_103332,CURRENT,3540.8,ACTIVE,2016-12-06 12:42:01
ACC_1004974,C_103332,CURRENT,3893.8,ACTIVE,2016-12-08 00:54:01
ACC_1004975,C_103332,BUSINESS,13987.89,ACTIVE,2016-11-21 16:50:01
ACC_1004976,C_103333,CURRENT,2204.55,ACTIVE,2021-10-05 18:23:45
ACC_1004977,C_103334,BUSINESS,151426.95,ACTIVE,2018-07-30 14:33:20
ACC_1004978,C_103335,BUSINESS,3423.23,ACTIVE,2025-09-05 13:18:04
ACC_1004979,C_103336,SAVINGS,3799.8,ACTIVE,2017-07-02 01:39:34
ACC_1004980,C_103336,SAVINGS,5573.93,ACTIVE,2017-07-14 11:03:34
ACC_1004981,C_103336,SAVINGS,38974.22,ACTIVE,2017-07-01 11:57:34
ACC_1004982,C_103337,CURRENT,197.18,DORMANT,2022-01-16 12:26:31
ACC_1004983,C_103338,SAVINGS,6209.04,ACTIVE,2016-11-25 14:09:01
ACC_1004984,C_103338,BUSINESS,56426.79,DORMANT,2016-11-20 05:33:01
ACC_1004985,C_103338,BUSINESS,59164.34,ACTIVE,2016-11-23 02:54:01
ACC_1004986,C_103339,SAVINGS,17170.07,ACTIVE,2025-01-30 04:37:09
ACC_1004987,C_103339,SAVINGS,66279.82,ACTIVE,2025-02-20 05:21:09
ACC_1004988,C_103340,CURRENT,12634.04,ACTIVE,2018-06-25 20:48:52
ACC_1004989,C_103341,BUSINESS,41130.27,ACTIVE,2017-09-09 00:48:47
ACC_1004990,C_103341,CURRENT,2250.27,ACTIVE,2017-09-07 06:25:47
ACC_1004991,C_103342,CURRENT,248.28,ACTIVE,2020-05-25 12:27:01
ACC_1004992,C_103343,BUSINESS,229096.92,ACTIVE,2021-04-26 08:51:09
ACC_1004993,C_103344,BUSINESS,97547.13,ACTIVE,2023-06-16 22:53:31
ACC_1004994,C_103344,SAVINGS,95405.85,ACTIVE,2023-06-02 17:06:31
ACC_1004995,C_103344,BUSINESS,18567.57,ACTIVE,2023-06-27 05:59:31
ACC_1004996,C_103345,CURRENT,721.11,ACTIVE,2016-03-13 21:24:45
ACC_1004997,C_103346,SAVINGS,3690.93,ACTIVE,2018-03-06 09:54:44
ACC_1004998,C_103346,SAVINGS,12194.48,ACTIVE,2018-03-18 20:57:44
ACC_1004999,C_103347,CURRENT,20859.29,ACTIVE,2024-01-03 03:46:52
ACC_1005000,C_103347,CURRENT,13240.1,ACTIVE,2024-01-23 05:48:52
ACC_1005001,C_103347,CURRENT,5334.94,ACTIVE,2024-01-05 04:57:52
ACC_1005002,C_103348,SAVINGS,250000.0,ACTIVE,2022-09-20 00:40:44
ACC_1005003,C_103349,CURRENT,1642.05,ACTIVE,2018-04-19 17:02:16
ACC_1005004,C_103349,SAVINGS,2817.43,ACTIVE,2018-04-27 07:13:16
ACC_1005005,C_103350,BUSINESS,12816.06,ACTIVE,2020-04-09 23:48:55
ACC_1005006,C_103351,BUSINESS,29987.75,ACTIVE,2017-03-19 13:44:30
ACC_1005007,C_103352,BUSINESS,30113.77,ACTIVE,2019-06-25 11:42:49
ACC_1005008,C_103353,BUSINESS,94435.19,ACTIVE,2017-08-31 14:30:30
ACC_1005009,C_103354,CURRENT,613.47,ACTIVE,2024-12-08 14:50:19
ACC_1005010,C_103354,BUSINESS,1000.0,ACTIVE,2024-12-13 12:56:19
ACC_1005011,C_103355,SAVINGS,36734.25,ACTIVE,2017-03-13 00:58:54
ACC_1005012,C_103356,CURRENT,1137.01,ACTIVE,2020-03-26 05:10:35
ACC_1005013,C_103357,SAVINGS,7663.86,ACTIVE,2025-03-12 22:43:40
ACC_1005014,C_103358,BUSINESS,186908.31,ACTIVE,2024-01-29 11:20:41
ACC_1005015,C_103359,CURRENT,939.79,ACTIVE,2020-07-15 19:55:39
ACC_1005016,C_103360,SAVINGS,71010.21,ACTIVE,2018-06-18 03:34:48
ACC_1005017,C_103361,BUSINESS,19735.8,ACTIVE,2016-12-14 16:36:48
ACC_1005018,C_103362,SAVINGS,15398.34,ACTIVE,2024-01-08 17:01:15
ACC_1005019,C_103362,SAVINGS,7738.69,ACTIVE,2024-01-17 18:27:15
ACC_1005020,C_103363,BUSINESS,10435.62,ACTIVE,2017-10-12 09:23:26
ACC_1005021,C_103364,CURRENT,2982.01,ACTIVE,2017-10-19 08:15:21
ACC_1005022,C_103364,SAVINGS,21205.43,ACTIVE,2017-10-27 17:34:21
ACC_1005023,C_103364,CURRENT,3078.98,ACTIVE,2017-10-19 05:48:21
ACC_1005024,C_103365,BUSINESS,128642.91,ACTIVE,2017-06-05 22:50:43
ACC_1005025,C_103366,BUSINESS,3122.68,DORMANT,2017-02-23 08:34:56
ACC_1005026,C_103366,SAVINGS,50905.04,ACTIVE,2017-02-28 19:08:56
ACC_1005027,C_103367,CURRENT,3531.12,DORMANT,2021-10-31 18:03:08
ACC_1005028,C_103368,BUSINESS,55319.52,ACTIVE,2017-04-23 12:39:32
ACC_1005029,C_103368,SAVINGS,46195.45,ACTIVE,2017-05-10 02:28:32
ACC_1005030,C_103369,BUSINESS,74446.97,ACTIVE,2023-03-06 11:58:45
ACC_1005031,C_103369,SAVINGS,8815.08,ACTIVE,2023-02-25 01:33:45
ACC_1005032,C_103370,CURRENT,4053.06,ACTIVE,2021-05-21 21:36:57
ACC_1005033,C_103370,BUSINESS,83896.92,ACTIVE,2021-05-23 10:40:57
ACC_1005034,C_103371,CURRENT,5318.39,ACTIVE,2017-11-16 22:02:56
ACC_1005035,C_103372,CURRENT,9089.15,ACTIVE,2018-10-22 06:49:08
ACC_1005036,C_103373,CURRENT,1608.93,ACTIVE,2025-10-21 21:07:01
ACC_1005037,C_103374,BUSINESS,28854.53,ACTIVE,2017-06-03 14:25:46
ACC_1005038,C_103375,CURRENT,550.25,ACTIVE,2016-05-01 14:28:02
ACC_1005039,C_103376,SAVINGS,66419.5,ACTIVE,2022-08-03 05:11:52
ACC_1005040,C_103377,CURRENT,1322.86,ACTIVE,2021-06-21 22:38:55
ACC_1005041,C_103378,SAVINGS,6745.41,ACTIVE,2016-12-07 01:09:38
ACC_1005042,C_103378,CURRENT,1648.5,ACTIVE,2016-12-10 08:56:38
ACC_1005043,C_103379,SAVINGS,7625.73,ACTIVE,2022-05-21 12:49:52
ACC_1005044,C_103380,SAVINGS,1189.65,ACTIVE,2023-07-21 13:11:51
ACC_1005045,C_103381,CURRENT,2496.17,DORMANT,2019-01-31 04:06:20
ACC_1005046,C_103382,CURRENT,886.41,DORMANT,2018-04-03 19:13:25
ACC_1005047,C_103383,BUSINESS,1100515.16,ACTIVE,2024-08-23 16:18:04
ACC_1005048,C_103384,BUSINESS,100181.57,ACTIVE,2024-03-12 21:43:51
ACC_1005049,C_103385,SAVINGS,7861.02,ACTIVE,2021-11-24 00:58:33
ACC_1005050,C_103385,CURRENT,4855.38,ACTIVE,2021-11-28 06:49:33
ACC_1005051,C_103386,SAVINGS,2789.43,ACTIVE,2024-05-28 19:56:12
ACC_1005052,C_103386,CURRENT,2468.73,ACTIVE,2024-05-28 23:05:12
ACC_1005053,C_103387,SAVINGS,24042.93,ACTIVE,2018-08-01 05:18:37
ACC_1005054,C_103388,CURRENT,1302.97,ACTIVE,2020-07-09 22:36:25
ACC_1005055,C_103389,CURRENT,1162.57,ACTIVE,2017-11-21 14:36:40
ACC_1005056,C_103390,CURRENT,2650.9,ACTIVE,2022-10-05 22:58:02
ACC_1005057,C_103391,BUSINESS,97698.05,ACTIVE,2018-11-20 11:54:53
ACC_1005058,C_103392,SAVINGS,54589.68,ACTIVE,2025-01-07 11:45:31
ACC_1005059,C_103392,SAVINGS,56296.29,ACTIVE,2024-12-26 03:56:31
ACC_1005060,C_103392,CURRENT,10206.7,ACTIVE,2025-01-01 07:51:31
ACC_1005061,C_103393,CURRENT,22607.28,ACTIVE,2019-07-24 19:03:55
ACC_1005062,C_103394,BUSINESS,29022.27,ACTIVE,2023-12-13 09:01:19
ACC_1005063,C_103394,SAVINGS,4964.15,ACTIVE,2023-12-09 03:19:19
ACC_1005064,C_103395,BUSINESS,7900.52,ACTIVE,2025-02-24 04:56:09
ACC_1005065,C_103396,BUSINESS,14573.44,ACTIVE,2021-11-19 22:21:59
ACC_1005066,C_103397,CURRENT,2563.97,ACTIVE,2017-04-02 00:31:40
ACC_1005067,C_103398,SAVINGS,3591.64,ACTIVE,2024-07-19 01:45:01
ACC_1005068,C_103398,CURRENT,2813.91,ACTIVE,2024-07-27 21:02:01
ACC_1005069,C_103399,CURRENT,929.89,ACTIVE,2019-12-11 10:24:27
ACC_1005070,C_103400,BUSINESS,51648.7,ACTIVE,2021-03-04 05:12:51
ACC_1005071,C_103401,CURRENT,2592.3,ACTIVE,2024-02-03 05:18:33
ACC_1005072,C_103402,CURRENT,4689.91,ACTIVE,2025-10-02 18:05:44
ACC_1005073,C_103402,BUSINESS,317581.83,ACTIVE,2025-10-12 18:57:44
ACC_1005074,C_103403,SAVINGS,18222.17,ACTIVE,2018-09-19 23:33:25
ACC_1005075,C_103404,SAVINGS,16072.03,ACTIVE,2016-01-30 04:31:59
ACC_1005076,C_103405,BUSINESS,10839.03,ACTIVE,2022-11-20 04:56:42
ACC_1005077,C_103406,BUSINESS,377456.53,ACTIVE,2022-04-13 14:01:42
ACC_1005078,C_103407,SAVINGS,5370.37,ACTIVE,2022-01-11 22:36:54
ACC_1005079,C_103408,SAVINGS,5382.54,ACTIVE,2025-07-28 18:13:08
ACC_1005080,C_103409,CURRENT,7740.31,ACTIVE,2020-07-04 01:58:25
ACC_1005081,C_103410,CURRENT,4779.45,ACTIVE,2023-04-19 22:09:37
ACC_1005082,C_103411,BUSINESS,19515.04,ACTIVE,2016-12-19 19:30:40
ACC_1005083,C_103412,SAVINGS,2210.44,ACTIVE,2022-08-01 12:43:10
ACC_1005084,C_103413,BUSINESS,121456.32,ACTIVE,2017-01-21 21:08:36
ACC_1005085,C_103413,SAVINGS,24664.02,ACTIVE,2016-12-28 17:23:36
ACC_1005086,C_103414,CURRENT,1194.36,ACTIVE,2022-01-13 04:59:48
ACC_1005087,C_103414,CURRENT,929.75,ACTIVE,2022-01-02 23:02:48
ACC_1005088,C_103415,SAVINGS,33036.09,ACTIVE,2017-07-05 11:33:34
ACC_1005089,C_103415,BUSINESS,88224.11,ACTIVE,2017-06-17 04:06:34
ACC_1005090,C_103416,BUSINESS,30947.76,ACTIVE,2023-08-30 14:25:26
ACC_1005091,C_103417,BUSINESS,80299.63,ACTIVE,2016-11-05 16:47:37
ACC_1005092,C_103417,BUSINESS,90581.23,ACTIVE,2016-10-25 23:36:37
ACC_1005093,C_103418,CURRENT,2685.6,ACTIVE,2024-06-28 01:02:16
ACC_1005094,C_103419,BUSINESS,3962.68,ACTIVE,2023-02-07 00:17:54
ACC_1005095,C_103420,BUSINESS,12425.87,ACTIVE,2022-11-02 06:33:31
ACC_1005096,C_103421,BUSINESS,124852.5,ACTIVE,2025-05-29 16:19:37
ACC_1005097,C_103422,SAVINGS,7270.75,ACTIVE,2018-02-02 05:19:55
ACC_1005098,C_103422,CURRENT,1206.82,ACTIVE,2018-02-02 23:58:55
ACC_1005099,C_103423,SAVINGS,39512.91,ACTIVE,2022-11-08 11:02:29
ACC_1005100,C_103424,CURRENT,1768.72,ACTIVE,2022-12-14 01:36:25
ACC_1005101,C_103425,BUSINESS,232989.75,ACTIVE,2024-12-30 07:56:48
ACC_1005102,C_103426,SAVINGS,139881.53,ACTIVE,2018-07-11 08:25:18
ACC_1005103,C_103426,CURRENT,1491.82,ACTIVE,2018-07-05 12:20:18
ACC_1005104,C_103427,SAVINGS,8847.91,ACTIVE,2021-08-08 23:58:10
ACC_1005105,C_103428,SAVINGS,12988.07,ACTIVE,2020-06-08 15:51:35
ACC_1005106,C_103429,CURRENT,2511.12,ACTIVE,2017-02-21 10:39:55
ACC_1005107,C_103429,SAVINGS,42113.2,ACTIVE,2017-03-07 14:41:55
ACC_1005108,C_103430,SAVINGS,15669.57,ACTIVE,2020-06-23 18:41:28
ACC_1005109,C_103430,BUSINESS,7521.43,ACTIVE,2020-07-12 01:21:28
ACC_1005110,C_103431,CURRENT,1093.14,ACTIVE,2024-12-17 01:42:39
ACC_1005111,C_103431,BUSINESS,20585.84,ACTIVE,2024-12-24 20:41:39
ACC_1005112,C_103432,BUSINESS,12701.3,ACTIVE,2021-04-20 16:56:42
ACC_1005113,C_103433,BUSINESS,119500.56,ACTIVE,2018-11-30 22:50:11
ACC_1005114,C_103434,CURRENT,1057.6,ACTIVE,2021-02-22 04:22:53
ACC_1005115,C_103435,SAVINGS,17215.48,ACTIVE,2017-03-17 20:48:54
ACC_1005116,C_103436,SAVINGS,10386.52,ACTIVE,2024-12-08 18:14:29
ACC_1005117,C_103437,CURRENT,3601.77,ACTIVE,2023-03-26 10:23:19
ACC_1005118,C_103438,BUSINESS,9456.46,ACTIVE,2023-09-18 08:07:40
ACC_1005119,C_103439,BUSINESS,155145.05,ACTIVE,2019-04-17 08:33:03
ACC_1005120,C_103440,SAVINGS,15953.09,ACTIVE,2025-07-11 00:44:09
ACC_1005121,C_103441,CURRENT,1333.31,ACTIVE,2017-10-30 09:43:32
ACC_1005122,C_103442,CURRENT,4078.58,ACTIVE,2023-01-27 15:47:51
ACC_1005123,C_103442,BUSINESS,108739.17,ACTIVE,2023-02-02 00:41:51
ACC_1005124,C_103443,BUSINESS,1000.0,ACTIVE,2023-01-03 10:32:10
ACC_1005125,C_103443,SAVINGS,4261.26,ACTIVE,2022-12-16 21:49:10
ACC_1005126,C_103444,CURRENT,873.51,ACTIVE,2018-05-27 05:38:06
ACC_1005127,C_103445,SAVINGS,9789.91,ACTIVE,2021-12-19 02:55:26
ACC_1005128,C_103445,CURRENT,3249.52,ACTIVE,2021-12-22 18:11:26
ACC_1005129,C_103446,BUSINESS,729063.92,ACTIVE,2019-10-05 22:11:11
ACC_1005130,C_103447,SAVINGS,68368.83,ACTIVE,2020-10-28 02:17:24
ACC_1005131,C_103447,CURRENT,1114.83,ACTIVE,2020-11-03 21:58:24
ACC_1005132,C_103447,CURRENT,563.32,ACTIVE,2020-10-25 05:36:24
ACC_1005133,C_103448,SAVINGS,1853.52,ACTIVE,2016-01-25 02:24:23
ACC_1005134,C_103449,SAVINGS,10637.28,ACTIVE,2019-04-15 10:07:50
ACC_1005135,C_103450,SAVINGS,16581.14,ACTIVE,2017-08-27 20:49:15
ACC_1005136,C_103451,BUSINESS,6510.76,ACTIVE,2016-02-21 17:01:21
ACC_1005137,C_103452,SAVINGS,68148.86,DORMANT,2024-03-21 08:32:17
ACC_1005138,C_103452,SAVINGS,5727.84,ACTIVE,2024-03-25 08:50:17
ACC_1005139,C_103452,SAVINGS,53351.17,ACTIVE,2024-03-23 14:47:17
ACC_1005140,C_103453,SAVINGS,42513.48,DORMANT,2017-07-23 22:23:20
ACC_1005141,C_103454,CURRENT,2545.5,ACTIVE,2019-06-01 12:06:23
ACC_1005142,C_103455,BUSINESS,32250.73,ACTIVE,2024-05-18 09:31:34
ACC_1005143,C_103455,SAVINGS,15832.99,ACTIVE,2024-05-15 15:35:34
ACC_1005144,C_103456,BUSINESS,94824.86,ACTIVE,2021-10-05 22:17:09
ACC_1005145,C_103457,CURRENT,5586.48,ACTIVE,2018-07-04 09:26:07
ACC_1005146,C_103457,BUSINESS,287521.9,ACTIVE,2018-07-16 09:39:07
ACC_1005147,C_103458,SAVINGS,7021.88,ACTIVE,2020-02-09 15:08:46
ACC_1005148,C_103458,CURRENT,2270.88,ACTIVE,2020-01-28 11:08:46
ACC_1005149,C_103459,BUSINESS,54066.27,ACTIVE,2016-10-28 21:04:06
ACC_1005150,C_103460,BUSINESS,1212716.09,ACTIVE,2024-08-16 21:42:28
ACC_1005151,C_103460,BUSINESS,89199.31,DORMANT,2024-09-10 17:41:28
ACC_1005152,C_103461,BUSINESS,20011.01,ACTIVE,2022-05-02 21:34:35
ACC_1005153,C_103462,CURRENT,4357.42,ACTIVE,2024-10-28 23:55:19
ACC_1005154,C_103463,SAVINGS,2968.61,ACTIVE,2018-10-27 10:12:16
ACC_1005155,C_103464,BUSINESS,57924.17,ACTIVE,2025-08-07 19:44:06
ACC_1005156,C_103464,CURRENT,3161.25,ACTIVE,2025-07-21 05:28:06
ACC_1005157,C_103465,SAVINGS,112568.07,ACTIVE,2017-12-07 05:51:34
ACC_1005158,C_103466,CURRENT,8739.28,ACTIVE,2019-02-19 03:32:37
ACC_1005159,C_103466,SAVINGS,53004.86,ACTIVE,2019-01-31 20:53:37
ACC_1005160,C_103467,BUSINESS,403621.59,ACTIVE,2022-12-08 05:04:30
ACC_1005161,C_103467,CURRENT,3621.55,ACTIVE,2022-12-23 11:02:30
ACC_1005162,C_103468,BUSINESS,16283.86,ACTIVE,2021-05-17 12:19:09
ACC_1005163,C_103469,BUSINESS,216270.13,ACTIVE,2016-07-27 05:27:18
ACC_1005164,C_103470,SAVINGS,2083.65,ACTIVE,2025-05-04 10:37:55
ACC_1005165,C_103470,BUSINESS,118098.94,ACTIVE,2025-04-21 00:23:55
ACC_1005166,C_103471,CURRENT,1307.83,ACTIVE,2022-02-23 02:59:03
ACC_1005167,C_103471,SAVINGS,3188.56,ACTIVE,2022-03-05 10:30:03
ACC_1005168,C_103472,BUSINESS,213478.78,ACTIVE,2022-05-31 06:01:41
ACC_1005169,C_103472,CURRENT,25149.26,ACTIVE,2022-06-06 19:59:41
ACC_1005170,C_103473,BUSINESS,167142.5,ACTIVE,2022-11-22 20:16:32
ACC_1005171,C_103474,SAVINGS,16473.15,ACTIVE,2019-03-02 22:17:59
ACC_1005172,C_103475,CURRENT,4316.01,ACTIVE,2024-09-19 07:22:04
ACC_1005173,C_103475,CURRENT,6811.24,ACTIVE,2024-09-21 11:06:04
ACC_1005174,C_103475,BUSINESS,64774.36,ACTIVE,2024-09-22 11:00:04
ACC_1005175,C_103476,SAVINGS,25010.97,ACTIVE,2020-05-28 05:53:42
ACC_1005176,C_103476,BUSINESS,188488.14,ACTIVE,2020-05-25 08:48:42
ACC_1005177,C_103477,CURRENT,763.29,ACTIVE,2021-11-06 16:08:33
ACC_1005178,C_103477,BUSINESS,103913.17,ACTIVE,2021-11-03 02:06:33
ACC_1005179,C_103478,CURRENT,1244.83,ACTIVE,2025-08-24 16:25:26
ACC_1005180,C_103479,BUSINESS,145199.35,ACTIVE,2021-12-12 02:40:57
ACC_1005181,C_103480,CURRENT,2141.34,ACTIVE,2023-05-18 20:24:46
ACC_1005182,C_103480,SAVINGS,35658.09,ACTIVE,2023-04-28 16:09:46
ACC_1005183,C_103480,BUSINESS,29202.9,ACTIVE,2023-05-05 15:19:46
ACC_1005184,C_103481,SAVINGS,755.29,ACTIVE,2023-03-27 19:52:25
ACC_1005185,C_103482,SAVINGS,17261.46,ACTIVE,2018-03-26 11:50:33
ACC_1005186,C_103482,CURRENT,3528.22,ACTIVE,2018-03-24 18:32:33
ACC_1005187,C_103483,BUSINESS,15120.85,ACTIVE,2019-10-21 08:22:24
ACC_1005188,C_103484,CURRENT,1171.94,ACTIVE,2019-07-19 12:24:13
ACC_1005189,C_103485,BUSINESS,22809.31,ACTIVE,2017-10-26 01:53:24
ACC_1005190,C_103485,CURRENT,699.67,ACTIVE,2017-10-12 08:25:24
ACC_1005191,C_103485,SAVINGS,733.79,ACTIVE,2017-10-04 14:40:24
ACC_1005192,C_103486,CURRENT,1620.0,ACTIVE,2022-11-18 21:29:19
ACC_1005193,C_103486,BUSINESS,196415.02,ACTIVE,2022-11-30 16:03:19
ACC_1005194,C_103487,CURRENT,706.95,ACTIVE,2016-07-07 18:18:03
ACC_1005195,C_103488,BUSINESS,1370823.3,ACTIVE,2019-07-06 17:42:55
ACC_1005196,C_103488,BUSINESS,19541.59,ACTIVE,2019-06-24 21:43:55
ACC_1005197,C_103488,BUSINESS,11408.81,ACTIVE,2019-06-27 12:18:55
ACC_1005198,C_103489,CURRENT,617.44,ACTIVE,2017-04-16 11:02:42
ACC_1005199,C_103490,SAVINGS,81729.28,ACTIVE,2016-03-26 17:39:10
ACC_1005200,C_103490,SAVINGS,140669.51,ACTIVE,2016-03-03 21:49:10
ACC_1005201,C_103490,SAVINGS,5928.21,ACTIVE,2016-03-24 10:26:10
ACC_1005202,C_103491,CURRENT,3827.93,ACTIVE,2022-02-06 01:56:59
ACC_1005203,C_103492,BUSINESS,29049.41,DORMANT,2018-11-08 22:30:32
ACC_1005204,C_103493,BUSINESS,10552.79,DORMANT,2017-06-19 07:50:02
ACC_1005205,C_103494,CURRENT,4071.18,ACTIVE,2025-01-09 03:37:43
ACC_1005206,C_103495,SAVINGS,3534.47,ACTIVE,2016-09-25 17:29:12
ACC_1005207,C_103495,CURRENT,11295.53,ACTIVE,2016-09-11 03:08:12
ACC_1005208,C_103495,SAVINGS,95941.0,ACTIVE,2016-09-24 11:30:12
ACC_1005209,C_103496,SAVINGS,5735.79,DORMANT,2025-03-11 11:27:27
ACC_1005210,C_103497,CURRENT,329.89,ACTIVE,2016-06-08 07:39:59
ACC_1005211,C_103498,BUSINESS,10626.32,ACTIVE,2020-11-28 22:54:49
ACC_1005212,C_103499,CURRENT,310.57,ACTIVE,2023-10-10 01:45:11
ACC_1005213,C_103500,SAVINGS,250000.0,ACTIVE,2022-07-23 01:58:35
ACC_1005214,C_103501,SAVINGS,25212.76,ACTIVE,2020-09-09 19:40:01
ACC_1005215,C_103501,CURRENT,1610.26,ACTIVE,2020-09-24 15:29:01
ACC_1005216,C_103502,BUSINESS,168765.49,DORMANT,2024-06-22 12:58:04
ACC_1005217,C_103502,BUSINESS,701798.23,ACTIVE,2024-05-27 18:19:04
ACC_1005218,C_103503,BUSINESS,965073.67,ACTIVE,2022-02-06 21:39:42
ACC_1005219,C_103504,BUSINESS,30146.64,ACTIVE,2022-06-28 02:13:56
ACC_1005220,C_103504,BUSINESS,17979.15,DORMANT,2022-06-23 01:02:56
ACC_1005221,C_103505,BUSINESS,114835.89,ACTIVE,2017-08-04 06:03:27
ACC_1005222,C_103506,SAVINGS,112562.36,ACTIVE,2025-03-28 04:08:30
ACC_1005223,C_103507,SAVINGS,5413.6,ACTIVE,2021-07-21 22:15:56
ACC_1005224,C_103507,CURRENT,616.12,ACTIVE,2021-07-21 05:06:56
ACC_1005225,C_103508,SAVINGS,765.0,ACTIVE,2021-02-28 06:26:28
ACC_1005226,C_103508,CURRENT,1091.62,ACTIVE,2021-03-15 14:59:28
ACC_1005227,C_103509,CURRENT,2230.6,ACTIVE,2019-07-02 02:37:44
ACC_1005228,C_103509,CURRENT,2288.88,ACTIVE,2019-07-05 01:00:44
ACC_1005229,C_103509,SAVINGS,4168.22,DORMANT,2019-06-10 12:00:44
ACC_1005230,C_103510,CURRENT,3465.35,ACTIVE,2023-10-06 07:32:32
ACC_1005231,C_103511,CURRENT,1048.67,ACTIVE,2021-07-27 07:14:49
ACC_1005232,C_103512,CURRENT,1955.48,ACTIVE,2018-05-01 16:28:14
ACC_1005233,C_103513,SAVINGS,23105.9,ACTIVE,2017-06-06 22:56:32
ACC_1005234,C_103513,BUSINESS,20570.0,DORMANT,2017-06-11 09:46:32
ACC_1005235,C_103514,BUSINESS,411246.28,ACTIVE,2017-01-04 18:07:25
ACC_1005236,C_103515,CURRENT,2805.3,ACTIVE,2016-04-15 06:12:58
ACC_1005237,C_103516,BUSINESS,25694.94,ACTIVE,2021-05-29 22:28:55
ACC_1005238,C_103517,CURRENT,956.29,ACTIVE,2018-07-25 03:39:39
ACC_1005239,C_103518,BUSINESS,1410958.09,ACTIVE,2023-04-23 17:51:32
ACC_1005240,C_103519,SAVINGS,11497.22,ACTIVE,2025-05-01 12:47:36
ACC_1005241,C_103519,BUSINESS,55376.43,ACTIVE,2025-05-03 23:50:36
ACC_1005242,C_103520,SAVINGS,41746.9,ACTIVE,2020-02-19 07:48:20
ACC_1005243,C_103520,CURRENT,2996.56,ACTIVE,2020-02-22 14:48:20
ACC_1005244,C_103520,CURRENT,1392.92,ACTIVE,2020-01-24 16:52:20
ACC_1005245,C_103521,SAVINGS,10603.42,ACTIVE,2023-02-09 15:16:39
ACC_1005246,C_103522,CURRENT,3019.81,ACTIVE,2023-08-01 18:54:34
ACC_1005247,C_103523,SAVINGS,43345.75,ACTIVE,2021-01-30 06:09:31
ACC_1005248,C_103524,SAVINGS,5372.61,ACTIVE,2016-08-30 00:29:28
ACC_1005249,C_103524,CURRENT,404.77,ACTIVE,2016-09-11 11:21:28
ACC_1005250,C_103524,CURRENT,3146.8,ACTIVE,2016-08-28 08:13:28
ACC_1005251,C_103525,BUSINESS,2955.95,DORMANT,2024-12-09 15:58:23
ACC_1005252,C_103525,CURRENT,1714.68,ACTIVE,2024-12-15 00:29:23
ACC_1005253,C_103525,BUSINESS,4037.34,ACTIVE,2024-12-23 14:23:23
ACC_1005254,C_103526,SAVINGS,28118.98,ACTIVE,2022-11-14 19:45:07
ACC_1005255,C_103526,CURRENT,729.81,ACTIVE,2022-10-29 03:38:07
ACC_1005256,C_103527,BUSINESS,147616.42,ACTIVE,2019-08-16 17:18:23
ACC_1005257,C_103528,CURRENT,1804.41,ACTIVE,2019-05-15 17:20:18
ACC_1005258,C_103529,SAVINGS,17307.89,ACTIVE,2021-11-11 05:36:23
ACC_1005259,C_103530,BUSINESS,5687.38,DORMANT,2018-11-26 03:26:03
ACC_1005260,C_103530,CURRENT,1651.28,ACTIVE,2018-11-30 11:53:03
ACC_1005261,C_103531,SAVINGS,15658.46,ACTIVE,2020-04-08 21:49:54
ACC_1005262,C_103531,BUSINESS,6262.13,ACTIVE,2020-04-07 06:36:54
ACC_1005263,C_103532,SAVINGS,17378.64,ACTIVE,2023-08-11 14:14:52
ACC_1005264,C_103533,BUSINESS,96421.71,ACTIVE,2025-04-28 16:02:12
ACC_1005265,C_103534,SAVINGS,25486.94,ACTIVE,2023-05-08 09:01:44
ACC_1005266,C_103535,SAVINGS,4937.8,ACTIVE,2022-12-17 22:54:05
ACC_1005267,C_103536,SAVINGS,50619.83,ACTIVE,2024-12-05 08:10:15
ACC_1005268,C_103536,CURRENT,3654.21,ACTIVE,2024-12-16 20:27:15
ACC_1005269,C_103537,CURRENT,943.52,ACTIVE,2019-02-22 18:06:10
ACC_1005270,C_103538,CURRENT,775.72,ACTIVE,2018-11-08 10:13:25
ACC_1005271,C_103539,BUSINESS,282810.86,ACTIVE,2016-07-30 17:13:56
ACC_1005272,C_103539,SAVINGS,8924.95,ACTIVE,2016-08-03 09:32:56
ACC_1005273,C_103540,CURRENT,443.11,ACTIVE,2021-09-20 07:29:36
ACC_1005274,C_103541,CURRENT,776.26,ACTIVE,2021-10-11 07:52:34
ACC_1005275,C_103542,BUSINESS,16662.84,ACTIVE,2022-10-13 19:01:11
ACC_1005276,C_103542,BUSINESS,9824.58,ACTIVE,2022-10-09 14:55:11
ACC_1005277,C_103543,SAVINGS,90081.7,ACTIVE,2021-12-10 21:42:31
ACC_1005278,C_103543,CURRENT,10799.95,ACTIVE,2021-12-24 13:02:31
ACC_1005279,C_103544,SAVINGS,19357.64,ACTIVE,2025-12-14 02:55:42
ACC_1005280,C_103544,SAVINGS,3133.62,ACTIVE,2026-01-01 05:15:42
ACC_1005281,C_103545,CURRENT,720.67,ACTIVE,2025-10-03 01:35:39
ACC_1005282,C_103546,CURRENT,2425.22,ACTIVE,2019-07-26 20:52:57
ACC_1005283,C_103546,CURRENT,496.38,ACTIVE,2019-07-18 10:09:57
ACC_1005284,C_103546,CURRENT,3050.4,ACTIVE,2019-07-28 05:48:57
ACC_1005285,C_103547,CURRENT,3370.28,ACTIVE,2025-05-31 02:04:10
ACC_1005286,C_103548,SAVINGS,1238.92,DORMANT,2025-11-10 15:35:16
ACC_1005287,C_103549,CURRENT,5041.19,ACTIVE,2025-07-09 20:58:20
ACC_1005288,C_103550,BUSINESS,393539.22,ACTIVE,2023-11-07 11:42:45
ACC_1005289,C_103551,CURRENT,10876.12,ACTIVE,2020-12-03 08:33:23
ACC_1005290,C_103551,BUSINESS,13144.9,ACTIVE,2020-11-09 21:08:23
ACC_1005291,C_103551,SAVINGS,2321.09,ACTIVE,2020-11-11 08:53:23
ACC_1005292,C_103552,SAVINGS,12448.37,ACTIVE,2023-06-30 04:44:11
ACC_1005293,C_103553,CURRENT,26422.5,ACTIVE,2019-01-31 11:45:12
ACC_1005294,C_103553,BUSINESS,6535.28,ACTIVE,2019-02-08 16:34:12
ACC_1005295,C_103554,BUSINESS,3294.77,DORMANT,2023-10-31 13:34:30
ACC_1005296,C_103555,SAVINGS,18957.52,ACTIVE,2018-06-24 07:30:02
ACC_1005297,C_103556,BUSINESS,6652.95,DORMANT,2025-10-04 00:04:05
ACC_1005298,C_103557,BUSINESS,197978.64,ACTIVE,2019-05-07 14:43:56
ACC_1005299,C_103558,CURRENT,869.89,ACTIVE,2019-10-29 19:01:39
ACC_1005300,C_103558,SAVINGS,38811.31,ACTIVE,2019-10-29 02:15:39
ACC_1005301,C_103559,CURRENT,1940.3,ACTIVE,2016-01-29 01:01:58
ACC_1005302,C_103559,BUSINESS,313035.46,ACTIVE,2016-02-03 17:23:58
ACC_1005303,C_103560,SAVINGS,2142.39,ACTIVE,2016-02-25 20:15:26
ACC_1005304,C_103561,SAVINGS,74649.69,ACTIVE,2024-07-06 22:11:41
ACC_1005305,C_103561,BUSINESS,1633.65,ACTIVE,2024-07-05 03:45:41
ACC_1005306,C_103561,BUSINESS,367615.84,ACTIVE,2024-07-16 04:02:41
ACC_1005307,C_103562,CURRENT,667.43,ACTIVE,2023-05-06 12:02:56
ACC_1005308,C_103563,CURRENT,990.88,ACTIVE,2019-10-25 06:15:25
ACC_1005309,C_103563,BUSINESS,4207.67,DORMANT,2019-11-22 03:31:25
ACC_1005310,C_103564,CURRENT,1373.97,ACTIVE,2024-06-08 00:23:25
ACC_1005311,C_103565,CURRENT,1084.09,ACTIVE,2019-07-18 20:34:33
ACC_1005312,C_103565,BUSINESS,459453.72,ACTIVE,2019-07-25 21:33:33
ACC_1005313,C_103566,BUSINESS,24808.98,ACTIVE,2024-11-18 12:56:00
ACC_1005314,C_103566,SAVINGS,16245.79,ACTIVE,2024-11-25 02:25:00
ACC_1005315,C_103567,CURRENT,4365.46,DORMANT,2022-04-22 04:41:02
ACC_1005316,C_103568,BUSINESS,94630.67,ACTIVE,2021-03-27 05:39:39
ACC_1005317,C_103568,BUSINESS,144705.2,ACTIVE,2021-03-22 00:31:39
ACC_1005318,C_103569,BUSINESS,1090.85,ACTIVE,2019-01-17 20:12:02
ACC_1005319,C_103569,CURRENT,1667.71,ACTIVE,2018-12-24 13:36:02
ACC_1005320,C_103570,CURRENT,4418.43,ACTIVE,2022-10-17 21:30:32
ACC_1005321,C_103571,CURRENT,1788.01,DORMANT,2020-10-12 02:17:11
ACC_1005322,C_103572,BUSINESS,823962.11,ACTIVE,2017-10-22 00:30:19
ACC_1005323,C_103573,BUSINESS,17433.31,ACTIVE,2016-09-05 16:52:59
ACC_1005324,C_103574,BUSINESS,170342.14,ACTIVE,2021-09-07 02:42:38
ACC_1005325,C_103575,CURRENT,845.47,ACTIVE,2016-08-17 17:00:04
ACC_1005326,C_103576,SAVINGS,82534.82,ACTIVE,2025-06-18 04:37:56
ACC_1005327,C_103577,CURRENT,1997.98,ACTIVE,2024-08-17 17:36:38
ACC_1005328,C_103578,BUSINESS,425689.24,ACTIVE,2021-03-27 13:01:00
ACC_1005329,C_103579,CURRENT,1234.79,ACTIVE,2020-03-10 01:20:34
ACC_1005330,C_103580,BUSINESS,333128.48,ACTIVE,2023-02-15 13:21:16
ACC_1005331,C_103581,BUSINESS,133315.33,ACTIVE,2018-07-13 01:49:43
ACC_1005332,C_103582,CURRENT,8668.31,ACTIVE,2016-09-21 12:58:52
ACC_1005333,C_103583,CURRENT,1012.69,DORMANT,2017-02-05 09:55:35
ACC_1005334,C_103584,SAVINGS,62292.5,ACTIVE,2025-01-11 14:13:45
ACC_1005335,C_103584,SAVINGS,7986.6,ACTIVE,2025-01-07 07:58:45
ACC_1005336,C_103585,BUSINESS,10272.02,ACTIVE,2021-10-05 08:01:46
ACC_1005337,C_103586,BUSINESS,228124.68,ACTIVE,2017-01-30 06:52:09
ACC_1005338,C_103587,SAVINGS,29007.72,ACTIVE,2024-10-01 06:44:33
ACC_1005339,C_103587,CURRENT,4682.8,ACTIVE,2024-09-11 15:10:33
ACC_1005340,C_103588,BUSINESS,424368.28,ACTIVE,2018-01-14 03:18:26
ACC_1005341,C_103588,SAVINGS,2797.63,ACTIVE,2018-01-05 10:40:26
ACC_1005342,C_103588,CURRENT,643.44,ACTIVE,2018-01-08 11:56:26
ACC_1005343,C_103589,BUSINESS,39067.87,ACTIVE,2019-08-22 16:55:34
ACC_1005344,C_103590,BUSINESS,105757.32,ACTIVE,2017-01-03 04:03:44
ACC_1005345,C_103591,SAVINGS,3229.25,ACTIVE,2022-09-27 19:27:58
ACC_1005346,C_103591,CURRENT,4080.88,ACTIVE,2022-09-17 03:42:58
ACC_1005347,C_103592,SAVINGS,647.45,ACTIVE,2021-05-21 20:49:59
ACC_1005348,C_103592,BUSINESS,25080.04,ACTIVE,2021-04-26 22:00:59
ACC_1005349,C_103593,SAVINGS,23721.71,ACTIVE,2021-03-13 07:19:55
ACC_1005350,C_103594,CURRENT,8741.36,ACTIVE,2024-09-04 04:10:29
ACC_1005351,C_103595,CURRENT,3818.49,ACTIVE,2018-08-03 06:00:08
ACC_1005352,C_103595,CURRENT,2381.46,ACTIVE,2018-08-04 07:08:08
ACC_1005353,C_103596,BUSINESS,188512.69,ACTIVE,2022-10-05 09:24:50
ACC_1005354,C_103596,BUSINESS,16574.11,ACTIVE,2022-10-20 17:48:50
ACC_1005355,C_103597,CURRENT,3420.45,ACTIVE,2019-06-14 14:23:26
ACC_1005356,C_103597,SAVINGS,1717.3,DORMANT,2019-05-29 19:05:26
ACC_1005357,C_103597,SAVINGS,18639.87,ACTIVE,2019-06-04 18:52:26
ACC_1005358,C_103598,SAVINGS,6381.76,ACTIVE,2016-11-07 16:06:57
ACC_1005359,C_103598,SAVINGS,8683.47,ACTIVE,2016-10-31 11:40:57
ACC_1005360,C_103599,CURRENT,5696.88,ACTIVE,2017-09-26 18:40:05
ACC_1005361,C_103599,CURRENT,481.41,ACTIVE,2017-10-13 03:00:05
ACC_1005362,C_103600,BUSINESS,53190.34,ACTIVE,2023-12-29 12:30:10
ACC_1005363,C_103601,CURRENT,17089.58,ACTIVE,2025-10-14 19:22:54
ACC_1005364,C_103602,BUSINESS,1500000.0,ACTIVE,2025-01-11 06:53:37
ACC_1005365,C_103603,SAVINGS,7981.46,ACTIVE,2020-05-30 05:44:32
ACC_1005366,C_103604,CURRENT,668.86,ACTIVE,2023-05-07 20:29:12
ACC_1005367,C_103604,SAVINGS,6451.61,ACTIVE,2023-05-03 07:35:12
ACC_1005368,C_103605,BUSINESS,64751.19,ACTIVE,2025-06-02 01:12:49
ACC_1005369,C_103606,BUSINESS,73881.66,ACTIVE,2025-07-31 09:00:51
ACC_1005370,C_103606,SAVINGS,5336.41,ACTIVE,2025-08-08 04:17:51
ACC_1005371,C_103607,CURRENT,518.83,ACTIVE,2025-10-17 01:16:30
ACC_1005372,C_103607,CURRENT,3493.01,ACTIVE,2025-10-29 19:10:30
ACC_1005373,C_103608,BUSINESS,132041.42,DORMANT,2025-06-06 17:21:02
ACC_1005374,C_103608,CURRENT,483.65,ACTIVE,2025-05-27 01:03:02
ACC_1005375,C_103609,CURRENT,7270.34,ACTIVE,2021-07-16 11:26:08
ACC_1005376,C_103610,SAVINGS,11060.93,ACTIVE,2016-09-26 18:28:19
ACC_1005377,C_103611,SAVINGS,4510.81,ACTIVE,2025-07-06 21:24:53
ACC_1005378,C_103611,CURRENT,4060.62,ACTIVE,2025-07-01 22:41:53
ACC_1005379,C_103612,SAVINGS,29516.03,ACTIVE,2023-11-18 04:54:23
ACC_1005380,C_103613,SAVINGS,21030.27,ACTIVE,2022-10-15 12:21:22
ACC_1005381,C_103613,SAVINGS,7113.5,ACTIVE,2022-09-27 15:41:22
ACC_1005382,C_103614,CURRENT,908.4,ACTIVE,2023-10-07 11:34:50
ACC_1005383,C_103615,BUSINESS,1353095.22,ACTIVE,2025-10-20 14:21:54
ACC_1005384,C_103616,SAVINGS,18425.36,ACTIVE,2022-04-29 07:05:25
ACC_1005385,C_103617,CURRENT,73.11,ACTIVE,2018-11-28 03:24:12
ACC_1005386,C_103618,BUSINESS,99650.61,ACTIVE,2019-01-29 20:47:58
ACC_1005387,C_103618,CURRENT,2720.96,ACTIVE,2019-02-01 04:46:58
ACC_1005388,C_103618,CURRENT,1329.54,ACTIVE,2019-01-30 12:38:58
ACC_1005389,C_103619,BUSINESS,203395.93,ACTIVE,2017-01-14 18:07:34
ACC_1005390,C_103619,SAVINGS,28815.18,ACTIVE,2017-01-08 05:07:34
ACC_1005391,C_103620,CURRENT,3035.74,ACTIVE,2020-12-30 17:50:17
ACC_1005392,C_103621,CURRENT,5543.82,ACTIVE,2017-04-13 19:12:24
ACC_1005393,C_103621,BUSINESS,31998.25,ACTIVE,2017-04-01 22:54:24
ACC_1005394,C_103622,CURRENT,1129.67,ACTIVE,2018-06-09 13:31:28
ACC_1005395,C_103622,CURRENT,707.72,DORMANT,2018-06-09 22:30:28
ACC_1005396,C_103623,CURRENT,3349.51,ACTIVE,2016-05-23 18:13:04
ACC_1005397,C_103624,BUSINESS,53176.49,ACTIVE,2019-11-07 02:29:16
ACC_1005398,C_103625,CURRENT,5027.12,ACTIVE,2021-08-24 05:59:08
ACC_1005399,C_103626,BUSINESS,37024.67,DORMANT,2024-12-19 12:59:42
ACC_1005400,C_103626,SAVINGS,81728.59,ACTIVE,2024-12-20 20:46:42
ACC_1005401,C_103627,SAVINGS,5779.08,ACTIVE,2024-11-14 00:11:13
ACC_1005402,C_103628,CURRENT,3643.29,ACTIVE,2024-10-06 07:01:19
ACC_1005403,C_103628,CURRENT,310.47,ACTIVE,2024-10-03 07:42:19
ACC_1005404,C_103629,SAVINGS,28679.95,DORMANT,2017-02-10 00:37:30
ACC_1005405,C_103629,CURRENT,1824.52,ACTIVE,2017-03-07 22:02:30
ACC_1005406,C_103630,SAVINGS,17465.81,ACTIVE,2023-05-19 07:16:55
ACC_1005407,C_103630,CURRENT,6840.12,ACTIVE,2023-06-12 10:56:55
ACC_1005408,C_103631,CURRENT,2119.94,ACTIVE,2018-12-08 04:18:10
ACC_1005409,C_103631,CURRENT,11835.53,ACTIVE,2018-12-23 00:12:10
ACC_1005410,C_103631,CURRENT,1884.62,ACTIVE,2018-12-19 04:23:10
ACC_1005411,C_103632,SAVINGS,5109.53,ACTIVE,2016-10-18 06:44:49
ACC_1005412,C_103632,CURRENT,2577.92,ACTIVE,2016-10-16 00:41:49
ACC_1005413,C_103633,CURRENT,1344.99,ACTIVE,2019-02-04 19:06:28
ACC_1005414,C_103633,SAVINGS,40412.38,ACTIVE,2019-02-14 15:25:28
ACC_1005415,C_103633,BUSINESS,43077.38,DORMANT,2019-01-23 11:49:28
ACC_1005416,C_103634,BUSINESS,40655.59,ACTIVE,2024-01-23 00:27:10
ACC_1005417,C_103635,SAVINGS,6756.05,ACTIVE,2024-06-25 01:23:50
ACC_1005418,C_103635,CURRENT,2843.79,DORMANT,2024-06-06 03:54:50
ACC_1005419,C_103636,SAVINGS,6948.19,ACTIVE,2021-05-15 15:40:43
ACC_1005420,C_103637,SAVINGS,32700.16,ACTIVE,2024-04-30 01:48:00
ACC_1005421,C_103638,BUSINESS,469037.61,ACTIVE,2023-11-26 05:29:42
ACC_1005422,C_103638,CURRENT,1043.62,ACTIVE,2023-10-29 08:39:42
ACC_1005423,C_103638,SAVINGS,13808.08,ACTIVE,2023-11-21 06:08:42
ACC_1005424,C_103639,BUSINESS,45266.0,ACTIVE,2018-08-05 19:46:33
ACC_1005425,C_103639,CURRENT,2153.81,ACTIVE,2018-07-22 13:33:33
ACC_1005426,C_103640,SAVINGS,9705.98,ACTIVE,2023-09-15 13:54:53
ACC_1005427,C_103640,BUSINESS,360018.87,ACTIVE,2023-09-19 05:22:53
ACC_1005428,C_103640,CURRENT,4746.73,ACTIVE,2023-09-03 03:57:53
ACC_1005429,C_103641,BUSINESS,17823.29,ACTIVE,2022-12-27 17:43:07
ACC_1005430,C_103642,SAVINGS,4554.1,ACTIVE,2024-09-28 02:41:03
ACC_1005431,C_103643,BUSINESS,26199.01,ACTIVE,2026-01-19 06:03:45
ACC_1005432,C_103644,BUSINESS,61152.87,ACTIVE,2021-06-14 04:46:08
ACC_1005433,C_103645,SAVINGS,43125.82,ACTIVE,2017-06-16 17:50:38
ACC_1005434,C_103646,SAVINGS,2253.22,ACTIVE,2024-01-20 14:48:52
ACC_1005435,C_103646,CURRENT,8852.71,ACTIVE,2024-01-18 03:07:52
ACC_1005436,C_103647,SAVINGS,26650.59,ACTIVE,2021-04-12 06:58:57
ACC_1005437,C_103647,CURRENT,3468.75,ACTIVE,2021-04-18 12:22:57
ACC_1005438,C_103648,SAVINGS,29975.75,ACTIVE,2017-05-22 08:34:23
ACC_1005439,C_103648,BUSINESS,20073.11,ACTIVE,2017-06-07 04:12:23
ACC_1005440,C_103649,BUSINESS,50835.35,ACTIVE,2025-08-31 22:30:50
ACC_1005441,C_103650,CURRENT,7325.27,ACTIVE,2019-05-21 23:40:16
ACC_1005442,C_103651,BUSINESS,296415.12,ACTIVE,2025-06-08 21:52:36
ACC_1005443,C_103652,CURRENT,1001.72,DORMANT,2019-10-27 07:43:06
ACC_1005444,C_103653,CURRENT,17845.89,ACTIVE,2017-11-20 15:08:37
ACC_1005445,C_103654,CURRENT,1029.98,ACTIVE,2024-03-27 08:14:39
ACC_1005446,C_103655,SAVINGS,12946.37,ACTIVE,2025-05-13 12:42:34
ACC_1005447,C_103655,CURRENT,59.43,ACTIVE,2025-05-05 15:50:34
ACC_1005448,C_103655,BUSINESS,654743.65,ACTIVE,2025-04-29 15:01:34
ACC_1005449,C_103656,BUSINESS,213244.33,DORMANT,2022-01-06 21:00:50
ACC_1005450,C_103657,CURRENT,1262.37,ACTIVE,2024-06-08 01:09:01
ACC_1005451,C_103658,CURRENT,1213.19,ACTIVE,2023-02-09 20:21:44
ACC_1005452,C_103659,BUSINESS,13060.23,ACTIVE,2021-08-09 20:40:43
ACC_1005453,C_103660,SAVINGS,11259.19,ACTIVE,2020-11-27 03:58:09
ACC_1005454,C_103661,BUSINESS,28609.94,ACTIVE,2016-09-28 14:11:09
ACC_1005455,C_103662,BUSINESS,21263.91,ACTIVE,2020-06-14 22:12:24
ACC_1005456,C_103662,BUSINESS,34335.35,DORMANT,2020-06-09 19:19:24
ACC_1005457,C_103663,SAVINGS,11088.99,ACTIVE,2019-01-23 09:35:47
ACC_1005458,C_103663,CURRENT,9312.02,ACTIVE,2019-01-20 10:42:47
ACC_1005459,C_103663,CURRENT,802.6,DORMANT,2019-01-30 17:12:47
ACC_1005460,C_103664,CURRENT,323.06,ACTIVE,2024-06-22 05:51:51
ACC_1005461,C_103665,SAVINGS,2882.19,ACTIVE,2025-06-30 08:22:39
ACC_1005462,C_103666,CURRENT,2656.76,DORMANT,2024-01-12 23:04:06
ACC_1005463,C_103667,CURRENT,5565.12,ACTIVE,2023-04-20 02:37:22
ACC_1005464,C_103668,CURRENT,398.3,DORMANT,2022-04-29 06:17:08
ACC_1005465,C_103669,SAVINGS,2174.35,ACTIVE,2018-05-27 15:40:35
ACC_1005466,C_103669,SAVINGS,3994.48,ACTIVE,2018-06-04 07:32:35
ACC_1005467,C_103670,SAVINGS,30786.84,ACTIVE,2018-06-30 17:56:19
ACC_1005468,C_103671,SAVINGS,22538.48,ACTIVE,2024-09-08 04:33:09
ACC_1005469,C_103671,BUSINESS,32672.37,ACTIVE,2024-09-15 12:43:09
ACC_1005470,C_103671,CURRENT,2504.04,ACTIVE,2024-09-04 04:56:09
ACC_1005471,C_103672,BUSINESS,124738.84,ACTIVE,2022-07-03 04:21:09
ACC_1005472,C_103672,CURRENT,997.78,ACTIVE,2022-07-25 03:05:09
ACC_1005473,C_103672,CURRENT,1038.78,DORMANT,2022-07-12 16:51:09
ACC_1005474,C_103673,BUSINESS,455600.19,ACTIVE,2023-11-04 21:29:13
ACC_1005475,C_103674,SAVINGS,4982.1,ACTIVE,2016-05-30 13:43:32
ACC_1005476,C_103675,SAVINGS,12953.9,ACTIVE,2021-10-27 23:12:56
ACC_1005477,C_103675,SAVINGS,17228.78,ACTIVE,2021-10-27 03:21:56
ACC_1005478,C_103676,SAVINGS,21420.57,ACTIVE,2021-06-29 00:36:52
ACC_1005479,C_103676,BUSINESS,202721.55,ACTIVE,2021-07-03 01:18:52
ACC_1005480,C_103677,CURRENT,310.85,ACTIVE,2024-01-05 09:38:51
ACC_1005481,C_103678,SAVINGS,15588.6,ACTIVE,2022-06-07 17:56:00
ACC_1005482,C_103679,CURRENT,959.04,ACTIVE,2025-05-12 23:16:44
ACC_1005483,C_103680,CURRENT,9150.86,ACTIVE,2017-10-14 01:02:26
ACC_1005484,C_103680,BUSINESS,107090.08,DORMANT,2017-10-12 07:40:26
ACC_1005485,C_103681,BUSINESS,87748.78,ACTIVE,2022-10-07 06:09:27
ACC_1005486,C_103681,BUSINESS,14245.86,ACTIVE,2022-10-16 00:29:27
ACC_1005487,C_103682,CURRENT,1100.8,DORMANT,2018-06-01 03:18:37
ACC_1005488,C_103683,SAVINGS,14675.64,ACTIVE,2023-07-27 05:29:19
ACC_1005489,C_103683,BUSINESS,5257.74,ACTIVE,2023-07-26 09:55:19
ACC_1005490,C_103684,SAVINGS,3504.72,ACTIVE,2021-10-18 08:02:18
ACC_1005491,C_103684,SAVINGS,13407.98,ACTIVE,2021-10-04 14:44:18
ACC_1005492,C_103685,SAVINGS,3439.15,ACTIVE,2016-11-26 20:34:12
ACC_1005493,C_103686,SAVINGS,250000.0,ACTIVE,2020-08-02 07:26:42
ACC_1005494,C_103686,CURRENT,788.76,ACTIVE,2020-08-09 06:14:42
ACC_1005495,C_103686,SAVINGS,9322.6,ACTIVE,2020-07-16 18:58:42
ACC_1005496,C_103687,SAVINGS,2848.75,ACTIVE,2020-11-01 22:19:44
ACC_1005497,C_103688,SAVINGS,5438.31,ACTIVE,2018-08-27 10:43:51
ACC_1005498,C_103689,SAVINGS,15123.07,ACTIVE,2022-05-20 11:17:46
ACC_1005499,C_103689,SAVINGS,3621.77,ACTIVE,2022-06-01 04:34:46
ACC_1005500,C_103690,SAVINGS,12204.3,ACTIVE,2018-11-28 03:31:40
ACC_1005501,C_103690,BUSINESS,10165.03,ACTIVE,2018-11-27 08:10:40
ACC_1005502,C_103690,CURRENT,301.53,ACTIVE,2018-11-27 19:47:40
ACC_1005503,C_103691,CURRENT,2980.28,ACTIVE,2024-06-05 03:15:46
ACC_1005504,C_103692,BUSINESS,31608.77,ACTIVE,2016-09-11 13:19:51
ACC_1005505,C_103692,CURRENT,162.9,ACTIVE,2016-09-20 14:04:51
ACC_1005506,C_103693,SAVINGS,35025.56,ACTIVE,2017-12-12 07:46:36
ACC_1005507,C_103694,SAVINGS,4230.08,ACTIVE,2018-05-17 08:01:46
ACC_1005508,C_103694,CURRENT,3047.45,ACTIVE,2018-04-26 10:18:46
ACC_1005509,C_103695,BUSINESS,14730.14,DORMANT,2016-02-03 21:57:47
ACC_1005510,C_103695,CURRENT,2275.03,ACTIVE,2016-02-04 03:07:47
ACC_1005511,C_103695,SAVINGS,6909.56,ACTIVE,2016-02-04 13:54:47
ACC_1005512,C_103696,SAVINGS,29661.52,ACTIVE,2025-08-28 06:57:58
ACC_1005513,C_103697,BUSINESS,65918.09,DORMANT,2023-10-11 03:02:53
ACC_1005514,C_103698,SAVINGS,10284.64,ACTIVE,2020-11-09 14:18:18
ACC_1005515,C_103699,CURRENT,7024.86,DORMANT,2024-09-02 17:09:05
ACC_1005516,C_103700,CURRENT,2781.66,ACTIVE,2021-07-24 07:09:24
ACC_1005517,C_103700,BUSINESS,179546.48,ACTIVE,2021-07-18 07:44:24
ACC_1005518,C_103701,SAVINGS,2506.84,ACTIVE,2018-09-02 17:36:41
ACC_1005519,C_103701,BUSINESS,3533.87,ACTIVE,2018-09-11 06:35:41
ACC_1005520,C_103702,SAVINGS,6145.47,DORMANT,2020-05-19 14:37:04
ACC_1005521,C_103703,CURRENT,4013.53,ACTIVE,2017-01-12 16:54:20
ACC_1005522,C_103703,SAVINGS,6314.61,ACTIVE,2017-01-07 21:06:20
ACC_1005523,C_103703,SAVINGS,1490.33,ACTIVE,2017-02-04 18:33:20
ACC_1005524,C_103704,BUSINESS,401954.24,ACTIVE,2019-12-31 07:35:48
ACC_1005525,C_103704,SAVINGS,20913.73,ACTIVE,2019-12-24 21:31:48
ACC_1005526,C_103705,CURRENT,4918.69,ACTIVE,2024-06-02 22:24:24
ACC_1005527,C_103705,CURRENT,868.24,ACTIVE,2024-06-14 16:19:24
ACC_1005528,C_103706,CURRENT,2983.04,DORMANT,2023-08-17 09:26:49
ACC_1005529,C_103707,CURRENT,1618.35,ACTIVE,2018-01-20 23:23:52
ACC_1005530,C_103708,BUSINESS,88643.98,ACTIVE,2016-02-16 20:29:23
ACC_1005531,C_103709,SAVINGS,3797.72,ACTIVE,2022-08-22 07:01:00
ACC_1005532,C_103710,BUSINESS,399209.71,ACTIVE,2022-08-03 06:29:39
ACC_1005533,C_103711,BUSINESS,79492.99,ACTIVE,2024-07-01 05:15:21
ACC_1005534,C_103712,CURRENT,3242.19,ACTIVE,2020-08-13 23:11:11
ACC_1005535,C_103712,BUSINESS,1375.15,ACTIVE,2020-08-04 06:36:11
ACC_1005536,C_103712,SAVINGS,1812.0,ACTIVE,2020-08-11 04:15:11
ACC_1005537,C_103713,SAVINGS,24027.19,DORMANT,2019-07-21 07:49:26
ACC_1005538,C_103714,CURRENT,11765.33,ACTIVE,2023-06-18 20:31:12
ACC_1005539,C_103715,BUSINESS,191827.68,ACTIVE,2025-09-19 13:32:36
ACC_1005540,C_103715,CURRENT,2987.28,ACTIVE,2025-09-19 06:56:36
ACC_1005541,C_103715,CURRENT,260.99,DORMANT,2025-09-21 21:21:36
ACC_1005542,C_103716,BUSINESS,15546.91,ACTIVE,2025-11-12 19:03:05
ACC_1005543,C_103716,BUSINESS,125562.25,ACTIVE,2025-11-10 08:01:05
ACC_1005544,C_103716,CURRENT,5291.44,ACTIVE,2025-11-22 08:58:05
ACC_1005545,C_103717,SAVINGS,5557.22,ACTIVE,2023-05-28 01:37:57
ACC_1005546,C_103718,BUSINESS,17927.87,ACTIVE,2023-01-23 08:22:18
ACC_1005547,C_103718,BUSINESS,158071.71,ACTIVE,2023-01-15 00:36:18
ACC_1005548,C_103718,CURRENT,862.4,ACTIVE,2023-01-18 06:02:18
ACC_1005549,C_103719,CURRENT,2326.82,DORMANT,2022-06-27 07:22:33
ACC_1005550,C_103720,SAVINGS,9489.66,ACTIVE,2022-01-09 00:43:03
ACC_1005551,C_103721,BUSINESS,6081.96,ACTIVE,2025-06-03 18:16:03
ACC_1005552,C_103722,BUSINESS,4313.79,ACTIVE,2018-07-03 05:48:22
ACC_1005553,C_103723,CURRENT,459.87,ACTIVE,2016-06-27 04:54:52
ACC_1005554,C_103724,CURRENT,2849.37,ACTIVE,2021-08-01 16:47:27
ACC_1005555,C_103725,BUSINESS,86603.49,DORMANT,2020-05-22 22:37:33
ACC_1005556,C_103726,BUSINESS,4569.08,ACTIVE,2020-05-20 08:25:02
ACC_1005557,C_103726,SAVINGS,26866.33,ACTIVE,2020-05-13 14:17:02
ACC_1005558,C_103726,SAVINGS,112712.08,ACTIVE,2020-05-20 00:29:02
ACC_1005559,C_103727,SAVINGS,722.62,ACTIVE,2022-04-12 06:56:53
ACC_1005560,C_103728,CURRENT,1322.95,ACTIVE,2023-04-02 13:32:29
ACC_1005561,C_103728,CURRENT,1048.98,ACTIVE,2023-04-21 04:51:29
ACC_1005562,C_103729,BUSINESS,23011.86,ACTIVE,2021-09-23 03:31:02
ACC_1005563,C_103730,CURRENT,681.98,ACTIVE,2021-09-29 06:17:18
ACC_1005564,C_103731,BUSINESS,14957.8,ACTIVE,2019-04-07 16:42:55
ACC_1005565,C_103731,SAVINGS,4932.19,ACTIVE,2019-04-26 02:37:55
ACC_1005566,C_103732,CURRENT,2790.51,ACTIVE,2016-11-24 17:19:09
ACC_1005567,C_103732,BUSINESS,219572.31,ACTIVE,2016-11-26 09:46:09
ACC_1005568,C_103733,BUSINESS,52519.27,DORMANT,2019-09-04 05:43:52
ACC_1005569,C_103734,SAVINGS,3833.77,ACTIVE,2021-09-07 14:43:52
ACC_1005570,C_103735,CURRENT,2669.16,ACTIVE,2022-04-11 15:24:33
ACC_1005571,C_103735,BUSINESS,432463.17,ACTIVE,2022-04-14 04:44:33
ACC_1005572,C_103736,BUSINESS,56367.05,ACTIVE,2017-09-03 12:38:02
ACC_1005573,C_103736,CURRENT,403.89,ACTIVE,2017-08-05 12:06:02
ACC_1005574,C_103737,CURRENT,1747.68,ACTIVE,2021-03-02 12:17:07
ACC_1005575,C_103737,SAVINGS,14050.38,ACTIVE,2021-02-16 08:52:07
ACC_1005576,C_103738,BUSINESS,1500000.0,ACTIVE,2020-06-04 21:16:14
ACC_1005577,C_103738,SAVINGS,37732.34,ACTIVE,2020-06-03 02:44:14
ACC_1005578,C_103739,BUSINESS,744051.21,ACTIVE,2019-03-18 03:08:09
ACC_1005579,C_103739,CURRENT,195.97,ACTIVE,2019-04-12 02:34:09
ACC_1005580,C_103740,BUSINESS,106294.01,ACTIVE,2020-03-26 20:50:13
ACC_1005581,C_103740,CURRENT,305.96,ACTIVE,2020-04-17 11:29:13
ACC_1005582,C_103740,SAVINGS,15089.75,ACTIVE,2020-04-11 18:35:13
ACC_1005583,C_103741,CURRENT,4399.2,ACTIVE,2020-05-19 16:33:15
ACC_1005584,C_103741,SAVINGS,47588.72,ACTIVE,2020-06-02 12:53:15
ACC_1005585,C_103742,BUSINESS,105755.82,ACTIVE,2024-08-24 07:15:16
ACC_1005586,C_103742,BUSINESS,267568.5,ACTIVE,2024-08-27 10:55:16
ACC_1005587,C_103742,SAVINGS,11580.69,ACTIVE,2024-09-06 06:13:16
ACC_1005588,C_103743,BUSINESS,324895.3,ACTIVE,2023-02-03 04:28:21
ACC_1005589,C_103743,BUSINESS,113780.83,ACTIVE,2023-02-25 14:18:21
ACC_1005590,C_103744,CURRENT,193.02,ACTIVE,2021-07-09 04:45:12
ACC_1005591,C_103745,CURRENT,1793.17,DORMANT,2024-01-22 19:35:15
ACC_1005592,C_103746,BUSINESS,7104.92,ACTIVE,2021-11-10 14:56:17
ACC_1005593,C_103747,CURRENT,6516.55,ACTIVE,2018-01-29 14:26:55
ACC_1005594,C_103748,BUSINESS,12624.41,ACTIVE,2018-07-23 02:40:53
ACC_1005595,C_103748,BUSINESS,74675.09,ACTIVE,2018-07-23 14:15:53
ACC_1005596,C_103749,BUSINESS,23992.56,ACTIVE,2016-03-09 22:50:33
ACC_1005597,C_103750,BUSINESS,66686.64,ACTIVE,2024-01-30 19:26:57
ACC_1005598,C_103751,SAVINGS,829.11,ACTIVE,2024-02-25 22:05:07
ACC_1005599,C_103752,BUSINESS,183695.48,ACTIVE,2021-04-18 21:54:19
ACC_1005600,C_103753,SAVINGS,12315.71,ACTIVE,2018-06-27 03:28:58
ACC_1005601,C_103754,SAVINGS,10974.74,ACTIVE,2022-05-20 09:16:23
ACC_1005602,C_103755,BUSINESS,26996.02,ACTIVE,2024-06-27 12:18:45
ACC_1005603,C_103755,SAVINGS,19876.31,ACTIVE,2024-07-14 06:17:45
ACC_1005604,C_103756,SAVINGS,6053.66,ACTIVE,2019-12-14 07:26:31
ACC_1005605,C_103757,SAVINGS,48156.33,ACTIVE,2024-06-16 05:29:08
ACC_1005606,C_103757,BUSINESS,36711.32,ACTIVE,2024-05-27 06:47:08
ACC_1005607,C_103758,SAVINGS,46375.42,ACTIVE,2018-04-22 04:08:12
ACC_1005608,C_103759,BUSINESS,12030.91,ACTIVE,2018-11-13 14:15:59
ACC_1005609,C_103760,CURRENT,2343.53,ACTIVE,2018-12-30 22:32:12
ACC_1005610,C_103760,CURRENT,3318.14,ACTIVE,2018-12-10 15:46:12
ACC_1005611,C_103761,BUSINESS,3743.89,ACTIVE,2022-02-18 06:22:39
ACC_1005612,C_103762,BUSINESS,50373.37,DORMANT,2023-01-25 18:01:29
ACC_1005613,C_103763,CURRENT,587.86,ACTIVE,2024-01-05 05:21:40
ACC_1005614,C_103763,CURRENT,24090.64,ACTIVE,2023-12-20 23:38:40
ACC_1005615,C_103763,BUSINESS,114710.17,ACTIVE,2023-12-23 01:38:40
ACC_1005616,C_103764,BUSINESS,62308.51,ACTIVE,2016-12-29 16:27:15
ACC_1005617,C_103765,BUSINESS,183287.44,DORMANT,2017-08-22 23:19:47
ACC_1005618,C_103766,BUSINESS,12342.2,ACTIVE,2018-04-21 21:45:28
ACC_1005619,C_103766,CURRENT,4636.4,ACTIVE,2018-04-29 05:16:28
ACC_1005620,C_103766,SAVINGS,12769.33,ACTIVE,2018-04-28 19:00:28
ACC_1005621,C_103767,BUSINESS,42276.28,ACTIVE,2022-07-09 11:59:03
ACC_1005622,C_103768,SAVINGS,5676.01,ACTIVE,2016-07-31 17:11:03
ACC_1005623,C_103769,CURRENT,853.25,ACTIVE,2022-02-13 18:54:34
ACC_1005624,C_103769,SAVINGS,2596.38,ACTIVE,2022-02-27 03:16:34
ACC_1005625,C_103769,BUSINESS,17440.77,ACTIVE,2022-02-10 08:38:34
ACC_1005626,C_103770,BUSINESS,406920.95,ACTIVE,2021-05-18 10:35:54
ACC_1005627,C_103771,CURRENT,659.97,ACTIVE,2021-08-19 20:06:01
ACC_1005628,C_103771,BUSINESS,13864.04,ACTIVE,2021-08-09 14:48:01
ACC_1005629,C_103772,CURRENT,6135.38,ACTIVE,2022-08-01 15:27:22
ACC_1005630,C_103772,CURRENT,786.69,ACTIVE,2022-07-21 14:27:22
ACC_1005631,C_103773,BUSINESS,8737.08,ACTIVE,2019-01-02 03:39:14
ACC_1005632,C_103774,CURRENT,1395.75,ACTIVE,2024-04-19 03:54:40
ACC_1005633,C_103775,SAVINGS,19934.87,ACTIVE,2018-12-13 21:14:55
ACC_1005634,C_103776,BUSINESS,68913.74,ACTIVE,2023-08-01 21:31:28
ACC_1005635,C_103777,BUSINESS,9399.62,ACTIVE,2022-01-31 23:22:33
ACC_1005636,C_103777,BUSINESS,109273.87,DORMANT,2022-02-01 15:21:33
ACC_1005637,C_103778,SAVINGS,11459.19,ACTIVE,2022-01-12 22:58:31
ACC_1005638,C_103779,BUSINESS,96583.2,ACTIVE,2022-10-16 06:06:59
ACC_1005639,C_103780,CURRENT,1007.1,ACTIVE,2024-08-01 05:47:08
ACC_1005640,C_103780,SAVINGS,110700.9,ACTIVE,2024-08-07 11:05:08
ACC_1005641,C_103781,CURRENT,321.93,ACTIVE,2018-09-05 19:56:26
ACC_1005642,C_103781,BUSINESS,62319.08,ACTIVE,2018-08-19 21:32:26
ACC_1005643,C_103782,CURRENT,352.93,ACTIVE,2022-05-01 12:15:02
ACC_1005644,C_103783,SAVINGS,211881.09,ACTIVE,2016-05-09 01:29:20
ACC_1005645,C_103784,SAVINGS,82216.99,DORMANT,2019-07-04 10:00:23
ACC_1005646,C_103785,SAVINGS,4854.47,ACTIVE,2020-09-05 18:52:28
ACC_1005647,C_103786,SAVINGS,8419.28,ACTIVE,2018-10-21 07:49:28
ACC_1005648,C_103787,BUSINESS,1500000.0,ACTIVE,2020-06-29 17:27:59
ACC_1005649,C_103787,SAVINGS,6312.24,ACTIVE,2020-06-09 04:31:59
ACC_1005650,C_103787,CURRENT,1916.69,ACTIVE,2020-06-11 15:35:59
ACC_1005651,C_103788,CURRENT,3770.43,ACTIVE,2021-07-01 09:03:46
ACC_1005652,C_103788,SAVINGS,111829.23,ACTIVE,2021-07-15 23:45:46
ACC_1005653,C_103789,BUSINESS,300541.16,ACTIVE,2019-07-08 07:06:04
ACC_1005654,C_103790,CURRENT,7858.45,ACTIVE,2023-05-26 15:51:18
ACC_1005655,C_103791,CURRENT,981.29,ACTIVE,2022-11-18 07:38:22
ACC_1005656,C_103792,SAVINGS,33563.84,ACTIVE,2016-12-02 16:10:12
ACC_1005657,C_103793,SAVINGS,58758.84,ACTIVE,2024-06-17 03:51:18
ACC_1005658,C_103794,SAVINGS,10788.94,ACTIVE,2022-10-08 15:59:53
ACC_1005659,C_103795,SAVINGS,5581.38,ACTIVE,2020-04-24 08:16:19
ACC_1005660,C_103796,CURRENT,629.94,ACTIVE,2016-05-10 01:48:13
ACC_1005661,C_103797,CURRENT,335.8,ACTIVE,2016-06-04 15:37:50
ACC_1005662,C_103798,CURRENT,2367.31,ACTIVE,2017-12-13 10:30:48
ACC_1005663,C_103799,SAVINGS,6063.34,ACTIVE,2020-02-14 22:42:23
ACC_1005664,C_103800,SAVINGS,5804.11,DORMANT,2020-12-24 15:34:10
ACC_1005665,C_103800,BUSINESS,115663.13,ACTIVE,2020-12-24 14:27:10
ACC_1005666,C_103801,BUSINESS,8517.41,ACTIVE,2019-10-13 10:53:23
ACC_1005667,C_103801,SAVINGS,17592.99,ACTIVE,2019-10-08 08:50:23
ACC_1005668,C_103801,CURRENT,15672.27,DORMANT,2019-10-28 00:32:23
ACC_1005669,C_103802,SAVINGS,18383.08,ACTIVE,2020-09-10 07:54:03
ACC_1005670,C_103803,SAVINGS,11014.24,ACTIVE,2023-03-16 10:37:08
ACC_1005671,C_103803,CURRENT,2443.4,DORMANT,2023-03-14 03:37:08
ACC_1005672,C_103804,SAVINGS,6925.09,ACTIVE,2021-06-06 14:19:24
ACC_1005673,C_103804,CURRENT,994.47,ACTIVE,2021-06-10 13:41:24
ACC_1005674,C_103805,CURRENT,547.5,ACTIVE,2017-12-17 13:10:58
ACC_1005675,C_103806,BUSINESS,43919.52,DORMANT,2025-10-22 07:09:00
ACC_1005676,C_103806,BUSINESS,39540.76,ACTIVE,2025-11-15 03:55:00
ACC_1005677,C_103807,SAVINGS,6696.83,ACTIVE,2025-04-05 10:43:23
ACC_1005678,C_103807,BUSINESS,32098.99,ACTIVE,2025-04-02 17:43:23
ACC_1005679,C_103807,CURRENT,1818.78,ACTIVE,2025-03-20 14:17:23
ACC_1005680,C_103808,CURRENT,1711.0,ACTIVE,2025-09-21 06:06:25
ACC_1005681,C_103808,CURRENT,451.46,ACTIVE,2025-10-01 04:42:25
ACC_1005682,C_103809,BUSINESS,50805.58,ACTIVE,2021-01-18 06:14:40
ACC_1005683,C_103810,BUSINESS,4054.96,ACTIVE,2021-12-14 08:09:03
ACC_1005684,C_103811,SAVINGS,14582.03,ACTIVE,2025-02-03 05:02:16
ACC_1005685,C_103812,BUSINESS,303236.61,ACTIVE,2018-03-26 16:09:50
ACC_1005686,C_103812,CURRENT,1381.99,ACTIVE,2018-03-26 23:26:50
ACC_1005687,C_103813,BUSINESS,6100.07,ACTIVE,2020-04-14 07:59:47
ACC_1005688,C_103813,BUSINESS,139047.5,ACTIVE,2020-04-25 11:50:47
ACC_1005689,C_103814,CURRENT,343.61,DORMANT,2024-02-06 16:47:56
ACC_1005690,C_103815,BUSINESS,12769.21,ACTIVE,2025-11-21 05:21:21
ACC_1005691,C_103815,CURRENT,630.16,ACTIVE,2025-11-16 15:21:21
ACC_1005692,C_103816,SAVINGS,10688.13,ACTIVE,2018-05-22 11:23:28
ACC_1005693,C_103817,BUSINESS,443315.06,ACTIVE,2024-11-15 05:21:54
ACC_1005694,C_103818,CURRENT,2170.51,ACTIVE,2024-11-02 06:24:16
ACC_1005695,C_103819,SAVINGS,30010.7,ACTIVE,2021-07-04 15:39:55
ACC_1005696,C_103820,BUSINESS,22675.79,ACTIVE,2021-10-26 19:12:09
ACC_1005697,C_103821,BUSINESS,1500000.0,ACTIVE,2018-09-04 07:55:27
ACC_1005698,C_103821,CURRENT,1273.55,ACTIVE,2018-09-01 04:58:27
ACC_1005699,C_103821,BUSINESS,11213.95,ACTIVE,2018-08-25 04:18:27
ACC_1005700,C_103822,CURRENT,3537.52,ACTIVE,2020-03-19 18:01:55
ACC_1005701,C_103823,SAVINGS,3906.9,ACTIVE,2019-11-25 11:43:00
ACC_1005702,C_103823,CURRENT,702.04,ACTIVE,2019-11-26 21:03:00
ACC_1005703,C_103823,SAVINGS,3687.71,ACTIVE,2019-11-30 13:35:00
ACC_1005704,C_103824,CURRENT,3807.09,ACTIVE,2025-09-19 08:28:07
ACC_1005705,C_103825,BUSINESS,17254.88,ACTIVE,2023-11-17 17:52:28
ACC_1005706,C_103826,CURRENT,1923.8,ACTIVE,2025-09-23 18:30:08
ACC_1005707,C_103826,BUSINESS,31177.7,ACTIVE,2025-09-17 05:57:08
ACC_1005708,C_103827,CURRENT,494.24,ACTIVE,2022-09-01 05:57:57
ACC_1005709,C_103827,SAVINGS,108718.17,ACTIVE,2022-08-29 07:20:57
ACC_1005710,C_103827,BUSINESS,56446.53,ACTIVE,2022-08-19 23:24:57
ACC_1005711,C_103828,CURRENT,281.59,DORMANT,2016-02-23 21:37:39
ACC_1005712,C_103829,CURRENT,218.92,ACTIVE,2017-05-14 17:56:27
ACC_1005713,C_103829,BUSINESS,24251.51,DORMANT,2017-05-29 03:55:27
ACC_1005714,C_103830,SAVINGS,659.53,ACTIVE,2021-01-07 10:10:47
ACC_1005715,C_103830,BUSINESS,15467.14,ACTIVE,2020-12-13 03:00:47
ACC_1005716,C_103831,CURRENT,590.76,ACTIVE,2025-06-14 08:21:21
ACC_1005717,C_103832,SAVINGS,6982.18,ACTIVE,2025-10-22 08:03:49
ACC_1005718,C_103833,SAVINGS,16015.62,ACTIVE,2017-05-23 05:41:43
ACC_1005719,C_103834,BUSINESS,1028412.46,ACTIVE,2018-10-05 00:55:40
ACC_1005720,C_103835,BUSINESS,338602.14,ACTIVE,2018-12-08 19:04:36
ACC_1005721,C_103836,SAVINGS,17759.42,ACTIVE,2016-04-19 08:31:41
ACC_1005722,C_103837,CURRENT,579.63,DORMANT,2025-04-09 06:35:43
ACC_1005723,C_103838,BUSINESS,26572.54,ACTIVE,2018-04-28 07:03:42
ACC_1005724,C_103838,BUSINESS,51264.45,ACTIVE,2018-05-18 00:46:42
ACC_1005725,C_103839,SAVINGS,19605.2,ACTIVE,2016-04-04 14:25:35
ACC_1005726,C_103840,SAVINGS,4815.96,ACTIVE,2025-07-03 20:32:20
ACC_1005727,C_103840,BUSINESS,6996.56,ACTIVE,2025-06-28 19:55:20
ACC_1005728,C_103841,BUSINESS,78425.04,ACTIVE,2023-01-20 10:25:56
ACC_1005729,C_103842,SAVINGS,47071.54,ACTIVE,2019-12-11 02:01:30
ACC_1005730,C_103843,BUSINESS,5975.79,ACTIVE,2025-04-07 15:45:24
ACC_1005731,C_103844,BUSINESS,22359.33,ACTIVE,2025-05-20 15:55:49
ACC_1005732,C_103845,BUSINESS,78639.36,ACTIVE,2017-08-26 09:45:14
ACC_1005733,C_103846,BUSINESS,5186.58,ACTIVE,2019-12-27 15:34:06
ACC_1005734,C_103847,BUSINESS,2129.74,ACTIVE,2021-12-20 18:19:57
ACC_1005735,C_103847,SAVINGS,79393.62,ACTIVE,2021-12-27 13:09:57
ACC_1005736,C_103847,SAVINGS,15160.54,ACTIVE,2021-12-17 16:32:57
ACC_1005737,C_103848,CURRENT,1929.25,ACTIVE,2021-10-27 11:18:44
ACC_1005738,C_103849,BUSINESS,327301.32,DORMANT,2021-02-09 19:07:54
ACC_1005739,C_103849,BUSINESS,45589.53,ACTIVE,2021-02-17 07:51:54
ACC_1005740,C_103849,CURRENT,1453.16,ACTIVE,2021-02-22 05:51:54
ACC_1005741,C_103850,BUSINESS,80534.43,ACTIVE,2024-01-23 00:01:42
ACC_1005742,C_103850,SAVINGS,23127.3,ACTIVE,2024-01-15 01:06:42
ACC_1005743,C_103851,SAVINGS,67417.75,ACTIVE,2019-04-06 18:59:43
ACC_1005744,C_103851,SAVINGS,54098.74,ACTIVE,2019-04-23 01:00:43
ACC_1005745,C_103852,BUSINESS,781868.04,ACTIVE,2024-09-20 17:28:28
ACC_1005746,C_103852,SAVINGS,41926.91,ACTIVE,2024-09-13 16:44:28
ACC_1005747,C_103853,CURRENT,2194.12,DORMANT,2017-07-16 06:22:14
ACC_1005748,C_103853,SAVINGS,5352.48,ACTIVE,2017-07-20 11:20:14
ACC_1005749,C_103853,BUSINESS,41682.16,ACTIVE,2017-07-03 16:42:14
ACC_1005750,C_103854,CURRENT,771.32,ACTIVE,2021-07-13 13:59:07
ACC_1005751,C_103855,BUSINESS,89262.93,ACTIVE,2021-01-08 11:26:09
ACC_1005752,C_103855,SAVINGS,4754.51,ACTIVE,2021-01-29 13:34:09
ACC_1005753,C_103856,BUSINESS,176959.0,DORMANT,2021-07-23 20:29:42
ACC_1005754,C_103857,CURRENT,861.66,ACTIVE,2020-09-13 20:51:54
ACC_1005755,C_103858,SAVINGS,28829.47,ACTIVE,2023-06-02 23:49:19
ACC_1005756,C_103859,CURRENT,1225.43,ACTIVE,2017-12-06 03:28:55
ACC_1005757,C_103860,SAVINGS,25806.69,ACTIVE,2024-10-10 09:00:19
ACC_1005758,C_103861,SAVINGS,51224.67,ACTIVE,2019-03-21 23:25:30
ACC_1005759,C_103862,BUSINESS,193303.42,ACTIVE,2020-02-12 17:22:51
ACC_1005760,C_103863,BUSINESS,39142.68,ACTIVE,2020-12-04 08:14:14
ACC_1005761,C_103863,BUSINESS,512738.83,ACTIVE,2020-12-01 05:41:14
ACC_1005762,C_103864,BUSINESS,35406.83,ACTIVE,2024-08-06 06:06:44
ACC_1005763,C_103865,BUSINESS,880952.25,ACTIVE,2017-02-07 22:56:28
ACC_1005764,C_103866,CURRENT,538.22,ACTIVE,2021-05-05 12:41:29
ACC_1005765,C_103866,SAVINGS,23341.52,ACTIVE,2021-04-18 22:25:29
ACC_1005766,C_103866,CURRENT,1442.44,ACTIVE,2021-05-02 01:57:29
ACC_1005767,C_103867,BUSINESS,550051.99,ACTIVE,2016-07-31 05:12:48
ACC_1005768,C_103868,SAVINGS,11042.17,ACTIVE,2025-12-17 04:47:49
ACC_1005769,C_103868,CURRENT,924.71,ACTIVE,2025-12-14 08:36:49
ACC_1005770,C_103869,CURRENT,1596.91,ACTIVE,2024-11-27 11:50:34
ACC_1005771,C_103870,SAVINGS,76620.54,ACTIVE,2016-06-05 14:06:56
ACC_1005772,C_103871,SAVINGS,5291.54,ACTIVE,2021-09-03 10:36:16
ACC_1005773,C_103872,CURRENT,10762.76,ACTIVE,2023-05-25 00:42:09
ACC_1005774,C_103872,SAVINGS,182289.83,ACTIVE,2023-05-07 13:36:09
ACC_1005775,C_103873,SAVINGS,46699.63,DORMANT,2024-06-20 14:06:29
ACC_1005776,C_103874,BUSINESS,221106.84,ACTIVE,2017-08-06 22:31:15
ACC_1005777,C_103874,BUSINESS,53430.77,ACTIVE,2017-08-03 13:45:15
ACC_1005778,C_103874,CURRENT,2971.03,ACTIVE,2017-07-24 23:51:15
ACC_1005779,C_103875,SAVINGS,627.71,ACTIVE,2024-08-04 15:31:12
ACC_1005780,C_103875,SAVINGS,7621.48,ACTIVE,2024-08-10 03:34:12
ACC_1005781,C_103876,SAVINGS,3705.83,ACTIVE,2016-05-30 17:11:51
ACC_1005782,C_103876,SAVINGS,23902.26,ACTIVE,2016-05-04 01:57:51
ACC_1005783,C_103876,SAVINGS,9267.93,ACTIVE,2016-06-01 04:05:51
ACC_1005784,C_103877,BUSINESS,991699.62,ACTIVE,2020-08-16 20:16:27
ACC_1005785,C_103877,SAVINGS,5855.72,ACTIVE,2020-08-03 17:42:27
ACC_1005786,C_103878,SAVINGS,6008.87,ACTIVE,2021-05-16 21:52:07
ACC_1005787,C_103879,SAVINGS,10678.33,ACTIVE,2016-12-27 15:43:22
ACC_1005788,C_103880,BUSINESS,41593.0,ACTIVE,2018-11-03 06:42:39
ACC_1005789,C_103880,SAVINGS,68861.7,ACTIVE,2018-10-27 01:22:39
ACC_1005790,C_103881,CURRENT,1736.74,ACTIVE,2016-03-03 15:08:21
ACC_1005791,C_103881,CURRENT,1521.81,DORMANT,2016-02-20 03:19:21
ACC_1005792,C_103881,CURRENT,3317.47,ACTIVE,2016-02-27 03:19:21
ACC_1005793,C_103882,BUSINESS,93258.22,ACTIVE,2022-05-09 12:01:16
ACC_1005794,C_103882,BUSINESS,79440.9,ACTIVE,2022-05-16 17:12:16
ACC_1005795,C_103883,SAVINGS,100467.43,ACTIVE,2017-05-31 12:31:47
ACC_1005796,C_103884,SAVINGS,25482.56,ACTIVE,2023-02-07 02:27:20
ACC_1005797,C_103884,CURRENT,2051.45,ACTIVE,2023-01-28 04:43:20
ACC_1005798,C_103884,CURRENT,3314.35,ACTIVE,2023-02-13 01:32:20
ACC_1005799,C_103885,SAVINGS,11640.15,ACTIVE,2021-04-28 20:06:55
ACC_1005800,C_103885,SAVINGS,8648.29,ACTIVE,2021-04-14 06:08:55
ACC_1005801,C_103885,SAVINGS,2061.8,ACTIVE,2021-04-06 17:08:55
ACC_1005802,C_103886,BUSINESS,76374.12,ACTIVE,2016-10-12 04:30:06
ACC_1005803,C_103887,BUSINESS,149115.67,ACTIVE,2018-10-22 13:32:24
ACC_1005804,C_103887,SAVINGS,72693.78,ACTIVE,2018-10-23 04:08:24
ACC_1005805,C_103888,SAVINGS,8562.26,ACTIVE,2023-06-24 17:54:29
ACC_1005806,C_103889,SAVINGS,37753.61,ACTIVE,2016-08-13 02:24:10
ACC_1005807,C_103889,BUSINESS,6273.29,ACTIVE,2016-09-06 21:57:10
ACC_1005808,C_103890,CURRENT,419.75,ACTIVE,2023-05-08 08:18:00
ACC_1005809,C_103891,CURRENT,401.33,DORMANT,2021-04-14 14:50:33
ACC_1005810,C_103892,CURRENT,3515.42,DORMANT,2016-12-27 22:55:20
ACC_1005811,C_103892,CURRENT,957.82,ACTIVE,2017-01-09 14:26:20
ACC_1005812,C_103893,CURRENT,1054.58,ACTIVE,2023-02-16 22:13:52
ACC_1005813,C_103893,CURRENT,5410.69,ACTIVE,2023-02-13 21:19:52
ACC_1005814,C_103893,CURRENT,953.82,ACTIVE,2023-02-14 04:47:52
ACC_1005815,C_103894,SAVINGS,5438.63,ACTIVE,2020-04-12 00:45:27
ACC_1005816,C_103895,SAVINGS,643.66,ACTIVE,2018-03-08 17:05:30
ACC_1005817,C_103896,BUSINESS,127510.46,ACTIVE,2018-05-14 13:02:41
ACC_1005818,C_103896,BUSINESS,58274.29,ACTIVE,2018-05-16 02:31:41
ACC_1005819,C_103897,CURRENT,280.32,ACTIVE,2022-03-19 19:27:15
ACC_1005820,C_103897,SAVINGS,6539.4,ACTIVE,2022-02-23 10:23:15
ACC_1005821,C_103898,CURRENT,3786.6,ACTIVE,2016-07-09 13:34:21
ACC_1005822,C_103899,SAVINGS,68248.65,ACTIVE,2020-07-25 20:54:28
ACC_1005823,C_103900,CURRENT,3391.49,ACTIVE,2017-02-06 19:28:59
ACC_1005824,C_103900,SAVINGS,35635.3,ACTIVE,2017-02-08 18:54:59
ACC_1005825,C_103900,CURRENT,110.74,ACTIVE,2017-02-09 02:58:59
ACC_1005826,C_103901,SAVINGS,7331.01,ACTIVE,2020-11-16 17:13:47
ACC_1005827,C_103902,BUSINESS,7821.04,ACTIVE,2025-04-23 16:30:40
ACC_1005828,C_103902,CURRENT,1837.79,DORMANT,2025-04-14 17:15:40
ACC_1005829,C_103903,BUSINESS,42684.91,ACTIVE,2017-01-11 15:34:22
ACC_1005830,C_103904,SAVINGS,10994.2,ACTIVE,2020-07-19 23:34:50
ACC_1005831,C_103905,CURRENT,409.66,ACTIVE,2019-10-11 21:40:11
ACC_1005832,C_103906,BUSINESS,26995.34,ACTIVE,2023-02-01 22:11:26
ACC_1005833,C_103906,SAVINGS,24215.61,ACTIVE,2023-01-29 18:53:26
ACC_1005834,C_103906,SAVINGS,8754.26,ACTIVE,2023-02-04 20:06:26
ACC_1005835,C_103907,CURRENT,7321.68,ACTIVE,2024-06-09 20:05:49
ACC_1005836,C_103908,SAVINGS,17223.35,ACTIVE,2025-01-31 12:26:42
ACC_1005837,C_103909,CURRENT,7947.38,ACTIVE,2018-08-14 03:20:28
ACC_1005838,C_103910,BUSINESS,71635.56,ACTIVE,2016-12-26 09:30:27
ACC_1005839,C_103911,SAVINGS,10830.76,ACTIVE,2016-05-14 14:32:06
ACC_1005840,C_103912,BUSINESS,704508.05,ACTIVE,2023-09-04 13:46:54
ACC_1005841,C_103912,BUSINESS,9448.31,ACTIVE,2023-09-21 11:27:54
ACC_1005842,C_103913,SAVINGS,4092.35,DORMANT,2024-10-09 21:03:17
ACC_1005843,C_103914,BUSINESS,82508.1,ACTIVE,2016-08-07 00:44:33
ACC_1005844,C_103914,BUSINESS,120033.19,ACTIVE,2016-08-11 05:23:33
ACC_1005845,C_103915,CURRENT,2409.99,ACTIVE,2018-09-04 22:55:13
ACC_1005846,C_103916,SAVINGS,552.02,ACTIVE,2025-10-13 07:33:38
ACC_1005847,C_103917,BUSINESS,221503.68,ACTIVE,2017-09-04 23:56:28
ACC_1005848,C_103917,CURRENT,3138.72,ACTIVE,2017-09-08 13:59:28
ACC_1005849,C_103918,BUSINESS,399827.8,ACTIVE,2023-12-20 20:15:39
ACC_1005850,C_103919,CURRENT,1124.51,ACTIVE,2021-02-05 02:12:20
ACC_1005851,C_103919,CURRENT,1218.99,ACTIVE,2021-02-12 12:56:20
ACC_1005852,C_103920,BUSINESS,161447.4,ACTIVE,2016-06-26 06:29:38
ACC_1005853,C_103921,CURRENT,4648.0,ACTIVE,2023-11-16 12:08:08
ACC_1005854,C_103921,CURRENT,14932.75,DORMANT,2023-11-27 20:43:08
ACC_1005855,C_103921,CURRENT,1342.3,ACTIVE,2023-12-03 01:44:08
ACC_1005856,C_103922,BUSINESS,11798.61,ACTIVE,2023-04-19 12:15:51
ACC_1005857,C_103923,BUSINESS,23028.78,DORMANT,2018-11-23 04:41:18
ACC_1005858,C_103923,CURRENT,15274.86,ACTIVE,2018-11-26 20:43:18
ACC_1005859,C_103924,CURRENT,3371.23,ACTIVE,2020-01-02 02:08:01
ACC_1005860,C_103924,CURRENT,3138.65,ACTIVE,2020-01-12 04:32:01
ACC_1005861,C_103925,CURRENT,524.51,ACTIVE,2020-05-06 16:56:22
ACC_1005862,C_103925,SAVINGS,6503.67,ACTIVE,2020-04-27 20:48:22
ACC_1005863,C_103926,BUSINESS,354141.3,ACTIVE,2023-05-07 11:31:47
ACC_1005864,C_103926,BUSINESS,1391520.55,ACTIVE,2023-04-23 08:26:47
ACC_1005865,C_103927,CURRENT,4928.01,ACTIVE,2025-03-28 20:36:46
ACC_1005866,C_103928,SAVINGS,18336.45,ACTIVE,2021-10-21 13:47:37
ACC_1005867,C_103929,SAVINGS,3873.68,ACTIVE,2022-08-11 19:05:02
ACC_1005868,C_103929,CURRENT,812.54,ACTIVE,2022-09-02 19:00:02
ACC_1005869,C_103930,CURRENT,406.13,ACTIVE,2020-08-10 14:52:11
ACC_1005870,C_103930,BUSINESS,19694.7,ACTIVE,2020-08-05 13:01:11
ACC_1005871,C_103931,CURRENT,4448.01,ACTIVE,2021-07-25 13:38:41
ACC_1005872,C_103931,CURRENT,375.31,ACTIVE,2021-08-18 20:26:41
ACC_1005873,C_103931,CURRENT,1066.15,DORMANT,2021-08-18 02:00:41
ACC_1005874,C_103932,BUSINESS,29313.34,ACTIVE,2017-03-11 11:20:46
ACC_1005875,C_103932,SAVINGS,5260.84,ACTIVE,2017-03-13 10:20:46
ACC_1005876,C_103933,BUSINESS,39315.53,ACTIVE,2021-07-25 21:05:09
ACC_1005877,C_103934,BUSINESS,10775.68,ACTIVE,2022-09-16 07:48:20
ACC_1005878,C_103934,CURRENT,2618.18,ACTIVE,2022-09-02 09:59:20
ACC_1005879,C_103935,SAVINGS,25977.12,ACTIVE,2018-09-22 06:19:51
ACC_1005880,C_103936,SAVINGS,9165.82,ACTIVE,2017-04-08 22:38:09
ACC_1005881,C_103937,CURRENT,957.4,ACTIVE,2017-07-19 07:11:51
ACC_1005882,C_103938,CURRENT,4483.87,ACTIVE,2018-09-30 14:49:36
ACC_1005883,C_103939,CURRENT,2396.92,ACTIVE,2022-11-05 16:48:09
ACC_1005884,C_103940,SAVINGS,16441.35,ACTIVE,2016-12-09 18:25:08
ACC_1005885,C_103940,CURRENT,703.48,ACTIVE,2016-12-04 07:34:08
ACC_1005886,C_103941,CURRENT,1201.45,ACTIVE,2017-05-01 02:29:11
ACC_1005887,C_103941,SAVINGS,15966.31,ACTIVE,2017-04-14 13:53:11
ACC_1005888,C_103941,SAVINGS,13591.83,ACTIVE,2017-04-19 01:26:11
ACC_1005889,C_103942,CURRENT,2337.68,ACTIVE,2023-09-08 01:55:04
ACC_1005890,C_103943,CURRENT,2818.24,ACTIVE,2023-04-09 10:37:12
ACC_1005891,C_103944,SAVINGS,11319.13,ACTIVE,2019-10-10 18:47:08
ACC_1005892,C_103945,BUSINESS,48554.46,ACTIVE,2021-07-25 08:45:57
ACC_1005893,C_103946,BUSINESS,20292.31,ACTIVE,2023-06-15 01:27:12
ACC_1005894,C_103946,BUSINESS,173242.8,ACTIVE,2023-06-28 00:53:12
ACC_1005895,C_103946,BUSINESS,50892.47,ACTIVE,2023-07-11 07:21:12
ACC_1005896,C_103947,SAVINGS,8928.13,ACTIVE,2025-01-18 03:48:36
ACC_1005897,C_103948,CURRENT,1927.25,DORMANT,2016-02-28 11:08:40
ACC_1005898,C_103949,BUSINESS,140605.73,ACTIVE,2023-03-27 20:30:23
ACC_1005899,C_103950,BUSINESS,75192.07,ACTIVE,2025-07-15 10:28:53
ACC_1005900,C_103951,CURRENT,578.64,ACTIVE,2019-06-10 07:26:42
ACC_1005901,C_103951,CURRENT,1448.61,ACTIVE,2019-05-27 11:32:42
ACC_1005902,C_103952,SAVINGS,40302.19,ACTIVE,2021-08-11 14:17:20
ACC_1005903,C_103953,SAVINGS,7650.72,ACTIVE,2022-08-25 14:05:10
ACC_1005904,C_103953,SAVINGS,2974.83,ACTIVE,2022-08-20 04:30:10
ACC_1005905,C_103954,CURRENT,1252.68,ACTIVE,2020-04-16 23:49:13
ACC_1005906,C_103955,SAVINGS,24844.77,ACTIVE,2018-08-22 01:40:18
ACC_1005907,C_103956,SAVINGS,2084.31,ACTIVE,2025-08-28 14:48:23
ACC_1005908,C_103957,SAVINGS,47330.23,ACTIVE,2017-09-24 22:56:38
ACC_1005909,C_103957,CURRENT,346.07,ACTIVE,2017-09-16 12:09:38
ACC_1005910,C_103958,BUSINESS,29713.87,ACTIVE,2022-12-28 10:31:22
ACC_1005911,C_103959,SAVINGS,15512.61,ACTIVE,2019-08-27 12:29:03
ACC_1005912,C_103959,SAVINGS,1756.99,ACTIVE,2019-09-04 05:55:03
ACC_1005913,C_103960,BUSINESS,71574.4,ACTIVE,2020-07-01 17:59:14
ACC_1005914,C_103960,SAVINGS,10285.86,ACTIVE,2020-06-19 14:33:14
ACC_1005915,C_103961,SAVINGS,26067.43,ACTIVE,2019-09-08 03:25:02
ACC_1005916,C_103961,SAVINGS,5124.38,ACTIVE,2019-09-15 20:23:02
ACC_1005917,C_103962,SAVINGS,7450.82,ACTIVE,2023-12-24 02:07:32
ACC_1005918,C_103963,BUSINESS,123944.46,ACTIVE,2023-06-30 11:43:39
ACC_1005919,C_103964,SAVINGS,11964.93,ACTIVE,2016-08-08 13:39:37
ACC_1005920,C_103964,CURRENT,1857.75,ACTIVE,2016-07-30 19:23:37
ACC_1005921,C_103965,CURRENT,332.4,ACTIVE,2016-11-17 04:34:26
ACC_1005922,C_103965,SAVINGS,79700.2,ACTIVE,2016-11-25 22:43:26
ACC_1005923,C_103966,BUSINESS,285720.41,ACTIVE,2016-11-23 23:07:27
ACC_1005924,C_103966,CURRENT,1218.26,ACTIVE,2016-11-08 02:42:27
ACC_1005925,C_103967,BUSINESS,36204.72,ACTIVE,2016-10-07 04:53:36
ACC_1005926,C_103967,CURRENT,145.89,ACTIVE,2016-10-17 23:30:36
ACC_1005927,C_103968,BUSINESS,141163.71,ACTIVE,2022-01-01 12:50:30
ACC_1005928,C_103969,CURRENT,224.56,ACTIVE,2017-08-15 21:36:20
ACC_1005929,C_103970,CURRENT,2023.85,ACTIVE,2023-06-25 19:37:17
ACC_1005930,C_103971,BUSINESS,11489.62,ACTIVE,2019-06-09 09:56:39
ACC_1005931,C_103972,CURRENT,219.56,ACTIVE,2017-10-22 06:32:07
ACC_1005932,C_103973,BUSINESS,12161.2,ACTIVE,2016-12-19 22:01:43
ACC_1005933,C_103973,BUSINESS,1010469.77,ACTIVE,2016-12-27 03:18:43
ACC_1005934,C_103973,SAVINGS,9547.72,ACTIVE,2017-01-05 19:00:43
ACC_1005935,C_103974,CURRENT,871.3,ACTIVE,2017-06-08 00:18:31
ACC_1005936,C_103974,SAVINGS,2894.11,ACTIVE,2017-05-20 12:16:31
ACC_1005937,C_103974,SAVINGS,74660.71,ACTIVE,2017-05-26 19:20:31
ACC_1005938,C_103975,CURRENT,368.09,ACTIVE,2025-12-28 05:24:50
ACC_1005939,C_103976,BUSINESS,862654.81,ACTIVE,2023-01-03 05:12:14
ACC_1005940,C_103977,CURRENT,1054.62,ACTIVE,2022-01-31 02:28:51
ACC_1005941,C_103978,BUSINESS,125910.88,ACTIVE,2019-09-18 14:23:17
ACC_1005942,C_103978,BUSINESS,141053.29,ACTIVE,2019-09-03 11:51:17
ACC_1005943,C_103979,BUSINESS,451064.66,ACTIVE,2019-07-24 01:20:05
ACC_1005944,C_103979,CURRENT,6118.72,ACTIVE,2019-08-04 13:05:05
ACC_1005945,C_103980,CURRENT,4061.49,ACTIVE,2021-10-26 16:17:21
ACC_1005946,C_103980,SAVINGS,7824.14,ACTIVE,2021-11-18 04:39:21
ACC_1005947,C_103981,BUSINESS,38075.81,ACTIVE,2018-08-30 18:56:07
ACC_1005948,C_103981,CURRENT,2020.19,ACTIVE,2018-08-26 23:55:07
ACC_1005949,C_103982,CURRENT,5322.23,ACTIVE,2025-11-03 09:57:03
ACC_1005950,C_103983,SAVINGS,2803.95,DORMANT,2024-10-24 06:06:22
ACC_1005951,C_103984,BUSINESS,7864.47,ACTIVE,2021-01-25 04:54:39
ACC_1005952,C_103985,CURRENT,6619.44,DORMANT,2023-06-05 13:40:58
ACC_1005953,C_103985,CURRENT,2583.1,ACTIVE,2023-06-02 20:22:58
ACC_1005954,C_103985,BUSINESS,40270.3,ACTIVE,2023-06-03 09:20:58
ACC_1005955,C_103986,BUSINESS,96183.19,ACTIVE,2021-04-17 06:12:34
ACC_1005956,C_103986,CURRENT,2743.87,ACTIVE,2021-04-24 09:46:34
ACC_1005957,C_103987,SAVINGS,24786.26,ACTIVE,2019-10-25 21:39:53
ACC_1005958,C_103988,CURRENT,341.4,ACTIVE,2025-03-19 12:32:06
ACC_1005959,C_103989,CURRENT,9501.87,ACTIVE,2016-10-08 17:35:21
ACC_1005960,C_103990,BUSINESS,119792.96,ACTIVE,2020-12-10 11:00:02
ACC_1005961,C_103990,SAVINGS,13379.66,ACTIVE,2020-12-12 17:06:02
ACC_1005962,C_103991,CURRENT,2295.95,ACTIVE,2022-03-17 13:38:45
ACC_1005963,C_103992,CURRENT,1631.35,ACTIVE,2024-10-13 05:35:37
ACC_1005964,C_103992,CURRENT,5204.88,ACTIVE,2024-10-16 20:19:37
ACC_1005965,C_103992,CURRENT,2923.05,ACTIVE,2024-10-08 12:57:37
ACC_1005966,C_103993,CURRENT,1288.18,ACTIVE,2025-11-06 23:50:21
ACC_1005967,C_103994,SAVINGS,17422.7,ACTIVE,2022-07-15 18:34:56
ACC_1005968,C_103995,CURRENT,563.41,ACTIVE,2023-05-13 05:43:36
ACC_1005969,C_103996,CURRENT,9374.94,ACTIVE,2021-04-24 13:39:50
ACC_1005970,C_103997,CURRENT,7719.48,ACTIVE,2019-05-09 23:39:11
ACC_1005971,C_103997,SAVINGS,8114.35,ACTIVE,2019-06-03 10:56:11
ACC_1005972,C_103998,CURRENT,1774.62,ACTIVE,2021-02-12 22:22:30
ACC_1005973,C_103998,CURRENT,1765.65,ACTIVE,2021-02-28 22:07:30
ACC_1005974,C_103999,BUSINESS,12414.28,ACTIVE,2016-02-28 12:25:44
ACC_1005975,C_104000,CURRENT,192.45,DORMANT,2017-11-07 13:35:59
ACC_1005976,C_104000,CURRENT,1705.34,ACTIVE,2017-10-30 04:30:59
ACC_1005977,C_104001,SAVINGS,25780.01,ACTIVE,2019-09-23 02:46:39
ACC_1005978,C_104002,BUSINESS,86716.74,ACTIVE,2017-03-25 06:49:21
ACC_1005979,C_104002,SAVINGS,19269.58,ACTIVE,2017-03-30 08:13:21
ACC_1005980,C_104003,SAVINGS,83882.93,ACTIVE,2025-09-14 00:00:55
ACC_1005981,C_104003,BUSINESS,23663.95,ACTIVE,2025-09-01 20:59:55
ACC_1005982,C_104004,SAVINGS,10566.42,ACTIVE,2016-05-18 16:03:05
ACC_1005983,C_104005,SAVINGS,27318.34,ACTIVE,2025-02-01 04:50:15
ACC_1005984,C_104005,BUSINESS,38465.64,ACTIVE,2025-02-12 14:47:15
ACC_1005985,C_104005,SAVINGS,1647.89,ACTIVE,2025-02-19 11:59:15
ACC_1005986,C_104006,SAVINGS,25449.16,ACTIVE,2016-10-04 08:05:46
ACC_1005987,C_104006,CURRENT,997.89,ACTIVE,2016-10-09 21:36:46
ACC_1005988,C_104006,CURRENT,11327.11,ACTIVE,2016-09-16 16:03:46
ACC_1005989,C_104007,BUSINESS,16125.49,ACTIVE,2023-09-04 05:32:23
ACC_1005990,C_104008,CURRENT,42.18,ACTIVE,2016-11-03 16:26:32
ACC_1005991,C_104008,BUSINESS,32466.26,ACTIVE,2016-10-19 18:17:32
ACC_1005992,C_104009,CURRENT,2284.02,ACTIVE,2022-01-04 16:38:43
ACC_1005993,C_104009,BUSINESS,168874.01,ACTIVE,2022-01-10 17:46:43
ACC_1005994,C_104010,SAVINGS,4734.73,ACTIVE,2025-05-10 10:29:33
ACC_1005995,C_104011,CURRENT,1890.36,ACTIVE,2023-12-27 14:22:00
ACC_1005996,C_104011,CURRENT,881.66,ACTIVE,2023-12-04 19:24:00
ACC_1005997,C_104011,BUSINESS,278624.02,ACTIVE,2023-11-29 18:15:00
ACC_1005998,C_104012,SAVINGS,46887.67,ACTIVE,2016-05-07 06:30:19
ACC_1005999,C_104013,CURRENT,3611.81,ACTIVE,2022-01-04 16:39:27
ACC_1006000,C_104013,SAVINGS,5184.12,ACTIVE,2022-01-14 15:31:27
ACC_1006001,C_104014,CURRENT,2610.37,ACTIVE,2016-04-21 02:47:53
ACC_1006002,C_104015,SAVINGS,1350.15,ACTIVE,2017-03-04 19:44:46
ACC_1006003,C_104016,SAVINGS,47053.08,ACTIVE,2024-05-16 06:23:25
ACC_1006004,C_104017,SAVINGS,6375.0,ACTIVE,2022-10-10 04:01:37
ACC_1006005,C_104018,SAVINGS,10860.24,ACTIVE,2026-01-10 15:51:48
ACC_1006006,C_104019,BUSINESS,458792.01,ACTIVE,2024-04-27 12:17:43
ACC_1006007,C_104020,CURRENT,2165.95,ACTIVE,2022-11-01 19:16:11
ACC_1006008,C_104021,BUSINESS,10148.6,DORMANT,2021-05-19 09:01:08
ACC_1006009,C_104021,CURRENT,510.12,ACTIVE,2021-05-08 07:45:08
ACC_1006010,C_104022,CURRENT,12883.87,ACTIVE,2020-08-12 06:56:41
ACC_1006011,C_104023,BUSINESS,4322.56,ACTIVE,2023-09-27 10:52:53
ACC_1006012,C_104024,SAVINGS,4352.98,ACTIVE,2024-12-25 08:17:37
ACC_1006013,C_104024,CURRENT,1543.56,ACTIVE,2024-12-27 22:17:37
ACC_1006014,C_104025,BUSINESS,31954.83,ACTIVE,2024-08-26 16:26:11
ACC_1006015,C_104026,SAVINGS,31054.49,ACTIVE,2019-03-14 21:09:44
ACC_1006016,C_104027,CURRENT,4410.05,ACTIVE,2019-08-17 10:29:45
ACC_1006017,C_104028,SAVINGS,8180.07,ACTIVE,2017-08-25 21:09:09
ACC_1006018,C_104029,CURRENT,1008.85,ACTIVE,2019-12-08 21:04:20
ACC_1006019,C_104030,SAVINGS,14844.94,ACTIVE,2024-07-21 02:20:40
ACC_1006020,C_104031,BUSINESS,55603.75,ACTIVE,2021-09-23 14:40:15
ACC_1006021,C_104032,CURRENT,10751.88,ACTIVE,2024-04-30 05:17:32
ACC_1006022,C_104033,CURRENT,3331.81,ACTIVE,2024-10-09 06:40:38
ACC_1006023,C_104034,BUSINESS,56097.52,DORMANT,2019-03-10 18:57:02
ACC_1006024,C_104035,BUSINESS,643522.37,ACTIVE,2019-02-20 13:25:21
ACC_1006025,C_104036,BUSINESS,5656.74,ACTIVE,2022-05-03 11:30:27
ACC_1006026,C_104036,CURRENT,1769.43,ACTIVE,2022-04-25 19:01:27
ACC_1006027,C_104037,SAVINGS,6810.82,ACTIVE,2018-10-08 11:00:02
ACC_1006028,C_104037,CURRENT,16165.06,ACTIVE,2018-09-27 05:01:02
ACC_1006029,C_104038,BUSINESS,67096.8,ACTIVE,2016-05-02 01:29:42
ACC_1006030,C_104039,BUSINESS,10747.0,ACTIVE,2022-12-16 06:27:52
ACC_1006031,C_104039,CURRENT,5401.36,ACTIVE,2022-11-29 01:47:52
ACC_1006032,C_104040,SAVINGS,5829.78,ACTIVE,2024-09-30 12:57:37
ACC_1006033,C_104041,SAVINGS,5286.94,ACTIVE,2025-11-18 06:30:43
ACC_1006034,C_104042,CURRENT,8093.94,ACTIVE,2016-04-30 04:18:09
ACC_1006035,C_104043,BUSINESS,232960.26,ACTIVE,2018-10-03 14:48:52
ACC_1006036,C_104043,CURRENT,2272.3,ACTIVE,2018-10-19 21:40:52
ACC_1006037,C_104044,BUSINESS,80623.41,ACTIVE,2020-03-13 10:09:05
ACC_1006038,C_104045,BUSINESS,30448.2,ACTIVE,2019-01-30 17:53:07
ACC_1006039,C_104045,BUSINESS,119492.48,ACTIVE,2019-01-16 02:06:07
ACC_1006040,C_104046,CURRENT,4746.72,ACTIVE,2025-02-20 16:28:12
ACC_1006041,C_104047,CURRENT,9174.46,ACTIVE,2018-12-23 02:48:35
ACC_1006042,C_104048,CURRENT,927.4,ACTIVE,2024-04-08 10:13:12
ACC_1006043,C_104048,BUSINESS,320606.28,ACTIVE,2024-05-02 01:08:12
ACC_1006044,C_104048,SAVINGS,19269.02,ACTIVE,2024-04-13 05:01:12
ACC_1006045,C_104049,BUSINESS,134692.59,ACTIVE,2023-08-13 11:20:39
ACC_1006046,C_104049,BUSINESS,1521.28,ACTIVE,2023-08-13 16:25:39
ACC_1006047,C_104050,CURRENT,619.97,ACTIVE,2018-10-28 05:12:31
ACC_1006048,C_104051,CURRENT,1646.18,ACTIVE,2020-08-19 01:20:23
ACC_1006049,C_104052,SAVINGS,18353.56,ACTIVE,2020-08-27 21:58:16
ACC_1006050,C_104053,CURRENT,864.45,ACTIVE,2025-11-28 20:29:54
ACC_1006051,C_104054,SAVINGS,50399.25,ACTIVE,2019-02-08 21:55:01
ACC_1006052,C_104055,SAVINGS,4415.11,ACTIVE,2025-04-28 09:03:48
ACC_1006053,C_104056,CURRENT,602.82,ACTIVE,2019-10-31 22:25:12
ACC_1006054,C_104057,CURRENT,1570.47,ACTIVE,2023-02-18 07:53:21
ACC_1006055,C_104058,CURRENT,1366.32,ACTIVE,2023-12-18 20:22:04
ACC_1006056,C_104059,SAVINGS,22903.62,ACTIVE,2024-12-26 18:33:58
ACC_1006057,C_104059,CURRENT,5406.52,ACTIVE,2024-12-27 06:10:58
ACC_1006058,C_104060,SAVINGS,42019.12,ACTIVE,2020-05-26 02:41:28
ACC_1006059,C_104061,CURRENT,3154.14,ACTIVE,2024-05-10 10:56:22
ACC_1006060,C_104061,SAVINGS,19962.73,ACTIVE,2024-05-01 09:15:22
ACC_1006061,C_104062,BUSINESS,399248.98,ACTIVE,2025-03-01 09:37:44
ACC_1006062,C_104063,SAVINGS,23713.11,ACTIVE,2016-04-26 08:57:13
ACC_1006063,C_104063,CURRENT,1005.42,ACTIVE,2016-04-19 17:30:13
ACC_1006064,C_104064,SAVINGS,7306.06,ACTIVE,2020-11-24 23:54:04
ACC_1006065,C_104064,CURRENT,3340.47,ACTIVE,2020-12-07 22:57:04
ACC_1006066,C_104064,CURRENT,2508.18,DORMANT,2020-11-30 02:59:04
ACC_1006067,C_104065,CURRENT,1315.0,ACTIVE,2017-07-25 00:40:40
ACC_1006068,C_104065,CURRENT,873.27,ACTIVE,2017-07-21 13:45:40
ACC_1006069,C_104065,CURRENT,3291.03,ACTIVE,2017-07-31 00:00:40
ACC_1006070,C_104066,SAVINGS,3531.71,ACTIVE,2016-09-02 09:51:22
ACC_1006071,C_104067,SAVINGS,24380.97,DORMANT,2018-12-31 10:47:37
ACC_1006072,C_104068,CURRENT,4509.14,ACTIVE,2025-07-20 10:19:54
ACC_1006073,C_104069,BUSINESS,64469.99,ACTIVE,2022-10-20 23:38:04
ACC_1006074,C_104070,CURRENT,1903.9,ACTIVE,2021-02-04 17:22:42
ACC_1006075,C_104071,CURRENT,1030.14,DORMANT,2022-01-04 10:28:20
ACC_1006076,C_104071,CURRENT,1190.28,ACTIVE,2021-12-18 16:30:20
ACC_1006077,C_104071,SAVINGS,20376.22,ACTIVE,2021-12-22 08:17:20
ACC_1006078,C_104072,SAVINGS,29753.98,ACTIVE,2018-06-04 04:40:00
ACC_1006079,C_104073,CURRENT,12684.19,ACTIVE,2023-12-26 21:41:24
ACC_1006080,C_104073,SAVINGS,24608.55,ACTIVE,2023-12-22 14:11:24
ACC_1006081,C_104074,CURRENT,1976.06,ACTIVE,2017-02-18 12:25:26
ACC_1006082,C_104074,SAVINGS,936.18,ACTIVE,2017-02-16 10:38:26
ACC_1006083,C_104075,SAVINGS,25055.37,ACTIVE,2017-07-21 07:06:44
ACC_1006084,C_104075,SAVINGS,17522.08,ACTIVE,2017-07-26 13:53:44
ACC_1006085,C_104076,CURRENT,1547.7,ACTIVE,2022-08-31 13:38:48
ACC_1006086,C_104077,CURRENT,19226.37,ACTIVE,2018-05-09 13:41:13
ACC_1006087,C_104077,CURRENT,947.01,ACTIVE,2018-04-29 14:27:13
ACC_1006088,C_104077,CURRENT,3903.81,ACTIVE,2018-05-09 13:26:13
ACC_1006089,C_104078,SAVINGS,3566.9,ACTIVE,2025-12-07 11:15:54
ACC_1006090,C_104079,SAVINGS,4752.34,ACTIVE,2024-05-21 12:00:40
ACC_1006091,C_104080,SAVINGS,24598.68,ACTIVE,2016-01-26 04:51:48
ACC_1006092,C_104080,CURRENT,2533.74,ACTIVE,2016-02-02 00:08:48
ACC_1006093,C_104081,SAVINGS,59211.8,ACTIVE,2025-11-28 03:38:32
ACC_1006094,C_104082,SAVINGS,44777.92,DORMANT,2017-04-11 14:36:33
ACC_1006095,C_104082,SAVINGS,203734.4,ACTIVE,2017-04-28 18:17:33
ACC_1006096,C_104083,BUSINESS,56981.86,ACTIVE,2022-06-16 02:56:23
ACC_1006097,C_104084,CURRENT,628.2,DORMANT,2018-08-16 01:00:21
ACC_1006098,C_104085,BUSINESS,66317.24,ACTIVE,2021-11-04 07:31:29
ACC_1006099,C_104086,CURRENT,992.79,ACTIVE,2023-10-24 14:58:32
ACC_1006100,C_104086,SAVINGS,50314.46,ACTIVE,2023-11-08 23:38:32
ACC_1006101,C_104087,BUSINESS,178859.98,ACTIVE,2017-09-17 23:58:32
ACC_1006102,C_104087,BUSINESS,14263.64,ACTIVE,2017-09-26 13:05:32
ACC_1006103,C_104088,BUSINESS,17119.93,DORMANT,2022-07-27 08:56:05
ACC_1006104,C_104089,SAVINGS,9231.21,ACTIVE,2016-11-17 04:21:12
ACC_1006105,C_104090,SAVINGS,25270.09,ACTIVE,2021-01-23 23:28:42
ACC_1006106,C_104090,CURRENT,1940.21,ACTIVE,2021-01-16 02:47:42
ACC_1006107,C_104091,BUSINESS,13772.53,ACTIVE,2016-01-27 22:40:39
ACC_1006108,C_104092,SAVINGS,2521.54,ACTIVE,2016-04-08 04:17:50
ACC_1006109,C_104093,BUSINESS,212795.96,ACTIVE,2021-06-17 13:29:58
ACC_1006110,C_104093,BUSINESS,563537.11,ACTIVE,2021-06-22 06:07:58
ACC_1006111,C_104094,CURRENT,5474.44,ACTIVE,2019-05-01 06:30:22
ACC_1006112,C_104095,BUSINESS,460661.04,ACTIVE,2021-01-07 01:05:48
ACC_1006113,C_104096,SAVINGS,11110.34,ACTIVE,2018-07-17 21:22:47
ACC_1006114,C_104097,CURRENT,905.49,DORMANT,2018-12-19 05:33:47
ACC_1006115,C_104097,BUSINESS,34673.9,ACTIVE,2018-12-22 11:30:47
ACC_1006116,C_104097,CURRENT,6640.05,ACTIVE,2018-12-05 15:55:47
ACC_1006117,C_104098,BUSINESS,1720.24,DORMANT,2025-10-13 10:00:30
ACC_1006118,C_104098,SAVINGS,8112.48,ACTIVE,2025-10-31 23:54:30
ACC_1006119,C_104099,BUSINESS,39731.95,ACTIVE,2023-08-31 07:04:46
ACC_1006120,C_104100,CURRENT,1117.81,ACTIVE,2019-01-15 20:29:42
ACC_1006121,C_104101,CURRENT,2563.45,DORMANT,2017-02-09 23:10:00
ACC_1006122,C_104101,CURRENT,876.84,ACTIVE,2017-01-24 04:41:00
ACC_1006123,C_104102,BUSINESS,61560.04,DORMANT,2018-07-02 05:55:54
ACC_1006124,C_104103,CURRENT,4681.06,ACTIVE,2020-01-16 23:18:33
ACC_1006125,C_104104,BUSINESS,37697.0,ACTIVE,2016-03-15 11:39:42
ACC_1006126,C_104105,SAVINGS,42710.5,ACTIVE,2016-10-16 17:44:50
ACC_1006127,C_104106,SAVINGS,12014.96,ACTIVE,2022-08-29 10:46:52
ACC_1006128,C_104107,CURRENT,687.87,ACTIVE,2019-11-15 23:46:13
ACC_1006129,C_104108,SAVINGS,11646.43,ACTIVE,2016-01-27 23:27:41
ACC_1006130,C_104109,BUSINESS,36566.53,ACTIVE,2017-05-09 06:43:37
ACC_1006131,C_104110,CURRENT,364.76,ACTIVE,2022-07-08 08:32:53
ACC_1006132,C_104111,BUSINESS,119811.49,ACTIVE,2020-08-20 21:29:17
ACC_1006133,C_104112,BUSINESS,39703.78,ACTIVE,2016-11-24 03:24:09
ACC_1006134,C_104113,SAVINGS,17133.55,ACTIVE,2024-03-25 00:48:08
ACC_1006135,C_104114,BUSINESS,178735.83,DORMANT,2020-12-21 01:47:19
ACC_1006136,C_104115,BUSINESS,7566.58,ACTIVE,2020-04-05 13:51:57
ACC_1006137,C_104115,SAVINGS,12590.86,ACTIVE,2020-04-08 06:41:57
ACC_1006138,C_104116,BUSINESS,241098.6,ACTIVE,2022-09-08 06:34:19
ACC_1006139,C_104117,CURRENT,4254.38,ACTIVE,2023-03-18 18:15:34
ACC_1006140,C_104118,BUSINESS,4694.38,ACTIVE,2020-01-08 18:41:13
ACC_1006141,C_104119,CURRENT,1315.35,ACTIVE,2020-10-27 10:51:22
ACC_1006142,C_104119,BUSINESS,8050.94,ACTIVE,2020-10-26 21:59:22
ACC_1006143,C_104119,CURRENT,739.63,ACTIVE,2020-11-17 22:13:22
ACC_1006144,C_104120,CURRENT,903.07,ACTIVE,2017-12-23 15:18:18
ACC_1006145,C_104121,SAVINGS,6919.78,ACTIVE,2021-08-25 21:36:00
ACC_1006146,C_104122,CURRENT,1446.61,ACTIVE,2017-11-17 22:16:52
ACC_1006147,C_104123,CURRENT,3740.31,ACTIVE,2017-11-08 13:57:58
ACC_1006148,C_104124,SAVINGS,42374.62,ACTIVE,2019-04-11 12:52:36
ACC_1006149,C_104124,SAVINGS,4968.99,ACTIVE,2019-04-18 07:19:36
ACC_1006150,C_104125,CURRENT,716.71,ACTIVE,2016-10-30 08:52:48
ACC_1006151,C_104126,SAVINGS,54764.55,ACTIVE,2022-02-26 02:22:54
ACC_1006152,C_104127,BUSINESS,1025774.56,ACTIVE,2021-07-07 18:09:18
ACC_1006153,C_104127,CURRENT,3798.34,ACTIVE,2021-07-08 17:36:18
ACC_1006154,C_104128,BUSINESS,6740.66,ACTIVE,2016-07-27 20:28:00
ACC_1006155,C_104129,SAVINGS,25541.44,ACTIVE,2018-01-31 13:47:14
ACC_1006156,C_104130,SAVINGS,5618.57,ACTIVE,2022-04-11 03:51:03
ACC_1006157,C_104130,SAVINGS,3092.12,DORMANT,2022-04-29 04:12:03
ACC_1006158,C_104131,BUSINESS,78541.76,ACTIVE,2020-11-20 21:58:13
ACC_1006159,C_104132,CURRENT,4743.43,ACTIVE,2021-04-25 08:16:09
ACC_1006160,C_104133,SAVINGS,170273.0,ACTIVE,2021-05-27 12:57:09
ACC_1006161,C_104134,BUSINESS,28332.33,ACTIVE,2025-01-12 06:07:37
ACC_1006162,C_104134,BUSINESS,98682.74,ACTIVE,2025-01-16 03:06:37
ACC_1006163,C_104134,SAVINGS,7154.63,ACTIVE,2024-12-28 13:27:37
ACC_1006164,C_104135,BUSINESS,79681.85,ACTIVE,2017-04-14 01:37:25
ACC_1006165,C_104136,BUSINESS,144695.17,ACTIVE,2021-08-18 14:12:34
ACC_1006166,C_104137,SAVINGS,30737.64,ACTIVE,2016-11-04 14:16:58
ACC_1006167,C_104138,BUSINESS,21586.73,ACTIVE,2016-11-13 01:54:44
ACC_1006168,C_104138,BUSINESS,1000.0,ACTIVE,2016-11-18 05:02:44
ACC_1006169,C_104138,SAVINGS,2753.47,ACTIVE,2016-11-10 16:09:44
ACC_1006170,C_104139,SAVINGS,20980.91,ACTIVE,2019-12-12 19:44:10
ACC_1006171,C_104139,SAVINGS,85738.49,ACTIVE,2019-12-18 14:50:10
ACC_1006172,C_104140,BUSINESS,29263.98,ACTIVE,2024-01-21 04:16:28
ACC_1006173,C_104140,SAVINGS,6759.3,ACTIVE,2024-01-07 00:33:28
ACC_1006174,C_104141,BUSINESS,35221.38,ACTIVE,2017-07-31 18:01:23
ACC_1006175,C_104142,BUSINESS,108215.45,ACTIVE,2024-04-11 00:38:04
ACC_1006176,C_104143,SAVINGS,14908.56,ACTIVE,2025-01-01 19:14:23
ACC_1006177,C_104144,SAVINGS,122400.81,ACTIVE,2021-02-18 09:26:46
ACC_1006178,C_104145,BUSINESS,22052.17,ACTIVE,2016-02-10 23:00:25
ACC_1006179,C_104145,SAVINGS,1172.54,ACTIVE,2016-01-31 18:14:25
ACC_1006180,C_104146,CURRENT,3764.21,ACTIVE,2023-01-01 08:36:20
ACC_1006181,C_104147,BUSINESS,129968.21,ACTIVE,2017-06-22 23:20:19
ACC_1006182,C_104148,BUSINESS,14643.39,DORMANT,2017-12-13 00:20:43
ACC_1006183,C_104149,BUSINESS,21514.26,ACTIVE,2020-10-15 16:23:21
ACC_1006184,C_104150,CURRENT,3586.51,ACTIVE,2020-04-30 13:10:06
ACC_1006185,C_104151,CURRENT,871.16,ACTIVE,2023-03-25 17:19:17
ACC_1006186,C_104151,CURRENT,1756.87,ACTIVE,2023-04-16 03:53:17
ACC_1006187,C_104152,CURRENT,1651.08,ACTIVE,2017-11-09 12:09:53
ACC_1006188,C_104153,BUSINESS,25321.02,ACTIVE,2020-03-17 21:20:38
ACC_1006189,C_104154,CURRENT,1082.29,ACTIVE,2022-05-26 07:36:25
ACC_1006190,C_104155,SAVINGS,26656.83,ACTIVE,2016-12-25 02:15:32
ACC_1006191,C_104155,CURRENT,1708.0,ACTIVE,2017-01-15 05:55:32
ACC_1006192,C_104156,CURRENT,3338.45,ACTIVE,2019-10-05 00:42:37
ACC_1006193,C_104157,SAVINGS,45505.86,DORMANT,2018-12-13 04:21:01
ACC_1006194,C_104158,SAVINGS,20536.92,ACTIVE,2019-07-17 19:54:41
ACC_1006195,C_104159,SAVINGS,8223.88,ACTIVE,2019-11-12 00:20:43
ACC_1006196,C_104159,CURRENT,1552.8,ACTIVE,2019-11-10 12:00:43
ACC_1006197,C_104160,SAVINGS,33085.93,ACTIVE,2021-04-03 05:53:25
ACC_1006198,C_104160,CURRENT,2194.94,ACTIVE,2021-03-25 21:59:25
ACC_1006199,C_104161,SAVINGS,94615.07,ACTIVE,2017-10-23 05:53:18
ACC_1006200,C_104162,CURRENT,1591.71,ACTIVE,2018-03-01 08:48:09
ACC_1006201,C_104163,CURRENT,2454.55,ACTIVE,2022-06-01 01:06:10
ACC_1006202,C_104164,SAVINGS,3870.51,ACTIVE,2024-11-22 21:03:40
ACC_1006203,C_104165,SAVINGS,60105.22,ACTIVE,2016-01-29 14:01:09
ACC_1006204,C_104165,BUSINESS,192769.71,ACTIVE,2016-02-13 14:39:09
ACC_1006205,C_104166,CURRENT,1039.7,DORMANT,2017-10-29 15:47:49
ACC_1006206,C_104166,CURRENT,1701.96,DORMANT,2017-11-01 10:59:49
ACC_1006207,C_104166,CURRENT,937.54,DORMANT,2017-11-03 00:26:49
ACC_1006208,C_104167,CURRENT,3850.3,ACTIVE,2026-01-02 18:18:19
ACC_1006209,C_104167,CURRENT,508.36,ACTIVE,2025-12-31 23:42:19
ACC_1006210,C_104167,SAVINGS,4016.31,ACTIVE,2026-01-02 15:32:19
ACC_1006211,C_104168,BUSINESS,28969.0,DORMANT,2021-09-23 20:16:23
ACC_1006212,C_104168,SAVINGS,15757.75,ACTIVE,2021-09-15 14:50:23
ACC_1006213,C_104169,BUSINESS,59932.09,ACTIVE,2020-04-03 21:30:19
ACC_1006214,C_104169,SAVINGS,43218.06,ACTIVE,2020-03-11 22:23:19
ACC_1006215,C_104169,BUSINESS,47058.12,ACTIVE,2020-03-22 19:56:19
ACC_1006216,C_104170,CURRENT,1559.08,ACTIVE,2025-08-30 19:21:31
ACC_1006217,C_104170,SAVINGS,38263.14,DORMANT,2025-09-07 00:44:31
ACC_1006218,C_104170,CURRENT,1833.94,ACTIVE,2025-09-13 10:39:31
ACC_1006219,C_104171,SAVINGS,65134.04,ACTIVE,2022-04-12 02:14:34
ACC_1006220,C_104172,CURRENT,1486.84,ACTIVE,2018-06-21 21:43:04
ACC_1006221,C_104173,SAVINGS,9132.22,ACTIVE,2019-04-09 03:40:07
ACC_1006222,C_104173,CURRENT,1580.06,ACTIVE,2019-03-25 22:54:07
ACC_1006223,C_104174,BUSINESS,76272.01,ACTIVE,2021-08-07 07:47:40
ACC_1006224,C_104175,BUSINESS,18421.48,ACTIVE,2021-08-18 06:51:49
ACC_1006225,C_104176,SAVINGS,2068.95,ACTIVE,2019-09-04 05:37:40
ACC_1006226,C_104177,CURRENT,1840.64,ACTIVE,2024-05-06 19:28:38
ACC_1006227,C_104178,CURRENT,1681.69,ACTIVE,2017-08-21 00:58:50
ACC_1006228,C_104178,SAVINGS,18188.13,ACTIVE,2017-08-25 09:59:50
ACC_1006229,C_104179,BUSINESS,299442.31,ACTIVE,2024-01-29 21:15:27
ACC_1006230,C_104180,CURRENT,2289.1,ACTIVE,2017-08-15 05:20:34
ACC_1006231,C_104180,SAVINGS,9838.22,ACTIVE,2017-08-17 20:21:34
ACC_1006232,C_104181,CURRENT,623.24,ACTIVE,2018-01-18 13:41:36
ACC_1006233,C_104182,CURRENT,4332.93,ACTIVE,2023-07-26 17:18:28
ACC_1006234,C_104182,CURRENT,3011.54,ACTIVE,2023-07-16 20:26:28
ACC_1006235,C_104183,SAVINGS,38444.88,ACTIVE,2019-07-04 19:32:18
ACC_1006236,C_104184,SAVINGS,15325.2,ACTIVE,2022-08-21 13:14:26
ACC_1006237,C_104185,BUSINESS,24460.51,ACTIVE,2019-04-24 03:39:42
ACC_1006238,C_104186,SAVINGS,30952.95,ACTIVE,2020-12-01 11:52:37
ACC_1006239,C_104187,SAVINGS,9791.46,ACTIVE,2016-02-06 14:26:24
ACC_1006240,C_104188,SAVINGS,17097.21,ACTIVE,2020-01-28 22:18:49
ACC_1006241,C_104189,BUSINESS,14842.34,ACTIVE,2024-12-04 16:12:44
ACC_1006242,C_104190,BUSINESS,277023.46,ACTIVE,2017-08-23 20:05:12
ACC_1006243,C_104191,BUSINESS,19783.17,ACTIVE,2020-08-25 00:13:17
ACC_1006244,C_104192,CURRENT,10545.34,ACTIVE,2021-04-02 15:48:18
ACC_1006245,C_104193,CURRENT,979.31,ACTIVE,2016-08-02 16:14:05
ACC_1006246,C_104194,SAVINGS,12173.45,ACTIVE,2020-04-29 01:27:06
ACC_1006247,C_104195,BUSINESS,4979.29,ACTIVE,2021-04-29 05:32:50
ACC_1006248,C_104196,CURRENT,1393.63,ACTIVE,2020-11-05 12:02:52
ACC_1006249,C_104197,BUSINESS,621324.87,ACTIVE,2022-05-05 12:07:09
ACC_1006250,C_104197,BUSINESS,13351.86,ACTIVE,2022-05-05 17:39:09
ACC_1006251,C_104198,CURRENT,3961.98,ACTIVE,2022-07-07 10:31:24
ACC_1006252,C_104198,BUSINESS,128370.97,DORMANT,2022-07-26 08:51:24
ACC_1006253,C_104198,SAVINGS,238921.14,ACTIVE,2022-07-03 05:26:24
ACC_1006254,C_104199,SAVINGS,5953.73,ACTIVE,2018-04-19 03:33:04
ACC_1006255,C_104200,CURRENT,1206.11,ACTIVE,2017-02-08 06:25:49
ACC_1006256,C_104201,SAVINGS,18262.57,ACTIVE,2018-03-14 07:14:27
ACC_1006257,C_104202,SAVINGS,3345.94,ACTIVE,2016-12-14 07:22:55
ACC_1006258,C_104203,CURRENT,4782.47,ACTIVE,2025-05-20 00:53:32
ACC_1006259,C_104203,CURRENT,2587.87,ACTIVE,2025-05-15 23:52:32
ACC_1006260,C_104204,BUSINESS,5158.53,ACTIVE,2021-02-14 13:53:35
ACC_1006261,C_104204,CURRENT,616.89,ACTIVE,2021-03-08 18:14:35
ACC_1006262,C_104205,CURRENT,2073.91,ACTIVE,2023-10-08 04:18:48
ACC_1006263,C_104206,BUSINESS,65393.68,ACTIVE,2019-11-07 20:31:21
ACC_1006264,C_104207,SAVINGS,12925.49,ACTIVE,2024-10-18 05:39:40
ACC_1006265,C_104207,SAVINGS,95320.98,ACTIVE,2024-10-22 20:54:40
ACC_1006266,C_104208,CURRENT,2195.48,ACTIVE,2017-05-08 17:21:05
ACC_1006267,C_104208,BUSINESS,305659.69,ACTIVE,2017-05-03 16:59:05
ACC_1006268,C_104209,CURRENT,1368.43,ACTIVE,2016-06-03 11:29:59
ACC_1006269,C_104210,BUSINESS,78174.87,ACTIVE,2022-02-18 04:41:30
ACC_1006270,C_104210,BUSINESS,76762.42,DORMANT,2022-03-13 22:30:30
ACC_1006271,C_104210,SAVINGS,15420.34,DORMANT,2022-02-11 11:10:30
ACC_1006272,C_104211,SAVINGS,10002.42,DORMANT,2023-07-02 00:45:33
ACC_1006273,C_104212,SAVINGS,5542.05,ACTIVE,2023-09-12 15:02:14
ACC_1006274,C_104213,CURRENT,1603.89,ACTIVE,2018-07-07 06:08:01
ACC_1006275,C_104214,CURRENT,5170.64,ACTIVE,2024-05-25 19:25:54
ACC_1006276,C_104214,BUSINESS,280438.76,ACTIVE,2024-06-01 15:46:54
ACC_1006277,C_104215,CURRENT,845.03,ACTIVE,2017-04-01 06:03:43
ACC_1006278,C_104216,SAVINGS,363.68,ACTIVE,2019-08-19 19:23:23
ACC_1006279,C_104217,BUSINESS,401990.58,ACTIVE,2024-10-27 12:40:23
ACC_1006280,C_104217,CURRENT,38418.32,ACTIVE,2024-10-22 20:21:23
ACC_1006281,C_104218,CURRENT,4130.32,ACTIVE,2016-02-27 18:04:38
ACC_1006282,C_104218,CURRENT,1244.18,ACTIVE,2016-03-12 07:22:38
ACC_1006283,C_104219,CURRENT,528.06,ACTIVE,2016-04-26 00:54:16
ACC_1006284,C_104220,CURRENT,57.6,ACTIVE,2016-09-24 02:56:18
ACC_1006285,C_104220,BUSINESS,42518.25,ACTIVE,2016-10-04 23:21:18
ACC_1006286,C_104221,CURRENT,714.44,ACTIVE,2022-04-29 23:17:58
ACC_1006287,C_104222,BUSINESS,39303.01,ACTIVE,2018-08-17 16:58:16
ACC_1006288,C_104223,BUSINESS,37135.95,DORMANT,2017-08-08 19:23:12
ACC_1006289,C_104224,BUSINESS,91592.26,ACTIVE,2024-06-19 12:57:23
ACC_1006290,C_104224,CURRENT,605.55,ACTIVE,2024-06-09 02:08:23
ACC_1006291,C_104225,SAVINGS,33011.79,ACTIVE,2016-05-07 16:44:27
ACC_1006292,C_104225,CURRENT,3000.61,ACTIVE,2016-05-18 03:46:27
ACC_1006293,C_104225,SAVINGS,7295.3,ACTIVE,2016-05-23 08:16:27
ACC_1006294,C_104226,BUSINESS,250872.5,ACTIVE,2023-03-07 17:55:44
ACC_1006295,C_104226,SAVINGS,5777.76,ACTIVE,2023-03-02 23:36:44
ACC_1006296,C_104226,CURRENT,2532.85,ACTIVE,2023-03-01 02:56:44
ACC_1006297,C_104227,CURRENT,4887.66,ACTIVE,2025-02-22 20:49:02
ACC_1006298,C_104227,SAVINGS,12146.45,ACTIVE,2025-02-11 21:34:02
ACC_1006299,C_104228,SAVINGS,15637.32,ACTIVE,2017-11-23 17:46:13
ACC_1006300,C_104228,SAVINGS,3500.99,ACTIVE,2017-11-08 00:13:13
ACC_1006301,C_104229,SAVINGS,5135.49,ACTIVE,2023-10-01 08:21:18
ACC_1006302,C_104230,CURRENT,1322.34,ACTIVE,2019-02-17 15:17:24
ACC_1006303,C_104231,BUSINESS,250403.68,ACTIVE,2016-10-25 06:20:47
ACC_1006304,C_104232,BUSINESS,440117.62,ACTIVE,2022-06-09 15:15:50
ACC_1006305,C_104232,CURRENT,762.95,ACTIVE,2022-06-02 08:18:50
ACC_1006306,C_104233,CURRENT,1338.6,ACTIVE,2024-07-10 17:06:38
ACC_1006307,C_104234,SAVINGS,24888.66,ACTIVE,2018-08-17 07:08:00
ACC_1006308,C_104235,CURRENT,1102.76,ACTIVE,2024-03-30 20:45:59
ACC_1006309,C_104235,SAVINGS,2847.81,ACTIVE,2024-03-28 11:33:59
ACC_1006310,C_104236,CURRENT,5346.72,ACTIVE,2021-04-29 17:59:56
ACC_1006311,C_104236,BUSINESS,48800.33,ACTIVE,2021-05-03 22:33:56
ACC_1006312,C_104237,CURRENT,3848.81,ACTIVE,2018-03-13 03:21:35
ACC_1006313,C_104238,BUSINESS,5646.83,ACTIVE,2022-12-05 08:06:08
ACC_1006314,C_104238,BUSINESS,453191.22,ACTIVE,2022-11-29 19:25:08
ACC_1006315,C_104239,CURRENT,857.01,ACTIVE,2019-03-22 03:05:55
ACC_1006316,C_104240,SAVINGS,74844.86,ACTIVE,2024-02-09 20:40:18
ACC_1006317,C_104241,CURRENT,140.79,ACTIVE,2020-09-11 15:23:43
ACC_1006318,C_104241,SAVINGS,26182.78,ACTIVE,2020-09-29 06:31:43
ACC_1006319,C_104242,CURRENT,693.15,ACTIVE,2025-10-01 05:59:09
ACC_1006320,C_104243,BUSINESS,6040.86,ACTIVE,2018-10-15 03:51:11
ACC_1006321,C_104243,BUSINESS,350089.97,ACTIVE,2018-10-05 07:01:11
ACC_1006322,C_104243,SAVINGS,10831.49,ACTIVE,2018-10-28 03:53:11
ACC_1006323,C_104244,SAVINGS,1153.43,ACTIVE,2019-11-19 13:20:46
ACC_1006324,C_104245,SAVINGS,15087.69,ACTIVE,2025-12-11 20:41:22
ACC_1006325,C_104246,BUSINESS,17041.86,ACTIVE,2024-02-09 23:32:00
ACC_1006326,C_104246,BUSINESS,20765.77,ACTIVE,2024-01-29 14:22:00
ACC_1006327,C_104247,BUSINESS,673796.83,ACTIVE,2022-06-06 02:19:14
ACC_1006328,C_104248,CURRENT,253.09,ACTIVE,2024-09-05 21:01:55
ACC_1006329,C_104248,CURRENT,889.46,ACTIVE,2024-08-22 07:38:55
ACC_1006330,C_104249,CURRENT,16658.12,ACTIVE,2017-05-27 08:27:00
ACC_1006331,C_104250,SAVINGS,26140.66,ACTIVE,2018-01-12 22:03:31
ACC_1006332,C_104251,BUSINESS,243303.28,ACTIVE,2022-12-11 09:42:06
ACC_1006333,C_104252,CURRENT,15381.96,ACTIVE,2016-01-20 01:01:35
ACC_1006334,C_104253,BUSINESS,3154.02,ACTIVE,2025-08-27 13:27:12
ACC_1006335,C_104253,SAVINGS,35659.88,ACTIVE,2025-08-11 18:16:12
ACC_1006336,C_104254,SAVINGS,57556.26,ACTIVE,2022-04-30 20:05:40
ACC_1006337,C_104255,SAVINGS,11569.44,ACTIVE,2018-09-11 20:38:04
ACC_1006338,C_104256,SAVINGS,5504.64,ACTIVE,2019-01-16 15:51:24
ACC_1006339,C_104256,SAVINGS,16195.52,DORMANT,2019-01-18 00:19:24
ACC_1006340,C_104257,SAVINGS,8847.81,ACTIVE,2016-04-20 07:53:55
ACC_1006341,C_104257,BUSINESS,337683.89,ACTIVE,2016-05-16 06:35:55
ACC_1006342,C_104258,BUSINESS,14970.8,ACTIVE,2025-03-05 08:21:12
ACC_1006343,C_104259,SAVINGS,26554.66,ACTIVE,2025-07-24 22:23:39
ACC_1006344,C_104259,BUSINESS,16202.97,ACTIVE,2025-07-23 04:51:39
ACC_1006345,C_104260,SAVINGS,15934.55,ACTIVE,2018-02-24 07:23:48
ACC_1006346,C_104261,CURRENT,6399.48,ACTIVE,2025-09-08 21:44:15
ACC_1006347,C_104262,CURRENT,8791.38,ACTIVE,2018-12-27 17:47:04
ACC_1006348,C_104263,CURRENT,1252.09,ACTIVE,2023-03-06 16:15:50
ACC_1006349,C_104263,CURRENT,3253.58,ACTIVE,2023-03-18 00:09:50
ACC_1006350,C_104263,SAVINGS,1823.6,ACTIVE,2023-03-21 11:02:50
ACC_1006351,C_104264,BUSINESS,1500000.0,ACTIVE,2018-12-15 16:22:53
ACC_1006352,C_104264,SAVINGS,41439.46,ACTIVE,2018-11-21 20:47:53
ACC_1006353,C_104265,BUSINESS,87017.03,ACTIVE,2020-10-12 04:51:57
ACC_1006354,C_104265,CURRENT,1262.53,ACTIVE,2020-10-15 10:22:57
ACC_1006355,C_104265,CURRENT,3263.54,ACTIVE,2020-10-02 02:26:57
ACC_1006356,C_104266,SAVINGS,207298.08,ACTIVE,2025-10-02 13:56:53
ACC_1006357,C_104267,SAVINGS,61231.3,ACTIVE,2021-09-10 17:24:19
ACC_1006358,C_104267,BUSINESS,16160.3,ACTIVE,2021-09-11 04:28:19
ACC_1006359,C_104268,BUSINESS,52075.45,ACTIVE,2025-03-16 03:01:30
ACC_1006360,C_104269,CURRENT,1987.31,ACTIVE,2019-07-15 21:51:56
ACC_1006361,C_104270,SAVINGS,7166.38,ACTIVE,2017-03-01 15:26:18
ACC_1006362,C_104271,BUSINESS,9609.54,ACTIVE,2025-01-26 11:23:19
ACC_1006363,C_104272,SAVINGS,12788.61,ACTIVE,2023-02-13 23:33:49
ACC_1006364,C_104272,BUSINESS,33627.11,ACTIVE,2023-02-07 21:18:49
ACC_1006365,C_104273,CURRENT,342.54,ACTIVE,2020-06-04 22:17:20
ACC_1006366,C_104273,BUSINESS,89339.38,DORMANT,2020-06-19 13:57:20
ACC_1006367,C_104274,CURRENT,1178.12,ACTIVE,2023-05-29 06:58:08
ACC_1006368,C_104274,SAVINGS,12185.41,ACTIVE,2023-05-23 02:40:08
ACC_1006369,C_104274,CURRENT,850.12,ACTIVE,2023-05-13 04:40:08
ACC_1006370,C_104275,CURRENT,141.81,ACTIVE,2024-11-15 00:12:00
ACC_1006371,C_104276,SAVINGS,129435.72,ACTIVE,2023-03-13 13:39:24
ACC_1006372,C_104277,CURRENT,3354.47,ACTIVE,2024-10-02 12:21:02
ACC_1006373,C_104278,CURRENT,3696.61,ACTIVE,2024-03-21 18:40:18
ACC_1006374,C_104278,BUSINESS,8716.68,ACTIVE,2024-03-16 10:40:18
ACC_1006375,C_104279,CURRENT,11044.02,ACTIVE,2025-05-10 08:06:28
ACC_1006376,C_104279,CURRENT,4842.66,ACTIVE,2025-05-20 13:23:28
ACC_1006377,C_104280,SAVINGS,45889.61,ACTIVE,2018-01-08 08:26:57
ACC_1006378,C_104280,CURRENT,2336.12,ACTIVE,2017-12-19 23:46:57
ACC_1006379,C_104281,BUSINESS,37900.47,ACTIVE,2023-01-02 13:44:09
ACC_1006380,C_104282,CURRENT,466.72,ACTIVE,2016-09-26 00:34:29
ACC_1006381,C_104283,BUSINESS,45708.65,ACTIVE,2024-07-29 23:05:54
ACC_1006382,C_104284,SAVINGS,23047.36,ACTIVE,2018-07-22 01:39:58
ACC_1006383,C_104285,BUSINESS,1810.35,ACTIVE,2019-10-13 16:35:45
ACC_1006384,C_104285,BUSINESS,18905.04,ACTIVE,2019-10-13 11:07:45
ACC_1006385,C_104285,CURRENT,3389.95,ACTIVE,2019-10-14 10:54:45
ACC_1006386,C_104286,BUSINESS,71219.69,ACTIVE,2019-02-04 12:20:05
ACC_1006387,C_104286,CURRENT,2022.96,ACTIVE,2019-01-28 10:52:05
ACC_1006388,C_104287,BUSINESS,4679.0,ACTIVE,2020-08-03 13:00:31
ACC_1006389,C_104287,SAVINGS,27638.85,DORMANT,2020-08-13 10:32:31
ACC_1006390,C_104288,SAVINGS,17455.72,ACTIVE,2018-01-11 05:04:29
ACC_1006391,C_104289,SAVINGS,4307.27,ACTIVE,2024-01-23 18:25:03
ACC_1006392,C_104290,SAVINGS,33206.81,DORMANT,2019-03-05 19:10:41
ACC_1006393,C_104291,CURRENT,2145.37,ACTIVE,2023-08-07 15:39:43
ACC_1006394,C_104292,SAVINGS,15444.08,ACTIVE,2016-10-28 17:51:37
ACC_1006395,C_104293,CURRENT,938.19,ACTIVE,2024-10-23 11:32:08
ACC_1006396,C_104294,CURRENT,811.22,ACTIVE,2019-12-08 11:52:43
ACC_1006397,C_104294,SAVINGS,17212.84,ACTIVE,2019-12-25 23:16:43
ACC_1006398,C_104294,CURRENT,2902.2,ACTIVE,2019-12-20 21:30:43
ACC_1006399,C_104295,BUSINESS,45736.76,ACTIVE,2025-01-19 07:50:23
ACC_1006400,C_104296,CURRENT,752.69,ACTIVE,2020-05-10 06:19:43
ACC_1006401,C_104297,SAVINGS,6468.32,ACTIVE,2024-06-11 22:56:33
ACC_1006402,C_104297,CURRENT,1796.11,ACTIVE,2024-06-04 14:41:33
ACC_1006403,C_104297,BUSINESS,28450.96,ACTIVE,2024-06-18 06:18:33
ACC_1006404,C_104298,CURRENT,13963.75,ACTIVE,2021-11-04 22:29:54
ACC_1006405,C_104299,CURRENT,477.49,DORMANT,2025-01-01 15:44:09
ACC_1006406,C_104300,BUSINESS,523169.6,ACTIVE,2024-05-16 10:57:42
ACC_1006407,C_104300,SAVINGS,7420.27,ACTIVE,2024-05-21 11:59:42
ACC_1006408,C_104301,SAVINGS,29843.29,ACTIVE,2018-10-25 13:27:00
ACC_1006409,C_104301,SAVINGS,51806.28,ACTIVE,2018-10-02 15:22:00
ACC_1006410,C_104302,BUSINESS,107386.06,ACTIVE,2018-01-08 09:02:52
ACC_1006411,C_104303,SAVINGS,3002.06,ACTIVE,2017-12-15 17:21:21
ACC_1006412,C_104304,BUSINESS,36183.05,ACTIVE,2024-09-05 16:32:55
ACC_1006413,C_104305,CURRENT,1109.95,DORMANT,2016-12-25 21:43:40
ACC_1006414,C_104306,BUSINESS,67170.51,ACTIVE,2024-02-20 10:03:13
ACC_1006415,C_104306,CURRENT,948.32,ACTIVE,2024-03-15 05:32:13
ACC_1006416,C_104307,CURRENT,1779.33,DORMANT,2019-05-30 15:59:56
ACC_1006417,C_104308,SAVINGS,12733.28,ACTIVE,2016-02-10 16:24:00
ACC_1006418,C_104308,BUSINESS,34805.4,ACTIVE,2016-03-09 15:58:00
ACC_1006419,C_104309,SAVINGS,9260.14,DORMANT,2023-10-01 11:08:06
ACC_1006420,C_104310,CURRENT,3958.1,ACTIVE,2023-03-18 19:32:51
ACC_1006421,C_104311,CURRENT,1404.03,ACTIVE,2018-10-07 14:32:29
ACC_1006422,C_104312,CURRENT,2056.4,ACTIVE,2019-05-17 21:50:28
ACC_1006423,C_104313,CURRENT,1830.37,ACTIVE,2019-12-18 08:27:42
ACC_1006424,C_104313,CURRENT,4111.36,ACTIVE,2019-12-23 13:08:42
ACC_1006425,C_104313,BUSINESS,94668.17,ACTIVE,2019-12-28 22:08:42
ACC_1006426,C_104314,SAVINGS,3538.07,DORMANT,2023-07-19 12:51:34
ACC_1006427,C_104314,SAVINGS,1084.41,ACTIVE,2023-07-12 22:57:34
ACC_1006428,C_104315,CURRENT,912.62,ACTIVE,2020-01-21 05:06:05
ACC_1006429,C_104316,CURRENT,218.96,ACTIVE,2017-04-13 11:16:11
ACC_1006430,C_104316,SAVINGS,7385.18,ACTIVE,2017-04-06 12:21:11
ACC_1006431,C_104317,CURRENT,484.77,ACTIVE,2022-07-22 11:39:40
ACC_1006432,C_104318,SAVINGS,32850.06,ACTIVE,2020-02-27 01:21:02
ACC_1006433,C_104319,SAVINGS,8591.59,ACTIVE,2018-12-23 14:28:26
ACC_1006434,C_104320,SAVINGS,13617.91,ACTIVE,2016-12-18 01:13:27
ACC_1006435,C_104321,SAVINGS,5515.34,ACTIVE,2023-11-26 12:10:14
ACC_1006436,C_104322,SAVINGS,2266.06,ACTIVE,2023-01-19 17:54:57
ACC_1006437,C_104323,SAVINGS,10149.49,ACTIVE,2021-08-01 04:44:38
ACC_1006438,C_104323,SAVINGS,6973.81,ACTIVE,2021-08-16 13:12:38
ACC_1006439,C_104324,BUSINESS,20906.1,ACTIVE,2025-03-02 08:48:45
ACC_1006440,C_104325,BUSINESS,85459.16,ACTIVE,2019-02-28 22:54:32
ACC_1006441,C_104326,SAVINGS,18930.76,ACTIVE,2022-05-28 00:21:31
ACC_1006442,C_104327,BUSINESS,7972.64,DORMANT,2023-07-12 00:26:37
ACC_1006443,C_104328,BUSINESS,1304698.83,ACTIVE,2021-07-05 06:09:28
ACC_1006444,C_104329,SAVINGS,6232.85,ACTIVE,2016-01-31 07:07:55
ACC_1006445,C_104329,CURRENT,1932.93,ACTIVE,2016-02-01 12:52:55
ACC_1006446,C_104330,CURRENT,812.45,ACTIVE,2019-07-08 08:32:10
ACC_1006447,C_104331,BUSINESS,1026025.49,DORMANT,2019-09-06 13:03:08
ACC_1006448,C_104331,SAVINGS,27519.25,ACTIVE,2019-08-29 10:06:08
ACC_1006449,C_104332,CURRENT,5247.37,ACTIVE,2022-02-01 09:21:13
ACC_1006450,C_104333,CURRENT,9498.01,ACTIVE,2017-08-01 00:57:35
ACC_1006451,C_104334,SAVINGS,12708.35,ACTIVE,2017-11-02 09:10:45
ACC_1006452,C_104334,BUSINESS,89862.17,ACTIVE,2017-11-30 06:23:45
ACC_1006453,C_104335,SAVINGS,3913.81,ACTIVE,2023-03-22 10:02:49
ACC_1006454,C_104335,SAVINGS,163784.18,ACTIVE,2023-03-09 21:12:49
ACC_1006455,C_104336,SAVINGS,8351.19,ACTIVE,2016-11-26 15:06:02
ACC_1006456,C_104337,CURRENT,366.92,DORMANT,2016-03-03 20:03:30
ACC_1006457,C_104337,BUSINESS,649308.69,ACTIVE,2016-03-12 23:32:30
ACC_1006458,C_104338,SAVINGS,7205.76,ACTIVE,2021-07-05 15:50:06
ACC_1006459,C_104339,BUSINESS,219714.71,DORMANT,2024-01-07 16:52:10
ACC_1006460,C_104339,CURRENT,2679.97,ACTIVE,2023-12-28 04:28:10
ACC_1006461,C_104340,CURRENT,9364.03,ACTIVE,2023-02-19 11:16:46
ACC_1006462,C_104340,CURRENT,674.81,DORMANT,2023-01-31 07:27:46
ACC_1006463,C_104341,CURRENT,1553.48,ACTIVE,2024-11-08 16:51:29
ACC_1006464,C_104342,BUSINESS,51500.64,ACTIVE,2016-11-14 04:15:21
ACC_1006465,C_104343,SAVINGS,9452.51,ACTIVE,2017-12-22 14:35:41
ACC_1006466,C_104344,CURRENT,3704.12,ACTIVE,2019-01-19 11:46:40
ACC_1006467,C_104345,SAVINGS,6771.67,ACTIVE,2019-12-09 04:38:44
ACC_1006468,C_104345,CURRENT,242.15,ACTIVE,2019-12-19 14:34:44
ACC_1006469,C_104346,CURRENT,1550.85,ACTIVE,2019-01-22 07:18:06
ACC_1006470,C_104346,CURRENT,484.93,ACTIVE,2019-01-15 03:03:06
ACC_1006471,C_104347,SAVINGS,16147.74,DORMANT,2018-02-24 22:31:17
ACC_1006472,C_104348,CURRENT,5118.97,ACTIVE,2024-03-01 21:23:17
ACC_1006473,C_104348,BUSINESS,19203.15,ACTIVE,2024-02-22 16:08:17
ACC_1006474,C_104349,CURRENT,6560.64,ACTIVE,2025-11-24 20:55:11
ACC_1006475,C_104350,BUSINESS,58038.5,ACTIVE,2018-02-08 09:35:25
ACC_1006476,C_104351,CURRENT,2569.54,ACTIVE,2025-01-30 20:39:20
ACC_1006477,C_104351,SAVINGS,55974.11,ACTIVE,2025-01-25 15:56:20
ACC_1006478,C_104351,CURRENT,392.77,ACTIVE,2025-02-16 23:11:20
ACC_1006479,C_104352,SAVINGS,49169.16,ACTIVE,2017-03-13 10:06:32
ACC_1006480,C_104352,BUSINESS,30465.42,ACTIVE,2017-03-14 23:00:32
ACC_1006481,C_104353,SAVINGS,98358.48,ACTIVE,2020-12-23 19:04:41
ACC_1006482,C_104354,CURRENT,671.09,ACTIVE,2017-02-25 03:37:41
ACC_1006483,C_104355,BUSINESS,84389.26,ACTIVE,2020-10-24 10:08:14
ACC_1006484,C_104356,BUSINESS,93795.75,ACTIVE,2020-03-28 06:59:55
ACC_1006485,C_104357,CURRENT,1270.97,ACTIVE,2019-09-06 06:07:15
ACC_1006486,C_104358,SAVINGS,6767.96,ACTIVE,2025-03-28 14:22:19
ACC_1006487,C_104358,BUSINESS,565286.86,ACTIVE,2025-03-11 11:16:19
ACC_1006488,C_104358,SAVINGS,7807.84,ACTIVE,2025-03-13 08:05:19
ACC_1006489,C_104359,BUSINESS,13090.49,DORMANT,2019-11-08 12:55:01
ACC_1006490,C_104359,SAVINGS,2579.6,ACTIVE,2019-11-22 02:38:01
ACC_1006491,C_104359,CURRENT,2028.37,ACTIVE,2019-11-13 08:58:01
ACC_1006492,C_104360,SAVINGS,5650.57,ACTIVE,2024-07-03 23:30:51
ACC_1006493,C_104361,BUSINESS,21644.05,DORMANT,2017-01-27 12:43:24
ACC_1006494,C_104361,SAVINGS,48996.43,ACTIVE,2017-02-03 08:08:24
ACC_1006495,C_104362,CURRENT,1953.96,ACTIVE,2021-08-03 09:18:35
ACC_1006496,C_104363,BUSINESS,78346.33,DORMANT,2024-10-21 12:42:59
ACC_1006497,C_104363,CURRENT,711.68,ACTIVE,2024-10-25 14:43:59
ACC_1006498,C_104364,BUSINESS,235024.53,ACTIVE,2016-06-21 20:31:52
ACC_1006499,C_104364,SAVINGS,51725.0,ACTIVE,2016-07-08 21:48:52
ACC_1006500,C_104365,SAVINGS,101677.45,ACTIVE,2018-12-08 09:02:24
ACC_1006501,C_104365,CURRENT,380.24,ACTIVE,2018-12-06 22:40:24
ACC_1006502,C_104365,CURRENT,930.59,ACTIVE,2018-12-10 07:15:24
ACC_1006503,C_104366,SAVINGS,1126.3,DORMANT,2024-06-24 15:29:32
ACC_1006504,C_104367,CURRENT,2234.75,ACTIVE,2022-06-29 09:21:16
ACC_1006505,C_104368,BUSINESS,762627.9,ACTIVE,2016-03-04 20:07:55
ACC_1006506,C_104369,CURRENT,633.5,ACTIVE,2017-12-27 12:55:04
ACC_1006507,C_104370,BUSINESS,33232.77,ACTIVE,2024-05-24 15:46:27
ACC_1006508,C_104371,BUSINESS,16656.92,ACTIVE,2022-05-22 17:03:43
ACC_1006509,C_104372,CURRENT,766.84,ACTIVE,2018-11-05 18:39:34
ACC_1006510,C_104373,BUSINESS,37643.64,ACTIVE,2024-03-09 21:40:47
ACC_1006511,C_104374,SAVINGS,195747.1,ACTIVE,2021-03-20 06:59:27
ACC_1006512,C_104374,BUSINESS,112225.56,ACTIVE,2021-03-04 12:03:27
ACC_1006513,C_104374,BUSINESS,210772.41,ACTIVE,2021-03-31 20:04:27
ACC_1006514,C_104375,CURRENT,232.77,DORMANT,2023-01-07 02:10:03
ACC_1006515,C_104376,SAVINGS,3830.69,ACTIVE,2017-06-12 12:43:45
ACC_1006516,C_104377,BUSINESS,12598.16,ACTIVE,2017-03-10 23:30:41
ACC_1006517,C_104377,BUSINESS,144419.73,ACTIVE,2017-04-04 02:57:41
ACC_1006518,C_104378,SAVINGS,25164.17,DORMANT,2021-07-20 11:24:08
ACC_1006519,C_104379,CURRENT,896.25,ACTIVE,2018-07-21 17:13:03
ACC_1006520,C_104380,SAVINGS,81881.02,ACTIVE,2024-07-06 14:27:40
ACC_1006521,C_104381,BUSINESS,26795.64,ACTIVE,2017-12-06 14:20:42
ACC_1006522,C_104381,CURRENT,3661.63,ACTIVE,2017-12-16 22:13:42
ACC_1006523,C_104382,SAVINGS,2891.63,ACTIVE,2025-11-25 18:15:32
ACC_1006524,C_104382,BUSINESS,24420.82,ACTIVE,2025-11-21 00:20:32
ACC_1006525,C_104383,SAVINGS,9072.79,ACTIVE,2023-11-07 19:12:03
ACC_1006526,C_104384,BUSINESS,218573.53,ACTIVE,2019-06-09 22:18:10
ACC_1006527,C_104384,BUSINESS,492715.63,ACTIVE,2019-05-31 14:17:10
ACC_1006528,C_104385,SAVINGS,974.22,ACTIVE,2022-11-05 09:57:42
ACC_1006529,C_104385,BUSINESS,2266.85,ACTIVE,2022-10-24 04:28:42
ACC_1006530,C_104386,CURRENT,1794.92,ACTIVE,2025-04-06 09:19:08
ACC_1006531,C_104387,BUSINESS,368008.94,DORMANT,2016-11-26 10:37:32
ACC_1006532,C_104388,CURRENT,942.94,ACTIVE,2023-06-27 01:23:45
ACC_1006533,C_104389,SAVINGS,39318.47,ACTIVE,2019-08-21 00:04:14
ACC_1006534,C_104389,SAVINGS,48541.09,DORMANT,2019-09-06 17:49:14
ACC_1006535,C_104390,BUSINESS,804679.66,ACTIVE,2018-09-20 05:16:15
ACC_1006536,C_104391,SAVINGS,7444.39,ACTIVE,2019-08-11 09:38:33
ACC_1006537,C_104391,SAVINGS,72100.66,ACTIVE,2019-08-16 05:57:33
ACC_1006538,C_104392,CURRENT,18056.03,ACTIVE,2023-04-04 00:55:25
ACC_1006539,C_104393,BUSINESS,54397.45,ACTIVE,2024-05-30 11:57:16
ACC_1006540,C_104394,BUSINESS,182300.93,ACTIVE,2020-09-14 08:06:55
ACC_1006541,C_104395,BUSINESS,94102.52,ACTIVE,2022-06-10 18:18:20
ACC_1006542,C_104395,SAVINGS,11654.41,ACTIVE,2022-06-06 12:34:20
ACC_1006543,C_104395,BUSINESS,169423.91,ACTIVE,2022-05-31 06:57:20
ACC_1006544,C_104396,SAVINGS,13962.02,ACTIVE,2018-01-10 06:45:58
ACC_1006545,C_104397,CURRENT,2801.59,ACTIVE,2017-02-06 09:09:11
ACC_1006546,C_104398,CURRENT,2009.04,ACTIVE,2022-02-13 00:36:26
ACC_1006547,C_104399,BUSINESS,192253.18,ACTIVE,2017-11-09 07:48:22
ACC_1006548,C_104400,BUSINESS,181442.02,ACTIVE,2019-07-15 22:06:59
ACC_1006549,C_104400,BUSINESS,148091.0,ACTIVE,2019-07-13 18:08:59
ACC_1006550,C_104400,SAVINGS,23593.41,ACTIVE,2019-07-09 10:44:59
ACC_1006551,C_104401,SAVINGS,1358.41,ACTIVE,2021-09-24 21:50:14
ACC_1006552,C_104402,CURRENT,1177.38,ACTIVE,2020-02-15 08:49:22
ACC_1006553,C_104403,BUSINESS,275378.28,ACTIVE,2023-01-06 00:31:27
ACC_1006554,C_104404,SAVINGS,30011.98,DORMANT,2022-02-12 23:08:56
ACC_1006555,C_104404,BUSINESS,720065.25,ACTIVE,2022-02-01 22:31:56
ACC_1006556,C_104405,CURRENT,2891.35,ACTIVE,2022-09-25 13:15:16
ACC_1006557,C_104406,CURRENT,1261.59,ACTIVE,2018-10-13 10:02:55
ACC_1006558,C_104407,BUSINESS,12522.7,ACTIVE,2017-09-21 22:36:10
ACC_1006559,C_104407,CURRENT,1412.08,ACTIVE,2017-10-13 18:16:10
ACC_1006560,C_104408,CURRENT,4089.82,ACTIVE,2024-10-14 05:49:24
ACC_1006561,C_104408,SAVINGS,19253.67,ACTIVE,2024-10-28 06:29:24
ACC_1006562,C_104409,SAVINGS,40643.35,ACTIVE,2016-06-01 02:12:41
ACC_1006563,C_104410,CURRENT,1995.11,ACTIVE,2020-03-24 14:58:41
ACC_1006564,C_104410,SAVINGS,8257.15,ACTIVE,2020-03-20 13:52:41
ACC_1006565,C_104411,BUSINESS,11745.09,ACTIVE,2024-06-04 20:31:48
ACC_1006566,C_104412,CURRENT,9031.53,ACTIVE,2022-06-25 18:44:56
ACC_1006567,C_104412,CURRENT,1065.4,ACTIVE,2022-07-04 22:22:56
ACC_1006568,C_104412,CURRENT,1684.67,ACTIVE,2022-07-02 06:17:56
ACC_1006569,C_104413,CURRENT,5453.78,ACTIVE,2020-04-28 10:50:38
ACC_1006570,C_104414,SAVINGS,53480.42,ACTIVE,2020-09-20 12:57:21
ACC_1006571,C_104414,BUSINESS,50516.08,ACTIVE,2020-09-17 07:02:21
ACC_1006572,C_104415,BUSINESS,8271.07,ACTIVE,2023-02-14 17:07:42
ACC_1006573,C_104416,SAVINGS,36115.68,ACTIVE,2021-08-03 05:48:04
ACC_1006574,C_104417,CURRENT,798.44,ACTIVE,2016-11-25 07:57:36
ACC_1006575,C_104417,CURRENT,6735.95,ACTIVE,2016-11-18 21:20:36
ACC_1006576,C_104418,CURRENT,1385.68,ACTIVE,2025-07-29 23:14:33
ACC_1006577,C_104419,BUSINESS,24108.43,ACTIVE,2017-12-31 21:42:51
ACC_1006578,C_104420,SAVINGS,2661.51,ACTIVE,2018-11-09 19:50:35
ACC_1006579,C_104420,BUSINESS,3502.05,ACTIVE,2018-11-12 00:45:35
ACC_1006580,C_104421,CURRENT,3463.47,ACTIVE,2024-07-11 18:07:02
ACC_1006581,C_104422,BUSINESS,723784.98,ACTIVE,2022-03-29 22:47:16
ACC_1006582,C_104422,BUSINESS,16417.43,ACTIVE,2022-03-19 19:38:16
ACC_1006583,C_104423,CURRENT,783.51,ACTIVE,2023-05-24 05:56:23
ACC_1006584,C_104424,BUSINESS,126572.6,ACTIVE,2016-01-26 18:43:34
ACC_1006585,C_104424,CURRENT,524.83,ACTIVE,2016-01-18 13:55:34
ACC_1006586,C_104425,BUSINESS,81235.35,ACTIVE,2016-08-27 16:29:31
ACC_1006587,C_104426,SAVINGS,1394.01,ACTIVE,2018-09-20 10:27:21
ACC_1006588,C_104427,CURRENT,2049.6,ACTIVE,2020-06-23 02:58:57
ACC_1006589,C_104428,CURRENT,358.9,ACTIVE,2018-05-12 21:44:15
ACC_1006590,C_104429,SAVINGS,27259.45,ACTIVE,2018-03-07 05:02:00
ACC_1006591,C_104429,CURRENT,6637.12,DORMANT,2018-03-20 07:35:00
ACC_1006592,C_104430,BUSINESS,180672.06,DORMANT,2023-05-30 17:35:56
ACC_1006593,C_104431,CURRENT,2917.18,ACTIVE,2024-06-19 02:57:01
ACC_1006594,C_104431,BUSINESS,213464.64,ACTIVE,2024-07-08 04:58:01
ACC_1006595,C_104431,BUSINESS,151477.53,ACTIVE,2024-07-04 14:38:01
ACC_1006596,C_104432,CURRENT,1169.09,ACTIVE,2022-04-24 10:10:37
ACC_1006597,C_104433,SAVINGS,21172.7,ACTIVE,2018-12-15 13:07:52
ACC_1006598,C_104433,CURRENT,831.63,ACTIVE,2018-12-16 13:04:52
ACC_1006599,C_104434,SAVINGS,24104.2,ACTIVE,2018-10-29 00:41:35
ACC_1006600,C_104435,BUSINESS,73459.77,ACTIVE,2023-10-07 07:30:12
ACC_1006601,C_104435,CURRENT,1267.94,ACTIVE,2023-10-08 01:22:12
ACC_1006602,C_104436,BUSINESS,13903.25,ACTIVE,2020-03-31 02:25:43
ACC_1006603,C_104437,SAVINGS,3743.26,ACTIVE,2025-12-07 11:10:39
ACC_1006604,C_104437,SAVINGS,10288.2,ACTIVE,2025-12-09 12:35:39
ACC_1006605,C_104438,BUSINESS,13189.5,ACTIVE,2021-10-18 02:38:04
ACC_1006606,C_104439,CURRENT,2208.1,ACTIVE,2022-08-19 12:51:39
ACC_1006607,C_104439,CURRENT,153.98,ACTIVE,2022-08-21 23:46:39
ACC_1006608,C_104439,SAVINGS,6941.83,DORMANT,2022-07-29 20:48:39
ACC_1006609,C_104440,BUSINESS,789604.77,ACTIVE,2017-08-08 15:46:54
ACC_1006610,C_104440,BUSINESS,51105.57,ACTIVE,2017-08-13 14:06:54
ACC_1006611,C_104441,CURRENT,1443.18,ACTIVE,2020-09-18 01:50:44
ACC_1006612,C_104442,SAVINGS,2307.71,ACTIVE,2021-04-24 15:47:02
ACC_1006613,C_104443,CURRENT,1772.06,ACTIVE,2018-10-06 05:46:55
ACC_1006614,C_104444,CURRENT,1334.8,DORMANT,2023-01-20 01:51:50
ACC_1006615,C_104445,SAVINGS,3019.96,ACTIVE,2022-01-23 10:40:14
ACC_1006616,C_104445,BUSINESS,32467.42,ACTIVE,2022-02-03 14:50:14
ACC_1006617,C_104446,SAVINGS,4581.43,ACTIVE,2023-12-18 05:16:57
ACC_1006618,C_104447,CURRENT,6778.48,ACTIVE,2019-09-24 07:11:55
ACC_1006619,C_104447,SAVINGS,11739.7,ACTIVE,2019-10-07 22:02:55
ACC_1006620,C_104448,BUSINESS,9333.65,DORMANT,2022-12-01 12:49:03
ACC_1006621,C_104449,SAVINGS,24615.15,DORMANT,2020-06-13 09:37:51
ACC_1006622,C_104449,SAVINGS,5030.6,ACTIVE,2020-06-10 03:39:51
ACC_1006623,C_104450,BUSINESS,26219.42,ACTIVE,2016-05-22 14:32:09
ACC_1006624,C_104451,CURRENT,2543.8,ACTIVE,2017-01-30 15:07:48
ACC_1006625,C_104451,SAVINGS,38303.55,DORMANT,2017-02-17 10:36:48
ACC_1006626,C_104452,CURRENT,2769.33,ACTIVE,2023-01-18 19:00:11
ACC_1006627,C_104453,CURRENT,699.4,ACTIVE,2025-01-10 10:06:19
ACC_1006628,C_104454,CURRENT,3199.82,ACTIVE,2018-08-09 00:31:03
ACC_1006629,C_104454,CURRENT,2259.1,ACTIVE,2018-08-18 16:29:03
ACC_1006630,C_104455,BUSINESS,95048.98,ACTIVE,2020-12-30 02:32:27
ACC_1006631,C_104455,SAVINGS,7053.74,ACTIVE,2020-12-15 21:57:27
ACC_1006632,C_104456,SAVINGS,63069.71,ACTIVE,2021-05-14 01:06:07
ACC_1006633,C_104456,SAVINGS,71695.47,DORMANT,2021-05-27 09:03:07
ACC_1006634,C_104457,BUSINESS,778993.25,DORMANT,2025-07-28 16:30:36
ACC_1006635,C_104458,BUSINESS,59722.8,DORMANT,2017-11-30 14:10:09
ACC_1006636,C_104458,BUSINESS,169911.28,ACTIVE,2017-12-02 23:02:09
ACC_1006637,C_104459,BUSINESS,197607.01,ACTIVE,2022-04-14 09:41:14
ACC_1006638,C_104460,SAVINGS,6194.96,ACTIVE,2020-09-20 17:04:54
ACC_1006639,C_104460,BUSINESS,30842.43,ACTIVE,2020-09-08 18:58:54
ACC_1006640,C_104461,SAVINGS,5245.8,ACTIVE,2017-05-31 17:07:43
ACC_1006641,C_104461,CURRENT,5361.57,ACTIVE,2017-06-18 15:16:43
ACC_1006642,C_104462,BUSINESS,10777.7,ACTIVE,2016-01-19 06:39:26
ACC_1006643,C_104463,SAVINGS,72530.68,ACTIVE,2017-06-08 01:24:13
ACC_1006644,C_104463,CURRENT,719.27,ACTIVE,2017-05-25 08:21:13
ACC_1006645,C_104464,CURRENT,617.81,ACTIVE,2022-08-19 08:59:06
ACC_1006646,C_104465,SAVINGS,17848.43,ACTIVE,2017-10-09 09:05:34
ACC_1006647,C_104466,CURRENT,2297.63,ACTIVE,2022-10-08 01:42:56
ACC_1006648,C_104467,SAVINGS,104462.87,DORMANT,2020-09-08 09:22:59
ACC_1006649,C_104467,CURRENT,1010.01,ACTIVE,2020-08-29 07:18:59
ACC_1006650,C_104467,SAVINGS,6385.89,ACTIVE,2020-09-04 23:36:59
ACC_1006651,C_104468,BUSINESS,767582.28,ACTIVE,2021-03-19 13:07:58
ACC_1006652,C_104468,BUSINESS,552485.83,ACTIVE,2021-03-07 04:18:58
ACC_1006653,C_104469,BUSINESS,144998.58,ACTIVE,2023-12-02 22:31:45
ACC_1006654,C_104469,SAVINGS,27864.72,ACTIVE,2023-11-23 14:19:45
ACC_1006655,C_104470,SAVINGS,1710.54,ACTIVE,2023-10-19 10:10:34
ACC_1006656,C_104471,CURRENT,521.43,ACTIVE,2017-04-02 03:09:40
ACC_1006657,C_104472,CURRENT,2514.89,DORMANT,2024-12-04 17:18:36
ACC_1006658,C_104473,CURRENT,11776.56,ACTIVE,2021-06-16 05:17:18
ACC_1006659,C_104473,CURRENT,1814.44,ACTIVE,2021-06-11 21:41:18
ACC_1006660,C_104473,BUSINESS,111113.25,ACTIVE,2021-05-25 09:24:18
ACC_1006661,C_104474,BUSINESS,24407.24,ACTIVE,2018-05-25 23:15:42
ACC_1006662,C_104475,CURRENT,3933.75,ACTIVE,2023-10-09 05:04:29
ACC_1006663,C_104476,BUSINESS,450816.41,ACTIVE,2025-10-06 22:30:53
ACC_1006664,C_104477,BUSINESS,273794.88,ACTIVE,2018-08-10 23:14:07
ACC_1006665,C_104477,CURRENT,7401.11,DORMANT,2018-09-07 07:19:07
ACC_1006666,C_104478,BUSINESS,114004.89,DORMANT,2016-08-24 13:46:41
ACC_1006667,C_104479,CURRENT,897.78,ACTIVE,2019-08-13 12:40:35
ACC_1006668,C_104480,SAVINGS,8079.63,ACTIVE,2025-10-31 06:01:29
ACC_1006669,C_104480,SAVINGS,11211.93,ACTIVE,2025-11-05 05:39:29
ACC_1006670,C_104480,BUSINESS,63301.12,ACTIVE,2025-11-04 04:37:29
ACC_1006671,C_104481,BUSINESS,82107.69,ACTIVE,2020-12-02 21:30:35
ACC_1006672,C_104482,BUSINESS,104784.97,DORMANT,2023-02-26 02:38:30
ACC_1006673,C_104482,BUSINESS,25386.18,ACTIVE,2023-03-03 16:23:30
ACC_1006674,C_104483,CURRENT,677.63,ACTIVE,2019-10-23 18:56:36
ACC_1006675,C_104484,SAVINGS,17927.5,ACTIVE,2022-03-13 13:31:16
ACC_1006676,C_104484,SAVINGS,12624.28,ACTIVE,2022-03-07 07:43:16
ACC_1006677,C_104485,SAVINGS,2380.71,ACTIVE,2021-02-21 09:43:06
ACC_1006678,C_104486,BUSINESS,124974.99,ACTIVE,2023-05-25 01:17:32
ACC_1006679,C_104486,SAVINGS,1635.54,ACTIVE,2023-05-01 13:35:32
ACC_1006680,C_104487,CURRENT,5216.31,ACTIVE,2020-12-09 17:27:19
ACC_1006681,C_104488,CURRENT,730.65,ACTIVE,2019-04-13 13:51:18
ACC_1006682,C_104488,SAVINGS,3699.11,ACTIVE,2019-04-04 00:52:18
ACC_1006683,C_104488,SAVINGS,2577.0,ACTIVE,2019-03-30 10:29:18
ACC_1006684,C_104489,BUSINESS,12244.87,ACTIVE,2023-11-13 11:32:06
ACC_1006685,C_104490,CURRENT,895.7,ACTIVE,2019-07-18 00:50:17
ACC_1006686,C_104490,CURRENT,2913.7,ACTIVE,2019-08-02 21:55:17
ACC_1006687,C_104491,BUSINESS,164575.09,ACTIVE,2021-06-14 22:13:08
ACC_1006688,C_104491,BUSINESS,39387.24,ACTIVE,2021-06-17 02:52:08
ACC_1006689,C_104492,SAVINGS,35071.38,ACTIVE,2021-11-17 02:13:08
ACC_1006690,C_104493,SAVINGS,16822.67,ACTIVE,2021-08-07 21:13:17
ACC_1006691,C_104494,CURRENT,3028.87,ACTIVE,2019-08-18 19:27:50
ACC_1006692,C_104494,BUSINESS,46525.05,ACTIVE,2019-08-30 14:51:50
ACC_1006693,C_104494,SAVINGS,2646.0,ACTIVE,2019-09-02 12:50:50
ACC_1006694,C_104495,CURRENT,1450.07,ACTIVE,2024-11-23 16:19:42
ACC_1006695,C_104496,CURRENT,1737.65,ACTIVE,2023-10-06 17:19:14
ACC_1006696,C_104496,BUSINESS,28285.38,ACTIVE,2023-10-18 06:40:14
ACC_1006697,C_104497,SAVINGS,250000.0,ACTIVE,2024-10-02 09:39:37
ACC_1006698,C_104498,CURRENT,224.0,ACTIVE,2023-04-16 09:47:48
ACC_1006699,C_104499,SAVINGS,21899.19,ACTIVE,2021-11-08 09:06:34
ACC_1006700,C_104500,SAVINGS,4012.02,ACTIVE,2021-10-09 22:18:18
ACC_1006701,C_104500,BUSINESS,110731.62,ACTIVE,2021-10-09 21:46:18
ACC_1006702,C_104501,BUSINESS,180810.82,ACTIVE,2019-11-08 05:31:48
ACC_1006703,C_104501,CURRENT,40569.67,DORMANT,2019-11-12 11:09:48
ACC_1006704,C_104502,BUSINESS,367964.52,ACTIVE,2020-11-25 05:36:44
ACC_1006705,C_104502,CURRENT,14947.44,ACTIVE,2020-11-28 18:57:44
ACC_1006706,C_104502,BUSINESS,276696.23,ACTIVE,2020-11-24 06:31:44
ACC_1006707,C_104503,CURRENT,1762.91,ACTIVE,2025-11-14 05:59:51
ACC_1006708,C_104504,SAVINGS,973.31,ACTIVE,2018-02-22 22:37:15
ACC_1006709,C_104504,SAVINGS,46639.83,ACTIVE,2018-03-04 15:31:15
ACC_1006710,C_104505,CURRENT,17746.59,ACTIVE,2025-06-02 21:02:32
ACC_1006711,C_104506,CURRENT,1955.6,ACTIVE,2017-09-26 13:48:03
ACC_1006712,C_104507,CURRENT,600.36,ACTIVE,2025-10-21 07:29:06
ACC_1006713,C_104507,SAVINGS,17711.64,ACTIVE,2025-10-23 00:51:06
ACC_1006714,C_104508,BUSINESS,311186.13,ACTIVE,2016-04-30 02:20:29
ACC_1006715,C_104509,BUSINESS,43396.85,ACTIVE,2023-08-26 05:34:16
ACC_1006716,C_104510,SAVINGS,25417.39,ACTIVE,2024-03-14 15:18:04
ACC_1006717,C_104510,CURRENT,1145.6,ACTIVE,2024-02-17 13:28:04
ACC_1006718,C_104511,SAVINGS,5346.53,ACTIVE,2021-05-07 17:46:45
ACC_1006719,C_104512,BUSINESS,8760.01,DORMANT,2017-02-09 12:51:17
ACC_1006720,C_104512,BUSINESS,383056.46,DORMANT,2017-02-12 11:17:17
ACC_1006721,C_104513,CURRENT,2889.12,ACTIVE,2017-05-01 15:49:58
ACC_1006722,C_104513,SAVINGS,13339.7,ACTIVE,2017-05-22 20:43:58
ACC_1006723,C_104514,BUSINESS,31525.54,ACTIVE,2016-06-04 18:11:45
ACC_1006724,C_104514,BUSINESS,3582.07,ACTIVE,2016-06-01 08:34:45
ACC_1006725,C_104515,SAVINGS,4793.76,ACTIVE,2021-10-11 05:27:40
ACC_1006726,C_104516,CURRENT,3158.12,ACTIVE,2022-11-12 18:47:50
ACC_1006727,C_104516,CURRENT,905.92,ACTIVE,2022-12-06 15:41:50
ACC_1006728,C_104517,BUSINESS,133454.9,ACTIVE,2021-03-07 05:35:33
ACC_1006729,C_104518,BUSINESS,12268.37,ACTIVE,2021-04-21 23:17:44
ACC_1006730,C_104519,CURRENT,3274.17,DORMANT,2021-05-09 08:40:34
ACC_1006731,C_104520,CURRENT,1144.8,DORMANT,2016-12-05 02:02:24
ACC_1006732,C_104520,BUSINESS,68917.41,ACTIVE,2016-11-27 01:39:24
ACC_1006733,C_104520,SAVINGS,23770.93,ACTIVE,2016-11-27 07:55:24
ACC_1006734,C_104521,SAVINGS,7327.42,ACTIVE,2023-06-21 23:35:13
ACC_1006735,C_104522,SAVINGS,7123.47,ACTIVE,2025-12-15 11:22:38
ACC_1006736,C_104522,SAVINGS,24701.32,ACTIVE,2025-11-20 12:49:38
ACC_1006737,C_104523,BUSINESS,34977.21,ACTIVE,2024-04-25 13:20:13
ACC_1006738,C_104523,BUSINESS,73541.81,ACTIVE,2024-04-30 14:32:13
ACC_1006739,C_104524,BUSINESS,35185.92,DORMANT,2020-10-21 16:37:56
ACC_1006740,C_104525,SAVINGS,35937.9,ACTIVE,2024-06-28 23:44:01
ACC_1006741,C_104525,BUSINESS,122771.3,ACTIVE,2024-06-21 20:23:01
ACC_1006742,C_104526,BUSINESS,1470.46,ACTIVE,2021-04-05 05:20:33
ACC_1006743,C_104527,SAVINGS,6182.4,ACTIVE,2019-11-18 17:12:36
ACC_1006744,C_104527,BUSINESS,4531.54,ACTIVE,2019-12-14 23:02:36
ACC_1006745,C_104528,SAVINGS,2928.76,DORMANT,2022-11-29 07:35:16
ACC_1006746,C_104529,SAVINGS,10108.58,ACTIVE,2020-02-07 02:14:05
ACC_1006747,C_104529,BUSINESS,33547.3,ACTIVE,2020-01-26 08:58:05
ACC_1006748,C_104530,SAVINGS,12417.12,ACTIVE,2019-03-10 01:30:47
ACC_1006749,C_104531,BUSINESS,448635.07,ACTIVE,2024-08-13 10:30:02
ACC_1006750,C_104531,BUSINESS,874773.53,ACTIVE,2024-08-06 02:24:02
ACC_1006751,C_104532,BUSINESS,26429.18,ACTIVE,2023-10-12 03:36:10
ACC_1006752,C_104532,SAVINGS,9818.5,DORMANT,2023-10-20 19:34:10
ACC_1006753,C_104533,BUSINESS,123710.67,ACTIVE,2016-08-25 07:21:22
ACC_1006754,C_104534,SAVINGS,12987.99,DORMANT,2023-04-01 17:58:12
ACC_1006755,C_104535,BUSINESS,33328.87,ACTIVE,2023-04-25 09:46:54
ACC_1006756,C_104536,SAVINGS,9726.27,ACTIVE,2022-05-27 08:05:55
ACC_1006757,C_104537,CURRENT,1767.53,ACTIVE,2022-06-26 20:56:12
ACC_1006758,C_104538,CURRENT,1781.04,ACTIVE,2016-09-22 17:33:42
ACC_1006759,C_104538,SAVINGS,24811.36,ACTIVE,2016-10-09 01:30:42
ACC_1006760,C_104538,SAVINGS,9700.4,ACTIVE,2016-10-02 20:57:42
ACC_1006761,C_104539,BUSINESS,39462.91,DORMANT,2023-02-22 04:21:51
ACC_1006762,C_104539,CURRENT,625.31,ACTIVE,2023-02-16 20:25:51
ACC_1006763,C_104540,SAVINGS,1974.82,ACTIVE,2020-07-12 10:13:42
ACC_1006764,C_104541,SAVINGS,3333.98,ACTIVE,2023-01-03 08:20:59
ACC_1006765,C_104541,CURRENT,736.18,DORMANT,2022-12-24 18:23:59
ACC_1006766,C_104542,CURRENT,1355.55,ACTIVE,2025-03-02 21:12:13
ACC_1006767,C_104542,BUSINESS,117879.92,ACTIVE,2025-02-26 09:15:13
ACC_1006768,C_104543,CURRENT,8132.0,DORMANT,2024-05-29 01:34:11
ACC_1006769,C_104544,BUSINESS,119460.23,ACTIVE,2017-01-03 10:36:00
ACC_1006770,C_104545,CURRENT,914.35,DORMANT,2016-07-20 19:20:23
ACC_1006771,C_104546,SAVINGS,5677.11,ACTIVE,2016-02-02 08:01:16
ACC_1006772,C_104547,CURRENT,3165.27,ACTIVE,2017-12-26 22:39:48
ACC_1006773,C_104547,BUSINESS,422134.47,ACTIVE,2017-12-19 10:33:48
ACC_1006774,C_104548,SAVINGS,25998.98,ACTIVE,2022-12-16 13:48:42
ACC_1006775,C_104548,BUSINESS,117518.34,ACTIVE,2022-12-25 17:35:42
ACC_1006776,C_104548,SAVINGS,2959.1,ACTIVE,2022-12-28 22:13:42
ACC_1006777,C_104549,CURRENT,3620.15,ACTIVE,2019-10-09 08:50:41
ACC_1006778,C_104549,BUSINESS,29932.61,ACTIVE,2019-10-19 02:21:41
ACC_1006779,C_104550,CURRENT,886.17,ACTIVE,2020-11-07 07:46:05
ACC_1006780,C_104551,CURRENT,892.58,ACTIVE,2024-11-17 05:51:09
ACC_1006781,C_104552,BUSINESS,1089748.94,ACTIVE,2016-02-21 06:17:23
ACC_1006782,C_104552,SAVINGS,5159.72,ACTIVE,2016-02-10 14:25:23
ACC_1006783,C_104552,CURRENT,572.04,ACTIVE,2016-02-27 05:34:23
ACC_1006784,C_104553,CURRENT,5538.69,ACTIVE,2016-11-19 13:49:16
ACC_1006785,C_104554,CURRENT,575.98,ACTIVE,2025-06-21 03:21:09
ACC_1006786,C_104555,CURRENT,10167.75,ACTIVE,2025-06-25 16:38:49
ACC_1006787,C_104556,BUSINESS,87778.77,ACTIVE,2021-09-03 00:11:00
ACC_1006788,C_104556,CURRENT,3791.73,ACTIVE,2021-09-02 17:55:00
ACC_1006789,C_104557,BUSINESS,78279.66,ACTIVE,2025-07-21 02:56:20
ACC_1006790,C_104557,CURRENT,1279.87,DORMANT,2025-07-24 11:14:20
ACC_1006791,C_104557,SAVINGS,6061.96,ACTIVE,2025-07-31 07:50:20
ACC_1006792,C_104558,BUSINESS,5066.89,ACTIVE,2020-04-13 20:47:35
ACC_1006793,C_104559,SAVINGS,19683.76,ACTIVE,2016-09-08 02:48:33
ACC_1006794,C_104559,SAVINGS,61512.89,ACTIVE,2016-08-25 12:25:33
ACC_1006795,C_104560,CURRENT,640.35,ACTIVE,2020-05-07 03:41:31
ACC_1006796,C_104561,CURRENT,2759.85,ACTIVE,2017-04-14 19:22:58
ACC_1006797,C_104561,CURRENT,7477.4,ACTIVE,2017-03-31 15:43:58
ACC_1006798,C_104562,BUSINESS,28525.02,ACTIVE,2024-07-19 03:37:33
ACC_1006799,C_104562,CURRENT,7883.87,ACTIVE,2024-08-17 07:22:33
ACC_1006800,C_104563,CURRENT,6081.69,ACTIVE,2016-04-05 09:41:42
ACC_1006801,C_104564,CURRENT,1171.17,ACTIVE,2020-01-24 14:56:41
ACC_1006802,C_104565,CURRENT,204.38,ACTIVE,2017-04-16 05:44:29
ACC_1006803,C_104566,SAVINGS,5378.19,ACTIVE,2017-10-17 20:39:32
ACC_1006804,C_104567,SAVINGS,9147.46,ACTIVE,2021-01-06 20:03:39
ACC_1006805,C_104568,SAVINGS,997.35,ACTIVE,2016-06-03 03:59:54
ACC_1006806,C_104569,CURRENT,4399.27,ACTIVE,2022-03-14 11:44:56
ACC_1006807,C_104570,CURRENT,2036.88,ACTIVE,2022-06-19 18:09:03
ACC_1006808,C_104571,CURRENT,1370.95,ACTIVE,2025-07-19 23:43:21
ACC_1006809,C_104571,BUSINESS,27966.71,ACTIVE,2025-07-19 14:31:21
ACC_1006810,C_104572,CURRENT,3403.02,ACTIVE,2016-11-02 12:43:43
ACC_1006811,C_104572,CURRENT,666.33,ACTIVE,2016-10-31 04:05:43
ACC_1006812,C_104572,SAVINGS,98057.35,ACTIVE,2016-10-26 06:16:43
ACC_1006813,C_104573,SAVINGS,42125.5,ACTIVE,2024-12-15 22:52:41
ACC_1006814,C_104574,BUSINESS,546618.2,ACTIVE,2017-10-19 12:01:54
ACC_1006815,C_104574,CURRENT,803.04,ACTIVE,2017-11-02 08:44:54
ACC_1006816,C_104575,SAVINGS,8826.1,ACTIVE,2023-06-30 09:09:25
ACC_1006817,C_104576,BUSINESS,418644.43,ACTIVE,2024-12-29 23:20:32
ACC_1006818,C_104577,BUSINESS,244137.96,ACTIVE,2018-03-31 12:04:13
ACC_1006819,C_104577,BUSINESS,274129.73,ACTIVE,2018-03-14 10:02:13
ACC_1006820,C_104578,CURRENT,5816.63,DORMANT,2023-08-11 21:45:17
ACC_1006821,C_104579,SAVINGS,14560.55,ACTIVE,2016-03-10 09:38:29
ACC_1006822,C_104579,BUSINESS,5038.75,ACTIVE,2016-02-21 18:47:29
ACC_1006823,C_104580,CURRENT,2952.04,ACTIVE,2021-06-14 11:35:30
ACC_1006824,C_104581,BUSINESS,33492.45,ACTIVE,2016-03-08 12:37:10
ACC_1006825,C_104582,BUSINESS,50699.13,ACTIVE,2022-09-10 00:58:24
ACC_1006826,C_104583,SAVINGS,42572.54,ACTIVE,2024-09-25 09:34:14
ACC_1006827,C_104584,BUSINESS,53331.44,ACTIVE,2018-09-26 19:43:58
ACC_1006828,C_104585,SAVINGS,10236.9,ACTIVE,2018-03-31 17:40:30
ACC_1006829,C_104586,SAVINGS,7997.47,ACTIVE,2018-06-18 02:17:19
ACC_1006830,C_104587,CURRENT,1880.87,ACTIVE,2016-08-19 11:13:53
ACC_1006831,C_104587,BUSINESS,32406.34,ACTIVE,2016-07-27 05:34:53
ACC_1006832,C_104588,BUSINESS,159424.43,ACTIVE,2024-06-20 02:26:18
ACC_1006833,C_104589,SAVINGS,14135.89,ACTIVE,2016-11-20 20:46:07
ACC_1006834,C_104590,BUSINESS,42593.66,ACTIVE,2022-01-16 17:28:40
ACC_1006835,C_104590,SAVINGS,52756.0,ACTIVE,2022-01-08 23:48:40
ACC_1006836,C_104590,SAVINGS,156334.86,ACTIVE,2022-01-01 17:01:40
ACC_1006837,C_104591,CURRENT,1497.35,ACTIVE,2018-08-16 07:22:29
ACC_1006838,C_104592,BUSINESS,62445.37,ACTIVE,2021-02-14 09:41:08
ACC_1006839,C_104593,SAVINGS,85222.8,ACTIVE,2017-05-03 04:26:04
ACC_1006840,C_104593,SAVINGS,6430.01,ACTIVE,2017-04-11 06:10:04
ACC_1006841,C_104594,BUSINESS,14843.18,DORMANT,2018-10-09 13:40:08
ACC_1006842,C_104594,BUSINESS,320796.53,ACTIVE,2018-10-05 23:49:08
ACC_1006843,C_104595,SAVINGS,2898.3,ACTIVE,2020-12-18 16:03:33
ACC_1006844,C_104596,BUSINESS,32393.36,ACTIVE,2020-05-12 09:01:49
ACC_1006845,C_104597,BUSINESS,112739.07,ACTIVE,2023-07-11 13:12:59
ACC_1006846,C_104598,SAVINGS,5582.82,ACTIVE,2019-08-26 14:24:06
ACC_1006847,C_104599,SAVINGS,18833.31,ACTIVE,2022-03-25 23:43:52
ACC_1006848,C_104600,CURRENT,2904.75,ACTIVE,2018-02-16 23:19:29
ACC_1006849,C_104601,SAVINGS,6581.63,ACTIVE,2016-08-20 09:06:50
ACC_1006850,C_104601,SAVINGS,4434.72,DORMANT,2016-09-01 08:29:50
ACC_1006851,C_104602,SAVINGS,72273.72,ACTIVE,2023-08-05 08:26:21
ACC_1006852,C_104603,BUSINESS,414751.86,ACTIVE,2017-05-28 02:15:30
ACC_1006853,C_104604,SAVINGS,17704.11,ACTIVE,2023-04-24 00:57:55
ACC_1006854,C_104605,CURRENT,3588.53,ACTIVE,2021-04-06 05:50:23
ACC_1006855,C_104606,CURRENT,2510.06,ACTIVE,2020-05-05 14:19:50
ACC_1006856,C_104607,BUSINESS,98363.69,ACTIVE,2019-10-19 05:25:19
ACC_1006857,C_104608,BUSINESS,16317.35,ACTIVE,2023-12-07 20:19:55
ACC_1006858,C_104608,BUSINESS,20187.5,ACTIVE,2023-11-30 21:21:55
ACC_1006859,C_104609,SAVINGS,22497.77,ACTIVE,2022-11-18 16:26:19
ACC_1006860,C_104609,SAVINGS,367.44,ACTIVE,2022-11-20 21:09:19
ACC_1006861,C_104610,SAVINGS,6741.14,DORMANT,2017-10-12 03:03:02
ACC_1006862,C_104610,CURRENT,2989.64,ACTIVE,2017-10-19 15:51:02
ACC_1006863,C_104611,CURRENT,13666.21,ACTIVE,2019-12-11 20:19:12
ACC_1006864,C_104611,CURRENT,806.12,ACTIVE,2019-12-23 05:26:12
ACC_1006865,C_104612,SAVINGS,2940.57,ACTIVE,2024-09-04 16:55:13
ACC_1006866,C_104613,SAVINGS,6481.06,ACTIVE,2024-11-25 06:46:11
ACC_1006867,C_104614,CURRENT,1127.45,ACTIVE,2022-03-30 23:20:50
ACC_1006868,C_104615,CURRENT,1224.18,ACTIVE,2018-07-01 21:44:41
ACC_1006869,C_104615,CURRENT,262.73,ACTIVE,2018-06-27 15:23:41
ACC_1006870,C_104616,SAVINGS,2261.9,ACTIVE,2016-07-27 12:24:55
ACC_1006871,C_104617,CURRENT,1119.05,ACTIVE,2020-05-28 20:18:03
ACC_1006872,C_104618,CURRENT,8892.59,ACTIVE,2021-11-08 23:54:45
ACC_1006873,C_104619,CURRENT,2376.41,ACTIVE,2024-02-21 13:18:50
ACC_1006874,C_104620,BUSINESS,72507.71,ACTIVE,2025-12-29 11:01:50
ACC_1006875,C_104621,BUSINESS,184303.79,ACTIVE,2016-05-21 12:50:16
ACC_1006876,C_104621,CURRENT,1866.04,ACTIVE,2016-06-02 12:21:16
ACC_1006877,C_104622,SAVINGS,7607.11,ACTIVE,2021-11-10 17:18:03
ACC_1006878,C_104622,BUSINESS,19624.18,ACTIVE,2021-10-22 13:48:03
ACC_1006879,C_104623,BUSINESS,13837.87,ACTIVE,2016-07-15 13:27:49
ACC_1006880,C_104624,SAVINGS,30597.06,ACTIVE,2024-12-09 18:32:39
ACC_1006881,C_104625,SAVINGS,52722.08,ACTIVE,2017-07-15 18:48:52
ACC_1006882,C_104626,BUSINESS,144725.58,ACTIVE,2021-08-25 08:17:23
ACC_1006883,C_104627,BUSINESS,507699.92,ACTIVE,2021-06-19 13:50:40
ACC_1006884,C_104628,BUSINESS,331846.01,ACTIVE,2019-04-20 11:40:20
ACC_1006885,C_104629,BUSINESS,33953.51,ACTIVE,2020-08-09 12:16:53
ACC_1006886,C_104630,BUSINESS,63552.62,ACTIVE,2020-02-25 01:01:34
ACC_1006887,C_104630,BUSINESS,224785.27,ACTIVE,2020-02-15 04:25:34
ACC_1006888,C_104630,SAVINGS,1516.21,ACTIVE,2020-02-21 14:32:34
ACC_1006889,C_104631,CURRENT,1903.4,ACTIVE,2020-01-18 13:05:23
ACC_1006890,C_104632,SAVINGS,13862.78,ACTIVE,2023-04-07 17:35:38
ACC_1006891,C_104633,SAVINGS,16732.03,ACTIVE,2022-12-28 23:13:07
ACC_1006892,C_104633,CURRENT,189.11,ACTIVE,2022-12-29 22:10:07
ACC_1006893,C_104633,CURRENT,307.81,ACTIVE,2023-01-19 23:22:07
ACC_1006894,C_104634,SAVINGS,1253.95,ACTIVE,2023-10-30 10:45:48
ACC_1006895,C_104635,CURRENT,2856.64,ACTIVE,2020-07-19 09:16:48
ACC_1006896,C_104635,SAVINGS,4627.11,ACTIVE,2020-07-11 22:20:48
ACC_1006897,C_104635,SAVINGS,34370.59,ACTIVE,2020-08-06 20:58:48
ACC_1006898,C_104636,BUSINESS,322892.36,ACTIVE,2024-05-27 06:32:30
ACC_1006899,C_104636,BUSINESS,144556.83,ACTIVE,2024-05-30 13:12:30
ACC_1006900,C_104637,CURRENT,696.12,ACTIVE,2024-09-10 08:48:20
ACC_1006901,C_104637,SAVINGS,7697.06,ACTIVE,2024-09-06 22:49:20
ACC_1006902,C_104638,SAVINGS,10374.21,ACTIVE,2023-07-14 16:04:02
ACC_1006903,C_104639,CURRENT,583.22,ACTIVE,2024-01-01 08:36:48
ACC_1006904,C_104639,CURRENT,5923.84,ACTIVE,2024-01-13 21:11:48
ACC_1006905,C_104640,SAVINGS,13664.58,ACTIVE,2020-09-28 11:47:07
ACC_1006906,C_104641,SAVINGS,1178.06,DORMANT,2017-04-20 17:25:47
ACC_1006907,C_104642,CURRENT,1892.77,ACTIVE,2022-09-05 16:45:38
ACC_1006908,C_104643,BUSINESS,424163.3,ACTIVE,2017-04-19 00:38:35
ACC_1006909,C_104644,SAVINGS,2480.08,ACTIVE,2020-09-01 00:03:09
ACC_1006910,C_104644,CURRENT,2829.19,ACTIVE,2020-08-31 10:29:09
ACC_1006911,C_104644,BUSINESS,48498.02,ACTIVE,2020-08-08 02:09:09
ACC_1006912,C_104645,SAVINGS,7983.75,ACTIVE,2017-06-26 03:09:11
ACC_1006913,C_104646,BUSINESS,117661.2,ACTIVE,2025-12-19 07:58:46
ACC_1006914,C_104647,SAVINGS,29206.61,ACTIVE,2016-06-04 23:38:13
ACC_1006915,C_104647,CURRENT,903.92,ACTIVE,2016-06-06 03:44:13
ACC_1006916,C_104648,CURRENT,698.69,ACTIVE,2018-08-26 01:21:22
ACC_1006917,C_104648,BUSINESS,42848.63,ACTIVE,2018-09-04 05:41:22
ACC_1006918,C_104648,BUSINESS,1302.19,ACTIVE,2018-08-10 07:39:22
ACC_1006919,C_104649,BUSINESS,39060.28,ACTIVE,2018-01-03 03:55:55
ACC_1006920,C_104649,SAVINGS,62320.01,ACTIVE,2017-12-22 14:57:55
ACC_1006921,C_104650,BUSINESS,1500000.0,ACTIVE,2018-12-21 05:42:54
ACC_1006922,C_104650,BUSINESS,87803.27,ACTIVE,2018-12-31 06:41:54
ACC_1006923,C_104651,CURRENT,779.51,ACTIVE,2024-04-25 18:45:31
ACC_1006924,C_104651,BUSINESS,10164.55,ACTIVE,2024-04-24 22:06:31
ACC_1006925,C_104652,SAVINGS,1182.34,ACTIVE,2018-11-29 15:30:32
ACC_1006926,C_104652,CURRENT,3964.07,ACTIVE,2018-12-07 19:08:32
ACC_1006927,C_104653,SAVINGS,6344.49,ACTIVE,2021-03-26 16:37:19
ACC_1006928,C_104654,CURRENT,5688.74,ACTIVE,2018-03-07 20:22:12
ACC_1006929,C_104654,BUSINESS,246415.18,ACTIVE,2018-03-11 11:41:12
ACC_1006930,C_104655,CURRENT,2795.7,ACTIVE,2018-01-08 20:31:08
ACC_1006931,C_104655,CURRENT,348.6,DORMANT,2018-01-01 08:08:08
ACC_1006932,C_104656,CURRENT,10955.78,ACTIVE,2024-08-10 18:33:23
ACC_1006933,C_104657,CURRENT,6522.12,ACTIVE,2019-09-05 22:56:37
ACC_1006934,C_104657,CURRENT,2293.13,ACTIVE,2019-09-02 10:17:37
ACC_1006935,C_104658,SAVINGS,39747.89,ACTIVE,2017-01-26 20:59:59
ACC_1006936,C_104659,BUSINESS,7061.28,ACTIVE,2019-02-22 14:19:30
ACC_1006937,C_104660,BUSINESS,7364.25,ACTIVE,2021-10-20 18:30:16
ACC_1006938,C_104660,SAVINGS,7872.97,ACTIVE,2021-10-08 23:39:16
ACC_1006939,C_104661,CURRENT,1851.67,ACTIVE,2019-07-10 15:19:15
ACC_1006940,C_104661,CURRENT,697.58,ACTIVE,2019-06-12 17:39:15
ACC_1006941,C_104662,SAVINGS,6910.98,ACTIVE,2024-10-20 13:29:16
ACC_1006942,C_104663,CURRENT,1342.29,DORMANT,2017-06-14 18:21:28
ACC_1006943,C_104664,BUSINESS,2214.47,ACTIVE,2021-10-06 10:49:03
ACC_1006944,C_104665,CURRENT,565.67,ACTIVE,2024-07-09 19:09:44
ACC_1006945,C_104666,CURRENT,1329.36,ACTIVE,2020-09-28 21:53:12
ACC_1006946,C_104667,SAVINGS,58002.95,ACTIVE,2018-08-16 17:35:17
ACC_1006947,C_104668,CURRENT,6791.26,ACTIVE,2020-06-26 02:13:39
ACC_1006948,C_104668,BUSINESS,8126.13,ACTIVE,2020-06-20 17:15:39
ACC_1006949,C_104668,SAVINGS,30462.65,ACTIVE,2020-07-02 04:36:39
ACC_1006950,C_104669,BUSINESS,25328.48,ACTIVE,2016-07-12 16:01:00
ACC_1006951,C_104670,CURRENT,4776.08,ACTIVE,2025-12-14 10:29:21
ACC_1006952,C_104671,CURRENT,9216.22,ACTIVE,2018-10-31 01:26:52
ACC_1006953,C_104672,CURRENT,2027.46,ACTIVE,2019-12-28 14:02:59
ACC_1006954,C_104673,BUSINESS,16143.64,ACTIVE,2018-12-13 14:14:09
ACC_1006955,C_104673,SAVINGS,2808.84,ACTIVE,2018-12-11 16:42:09
ACC_1006956,C_104674,SAVINGS,15016.57,ACTIVE,2018-09-10 18:47:14
ACC_1006957,C_104674,BUSINESS,129476.61,DORMANT,2018-09-03 10:46:14
ACC_1006958,C_104675,CURRENT,1101.22,ACTIVE,2023-05-08 14:30:23
ACC_1006959,C_104675,CURRENT,2221.48,ACTIVE,2023-05-29 01:16:23
ACC_1006960,C_104676,CURRENT,1488.82,ACTIVE,2019-10-17 00:21:51
ACC_1006961,C_104677,BUSINESS,38557.01,DORMANT,2019-10-16 23:40:10
ACC_1006962,C_104677,CURRENT,1332.55,ACTIVE,2019-10-30 19:46:10
ACC_1006963,C_104678,CURRENT,1758.69,ACTIVE,2022-11-25 09:25:15
ACC_1006964,C_104679,SAVINGS,10310.87,ACTIVE,2022-12-09 16:19:21
ACC_1006965,C_104679,CURRENT,2448.31,DORMANT,2022-11-23 09:14:21
ACC_1006966,C_104680,SAVINGS,4347.55,ACTIVE,2018-06-20 15:19:46
ACC_1006967,C_104681,BUSINESS,1103746.76,ACTIVE,2020-12-26 12:43:46
ACC_1006968,C_104682,BUSINESS,95925.54,ACTIVE,2022-12-18 18:59:52
ACC_1006969,C_104683,BUSINESS,9974.52,ACTIVE,2016-02-24 09:12:41
ACC_1006970,C_104683,SAVINGS,5371.67,ACTIVE,2016-02-16 16:38:41
ACC_1006971,C_104683,BUSINESS,151407.87,ACTIVE,2016-02-05 09:48:41
ACC_1006972,C_104684,BUSINESS,276659.27,ACTIVE,2023-01-08 08:43:27
ACC_1006973,C_104684,CURRENT,1204.34,ACTIVE,2023-01-28 05:27:27
ACC_1006974,C_104685,BUSINESS,3860.17,ACTIVE,2018-08-07 07:42:14
ACC_1006975,C_104686,SAVINGS,7337.34,ACTIVE,2023-08-31 03:42:32
ACC_1006976,C_104687,CURRENT,3064.92,ACTIVE,2025-07-02 17:03:03
ACC_1006977,C_104688,BUSINESS,19191.18,ACTIVE,2019-07-03 06:00:37
ACC_1006978,C_104688,SAVINGS,59996.46,ACTIVE,2019-07-15 03:15:37
ACC_1006979,C_104689,BUSINESS,114535.33,ACTIVE,2025-05-21 07:53:53
ACC_1006980,C_104690,BUSINESS,1903.31,DORMANT,2018-10-09 03:37:17
ACC_1006981,C_104691,CURRENT,6240.9,ACTIVE,2021-07-31 15:30:19
ACC_1006982,C_104692,CURRENT,6493.72,ACTIVE,2016-08-20 11:56:18
ACC_1006983,C_104693,CURRENT,2362.06,ACTIVE,2020-02-21 10:31:32
ACC_1006984,C_104694,SAVINGS,14514.64,ACTIVE,2016-03-26 02:19:22
ACC_1006985,C_104694,SAVINGS,6673.35,ACTIVE,2016-03-20 18:35:22
ACC_1006986,C_104695,CURRENT,2552.44,ACTIVE,2019-09-13 20:37:25
ACC_1006987,C_104696,CURRENT,648.56,ACTIVE,2018-05-26 23:08:46
ACC_1006988,C_104697,CURRENT,1670.03,ACTIVE,2017-01-26 02:37:42
ACC_1006989,C_104698,BUSINESS,110611.2,ACTIVE,2024-04-22 11:47:14
ACC_1006990,C_104698,BUSINESS,134534.98,ACTIVE,2024-04-13 05:32:14
ACC_1006991,C_104699,SAVINGS,4073.03,ACTIVE,2016-11-11 22:48:23
ACC_1006992,C_104700,BUSINESS,136730.24,ACTIVE,2023-03-15 07:28:18
ACC_1006993,C_104700,CURRENT,855.36,ACTIVE,2023-03-24 23:11:18
ACC_1006994,C_104701,SAVINGS,78089.82,ACTIVE,2020-11-28 18:24:17
ACC_1006995,C_104702,BUSINESS,17857.6,ACTIVE,2025-02-11 13:21:48
ACC_1006996,C_104703,SAVINGS,73167.67,ACTIVE,2020-10-25 17:42:24
ACC_1006997,C_104703,CURRENT,3171.53,ACTIVE,2020-10-06 09:26:24
ACC_1006998,C_104704,BUSINESS,57983.19,ACTIVE,2019-06-10 16:14:58
ACC_1006999,C_104704,SAVINGS,22091.49,ACTIVE,2019-06-14 23:50:58
ACC_1007000,C_104705,CURRENT,267.7,DORMANT,2021-08-14 18:14:14
ACC_1007001,C_104706,BUSINESS,32250.06,ACTIVE,2017-05-28 06:44:06
ACC_1007002,C_104706,SAVINGS,15015.97,ACTIVE,2017-05-19 14:17:06
ACC_1007003,C_104707,SAVINGS,3237.26,ACTIVE,2017-04-20 19:20:05
ACC_1007004,C_104708,SAVINGS,7107.04,ACTIVE,2017-11-25 06:20:44
ACC_1007005,C_104709,CURRENT,1546.45,ACTIVE,2020-09-17 03:34:19
ACC_1007006,C_104710,BUSINESS,29156.66,ACTIVE,2024-01-21 00:29:03
ACC_1007007,C_104710,SAVINGS,39420.42,ACTIVE,2024-01-29 18:43:03
ACC_1007008,C_104711,SAVINGS,2192.98,ACTIVE,2023-05-29 06:47:52
ACC_1007009,C_104712,SAVINGS,9158.5,ACTIVE,2017-06-02 20:53:55
ACC_1007010,C_104712,SAVINGS,42166.66,ACTIVE,2017-05-21 20:06:55
ACC_1007011,C_104713,CURRENT,4788.73,ACTIVE,2025-11-27 23:20:19
ACC_1007012,C_104714,SAVINGS,28395.68,ACTIVE,2023-06-27 09:02:05
ACC_1007013,C_104714,BUSINESS,167810.95,ACTIVE,2023-07-12 08:41:05
ACC_1007014,C_104715,CURRENT,1635.19,ACTIVE,2020-05-05 14:04:18
ACC_1007015,C_104715,CURRENT,1782.01,ACTIVE,2020-05-09 01:55:18
ACC_1007016,C_104716,BUSINESS,144709.87,ACTIVE,2024-10-23 17:42:12
ACC_1007017,C_104716,SAVINGS,7082.59,ACTIVE,2024-10-22 13:48:12
ACC_1007018,C_104716,SAVINGS,33812.44,DORMANT,2024-10-25 02:34:12
ACC_1007019,C_104717,CURRENT,1403.06,ACTIVE,2016-12-03 00:16:38
ACC_1007020,C_104718,CURRENT,1466.51,ACTIVE,2025-07-09 21:00:17
ACC_1007021,C_104719,CURRENT,1094.46,ACTIVE,2020-12-06 10:05:39
ACC_1007022,C_104719,BUSINESS,132463.61,ACTIVE,2020-12-04 17:26:39
ACC_1007023,C_104720,SAVINGS,16843.59,ACTIVE,2025-11-27 08:06:55
ACC_1007024,C_104721,SAVINGS,203888.89,ACTIVE,2018-07-28 03:42:43
ACC_1007025,C_104722,BUSINESS,30351.43,ACTIVE,2016-10-19 10:43:52
ACC_1007026,C_104723,BUSINESS,17608.94,ACTIVE,2024-06-25 08:19:33
ACC_1007027,C_104724,CURRENT,3317.81,ACTIVE,2023-05-01 10:16:41
ACC_1007028,C_104725,CURRENT,1303.93,ACTIVE,2023-09-28 12:03:57
ACC_1007029,C_104725,BUSINESS,896662.48,ACTIVE,2023-09-29 02:25:57
ACC_1007030,C_104725,CURRENT,661.69,DORMANT,2023-10-02 00:00:57
ACC_1007031,C_104726,CURRENT,1123.26,ACTIVE,2025-06-10 20:06:44
ACC_1007032,C_104727,CURRENT,8230.76,ACTIVE,2023-11-15 02:41:58
ACC_1007033,C_104727,CURRENT,8349.94,ACTIVE,2023-11-03 04:55:58
ACC_1007034,C_104728,CURRENT,2014.77,DORMANT,2023-11-19 10:29:55
ACC_1007035,C_104728,BUSINESS,54715.6,ACTIVE,2023-12-14 13:52:55
ACC_1007036,C_104729,CURRENT,5912.02,ACTIVE,2020-10-19 12:33:33
ACC_1007037,C_104730,CURRENT,1582.45,ACTIVE,2025-07-09 00:13:37
ACC_1007038,C_104730,SAVINGS,16565.27,ACTIVE,2025-07-07 03:46:37
ACC_1007039,C_104731,SAVINGS,17695.06,DORMANT,2021-11-02 08:59:22
ACC_1007040,C_104731,CURRENT,8954.66,ACTIVE,2021-11-24 10:57:22
ACC_1007041,C_104732,SAVINGS,245795.28,ACTIVE,2023-01-06 09:30:05
ACC_1007042,C_104733,CURRENT,663.85,DORMANT,2017-09-22 23:18:03
ACC_1007043,C_104734,CURRENT,6610.43,ACTIVE,2018-05-01 19:59:34
ACC_1007044,C_104735,CURRENT,1417.57,ACTIVE,2025-09-01 14:10:31
ACC_1007045,C_104735,CURRENT,190.91,DORMANT,2025-09-09 17:03:31
ACC_1007046,C_104735,CURRENT,1758.58,ACTIVE,2025-09-27 13:15:31
ACC_1007047,C_104736,BUSINESS,272506.33,ACTIVE,2024-05-02 02:14:20
ACC_1007048,C_104736,CURRENT,697.96,ACTIVE,2024-04-02 04:13:20
ACC_1007049,C_104737,CURRENT,1064.37,ACTIVE,2025-03-30 01:11:13
ACC_1007050,C_104738,SAVINGS,135979.07,ACTIVE,2025-11-23 17:03:56
ACC_1007051,C_104738,SAVINGS,9412.17,ACTIVE,2025-11-27 20:35:56
ACC_1007052,C_104739,CURRENT,9598.61,ACTIVE,2023-12-17 16:06:54
ACC_1007053,C_104739,CURRENT,1679.69,ACTIVE,2023-12-26 08:11:54
ACC_1007054,C_104740,SAVINGS,31495.61,ACTIVE,2018-12-10 10:02:49
ACC_1007055,C_104741,CURRENT,28373.1,ACTIVE,2019-07-31 12:36:09
ACC_1007056,C_104741,CURRENT,3151.28,ACTIVE,2019-07-27 18:26:09
ACC_1007057,C_104741,SAVINGS,5955.87,ACTIVE,2019-07-26 14:24:09
ACC_1007058,C_104742,CURRENT,8639.28,ACTIVE,2019-06-23 04:10:59
ACC_1007059,C_104743,SAVINGS,7598.82,ACTIVE,2021-09-21 14:55:42
ACC_1007060,C_104744,SAVINGS,1379.21,ACTIVE,2023-06-17 08:28:20
ACC_1007061,C_104744,BUSINESS,82155.22,ACTIVE,2023-07-05 05:23:20
ACC_1007062,C_104745,BUSINESS,85055.93,ACTIVE,2025-01-26 20:49:46
ACC_1007063,C_104746,CURRENT,1217.53,ACTIVE,2023-12-08 23:55:44
ACC_1007064,C_104747,SAVINGS,22769.32,ACTIVE,2017-09-15 22:00:07
ACC_1007065,C_104748,CURRENT,1418.14,ACTIVE,2016-12-31 19:04:52
ACC_1007066,C_104748,CURRENT,2457.96,ACTIVE,2016-12-20 17:28:52
ACC_1007067,C_104749,CURRENT,5746.95,ACTIVE,2020-08-01 08:17:58
ACC_1007068,C_104750,SAVINGS,29723.32,ACTIVE,2017-12-08 08:28:55
ACC_1007069,C_104751,CURRENT,7864.4,ACTIVE,2025-01-23 02:18:35
ACC_1007070,C_104751,SAVINGS,2236.75,ACTIVE,2025-01-22 06:42:35
ACC_1007071,C_104752,SAVINGS,19482.22,ACTIVE,2021-11-30 16:18:42
ACC_1007072,C_104753,CURRENT,1066.16,DORMANT,2024-05-06 03:12:59
ACC_1007073,C_104754,SAVINGS,18228.46,ACTIVE,2022-09-26 08:43:52
ACC_1007074,C_104754,SAVINGS,6220.9,ACTIVE,2022-09-11 18:29:52
ACC_1007075,C_104754,BUSINESS,6645.12,ACTIVE,2022-09-12 23:49:52
ACC_1007076,C_104755,CURRENT,947.76,ACTIVE,2022-02-24 09:20:50
ACC_1007077,C_104755,SAVINGS,13992.26,ACTIVE,2022-02-03 12:42:50
ACC_1007078,C_104755,CURRENT,1386.99,ACTIVE,2022-02-07 00:26:50
ACC_1007079,C_104756,CURRENT,4045.0,ACTIVE,2021-01-10 03:32:37
ACC_1007080,C_104756,SAVINGS,24908.0,ACTIVE,2021-01-12 23:14:37
ACC_1007081,C_104757,BUSINESS,145793.16,ACTIVE,2018-10-25 23:07:48
ACC_1007082,C_104757,SAVINGS,77012.09,ACTIVE,2018-11-15 14:30:48
ACC_1007083,C_104758,SAVINGS,18358.88,ACTIVE,2016-03-19 07:31:57
ACC_1007084,C_104759,CURRENT,2384.41,ACTIVE,2023-07-10 21:46:34
ACC_1007085,C_104759,CURRENT,1215.41,ACTIVE,2023-07-25 10:18:34
ACC_1007086,C_104759,BUSINESS,9139.3,ACTIVE,2023-06-30 03:23:34
ACC_1007087,C_104760,BUSINESS,49486.94,ACTIVE,2021-11-07 12:52:26
ACC_1007088,C_104760,CURRENT,2439.46,ACTIVE,2021-11-08 17:24:26
ACC_1007089,C_104761,SAVINGS,11020.99,ACTIVE,2022-03-28 14:52:34
ACC_1007090,C_104762,SAVINGS,5012.02,ACTIVE,2020-10-31 09:10:58
ACC_1007091,C_104762,SAVINGS,1343.81,ACTIVE,2020-10-18 23:21:58
ACC_1007092,C_104763,SAVINGS,6081.54,ACTIVE,2023-08-29 17:34:53
ACC_1007093,C_104763,SAVINGS,45763.05,ACTIVE,2023-08-29 09:37:53
ACC_1007094,C_104764,CURRENT,1778.76,ACTIVE,2017-03-21 05:29:29
ACC_1007095,C_104764,BUSINESS,90181.21,ACTIVE,2017-03-14 00:26:29
ACC_1007096,C_104765,BUSINESS,14247.25,ACTIVE,2023-09-15 19:16:40
ACC_1007097,C_104766,CURRENT,3245.09,ACTIVE,2018-06-03 08:35:54
ACC_1007098,C_104766,CURRENT,1428.29,ACTIVE,2018-06-07 13:06:54
ACC_1007099,C_104767,BUSINESS,415976.08,ACTIVE,2020-03-21 22:39:11
ACC_1007100,C_104768,CURRENT,5256.11,ACTIVE,2021-01-14 19:29:14
ACC_1007101,C_104769,SAVINGS,31711.58,ACTIVE,2025-12-06 19:06:49
ACC_1007102,C_104770,SAVINGS,9026.01,ACTIVE,2020-04-27 05:21:43
ACC_1007103,C_104771,CURRENT,6115.09,ACTIVE,2023-10-29 04:23:50
ACC_1007104,C_104772,CURRENT,1073.78,DORMANT,2024-06-07 17:02:38
ACC_1007105,C_104772,SAVINGS,5334.17,DORMANT,2024-06-10 21:12:38
ACC_1007106,C_104772,CURRENT,16413.06,ACTIVE,2024-06-15 12:17:38
ACC_1007107,C_104773,CURRENT,3294.21,DORMANT,2022-01-19 22:26:32
ACC_1007108,C_104773,CURRENT,10030.2,ACTIVE,2022-01-17 10:05:32
ACC_1007109,C_104773,BUSINESS,80523.97,ACTIVE,2022-01-27 03:24:32
ACC_1007110,C_104774,BUSINESS,63980.76,ACTIVE,2020-02-09 10:16:30
ACC_1007111,C_104775,BUSINESS,116222.19,DORMANT,2018-01-11 03:54:57
ACC_1007112,C_104775,SAVINGS,156088.9,ACTIVE,2017-12-21 07:09:57
ACC_1007113,C_104776,SAVINGS,16950.13,ACTIVE,2016-04-18 06:25:18
ACC_1007114,C_104776,BUSINESS,43674.42,ACTIVE,2016-04-13 02:51:18
ACC_1007115,C_104777,SAVINGS,6734.75,ACTIVE,2021-05-17 23:58:44
ACC_1007116,C_104778,CURRENT,1565.9,ACTIVE,2016-08-16 16:15:36
ACC_1007117,C_104779,BUSINESS,30186.14,ACTIVE,2018-11-17 13:35:33
ACC_1007118,C_104780,CURRENT,3643.81,DORMANT,2017-12-10 09:41:13
ACC_1007119,C_104781,SAVINGS,7888.47,ACTIVE,2019-08-05 18:27:48
ACC_1007120,C_104782,SAVINGS,2848.34,ACTIVE,2019-10-05 23:07:50
ACC_1007121,C_104782,SAVINGS,6616.2,ACTIVE,2019-10-11 01:50:50
ACC_1007122,C_104783,SAVINGS,13582.72,ACTIVE,2023-09-06 22:13:09
ACC_1007123,C_104783,SAVINGS,20101.64,ACTIVE,2023-09-19 21:52:09
ACC_1007124,C_104783,CURRENT,3957.62,ACTIVE,2023-08-31 23:08:09
ACC_1007125,C_104784,SAVINGS,15945.38,ACTIVE,2019-07-15 05:22:51
ACC_1007126,C_104784,CURRENT,285.07,ACTIVE,2019-07-06 13:31:51
ACC_1007127,C_104784,CURRENT,1194.33,ACTIVE,2019-06-19 18:15:51
ACC_1007128,C_104785,BUSINESS,1500000.0,ACTIVE,2016-10-19 01:53:31
ACC_1007129,C_104785,CURRENT,1908.33,ACTIVE,2016-10-28 20:51:31
ACC_1007130,C_104786,SAVINGS,27288.8,ACTIVE,2024-09-12 02:32:46
ACC_1007131,C_104787,BUSINESS,686025.91,ACTIVE,2020-07-16 10:41:41
ACC_1007132,C_104788,SAVINGS,19891.87,ACTIVE,2020-10-14 07:39:54
ACC_1007133,C_104789,SAVINGS,25189.58,ACTIVE,2023-07-14 18:35:32
ACC_1007134,C_104790,BUSINESS,32058.31,ACTIVE,2018-09-24 19:39:47
ACC_1007135,C_104791,BUSINESS,10508.39,ACTIVE,2025-03-07 05:21:13
ACC_1007136,C_104792,BUSINESS,313623.22,ACTIVE,2019-01-13 08:38:54
ACC_1007137,C_104793,CURRENT,4459.02,ACTIVE,2018-08-27 02:29:06
ACC_1007138,C_104794,CURRENT,2353.06,ACTIVE,2023-04-08 13:18:07
ACC_1007139,C_104795,SAVINGS,14350.74,ACTIVE,2025-08-27 07:21:55
ACC_1007140,C_104796,BUSINESS,31025.73,ACTIVE,2019-12-29 15:41:36
ACC_1007141,C_104797,SAVINGS,2847.19,ACTIVE,2022-06-10 08:29:06
ACC_1007142,C_104798,CURRENT,357.64,ACTIVE,2024-06-15 00:39:19
ACC_1007143,C_104798,SAVINGS,26431.78,ACTIVE,2024-06-13 14:34:19
ACC_1007144,C_104799,BUSINESS,15241.94,ACTIVE,2019-11-17 07:40:10
ACC_1007145,C_104800,CURRENT,2968.11,DORMANT,2025-07-20 19:24:51
ACC_1007146,C_104800,SAVINGS,4809.07,ACTIVE,2025-07-25 09:51:51
ACC_1007147,C_104801,BUSINESS,38524.51,ACTIVE,2023-02-09 16:08:41
ACC_1007148,C_104802,BUSINESS,1004831.75,ACTIVE,2020-09-06 17:49:21
ACC_1007149,C_104803,CURRENT,1153.96,ACTIVE,2025-02-03 11:24:39
ACC_1007150,C_104804,CURRENT,977.22,ACTIVE,2020-02-19 19:24:15
ACC_1007151,C_104805,BUSINESS,62418.0,ACTIVE,2019-08-27 17:26:45
ACC_1007152,C_104805,SAVINGS,72694.53,ACTIVE,2019-08-23 12:15:45
ACC_1007153,C_104806,CURRENT,260.49,ACTIVE,2024-01-06 20:35:46
ACC_1007154,C_104806,BUSINESS,166725.65,ACTIVE,2023-12-31 23:02:46
ACC_1007155,C_104807,SAVINGS,68589.75,ACTIVE,2018-02-16 15:25:02
ACC_1007156,C_104808,CURRENT,1453.55,ACTIVE,2021-05-05 19:19:03
ACC_1007157,C_104809,SAVINGS,11743.19,ACTIVE,2019-09-10 21:09:40
ACC_1007158,C_104810,SAVINGS,4114.35,ACTIVE,2020-10-19 11:17:32
ACC_1007159,C_104811,SAVINGS,18990.37,ACTIVE,2018-02-28 10:49:07
ACC_1007160,C_104812,BUSINESS,47886.4,DORMANT,2016-07-12 04:33:42
ACC_1007161,C_104812,CURRENT,1335.36,ACTIVE,2016-07-16 03:50:42
ACC_1007162,C_104813,CURRENT,423.39,ACTIVE,2023-09-04 22:08:58
ACC_1007163,C_104813,SAVINGS,9916.55,ACTIVE,2023-09-09 22:34:58
ACC_1007164,C_104814,SAVINGS,89770.71,ACTIVE,2022-08-08 19:38:00
ACC_1007165,C_104814,CURRENT,3561.78,ACTIVE,2022-08-13 12:47:00
ACC_1007166,C_104814,SAVINGS,35508.01,ACTIVE,2022-08-08 06:51:00
ACC_1007167,C_104815,SAVINGS,5657.79,ACTIVE,2023-09-25 11:50:20
ACC_1007168,C_104816,CURRENT,1306.87,DORMANT,2019-12-23 10:33:59
ACC_1007169,C_104816,BUSINESS,28067.39,ACTIVE,2019-12-29 10:49:59
ACC_1007170,C_104817,BUSINESS,538878.83,ACTIVE,2021-06-12 01:04:39
ACC_1007171,C_104818,SAVINGS,5446.73,ACTIVE,2016-04-11 11:12:56
ACC_1007172,C_104819,CURRENT,253.45,ACTIVE,2017-12-29 14:36:50
ACC_1007173,C_104820,CURRENT,10360.49,ACTIVE,2017-05-25 06:02:44
ACC_1007174,C_104821,SAVINGS,6290.89,ACTIVE,2017-04-07 14:17:53
ACC_1007175,C_104822,SAVINGS,4194.02,ACTIVE,2020-01-30 11:07:08
ACC_1007176,C_104823,BUSINESS,11632.54,ACTIVE,2020-11-25 18:25:16
ACC_1007177,C_104823,BUSINESS,23801.66,ACTIVE,2020-11-16 13:43:16
ACC_1007178,C_104824,CURRENT,2233.45,DORMANT,2023-08-29 15:03:57
ACC_1007179,C_104825,CURRENT,2276.81,ACTIVE,2020-04-28 08:37:23
ACC_1007180,C_104825,SAVINGS,19121.99,ACTIVE,2020-05-10 23:16:23
ACC_1007181,C_104826,BUSINESS,748993.51,ACTIVE,2016-03-02 02:44:42
ACC_1007182,C_104826,BUSINESS,17456.99,ACTIVE,2016-03-10 15:41:42
ACC_1007183,C_104827,CURRENT,795.04,ACTIVE,2025-03-02 14:54:00
ACC_1007184,C_104828,CURRENT,5270.15,ACTIVE,2017-09-10 00:43:07
ACC_1007185,C_104828,SAVINGS,29770.92,ACTIVE,2017-09-08 15:49:07
ACC_1007186,C_104828,CURRENT,3135.44,ACTIVE,2017-09-13 16:28:07
ACC_1007187,C_104829,SAVINGS,2777.68,ACTIVE,2020-06-21 12:34:44
ACC_1007188,C_104830,BUSINESS,70003.51,ACTIVE,2023-06-22 16:29:09
ACC_1007189,C_104831,SAVINGS,4359.47,ACTIVE,2021-07-01 00:32:51
ACC_1007190,C_104831,CURRENT,5717.56,ACTIVE,2021-06-26 09:20:51
ACC_1007191,C_104832,BUSINESS,357033.41,ACTIVE,2020-12-22 07:46:48
ACC_1007192,C_104832,BUSINESS,649383.48,ACTIVE,2021-01-18 18:06:48
ACC_1007193,C_104833,CURRENT,447.2,ACTIVE,2024-05-30 13:15:22
ACC_1007194,C_104833,SAVINGS,63544.9,ACTIVE,2024-06-25 22:01:22
ACC_1007195,C_104834,BUSINESS,162914.55,ACTIVE,2019-04-15 04:51:06
ACC_1007196,C_104835,CURRENT,960.19,ACTIVE,2019-02-23 20:42:43
ACC_1007197,C_104836,SAVINGS,7692.92,ACTIVE,2023-01-02 20:03:19
ACC_1007198,C_104836,SAVINGS,11451.61,ACTIVE,2022-12-28 09:42:19
ACC_1007199,C_104837,BUSINESS,103961.04,ACTIVE,2016-09-16 13:16:34
ACC_1007200,C_104838,BUSINESS,287217.79,ACTIVE,2018-07-16 11:00:09
ACC_1007201,C_104838,BUSINESS,98619.17,ACTIVE,2018-08-06 16:15:09
ACC_1007202,C_104838,BUSINESS,20539.42,ACTIVE,2018-07-21 19:10:09
ACC_1007203,C_104839,SAVINGS,100864.82,ACTIVE,2017-02-06 13:36:14
ACC_1007204,C_104840,BUSINESS,16184.06,ACTIVE,2025-11-03 01:29:26
ACC_1007205,C_104841,BUSINESS,113247.0,ACTIVE,2022-04-01 00:03:56
ACC_1007206,C_104841,SAVINGS,60857.86,ACTIVE,2022-04-08 01:03:56
ACC_1007207,C_104842,SAVINGS,38229.97,ACTIVE,2023-10-27 21:12:39
ACC_1007208,C_104843,CURRENT,3502.84,ACTIVE,2024-03-04 19:53:29
ACC_1007209,C_104843,CURRENT,113.22,ACTIVE,2024-03-04 19:58:29
ACC_1007210,C_104844,SAVINGS,26076.32,ACTIVE,2016-10-24 04:59:46
ACC_1007211,C_104845,CURRENT,1174.13,ACTIVE,2022-10-23 16:27:14
ACC_1007212,C_104846,SAVINGS,101331.08,ACTIVE,2019-09-07 19:57:42
ACC_1007213,C_104847,CURRENT,2910.83,ACTIVE,2017-11-29 13:50:02
ACC_1007214,C_104848,SAVINGS,20201.45,ACTIVE,2024-08-06 02:45:50
ACC_1007215,C_104848,SAVINGS,14616.07,ACTIVE,2024-08-03 12:37:50
ACC_1007216,C_104848,SAVINGS,8257.31,ACTIVE,2024-07-31 06:14:50
ACC_1007217,C_104849,SAVINGS,16295.1,ACTIVE,2022-03-31 23:11:00
ACC_1007218,C_104850,SAVINGS,2123.78,ACTIVE,2016-07-06 18:56:02
ACC_1007219,C_104850,BUSINESS,339277.3,ACTIVE,2016-07-17 08:49:02
ACC_1007220,C_104851,CURRENT,2419.1,ACTIVE,2019-01-29 23:44:50
ACC_1007221,C_104852,CURRENT,1208.23,ACTIVE,2018-12-30 01:58:38
ACC_1007222,C_104853,SAVINGS,31990.94,ACTIVE,2019-11-24 06:36:18
ACC_1007223,C_104854,SAVINGS,11810.16,ACTIVE,2024-09-21 23:31:10
ACC_1007224,C_104854,CURRENT,2295.06,DORMANT,2024-09-07 08:57:10
ACC_1007225,C_104855,CURRENT,872.96,ACTIVE,2018-11-30 10:56:07
ACC_1007226,C_104856,CURRENT,2002.81,ACTIVE,2016-01-30 08:49:44
ACC_1007227,C_104857,CURRENT,910.22,ACTIVE,2017-09-30 23:23:53
ACC_1007228,C_104858,BUSINESS,38967.48,ACTIVE,2025-09-30 21:10:40
ACC_1007229,C_104858,CURRENT,1748.75,ACTIVE,2025-09-23 14:17:40
ACC_1007230,C_104859,CURRENT,1299.19,ACTIVE,2017-04-03 11:01:50
ACC_1007231,C_104860,SAVINGS,9793.25,ACTIVE,2020-11-26 00:42:14
ACC_1007232,C_104861,BUSINESS,136452.63,ACTIVE,2017-06-21 04:20:43
ACC_1007233,C_104862,CURRENT,355.85,ACTIVE,2017-05-10 11:35:40
ACC_1007234,C_104862,CURRENT,2833.81,ACTIVE,2017-05-25 21:49:40
ACC_1007235,C_104863,CURRENT,2634.07,ACTIVE,2023-01-16 23:36:06
ACC_1007236,C_104863,SAVINGS,93730.88,ACTIVE,2022-12-24 00:18:06
ACC_1007237,C_104864,SAVINGS,7542.74,ACTIVE,2017-12-19 05:00:10
ACC_1007238,C_104865,BUSINESS,34660.44,ACTIVE,2025-11-30 09:31:19
ACC_1007239,C_104866,CURRENT,560.91,ACTIVE,2024-05-02 01:43:48
ACC_1007240,C_104866,CURRENT,6968.61,ACTIVE,2024-05-13 14:04:48
ACC_1007241,C_104866,SAVINGS,83940.07,ACTIVE,2024-05-06 20:32:48
ACC_1007242,C_104867,CURRENT,5943.26,ACTIVE,2020-07-22 22:46:36
ACC_1007243,C_104868,SAVINGS,9096.12,ACTIVE,2020-03-25 14:23:17
ACC_1007244,C_104869,CURRENT,1982.7,ACTIVE,2024-07-01 02:09:57
ACC_1007245,C_104869,CURRENT,604.65,ACTIVE,2024-07-09 20:42:57
ACC_1007246,C_104870,BUSINESS,160624.47,ACTIVE,2025-11-06 18:44:18
ACC_1007247,C_104870,BUSINESS,18441.99,ACTIVE,2025-11-05 22:30:18
ACC_1007248,C_104871,CURRENT,1010.55,ACTIVE,2017-08-22 18:26:24
ACC_1007249,C_104872,CURRENT,937.36,DORMANT,2016-04-04 00:46:05
ACC_1007250,C_104872,BUSINESS,2284.58,ACTIVE,2016-03-29 15:00:05
ACC_1007251,C_104872,SAVINGS,9224.55,ACTIVE,2016-03-17 15:35:05
ACC_1007252,C_104873,CURRENT,4962.47,ACTIVE,2023-04-25 08:42:49
ACC_1007253,C_104874,CURRENT,420.37,ACTIVE,2026-01-17 05:53:09
ACC_1007254,C_104874,CURRENT,3593.78,ACTIVE,2026-01-23 03:10:09
ACC_1007255,C_104875,CURRENT,2790.91,ACTIVE,2018-10-13 00:51:07
ACC_1007256,C_104876,SAVINGS,43910.05,ACTIVE,2019-07-25 15:41:10
ACC_1007257,C_104877,BUSINESS,510309.4,ACTIVE,2023-09-04 19:06:09
ACC_1007258,C_104878,BUSINESS,323529.26,ACTIVE,2025-07-28 12:41:56
ACC_1007259,C_104879,SAVINGS,4257.85,ACTIVE,2018-05-18 01:35:16
ACC_1007260,C_104880,BUSINESS,50732.81,ACTIVE,2021-09-30 03:05:35
ACC_1007261,C_104881,BUSINESS,160249.07,ACTIVE,2016-02-26 22:56:15
ACC_1007262,C_104881,CURRENT,4900.38,ACTIVE,2016-03-04 22:19:15
ACC_1007263,C_104882,CURRENT,1167.1,ACTIVE,2016-08-26 11:58:44
ACC_1007264,C_104883,BUSINESS,8182.72,ACTIVE,2021-10-08 18:11:25
ACC_1007265,C_104884,SAVINGS,20738.09,ACTIVE,2023-10-25 15:52:56
ACC_1007266,C_104885,CURRENT,717.22,DORMANT,2016-02-07 02:14:07
ACC_1007267,C_104886,BUSINESS,57721.44,ACTIVE,2018-05-27 17:04:26
ACC_1007268,C_104886,SAVINGS,12930.97,ACTIVE,2018-06-09 22:05:26
ACC_1007269,C_104886,BUSINESS,91635.73,ACTIVE,2018-06-19 13:02:26
ACC_1007270,C_104887,CURRENT,1546.77,ACTIVE,2022-08-08 03:02:24
ACC_1007271,C_104887,SAVINGS,35993.47,ACTIVE,2022-08-01 20:35:24
ACC_1007272,C_104888,BUSINESS,43736.24,ACTIVE,2017-09-09 15:49:28
ACC_1007273,C_104888,SAVINGS,93331.61,ACTIVE,2017-09-22 14:20:28
ACC_1007274,C_104888,CURRENT,1737.03,ACTIVE,2017-09-28 12:21:28
ACC_1007275,C_104889,BUSINESS,540587.04,DORMANT,2020-08-28 07:08:06
ACC_1007276,C_104890,SAVINGS,4763.34,ACTIVE,2022-12-21 06:03:04
ACC_1007277,C_104890,SAVINGS,31785.66,ACTIVE,2022-12-13 08:07:04
ACC_1007278,C_104891,CURRENT,1858.94,ACTIVE,2020-05-27 14:41:58
ACC_1007279,C_104892,BUSINESS,50636.62,ACTIVE,2018-03-23 08:37:35
ACC_1007280,C_104893,CURRENT,4243.37,ACTIVE,2022-03-13 01:52:20
ACC_1007281,C_104893,CURRENT,1634.67,ACTIVE,2022-03-12 06:23:20
ACC_1007282,C_104894,SAVINGS,33560.75,ACTIVE,2023-11-20 23:22:21
ACC_1007283,C_104895,CURRENT,2772.45,ACTIVE,2024-10-12 19:07:39
ACC_1007284,C_104895,CURRENT,2928.79,ACTIVE,2024-10-21 23:02:39
ACC_1007285,C_104896,BUSINESS,88594.65,DORMANT,2018-09-17 15:52:24
ACC_1007286,C_104896,SAVINGS,9639.2,ACTIVE,2018-09-27 02:55:24
ACC_1007287,C_104897,BUSINESS,103561.8,ACTIVE,2024-01-10 00:07:31
ACC_1007288,C_104898,SAVINGS,14345.44,ACTIVE,2020-04-29 09:14:35
ACC_1007289,C_104899,CURRENT,231.29,DORMANT,2017-11-10 03:57:51
ACC_1007290,C_104900,CURRENT,428.03,ACTIVE,2016-05-15 18:45:42
ACC_1007291,C_104900,BUSINESS,53500.14,ACTIVE,2016-05-29 05:35:42
ACC_1007292,C_104901,CURRENT,2735.36,ACTIVE,2025-08-03 07:56:17
ACC_1007293,C_104902,SAVINGS,2611.35,ACTIVE,2023-10-16 02:59:27
ACC_1007294,C_104902,SAVINGS,3821.77,ACTIVE,2023-11-04 20:04:27
ACC_1007295,C_104903,CURRENT,3709.89,ACTIVE,2021-02-28 22:50:07
ACC_1007296,C_104904,BUSINESS,21100.01,ACTIVE,2020-05-31 13:33:37
ACC_1007297,C_104905,BUSINESS,90666.67,ACTIVE,2017-11-08 13:51:26
ACC_1007298,C_104905,CURRENT,3462.24,ACTIVE,2017-11-11 18:03:26
ACC_1007299,C_104906,CURRENT,1897.9,ACTIVE,2019-08-16 00:48:05
ACC_1007300,C_104907,SAVINGS,23614.31,ACTIVE,2023-02-07 03:55:39
ACC_1007301,C_104907,CURRENT,3038.73,ACTIVE,2023-02-13 05:34:39
ACC_1007302,C_104908,CURRENT,3215.23,ACTIVE,2016-06-27 00:22:07
ACC_1007303,C_104909,BUSINESS,32415.7,ACTIVE,2025-07-21 09:14:17
ACC_1007304,C_104910,BUSINESS,47820.19,ACTIVE,2025-03-29 13:08:35
ACC_1007305,C_104910,CURRENT,3569.27,ACTIVE,2025-04-01 09:56:35
ACC_1007306,C_104911,SAVINGS,9462.92,ACTIVE,2023-10-11 01:06:13
ACC_1007307,C_104911,SAVINGS,4442.18,ACTIVE,2023-10-25 01:15:13
ACC_1007308,C_104912,SAVINGS,8474.22,ACTIVE,2021-09-16 06:51:33
ACC_1007309,C_104912,BUSINESS,79221.73,ACTIVE,2021-09-18 22:46:33
ACC_1007310,C_104913,BUSINESS,503264.31,ACTIVE,2022-10-26 13:57:34
ACC_1007311,C_104913,SAVINGS,3520.62,ACTIVE,2022-10-27 09:11:34
ACC_1007312,C_104914,CURRENT,1005.27,ACTIVE,2023-04-15 07:17:34
ACC_1007313,C_104915,CURRENT,7047.42,ACTIVE,2019-04-01 07:41:24
ACC_1007314,C_104916,CURRENT,1549.62,ACTIVE,2021-01-03 21:30:31
ACC_1007315,C_104916,BUSINESS,140876.0,ACTIVE,2020-12-31 02:04:31
ACC_1007316,C_104917,CURRENT,3735.1,ACTIVE,2019-10-18 23:58:56
ACC_1007317,C_104918,BUSINESS,95056.51,ACTIVE,2017-04-01 04:34:14
ACC_1007318,C_104919,SAVINGS,11015.55,ACTIVE,2022-12-20 13:05:19
ACC_1007319,C_104920,BUSINESS,107561.14,ACTIVE,2021-11-18 12:18:05
ACC_1007320,C_104921,SAVINGS,15299.39,ACTIVE,2017-08-12 14:01:15
ACC_1007321,C_104922,BUSINESS,50463.94,ACTIVE,2023-02-12 19:06:32
ACC_1007322,C_104923,BUSINESS,25541.82,ACTIVE,2020-09-30 21:44:57
ACC_1007323,C_104924,CURRENT,1170.08,ACTIVE,2024-01-28 12:59:33
ACC_1007324,C_104924,SAVINGS,64026.86,ACTIVE,2024-01-25 09:34:33
ACC_1007325,C_104925,BUSINESS,82728.74,ACTIVE,2024-09-09 05:59:30
ACC_1007326,C_104926,SAVINGS,32883.89,ACTIVE,2022-01-27 05:53:13
ACC_1007327,C_104926,CURRENT,647.79,ACTIVE,2022-01-18 19:39:13
ACC_1007328,C_104927,BUSINESS,41583.68,ACTIVE,2021-12-20 04:42:34
ACC_1007329,C_104928,CURRENT,1041.53,ACTIVE,2022-05-10 03:33:38
ACC_1007330,C_104929,CURRENT,1416.46,ACTIVE,2022-04-20 11:41:10
ACC_1007331,C_104929,SAVINGS,8902.78,ACTIVE,2022-03-29 09:02:10
ACC_1007332,C_104930,CURRENT,1564.83,ACTIVE,2017-11-18 01:42:34
ACC_1007333,C_104931,SAVINGS,1899.77,ACTIVE,2016-11-23 12:57:43
ACC_1007334,C_104932,BUSINESS,300870.9,ACTIVE,2024-10-18 09:26:12
ACC_1007335,C_104932,CURRENT,3861.32,ACTIVE,2024-11-07 04:34:12
ACC_1007336,C_104933,SAVINGS,18081.83,ACTIVE,2019-11-14 01:14:21
ACC_1007337,C_104934,SAVINGS,62859.44,ACTIVE,2024-08-02 04:54:43
ACC_1007338,C_104935,CURRENT,5241.24,ACTIVE,2022-03-14 06:31:31
ACC_1007339,C_104936,CURRENT,4974.85,ACTIVE,2020-08-22 02:55:54
ACC_1007340,C_104936,SAVINGS,4527.63,ACTIVE,2020-09-12 13:41:54
ACC_1007341,C_104937,SAVINGS,12975.99,ACTIVE,2023-09-08 01:37:35
ACC_1007342,C_104938,CURRENT,2751.34,ACTIVE,2020-08-18 13:48:14
ACC_1007343,C_104939,CURRENT,2242.76,ACTIVE,2019-06-13 22:24:10
ACC_1007344,C_104939,BUSINESS,79730.84,DORMANT,2019-06-27 10:24:10
ACC_1007345,C_104940,SAVINGS,11070.34,ACTIVE,2025-08-02 09:56:22
ACC_1007346,C_104941,CURRENT,287.03,ACTIVE,2022-03-26 22:00:09
ACC_1007347,C_104941,BUSINESS,98891.54,ACTIVE,2022-03-13 14:51:09
ACC_1007348,C_104942,BUSINESS,31788.7,ACTIVE,2022-05-19 02:22:09
ACC_1007349,C_104942,SAVINGS,36417.0,ACTIVE,2022-05-05 22:38:09
ACC_1007350,C_104943,CURRENT,403.41,ACTIVE,2021-12-15 01:17:46
ACC_1007351,C_104944,SAVINGS,7921.31,ACTIVE,2017-07-15 09:54:28
ACC_1007352,C_104945,SAVINGS,11024.63,ACTIVE,2024-01-28 00:39:48
ACC_1007353,C_104946,SAVINGS,7973.85,ACTIVE,2023-11-09 11:39:51
ACC_1007354,C_104946,SAVINGS,80044.66,ACTIVE,2023-11-06 19:07:51
ACC_1007355,C_104947,CURRENT,149.12,ACTIVE,2017-10-01 02:43:58
ACC_1007356,C_104947,BUSINESS,71472.29,DORMANT,2017-09-09 17:36:58
ACC_1007357,C_104948,SAVINGS,18448.26,ACTIVE,2022-06-25 23:44:12
ACC_1007358,C_104949,SAVINGS,9413.75,ACTIVE,2018-10-12 08:30:14
ACC_1007359,C_104950,CURRENT,2138.67,ACTIVE,2019-12-08 00:40:25
ACC_1007360,C_104951,CURRENT,942.81,ACTIVE,2020-02-20 23:09:47
ACC_1007361,C_104952,BUSINESS,267720.49,ACTIVE,2019-01-04 17:08:12
ACC_1007362,C_104953,CURRENT,167.73,ACTIVE,2023-10-11 15:03:36
ACC_1007363,C_104954,BUSINESS,226279.4,ACTIVE,2019-09-23 05:53:19
ACC_1007364,C_104955,BUSINESS,1500000.0,ACTIVE,2016-03-25 21:12:22
ACC_1007365,C_104956,BUSINESS,2161.3,ACTIVE,2020-06-08 11:08:04
ACC_1007366,C_104956,BUSINESS,104367.18,ACTIVE,2020-06-18 01:17:04
ACC_1007367,C_104956,CURRENT,8590.87,ACTIVE,2020-06-12 05:58:04
ACC_1007368,C_104957,CURRENT,1543.51,ACTIVE,2022-03-20 12:33:40
ACC_1007369,C_104957,CURRENT,2538.37,ACTIVE,2022-04-11 04:21:40
ACC_1007370,C_104958,CURRENT,7739.64,ACTIVE,2020-03-19 12:37:44
ACC_1007371,C_104958,BUSINESS,189548.91,ACTIVE,2020-03-07 02:07:44
ACC_1007372,C_104958,SAVINGS,87946.84,ACTIVE,2020-03-17 23:38:44
ACC_1007373,C_104959,CURRENT,684.39,ACTIVE,2018-02-24 04:46:27
ACC_1007374,C_104959,CURRENT,1681.06,ACTIVE,2018-02-06 00:19:27
ACC_1007375,C_104960,BUSINESS,139347.61,ACTIVE,2024-08-17 18:45:35
ACC_1007376,C_104960,CURRENT,230.99,ACTIVE,2024-08-24 20:33:35
ACC_1007377,C_104961,CURRENT,2038.13,ACTIVE,2021-07-24 19:04:17
ACC_1007378,C_104962,SAVINGS,2706.93,ACTIVE,2017-04-10 02:19:09
ACC_1007379,C_104963,SAVINGS,15866.7,ACTIVE,2021-09-18 19:40:30
ACC_1007380,C_104963,SAVINGS,45930.62,ACTIVE,2021-09-18 18:00:30
ACC_1007381,C_104964,CURRENT,1450.35,ACTIVE,2017-02-17 14:07:12
ACC_1007382,C_104965,CURRENT,14697.64,ACTIVE,2019-03-10 04:42:01
ACC_1007383,C_104966,BUSINESS,121580.3,ACTIVE,2018-05-05 18:03:23
ACC_1007384,C_104967,CURRENT,841.05,ACTIVE,2023-04-09 02:27:38
ACC_1007385,C_104968,BUSINESS,110912.78,ACTIVE,2020-02-08 16:53:14
ACC_1007386,C_104968,CURRENT,5354.44,DORMANT,2020-02-05 03:30:14
ACC_1007387,C_104969,BUSINESS,302011.12,ACTIVE,2025-04-19 11:03:53
ACC_1007388,C_104970,SAVINGS,1942.2,ACTIVE,2020-10-20 13:56:13
ACC_1007389,C_104971,SAVINGS,11974.11,DORMANT,2020-04-27 13:12:31
ACC_1007390,C_104972,CURRENT,874.72,ACTIVE,2017-11-29 20:02:45
ACC_1007391,C_104973,BUSINESS,62932.38,ACTIVE,2019-08-02 17:09:44
ACC_1007392,C_104974,CURRENT,5878.63,ACTIVE,2022-02-12 00:19:47
ACC_1007393,C_104974,SAVINGS,5453.29,ACTIVE,2022-01-18 07:52:47
ACC_1007394,C_104975,BUSINESS,16378.33,ACTIVE,2025-09-09 00:45:08
ACC_1007395,C_104975,SAVINGS,7698.52,ACTIVE,2025-08-31 07:55:08
ACC_1007396,C_104975,SAVINGS,5799.06,ACTIVE,2025-09-19 00:23:08
ACC_1007397,C_104976,SAVINGS,55062.76,ACTIVE,2020-04-08 15:21:11
ACC_1007398,C_104977,SAVINGS,24933.82,ACTIVE,2019-02-22 05:10:51
ACC_1007399,C_104978,SAVINGS,14835.79,ACTIVE,2025-08-12 16:41:12
ACC_1007400,C_104978,CURRENT,1499.58,ACTIVE,2025-08-23 05:57:12
ACC_1007401,C_104979,SAVINGS,14056.68,ACTIVE,2017-04-16 20:08:13
ACC_1007402,C_104979,CURRENT,350.29,ACTIVE,2017-04-13 17:11:13
ACC_1007403,C_104980,CURRENT,306.94,ACTIVE,2022-07-09 17:53:16
ACC_1007404,C_104980,CURRENT,5922.64,ACTIVE,2022-07-21 21:21:16
ACC_1007405,C_104981,SAVINGS,2922.34,DORMANT,2020-08-22 22:28:06
ACC_1007406,C_104982,SAVINGS,6482.7,ACTIVE,2024-01-21 16:48:31
ACC_1007407,C_104983,SAVINGS,2261.76,DORMANT,2020-03-20 18:43:52
ACC_1007408,C_104983,CURRENT,2383.62,ACTIVE,2020-03-18 14:20:52
ACC_1007409,C_104984,SAVINGS,42851.57,ACTIVE,2023-04-09 23:12:09
ACC_1007410,C_104984,CURRENT,401.37,ACTIVE,2023-03-24 14:05:09
ACC_1007411,C_104985,CURRENT,703.56,ACTIVE,2022-12-06 11:52:43
ACC_1007412,C_104986,BUSINESS,130796.08,ACTIVE,2025-08-08 06:37:07
ACC_1007413,C_104986,CURRENT,315.94,ACTIVE,2025-08-08 15:34:07
ACC_1007414,C_104987,CURRENT,520.78,ACTIVE,2016-01-29 20:49:02
ACC_1007415,C_104987,SAVINGS,119257.2,ACTIVE,2016-01-07 00:28:02
ACC_1007416,C_104988,SAVINGS,5402.18,ACTIVE,2023-04-18 20:43:23
ACC_1007417,C_104988,SAVINGS,18181.41,ACTIVE,2023-04-19 08:29:23
ACC_1007418,C_104989,BUSINESS,205243.25,ACTIVE,2020-07-08 21:27:14
ACC_1007419,C_104989,BUSINESS,23296.34,ACTIVE,2020-06-21 19:50:14
ACC_1007420,C_104990,BUSINESS,31674.86,ACTIVE,2019-01-26 09:29:40
ACC_1007421,C_104990,SAVINGS,14592.81,DORMANT,2019-01-10 07:01:40
ACC_1007422,C_104991,CURRENT,909.88,ACTIVE,2023-08-12 13:35:52
ACC_1007423,C_104992,SAVINGS,14293.24,ACTIVE,2023-01-14 04:22:56
ACC_1007424,C_104993,CURRENT,318.42,ACTIVE,2017-09-17 10:38:45
ACC_1007425,C_104994,CURRENT,1953.93,ACTIVE,2024-01-09 07:10:44
ACC_1007426,C_104995,CURRENT,6710.21,ACTIVE,2021-03-08 18:38:41
ACC_1007427,C_104996,SAVINGS,17564.17,ACTIVE,2021-08-21 12:19:22
ACC_1007428,C_104997,CURRENT,449.86,ACTIVE,2020-01-09 04:08:51
ACC_1007429,C_104997,CURRENT,412.25,ACTIVE,2020-01-16 09:20:51
ACC_1007430,C_104998,CURRENT,1212.76,ACTIVE,2016-10-10 02:37:29
ACC_1007431,C_104999,SAVINGS,16258.13,ACTIVE,2017-11-01 09:14:05
ACC_1007432,C_105000,BUSINESS,52381.15,ACTIVE,2016-12-19 19:54:48
ACC_1007433,C_105000,SAVINGS,1575.48,ACTIVE,2016-11-26 12:22:48
ACC_1007434,C_105001,BUSINESS,13785.3,ACTIVE,2018-06-22 14:06:11
ACC_1007435,C_105001,BUSINESS,54882.26,ACTIVE,2018-07-03 17:40:11
ACC_1007436,C_105001,CURRENT,1735.56,ACTIVE,2018-06-15 19:14:11
ACC_1007437,C_105002,SAVINGS,13960.06,ACTIVE,2017-05-21 12:56:56
ACC_1007438,C_105003,SAVINGS,14552.31,ACTIVE,2025-01-31 21:14:29
ACC_1007439,C_105004,BUSINESS,72783.96,ACTIVE,2019-06-20 18:21:46
ACC_1007440,C_105004,BUSINESS,5741.79,ACTIVE,2019-06-29 15:26:46
ACC_1007441,C_105005,BUSINESS,11997.46,ACTIVE,2022-10-16 16:59:34
ACC_1007442,C_105006,CURRENT,6864.91,ACTIVE,2025-09-27 15:32:27
ACC_1007443,C_105006,BUSINESS,67307.31,ACTIVE,2025-09-23 21:00:27
ACC_1007444,C_105007,CURRENT,2767.91,ACTIVE,2025-07-14 22:23:30
ACC_1007445,C_105008,SAVINGS,1813.2,ACTIVE,2025-05-29 19:36:47
ACC_1007446,C_105008,SAVINGS,38502.76,ACTIVE,2025-05-15 21:25:47
ACC_1007447,C_105008,CURRENT,1704.5,ACTIVE,2025-05-13 13:43:47
ACC_1007448,C_105009,BUSINESS,290841.6,ACTIVE,2024-07-18 00:59:17
ACC_1007449,C_105009,SAVINGS,5768.54,ACTIVE,2024-07-25 00:20:17
ACC_1007450,C_105010,BUSINESS,65843.27,ACTIVE,2021-04-06 04:54:33
ACC_1007451,C_105011,BUSINESS,6882.27,ACTIVE,2023-08-21 15:46:26
ACC_1007452,C_105012,SAVINGS,14618.5,ACTIVE,2021-07-04 04:35:52
ACC_1007453,C_105013,BUSINESS,104332.51,ACTIVE,2024-09-28 09:06:46
ACC_1007454,C_105013,BUSINESS,68524.91,DORMANT,2024-09-12 01:08:46
ACC_1007455,C_105014,BUSINESS,55914.35,ACTIVE,2017-02-25 06:08:36
ACC_1007456,C_105015,BUSINESS,47037.15,ACTIVE,2020-02-02 20:58:27
ACC_1007457,C_105015,BUSINESS,14726.57,ACTIVE,2020-02-04 22:55:27
ACC_1007458,C_105016,CURRENT,2061.56,ACTIVE,2024-06-08 02:25:23
ACC_1007459,C_105017,CURRENT,1704.61,ACTIVE,2020-10-16 02:35:42
ACC_1007460,C_105017,BUSINESS,64047.12,ACTIVE,2020-10-27 07:35:42
ACC_1007461,C_105017,CURRENT,3864.39,ACTIVE,2020-10-04 09:39:42
ACC_1007462,C_105018,SAVINGS,49174.24,ACTIVE,2019-02-17 08:34:23
ACC_1007463,C_105019,SAVINGS,78972.13,ACTIVE,2019-10-21 15:16:39
ACC_1007464,C_105020,BUSINESS,1434.72,ACTIVE,2018-06-02 09:15:00
ACC_1007465,C_105020,CURRENT,1828.14,ACTIVE,2018-06-09 16:09:00
ACC_1007466,C_105021,BUSINESS,4407.1,ACTIVE,2021-07-27 19:43:07
ACC_1007467,C_105021,BUSINESS,25342.39,ACTIVE,2021-08-09 21:23:07
ACC_1007468,C_105021,CURRENT,42929.18,ACTIVE,2021-08-03 16:02:07
ACC_1007469,C_105022,CURRENT,771.32,ACTIVE,2024-02-01 19:38:23
ACC_1007470,C_105022,SAVINGS,5909.9,ACTIVE,2024-01-21 14:33:23
ACC_1007471,C_105023,SAVINGS,31244.43,ACTIVE,2024-05-13 08:03:09
ACC_1007472,C_105024,CURRENT,1663.47,ACTIVE,2025-12-24 08:23:28
ACC_1007473,C_105025,CURRENT,3464.03,ACTIVE,2019-06-12 15:12:43
ACC_1007474,C_105026,CURRENT,1955.49,ACTIVE,2024-04-20 20:19:41
ACC_1007475,C_105026,BUSINESS,246866.29,DORMANT,2024-04-09 15:48:41
ACC_1007476,C_105027,BUSINESS,149989.98,DORMANT,2025-11-05 08:20:28
ACC_1007477,C_105027,SAVINGS,562.12,ACTIVE,2025-11-10 09:35:28
ACC_1007478,C_105028,SAVINGS,6762.71,ACTIVE,2022-01-31 04:19:29
ACC_1007479,C_105028,SAVINGS,853.61,ACTIVE,2022-02-02 08:32:29
ACC_1007480,C_105028,BUSINESS,744687.54,ACTIVE,2022-01-18 13:35:29
ACC_1007481,C_105029,SAVINGS,13876.85,ACTIVE,2020-03-14 01:47:52
ACC_1007482,C_105030,BUSINESS,957624.84,ACTIVE,2019-05-27 00:12:31
ACC_1007483,C_105031,BUSINESS,21072.31,ACTIVE,2021-09-28 10:31:37
ACC_1007484,C_105031,SAVINGS,4383.89,ACTIVE,2021-09-29 01:57:37
ACC_1007485,C_105032,SAVINGS,66328.4,ACTIVE,2022-02-03 14:35:17
ACC_1007486,C_105033,CURRENT,1765.12,ACTIVE,2025-01-18 10:04:06
ACC_1007487,C_105033,BUSINESS,41968.18,DORMANT,2025-01-08 09:28:06
ACC_1007488,C_105034,CURRENT,1954.23,ACTIVE,2017-04-16 17:48:19
ACC_1007489,C_105035,SAVINGS,4260.61,DORMANT,2022-08-23 19:32:57
ACC_1007490,C_105035,BUSINESS,29837.34,ACTIVE,2022-08-07 17:58:57
ACC_1007491,C_105036,CURRENT,731.75,ACTIVE,2025-12-24 11:38:33
ACC_1007492,C_105036,SAVINGS,1655.37,ACTIVE,2025-12-19 12:25:33
ACC_1007493,C_105037,CURRENT,622.95,ACTIVE,2019-11-05 01:27:10
ACC_1007494,C_105038,BUSINESS,808867.25,ACTIVE,2017-08-23 20:20:14
ACC_1007495,C_105038,BUSINESS,10229.52,ACTIVE,2017-08-14 07:40:14
ACC_1007496,C_105039,BUSINESS,22278.34,ACTIVE,2018-02-10 22:46:56
ACC_1007497,C_105040,SAVINGS,10910.56,ACTIVE,2020-10-04 09:46:58
ACC_1007498,C_105040,BUSINESS,13012.05,ACTIVE,2020-10-19 09:30:58
ACC_1007499,C_105041,SAVINGS,51529.89,ACTIVE,2023-01-22 19:20:30
ACC_1007500,C_105042,CURRENT,2831.29,ACTIVE,2022-02-24 01:34:57
ACC_1007501,C_105043,BUSINESS,85043.25,ACTIVE,2022-02-25 22:05:46
ACC_1007502,C_105044,BUSINESS,58186.32,ACTIVE,2022-10-04 05:31:01
ACC_1007503,C_105045,BUSINESS,131994.28,ACTIVE,2019-04-03 15:54:19
ACC_1007504,C_105045,BUSINESS,923527.97,ACTIVE,2019-03-29 19:41:19
ACC_1007505,C_105045,SAVINGS,5132.16,ACTIVE,2019-04-01 01:53:19
ACC_1007506,C_105046,CURRENT,1356.23,ACTIVE,2020-12-01 07:59:55
ACC_1007507,C_105046,SAVINGS,1021.73,ACTIVE,2020-11-10 17:30:55
ACC_1007508,C_105047,SAVINGS,25236.82,ACTIVE,2024-02-04 21:09:03
ACC_1007509,C_105047,SAVINGS,24020.88,ACTIVE,2024-01-15 20:09:03
ACC_1007510,C_105047,BUSINESS,57038.9,ACTIVE,2024-01-17 10:08:03
ACC_1007511,C_105048,BUSINESS,1037765.22,DORMANT,2018-10-03 15:24:55
ACC_1007512,C_105048,SAVINGS,55204.06,ACTIVE,2018-10-03 05:04:55
ACC_1007513,C_105049,BUSINESS,238338.24,ACTIVE,2018-12-15 23:14:44
ACC_1007514,C_105049,SAVINGS,6104.82,ACTIVE,2018-12-14 12:55:44
ACC_1007515,C_105050,CURRENT,3808.39,ACTIVE,2024-01-12 14:30:56
ACC_1007516,C_105051,SAVINGS,4300.71,ACTIVE,2018-06-30 21:57:05
ACC_1007517,C_105051,BUSINESS,120266.26,DORMANT,2018-06-24 23:09:05
ACC_1007518,C_105052,CURRENT,8656.43,ACTIVE,2018-10-09 00:38:02
ACC_1007519,C_105052,CURRENT,644.36,ACTIVE,2018-10-17 11:06:02
ACC_1007520,C_105052,SAVINGS,4500.31,DORMANT,2018-10-27 21:54:02
ACC_1007521,C_105053,SAVINGS,1616.92,ACTIVE,2025-03-05 03:55:17
ACC_1007522,C_105053,BUSINESS,394943.72,ACTIVE,2025-02-27 20:12:17
ACC_1007523,C_105053,BUSINESS,539008.28,ACTIVE,2025-02-18 10:49:17
ACC_1007524,C_105054,CURRENT,2174.49,DORMANT,2017-01-03 11:21:33
ACC_1007525,C_105055,SAVINGS,2515.4,ACTIVE,2025-04-08 20:08:42
ACC_1007526,C_105056,SAVINGS,10721.23,ACTIVE,2025-10-07 01:26:03
ACC_1007527,C_105056,CURRENT,2831.8,ACTIVE,2025-09-25 18:11:03
ACC_1007528,C_105057,CURRENT,1921.8,ACTIVE,2017-12-24 06:21:18
ACC_1007529,C_105057,CURRENT,2875.23,ACTIVE,2017-12-25 04:02:18
ACC_1007530,C_105058,CURRENT,2691.12,ACTIVE,2021-04-16 16:56:04
ACC_1007531,C_105059,CURRENT,904.01,ACTIVE,2022-04-07 12:18:43
ACC_1007532,C_105060,CURRENT,4231.68,ACTIVE,2017-05-03 12:53:43
ACC_1007533,C_105061,SAVINGS,3990.72,ACTIVE,2025-05-10 01:55:42
ACC_1007534,C_105062,CURRENT,3878.7,ACTIVE,2023-07-10 03:42:00
ACC_1007535,C_105063,SAVINGS,102254.15,ACTIVE,2021-01-11 11:28:29
ACC_1007536,C_105064,CURRENT,3154.55,DORMANT,2023-09-10 19:20:38
ACC_1007537,C_105064,BUSINESS,77261.83,ACTIVE,2023-08-27 19:19:38
ACC_1007538,C_105065,CURRENT,6731.61,ACTIVE,2023-06-23 05:36:26
ACC_1007539,C_105066,CURRENT,590.92,ACTIVE,2021-09-21 01:50:27
ACC_1007540,C_105066,CURRENT,914.24,ACTIVE,2021-09-03 02:32:27
ACC_1007541,C_105067,CURRENT,772.15,ACTIVE,2021-11-19 00:42:50
ACC_1007542,C_105068,BUSINESS,61363.21,ACTIVE,2024-09-09 02:12:04
ACC_1007543,C_105068,CURRENT,1640.66,DORMANT,2024-08-22 10:12:04
ACC_1007544,C_105069,SAVINGS,104851.31,ACTIVE,2019-04-02 16:30:17
ACC_1007545,C_105070,SAVINGS,77196.73,ACTIVE,2017-02-21 22:25:51
ACC_1007546,C_105071,BUSINESS,652448.21,ACTIVE,2025-07-08 16:44:15
ACC_1007547,C_105072,CURRENT,641.83,ACTIVE,2025-12-18 12:33:08
ACC_1007548,C_105073,BUSINESS,211857.51,ACTIVE,2018-03-19 10:09:40
ACC_1007549,C_105073,CURRENT,8125.13,ACTIVE,2018-04-08 03:25:40
ACC_1007550,C_105074,BUSINESS,6865.16,ACTIVE,2021-08-09 21:48:43
ACC_1007551,C_105075,SAVINGS,41794.83,ACTIVE,2016-05-21 17:02:41
ACC_1007552,C_105076,SAVINGS,22035.97,ACTIVE,2024-11-06 03:07:38
ACC_1007553,C_105077,CURRENT,569.25,ACTIVE,2020-01-23 19:21:28
ACC_1007554,C_105077,CURRENT,632.12,ACTIVE,2020-01-02 08:29:28
ACC_1007555,C_105078,SAVINGS,2299.68,ACTIVE,2020-11-04 17:10:28
ACC_1007556,C_105079,CURRENT,2737.79,ACTIVE,2016-06-07 20:38:00
ACC_1007557,C_105080,CURRENT,1848.05,ACTIVE,2017-05-15 01:24:58
ACC_1007558,C_105080,CURRENT,2173.29,ACTIVE,2017-04-22 11:21:58
ACC_1007559,C_105081,CURRENT,1582.93,ACTIVE,2016-02-07 03:31:31
ACC_1007560,C_105081,CURRENT,1425.46,ACTIVE,2016-01-29 20:50:31
ACC_1007561,C_105081,CURRENT,335.61,ACTIVE,2016-02-12 13:41:31
ACC_1007562,C_105082,BUSINESS,56509.9,ACTIVE,2017-12-18 22:45:11
ACC_1007563,C_105082,BUSINESS,160729.35,ACTIVE,2017-11-28 21:55:11
ACC_1007564,C_105082,BUSINESS,26778.66,ACTIVE,2017-12-02 03:32:11
ACC_1007565,C_105083,SAVINGS,34148.37,ACTIVE,2020-09-30 04:00:21
ACC_1007566,C_105083,CURRENT,6274.8,ACTIVE,2020-10-21 22:45:21
ACC_1007567,C_105083,SAVINGS,71470.79,DORMANT,2020-09-27 13:41:21
ACC_1007568,C_105084,BUSINESS,9346.29,ACTIVE,2017-01-31 18:12:24
ACC_1007569,C_105085,BUSINESS,1500000.0,ACTIVE,2022-03-22 05:01:11
ACC_1007570,C_105085,CURRENT,4832.47,ACTIVE,2022-04-06 20:46:11
ACC_1007571,C_105086,SAVINGS,86563.8,ACTIVE,2017-03-16 03:21:27
ACC_1007572,C_105086,SAVINGS,3786.58,ACTIVE,2017-03-25 19:35:27
ACC_1007573,C_105087,CURRENT,1554.01,ACTIVE,2017-07-27 19:15:03
ACC_1007574,C_105088,CURRENT,2653.52,ACTIVE,2022-04-07 00:53:49
ACC_1007575,C_105089,SAVINGS,14558.44,DORMANT,2024-05-13 17:03:51
ACC_1007576,C_105090,CURRENT,799.78,ACTIVE,2025-12-27 16:17:45
ACC_1007577,C_105091,CURRENT,3625.98,ACTIVE,2025-05-26 02:19:53
ACC_1007578,C_105092,SAVINGS,9472.35,ACTIVE,2016-03-02 07:14:38
ACC_1007579,C_105092,CURRENT,986.93,ACTIVE,2016-03-07 01:41:38
ACC_1007580,C_105092,SAVINGS,10340.77,ACTIVE,2016-02-19 15:35:38
ACC_1007581,C_105093,SAVINGS,20372.61,ACTIVE,2017-06-07 03:00:27
ACC_1007582,C_105094,BUSINESS,6475.5,ACTIVE,2025-12-19 13:15:17
ACC_1007583,C_105094,CURRENT,954.87,ACTIVE,2025-12-20 15:42:17
ACC_1007584,C_105095,BUSINESS,1500000.0,ACTIVE,2018-08-01 11:18:57
ACC_1007585,C_105095,SAVINGS,26215.15,ACTIVE,2018-08-06 07:49:57
ACC_1007586,C_105096,CURRENT,2342.58,ACTIVE,2021-05-01 22:28:26
ACC_1007587,C_105097,CURRENT,2457.71,ACTIVE,2016-04-09 02:12:21
ACC_1007588,C_105098,SAVINGS,27115.3,DORMANT,2021-07-09 22:40:35
ACC_1007589,C_105098,SAVINGS,8861.23,ACTIVE,2021-06-21 00:13:35
ACC_1007590,C_105099,CURRENT,2866.95,ACTIVE,2017-05-08 12:10:54
ACC_1007591,C_105100,SAVINGS,26167.4,ACTIVE,2018-10-16 19:45:22
ACC_1007592,C_105101,BUSINESS,28888.87,ACTIVE,2022-10-17 05:31:54
ACC_1007593,C_105102,SAVINGS,27453.97,DORMANT,2021-05-30 19:39:11
ACC_1007594,C_105103,SAVINGS,2419.01,ACTIVE,2023-02-14 04:52:14
ACC_1007595,C_105103,SAVINGS,3265.63,ACTIVE,2023-03-07 15:41:14
ACC_1007596,C_105103,CURRENT,12168.39,DORMANT,2023-02-26 20:29:14
ACC_1007597,C_105104,CURRENT,637.32,DORMANT,2023-09-02 14:29:34
ACC_1007598,C_105105,BUSINESS,70885.21,ACTIVE,2021-11-03 19:27:02
ACC_1007599,C_105105,BUSINESS,1223571.27,ACTIVE,2021-11-18 15:23:02
ACC_1007600,C_105106,BUSINESS,171717.35,DORMANT,2024-06-08 10:10:31
ACC_1007601,C_105107,SAVINGS,8161.24,ACTIVE,2016-02-07 04:58:50
ACC_1007602,C_105108,SAVINGS,219160.39,ACTIVE,2023-06-18 23:37:43
ACC_1007603,C_105109,CURRENT,1847.82,ACTIVE,2018-03-09 16:39:29
ACC_1007604,C_105109,BUSINESS,17817.09,ACTIVE,2018-03-21 18:39:29
ACC_1007605,C_105110,CURRENT,2280.11,DORMANT,2022-04-26 10:54:08
ACC_1007606,C_105111,SAVINGS,31985.01,ACTIVE,2018-11-27 19:13:38
ACC_1007607,C_105112,CURRENT,1484.55,ACTIVE,2019-12-16 23:50:10
ACC_1007608,C_105112,CURRENT,619.24,ACTIVE,2019-12-28 21:51:10
ACC_1007609,C_105113,BUSINESS,392023.9,ACTIVE,2018-08-09 21:10:11
ACC_1007610,C_105114,CURRENT,10800.63,ACTIVE,2017-06-11 13:31:27
ACC_1007611,C_105114,SAVINGS,1735.58,DORMANT,2017-06-08 19:13:27
ACC_1007612,C_105115,SAVINGS,8750.88,ACTIVE,2020-11-10 23:35:21
ACC_1007613,C_105116,BUSINESS,10470.98,ACTIVE,2016-06-22 15:47:40
ACC_1007614,C_105116,CURRENT,927.37,DORMANT,2016-06-26 06:35:40
ACC_1007615,C_105117,SAVINGS,42327.49,ACTIVE,2018-05-09 19:23:00
ACC_1007616,C_105117,BUSINESS,202301.86,ACTIVE,2018-05-01 10:56:00
ACC_1007617,C_105117,SAVINGS,5618.23,ACTIVE,2018-04-30 18:00:00
ACC_1007618,C_105118,BUSINESS,64711.16,ACTIVE,2019-01-02 10:53:01
ACC_1007619,C_105119,CURRENT,477.85,ACTIVE,2024-04-26 01:34:00
ACC_1007620,C_105119,CURRENT,4315.44,ACTIVE,2024-04-16 22:23:00
ACC_1007621,C_105120,SAVINGS,10470.26,DORMANT,2017-04-25 00:44:50
ACC_1007622,C_105121,SAVINGS,51916.06,ACTIVE,2018-04-14 04:17:13
ACC_1007623,C_105121,SAVINGS,14448.28,ACTIVE,2018-03-28 00:35:13
ACC_1007624,C_105122,BUSINESS,1153452.11,ACTIVE,2023-05-09 19:48:15
ACC_1007625,C_105123,CURRENT,17754.14,DORMANT,2020-02-06 06:01:26
ACC_1007626,C_105124,SAVINGS,63841.74,ACTIVE,2018-04-23 07:58:24
ACC_1007627,C_105125,CURRENT,15895.89,ACTIVE,2024-03-20 13:20:30
ACC_1007628,C_105125,SAVINGS,13496.67,ACTIVE,2024-03-21 12:23:30
ACC_1007629,C_105126,SAVINGS,11551.99,ACTIVE,2016-02-29 16:48:16
ACC_1007630,C_105126,SAVINGS,25260.66,DORMANT,2016-03-18 08:44:16
ACC_1007631,C_105127,BUSINESS,195490.82,ACTIVE,2022-08-06 03:44:24
ACC_1007632,C_105128,SAVINGS,34622.51,ACTIVE,2022-11-29 02:21:20
ACC_1007633,C_105129,BUSINESS,12904.39,ACTIVE,2016-09-19 06:18:56
ACC_1007634,C_105130,CURRENT,2519.32,ACTIVE,2022-07-02 02:11:01
ACC_1007635,C_105131,CURRENT,467.06,ACTIVE,2024-09-19 12:31:50
ACC_1007636,C_105132,CURRENT,1037.48,ACTIVE,2023-08-30 03:40:46
ACC_1007637,C_105133,BUSINESS,14437.85,ACTIVE,2025-03-24 01:17:21
ACC_1007638,C_105134,BUSINESS,752803.66,ACTIVE,2016-11-24 15:36:35
ACC_1007639,C_105134,SAVINGS,21794.61,ACTIVE,2016-12-04 14:38:35
ACC_1007640,C_105135,SAVINGS,13026.87,DORMANT,2018-05-02 15:37:07
ACC_1007641,C_105135,SAVINGS,12207.82,ACTIVE,2018-04-21 14:48:07
ACC_1007642,C_105136,CURRENT,6142.75,ACTIVE,2025-03-03 10:40:08
ACC_1007643,C_105137,BUSINESS,23055.48,ACTIVE,2024-12-15 03:12:37
ACC_1007644,C_105137,SAVINGS,15499.25,DORMANT,2024-12-22 13:17:37
ACC_1007645,C_105137,SAVINGS,26267.13,ACTIVE,2024-12-20 19:43:37
ACC_1007646,C_105138,CURRENT,2189.12,ACTIVE,2023-09-29 12:57:52
ACC_1007647,C_105139,CURRENT,2168.88,ACTIVE,2020-11-12 10:17:51
ACC_1007648,C_105139,SAVINGS,6047.46,ACTIVE,2020-10-27 04:11:51
ACC_1007649,C_105140,SAVINGS,13909.55,ACTIVE,2026-01-01 13:08:02
ACC_1007650,C_105141,CURRENT,717.31,ACTIVE,2025-09-01 09:33:59
ACC_1007651,C_105141,BUSINESS,91266.27,ACTIVE,2025-09-15 06:00:59
ACC_1007652,C_105142,CURRENT,618.61,ACTIVE,2021-11-20 11:48:13
ACC_1007653,C_105143,CURRENT,5148.99,ACTIVE,2016-11-06 00:30:18
ACC_1007654,C_105144,SAVINGS,1760.12,ACTIVE,2022-05-14 07:47:03
ACC_1007655,C_105145,SAVINGS,13526.61,ACTIVE,2019-09-17 14:06:29
ACC_1007656,C_105146,CURRENT,803.59,ACTIVE,2021-06-02 19:39:28
ACC_1007657,C_105147,BUSINESS,114633.4,DORMANT,2016-02-14 01:43:30
ACC_1007658,C_105147,SAVINGS,15581.32,ACTIVE,2016-01-18 22:27:30
ACC_1007659,C_105148,CURRENT,1133.15,DORMANT,2024-11-23 04:42:35
ACC_1007660,C_105149,BUSINESS,54542.08,ACTIVE,2022-12-02 23:45:08
ACC_1007661,C_105149,SAVINGS,1497.37,ACTIVE,2022-11-24 21:50:08
ACC_1007662,C_105150,CURRENT,1911.52,ACTIVE,2024-10-06 23:35:06
ACC_1007663,C_105150,BUSINESS,790244.01,ACTIVE,2024-10-11 03:41:06
ACC_1007664,C_105150,BUSINESS,1035006.72,ACTIVE,2024-10-14 01:49:06
ACC_1007665,C_105151,BUSINESS,178308.23,ACTIVE,2023-01-10 11:35:22
ACC_1007666,C_105152,CURRENT,3502.95,ACTIVE,2024-12-01 14:23:02
ACC_1007667,C_105153,CURRENT,1361.61,ACTIVE,2020-04-10 04:48:31
ACC_1007668,C_105154,BUSINESS,467637.97,ACTIVE,2019-11-02 16:51:20
ACC_1007669,C_105155,BUSINESS,22406.8,ACTIVE,2020-08-12 13:41:28
ACC_1007670,C_105155,BUSINESS,130282.91,ACTIVE,2020-08-13 04:18:28
ACC_1007671,C_105155,BUSINESS,52068.46,ACTIVE,2020-07-29 15:34:28
ACC_1007672,C_105156,CURRENT,540.12,ACTIVE,2021-01-08 20:16:46
ACC_1007673,C_105157,CURRENT,333.78,ACTIVE,2022-10-27 16:47:29
ACC_1007674,C_105158,CURRENT,1087.11,ACTIVE,2019-10-05 06:34:40
ACC_1007675,C_105159,SAVINGS,20982.74,ACTIVE,2018-02-08 04:45:57
ACC_1007676,C_105160,SAVINGS,3900.18,ACTIVE,2020-12-02 10:34:20
ACC_1007677,C_105161,BUSINESS,221699.78,ACTIVE,2019-08-27 11:22:33
ACC_1007678,C_105162,CURRENT,3132.91,ACTIVE,2018-07-25 02:41:02
ACC_1007679,C_105162,SAVINGS,920.87,ACTIVE,2018-07-07 03:13:02
ACC_1007680,C_105163,CURRENT,2353.13,ACTIVE,2025-12-10 14:21:45
ACC_1007681,C_105163,BUSINESS,58403.7,ACTIVE,2025-12-06 18:09:45
ACC_1007682,C_105164,SAVINGS,9519.97,ACTIVE,2019-04-16 22:06:55
ACC_1007683,C_105164,CURRENT,7806.28,ACTIVE,2019-04-25 18:12:55
ACC_1007684,C_105164,BUSINESS,268866.3,ACTIVE,2019-04-13 17:48:55
ACC_1007685,C_105165,BUSINESS,32896.96,ACTIVE,2024-01-17 18:36:47
ACC_1007686,C_105166,BUSINESS,60878.51,ACTIVE,2020-07-29 04:06:12
ACC_1007687,C_105167,CURRENT,5083.75,ACTIVE,2020-10-06 05:57:13
ACC_1007688,C_105168,CURRENT,449.14,ACTIVE,2017-03-29 07:24:55
ACC_1007689,C_105169,BUSINESS,216070.45,ACTIVE,2022-11-10 00:36:12
ACC_1007690,C_105170,SAVINGS,4407.7,ACTIVE,2020-04-30 06:38:21
ACC_1007691,C_105171,SAVINGS,4416.38,ACTIVE,2022-07-24 02:42:21
ACC_1007692,C_105172,SAVINGS,5457.77,DORMANT,2017-11-15 17:39:28
ACC_1007693,C_105172,CURRENT,3968.21,ACTIVE,2017-11-09 17:45:28
ACC_1007694,C_105173,CURRENT,945.61,ACTIVE,2024-04-11 17:27:08
ACC_1007695,C_105173,CURRENT,4576.04,ACTIVE,2024-04-09 21:00:08
ACC_1007696,C_105174,SAVINGS,2469.78,ACTIVE,2018-09-10 14:52:01
ACC_1007697,C_105175,BUSINESS,44433.11,ACTIVE,2022-07-28 23:08:49
ACC_1007698,C_105176,BUSINESS,84664.7,ACTIVE,2016-12-05 19:40:50
ACC_1007699,C_105176,CURRENT,2638.08,ACTIVE,2016-12-16 02:51:50
ACC_1007700,C_105177,BUSINESS,23646.23,ACTIVE,2023-01-11 22:31:15
ACC_1007701,C_105177,CURRENT,455.34,ACTIVE,2022-12-27 14:27:15
ACC_1007702,C_105178,CURRENT,2354.72,ACTIVE,2021-03-05 06:24:25
ACC_1007703,C_105179,CURRENT,2180.06,ACTIVE,2016-09-20 06:08:03
ACC_1007704,C_105180,SAVINGS,99334.98,ACTIVE,2021-03-12 18:29:49
ACC_1007705,C_105180,SAVINGS,3386.9,ACTIVE,2021-02-13 12:01:49
ACC_1007706,C_105180,SAVINGS,4058.72,ACTIVE,2021-02-20 00:24:49
ACC_1007707,C_105181,BUSINESS,123589.77,ACTIVE,2018-09-18 01:11:29
ACC_1007708,C_105182,BUSINESS,54548.92,ACTIVE,2017-04-28 00:36:38
ACC_1007709,C_105182,SAVINGS,3952.69,ACTIVE,2017-05-07 16:28:38
ACC_1007710,C_105183,SAVINGS,3227.83,ACTIVE,2020-01-13 06:05:13
ACC_1007711,C_105184,SAVINGS,18953.08,DORMANT,2023-01-23 00:38:40
ACC_1007712,C_105184,BUSINESS,190402.35,DORMANT,2023-01-21 09:24:40
ACC_1007713,C_105184,BUSINESS,39155.9,ACTIVE,2023-02-03 16:39:40
ACC_1007714,C_105185,CURRENT,1961.44,ACTIVE,2024-09-23 04:00:36
ACC_1007715,C_105185,CURRENT,948.32,ACTIVE,2024-09-03 21:37:36
ACC_1007716,C_105186,CURRENT,1732.42,ACTIVE,2018-02-06 06:23:38
ACC_1007717,C_105187,CURRENT,1222.0,ACTIVE,2018-07-18 22:02:04
ACC_1007718,C_105187,BUSINESS,80699.57,ACTIVE,2018-08-10 22:06:04
ACC_1007719,C_105188,SAVINGS,4145.61,ACTIVE,2024-12-24 06:40:49
ACC_1007720,C_105188,BUSINESS,627737.54,ACTIVE,2024-12-23 05:34:49
ACC_1007721,C_105189,SAVINGS,10902.67,ACTIVE,2018-11-11 08:48:03
ACC_1007722,C_105189,SAVINGS,25980.9,ACTIVE,2018-11-03 23:19:03
ACC_1007723,C_105190,SAVINGS,228581.69,ACTIVE,2019-07-16 03:04:30
ACC_1007724,C_105190,CURRENT,1855.29,ACTIVE,2019-07-28 23:28:30
ACC_1007725,C_105190,CURRENT,7809.58,ACTIVE,2019-07-18 05:05:30
ACC_1007726,C_105191,CURRENT,939.82,ACTIVE,2017-03-21 10:58:15
ACC_1007727,C_105192,SAVINGS,40056.71,ACTIVE,2016-11-10 19:37:51
ACC_1007728,C_105192,SAVINGS,7044.64,ACTIVE,2016-11-27 18:36:51
ACC_1007729,C_105193,CURRENT,801.78,ACTIVE,2016-04-19 19:52:10
ACC_1007730,C_105194,SAVINGS,797.64,ACTIVE,2021-12-18 19:05:18
ACC_1007731,C_105195,CURRENT,1598.14,ACTIVE,2018-06-22 19:53:00
ACC_1007732,C_105196,SAVINGS,134057.95,DORMANT,2019-07-16 05:18:07
ACC_1007733,C_105197,CURRENT,820.41,ACTIVE,2020-09-24 14:08:35
ACC_1007734,C_105198,CURRENT,2760.52,ACTIVE,2025-01-12 03:25:35
ACC_1007735,C_105199,BUSINESS,98547.01,DORMANT,2017-02-15 20:54:34
ACC_1007736,C_105200,CURRENT,490.45,ACTIVE,2025-04-09 22:07:50
ACC_1007737,C_105201,CURRENT,1762.04,ACTIVE,2022-01-14 13:46:28
ACC_1007738,C_105202,CURRENT,374.62,ACTIVE,2023-03-08 05:25:02
ACC_1007739,C_105203,SAVINGS,15599.84,ACTIVE,2024-07-26 16:28:14
ACC_1007740,C_105204,CURRENT,14897.18,ACTIVE,2016-12-01 02:55:04
ACC_1007741,C_105205,BUSINESS,251252.54,ACTIVE,2019-05-29 05:10:05
ACC_1007742,C_105205,CURRENT,1417.06,ACTIVE,2019-05-27 02:03:05
ACC_1007743,C_105206,BUSINESS,35875.78,ACTIVE,2025-03-24 02:32:51
ACC_1007744,C_105207,SAVINGS,301.34,ACTIVE,2021-10-04 15:40:56
ACC_1007745,C_105207,BUSINESS,53261.73,ACTIVE,2021-10-10 22:23:56
ACC_1007746,C_105207,CURRENT,3575.71,ACTIVE,2021-10-08 16:08:56
ACC_1007747,C_105208,CURRENT,1023.35,ACTIVE,2024-05-14 23:06:06
ACC_1007748,C_105209,CURRENT,1835.34,ACTIVE,2016-03-20 16:26:40
ACC_1007749,C_105210,SAVINGS,147879.22,ACTIVE,2023-07-31 04:32:42
ACC_1007750,C_105210,SAVINGS,57260.61,ACTIVE,2023-08-11 00:40:42
ACC_1007751,C_105210,SAVINGS,14548.18,ACTIVE,2023-07-16 06:11:42
ACC_1007752,C_105211,BUSINESS,4654.48,ACTIVE,2023-06-29 10:01:25
ACC_1007753,C_105211,SAVINGS,12239.25,ACTIVE,2023-06-27 02:23:25
ACC_1007754,C_105212,BUSINESS,271116.23,ACTIVE,2020-12-31 19:20:46
ACC_1007755,C_105212,SAVINGS,113618.57,DORMANT,2020-12-13 12:27:46
ACC_1007756,C_105213,CURRENT,1766.35,ACTIVE,2019-07-07 20:39:51
ACC_1007757,C_105213,BUSINESS,137442.73,ACTIVE,2019-07-15 04:37:51
ACC_1007758,C_105214,CURRENT,655.31,ACTIVE,2019-08-14 20:46:15
ACC_1007759,C_105215,SAVINGS,27454.9,ACTIVE,2016-07-18 14:51:28
ACC_1007760,C_105216,SAVINGS,4787.33,DORMANT,2024-08-03 11:58:14
ACC_1007761,C_105216,CURRENT,2774.89,ACTIVE,2024-07-13 15:55:14
ACC_1007762,C_105217,BUSINESS,11587.04,ACTIVE,2020-02-22 04:18:13
ACC_1007763,C_105218,SAVINGS,19249.2,ACTIVE,2020-03-12 15:50:05
ACC_1007764,C_105219,CURRENT,2655.95,ACTIVE,2022-07-29 23:57:57
ACC_1007765,C_105220,CURRENT,1861.33,ACTIVE,2021-12-22 21:49:05
ACC_1007766,C_105221,SAVINGS,13020.39,ACTIVE,2025-05-06 08:29:32
ACC_1007767,C_105221,SAVINGS,12076.34,ACTIVE,2025-05-12 08:25:32
ACC_1007768,C_105222,SAVINGS,6423.29,ACTIVE,2020-11-18 14:47:24
ACC_1007769,C_105222,SAVINGS,121681.82,ACTIVE,2020-11-24 01:21:24
ACC_1007770,C_105223,SAVINGS,4010.59,ACTIVE,2024-03-21 09:37:43
ACC_1007771,C_105224,BUSINESS,85872.08,ACTIVE,2023-03-28 23:56:49
ACC_1007772,C_105224,CURRENT,8665.95,ACTIVE,2023-03-22 09:16:49
ACC_1007773,C_105225,BUSINESS,127581.93,ACTIVE,2021-01-22 11:34:10
ACC_1007774,C_105226,CURRENT,385.91,ACTIVE,2025-12-13 21:56:09
ACC_1007775,C_105227,CURRENT,3818.55,ACTIVE,2016-03-29 23:54:20
ACC_1007776,C_105227,SAVINGS,3572.09,ACTIVE,2016-04-17 02:25:20
ACC_1007777,C_105228,BUSINESS,187809.64,DORMANT,2016-06-24 13:42:35
ACC_1007778,C_105228,BUSINESS,216990.58,ACTIVE,2016-07-05 09:46:35
ACC_1007779,C_105228,CURRENT,1736.5,ACTIVE,2016-06-23 06:23:35
ACC_1007780,C_105229,CURRENT,3877.65,ACTIVE,2023-05-05 05:10:27
ACC_1007781,C_105230,BUSINESS,51726.62,DORMANT,2018-01-08 01:20:29
ACC_1007782,C_105231,BUSINESS,558583.86,ACTIVE,2020-11-10 11:26:20
ACC_1007783,C_105232,SAVINGS,6097.26,ACTIVE,2021-06-29 22:05:02
ACC_1007784,C_105232,CURRENT,638.79,ACTIVE,2021-07-16 11:02:02
ACC_1007785,C_105233,SAVINGS,15805.6,ACTIVE,2024-01-03 21:27:28
ACC_1007786,C_105234,CURRENT,122.4,ACTIVE,2020-05-02 20:17:52
ACC_1007787,C_105234,CURRENT,4351.63,ACTIVE,2020-05-09 00:50:52
ACC_1007788,C_105235,CURRENT,213.09,ACTIVE,2016-09-06 06:59:25
ACC_1007789,C_105236,CURRENT,2142.33,ACTIVE,2018-06-02 03:13:19
ACC_1007790,C_105237,CURRENT,760.04,ACTIVE,2017-02-01 14:43:03
ACC_1007791,C_105238,SAVINGS,18205.1,DORMANT,2020-05-05 11:17:23
ACC_1007792,C_105238,CURRENT,5330.01,ACTIVE,2020-04-08 08:07:23
ACC_1007793,C_105239,CURRENT,2372.86,ACTIVE,2025-12-27 15:06:15
ACC_1007794,C_105240,BUSINESS,18816.51,ACTIVE,2025-02-02 05:20:21
ACC_1007795,C_105240,CURRENT,1955.42,ACTIVE,2025-02-09 21:07:21
ACC_1007796,C_105240,CURRENT,1361.88,DORMANT,2025-01-19 14:49:21
ACC_1007797,C_105241,CURRENT,741.77,ACTIVE,2017-03-30 18:57:31
ACC_1007798,C_105242,SAVINGS,8800.12,ACTIVE,2025-10-07 19:13:12
ACC_1007799,C_105243,BUSINESS,15057.07,ACTIVE,2025-12-29 14:41:07
ACC_1007800,C_105243,SAVINGS,15674.45,ACTIVE,2025-12-17 20:28:07
ACC_1007801,C_105243,SAVINGS,6657.0,DORMANT,2026-01-04 10:14:07
ACC_1007802,C_105244,BUSINESS,254148.28,ACTIVE,2024-03-06 02:53:35
ACC_1007803,C_105245,BUSINESS,54779.37,ACTIVE,2021-06-24 08:15:10
ACC_1007804,C_105246,BUSINESS,22931.23,ACTIVE,2022-01-20 08:57:44
ACC_1007805,C_105247,SAVINGS,5068.89,ACTIVE,2025-03-09 06:46:37
ACC_1007806,C_105247,CURRENT,638.9,ACTIVE,2025-03-13 05:31:37
ACC_1007807,C_105248,BUSINESS,13919.66,ACTIVE,2018-04-19 11:04:48
ACC_1007808,C_105248,SAVINGS,2855.58,DORMANT,2018-05-09 14:37:48
ACC_1007809,C_105249,CURRENT,10886.83,ACTIVE,2019-11-02 06:20:13
ACC_1007810,C_105249,BUSINESS,16979.52,ACTIVE,2019-11-12 23:53:13
ACC_1007811,C_105250,SAVINGS,18359.02,ACTIVE,2025-02-25 23:54:18
ACC_1007812,C_105251,CURRENT,5412.2,ACTIVE,2016-05-23 11:20:34
ACC_1007813,C_105252,CURRENT,3918.95,ACTIVE,2020-11-11 02:55:44
ACC_1007814,C_105252,CURRENT,2782.63,ACTIVE,2020-10-30 11:54:44
ACC_1007815,C_105253,BUSINESS,477791.44,ACTIVE,2018-08-12 12:01:14
ACC_1007816,C_105254,BUSINESS,690623.94,ACTIVE,2017-07-04 22:02:36
ACC_1007817,C_105254,SAVINGS,16287.79,ACTIVE,2017-07-23 22:38:36
ACC_1007818,C_105255,CURRENT,935.59,ACTIVE,2025-07-21 21:14:30
ACC_1007819,C_105256,SAVINGS,9906.1,ACTIVE,2023-04-30 23:23:32
ACC_1007820,C_105257,BUSINESS,148006.15,ACTIVE,2020-09-14 15:08:57
ACC_1007821,C_105258,BUSINESS,114631.53,ACTIVE,2019-10-13 14:57:11
ACC_1007822,C_105259,BUSINESS,13759.55,ACTIVE,2020-04-17 04:24:05
ACC_1007823,C_105260,CURRENT,4416.21,ACTIVE,2023-08-20 11:53:44
ACC_1007824,C_105261,SAVINGS,130669.28,ACTIVE,2023-05-01 00:58:17
ACC_1007825,C_105261,CURRENT,633.96,ACTIVE,2023-04-19 14:50:17
ACC_1007826,C_105262,CURRENT,849.36,ACTIVE,2024-12-27 15:48:24
ACC_1007827,C_105262,SAVINGS,17406.34,DORMANT,2024-12-16 02:29:24
ACC_1007828,C_105262,SAVINGS,13577.59,ACTIVE,2024-12-17 13:37:24
ACC_1007829,C_105263,SAVINGS,37388.4,ACTIVE,2024-04-10 07:42:03
ACC_1007830,C_105263,SAVINGS,29723.88,ACTIVE,2024-04-30 00:59:03
ACC_1007831,C_105264,BUSINESS,204508.37,ACTIVE,2022-08-21 02:28:22
ACC_1007832,C_105265,CURRENT,2265.72,ACTIVE,2021-09-03 03:06:09
ACC_1007833,C_105265,CURRENT,697.67,ACTIVE,2021-09-10 08:18:09
ACC_1007834,C_105265,CURRENT,2269.62,ACTIVE,2021-09-04 06:00:09
ACC_1007835,C_105266,SAVINGS,21995.51,ACTIVE,2024-04-04 13:32:36
ACC_1007836,C_105266,CURRENT,1238.09,ACTIVE,2024-04-22 18:33:36
ACC_1007837,C_105267,SAVINGS,4042.24,ACTIVE,2024-11-27 07:48:38
ACC_1007838,C_105268,BUSINESS,613094.4,ACTIVE,2018-12-26 12:55:58
ACC_1007839,C_105268,CURRENT,11685.41,ACTIVE,2018-12-28 10:52:58
ACC_1007840,C_105269,CURRENT,1826.74,DORMANT,2021-11-22 09:48:35
ACC_1007841,C_105269,CURRENT,2615.68,ACTIVE,2021-12-04 00:40:35
ACC_1007842,C_105270,SAVINGS,93117.35,ACTIVE,2019-04-28 05:08:15
ACC_1007843,C_105270,CURRENT,655.06,ACTIVE,2019-05-04 14:07:15
ACC_1007844,C_105271,CURRENT,2006.59,ACTIVE,2018-10-11 01:46:58
ACC_1007845,C_105272,SAVINGS,15791.74,ACTIVE,2018-08-25 12:09:22
ACC_1007846,C_105272,CURRENT,464.95,ACTIVE,2018-09-22 20:25:22
ACC_1007847,C_105273,BUSINESS,1935.43,ACTIVE,2017-11-29 21:00:40
ACC_1007848,C_105274,SAVINGS,9681.78,ACTIVE,2020-04-14 23:16:31
ACC_1007849,C_105275,BUSINESS,206993.79,DORMANT,2017-07-02 23:48:12
ACC_1007850,C_105275,BUSINESS,38068.92,ACTIVE,2017-07-17 02:53:12
ACC_1007851,C_105276,BUSINESS,129758.68,ACTIVE,2018-01-31 11:59:55
ACC_1007852,C_105277,BUSINESS,4254.19,ACTIVE,2022-09-15 00:17:48
ACC_1007853,C_105278,BUSINESS,25689.86,ACTIVE,2017-08-28 12:20:02
ACC_1007854,C_105278,SAVINGS,7280.86,ACTIVE,2017-09-02 14:34:02
ACC_1007855,C_105279,BUSINESS,13832.77,ACTIVE,2019-09-25 16:45:31
ACC_1007856,C_105280,CURRENT,808.45,ACTIVE,2016-07-21 23:39:50
ACC_1007857,C_105281,BUSINESS,67639.69,ACTIVE,2023-07-14 06:14:31
ACC_1007858,C_105282,CURRENT,2736.87,ACTIVE,2019-12-14 17:42:14
ACC_1007859,C_105283,BUSINESS,11527.11,ACTIVE,2025-10-15 12:43:47
ACC_1007860,C_105283,CURRENT,337.29,ACTIVE,2025-11-11 23:32:47
ACC_1007861,C_105284,BUSINESS,352901.58,ACTIVE,2025-02-13 00:54:27
ACC_1007862,C_105285,SAVINGS,177583.13,ACTIVE,2019-04-19 12:34:17
ACC_1007863,C_105285,BUSINESS,1500000.0,DORMANT,2019-05-10 11:38:17
ACC_1007864,C_105285,CURRENT,607.54,ACTIVE,2019-04-21 13:44:17
ACC_1007865,C_105286,BUSINESS,209953.99,ACTIVE,2022-07-13 20:48:20
ACC_1007866,C_105286,BUSINESS,87061.03,ACTIVE,2022-07-19 09:22:20
ACC_1007867,C_105286,CURRENT,979.99,ACTIVE,2022-07-16 16:39:20
ACC_1007868,C_105287,BUSINESS,89369.9,ACTIVE,2024-01-03 12:09:54
ACC_1007869,C_105288,CURRENT,4118.26,ACTIVE,2021-07-08 03:48:37
ACC_1007870,C_105289,SAVINGS,25217.97,ACTIVE,2018-11-17 19:05:36
ACC_1007871,C_105289,CURRENT,1820.0,ACTIVE,2018-11-14 12:47:36
ACC_1007872,C_105290,BUSINESS,86125.57,ACTIVE,2017-11-22 20:33:49
ACC_1007873,C_105291,CURRENT,3306.78,ACTIVE,2020-06-03 04:41:42
ACC_1007874,C_105292,SAVINGS,17168.52,ACTIVE,2023-03-19 11:05:50
ACC_1007875,C_105293,BUSINESS,11084.09,ACTIVE,2020-05-22 10:50:35
ACC_1007876,C_105293,CURRENT,2180.59,ACTIVE,2020-05-20 10:31:35
ACC_1007877,C_105294,SAVINGS,41516.55,ACTIVE,2022-03-29 03:46:17
ACC_1007878,C_105295,BUSINESS,15004.87,ACTIVE,2020-07-02 19:44:27
ACC_1007879,C_105296,CURRENT,1756.08,ACTIVE,2018-02-28 08:52:01
ACC_1007880,C_105297,CURRENT,783.04,ACTIVE,2022-09-10 01:17:00
ACC_1007881,C_105298,BUSINESS,59743.52,ACTIVE,2023-11-17 06:52:01
ACC_1007882,C_105299,CURRENT,4734.22,ACTIVE,2022-09-08 11:12:23
ACC_1007883,C_105299,SAVINGS,18071.54,ACTIVE,2022-09-09 01:01:23
ACC_1007884,C_105300,CURRENT,570.46,ACTIVE,2023-11-30 08:16:56
ACC_1007885,C_105301,SAVINGS,12304.75,ACTIVE,2019-01-26 22:51:09
ACC_1007886,C_105301,SAVINGS,42554.11,ACTIVE,2019-01-15 16:28:09
ACC_1007887,C_105302,SAVINGS,21919.14,DORMANT,2018-08-25 19:04:45
ACC_1007888,C_105303,BUSINESS,70626.35,DORMANT,2021-10-31 15:06:45
ACC_1007889,C_105304,CURRENT,170.79,DORMANT,2026-01-13 18:41:33
ACC_1007890,C_105305,SAVINGS,66030.77,ACTIVE,2016-03-23 17:02:53
ACC_1007891,C_105306,CURRENT,1056.52,ACTIVE,2016-09-20 07:04:57
ACC_1007892,C_105306,SAVINGS,3752.91,ACTIVE,2016-08-29 13:04:57
ACC_1007893,C_105306,SAVINGS,18257.26,ACTIVE,2016-08-23 15:33:57
ACC_1007894,C_105307,BUSINESS,33599.84,ACTIVE,2021-03-27 07:18:32
ACC_1007895,C_105307,SAVINGS,4788.48,ACTIVE,2021-04-12 04:09:32
ACC_1007896,C_105308,BUSINESS,461911.78,ACTIVE,2022-01-31 05:10:40
ACC_1007897,C_105309,SAVINGS,12273.28,ACTIVE,2019-06-13 09:05:59
ACC_1007898,C_105310,BUSINESS,85867.97,ACTIVE,2020-10-03 00:06:37
ACC_1007899,C_105311,SAVINGS,20386.77,ACTIVE,2025-12-27 06:45:31
ACC_1007900,C_105312,CURRENT,1723.08,ACTIVE,2016-12-07 01:07:50
ACC_1007901,C_105313,CURRENT,928.13,ACTIVE,2025-03-10 04:59:09
ACC_1007902,C_105313,CURRENT,5692.22,ACTIVE,2025-04-07 17:07:09
ACC_1007903,C_105314,CURRENT,7019.71,ACTIVE,2022-10-10 12:58:58
ACC_1007904,C_105315,CURRENT,703.57,ACTIVE,2020-04-06 17:27:48
ACC_1007905,C_105316,SAVINGS,23341.47,ACTIVE,2016-06-17 15:08:11
ACC_1007906,C_105316,CURRENT,3801.71,ACTIVE,2016-06-03 15:58:11
ACC_1007907,C_105317,SAVINGS,6202.82,ACTIVE,2019-06-21 15:50:19
ACC_1007908,C_105318,CURRENT,2564.45,ACTIVE,2017-11-11 14:11:32
ACC_1007909,C_105319,SAVINGS,7069.25,ACTIVE,2023-09-17 11:58:55
ACC_1007910,C_105320,BUSINESS,557280.06,ACTIVE,2024-10-17 23:42:03
ACC_1007911,C_105320,SAVINGS,15532.01,ACTIVE,2024-11-13 03:00:03
ACC_1007912,C_105321,BUSINESS,58488.15,ACTIVE,2016-12-23 23:09:56
ACC_1007913,C_105321,CURRENT,1776.31,ACTIVE,2016-12-01 12:39:56
ACC_1007914,C_105321,CURRENT,1186.13,ACTIVE,2016-12-23 19:52:56
ACC_1007915,C_105322,SAVINGS,10728.66,ACTIVE,2022-05-08 08:22:26
ACC_1007916,C_105323,CURRENT,743.46,ACTIVE,2021-01-17 09:21:15
ACC_1007917,C_105323,SAVINGS,156224.21,ACTIVE,2021-02-08 00:20:15
ACC_1007918,C_105323,SAVINGS,10998.85,ACTIVE,2021-02-09 14:15:15
ACC_1007919,C_105324,CURRENT,5761.23,ACTIVE,2020-05-05 08:27:58
ACC_1007920,C_105324,SAVINGS,9137.0,ACTIVE,2020-04-29 06:17:58
ACC_1007921,C_105324,BUSINESS,21842.72,ACTIVE,2020-04-29 15:33:58
ACC_1007922,C_105325,BUSINESS,225743.88,ACTIVE,2021-08-16 04:56:55
ACC_1007923,C_105326,SAVINGS,1510.5,ACTIVE,2016-07-17 05:03:00
ACC_1007924,C_105327,SAVINGS,31787.72,ACTIVE,2018-09-12 20:07:09
ACC_1007925,C_105328,CURRENT,1611.3,ACTIVE,2021-10-13 18:03:07
ACC_1007926,C_105329,SAVINGS,27786.92,ACTIVE,2020-05-09 13:29:08
ACC_1007927,C_105329,CURRENT,1222.81,ACTIVE,2020-05-07 23:32:08
ACC_1007928,C_105330,CURRENT,3334.01,ACTIVE,2016-10-26 17:12:34
ACC_1007929,C_105330,BUSINESS,587026.65,ACTIVE,2016-10-20 15:42:34
ACC_1007930,C_105331,CURRENT,19473.91,ACTIVE,2025-11-14 16:36:06
ACC_1007931,C_105331,SAVINGS,18383.69,ACTIVE,2025-11-16 16:44:06
ACC_1007932,C_105332,SAVINGS,2967.99,ACTIVE,2017-03-25 17:14:08
ACC_1007933,C_105333,SAVINGS,61629.83,ACTIVE,2021-03-29 01:28:19
ACC_1007934,C_105334,CURRENT,2368.54,ACTIVE,2018-03-28 03:46:58
ACC_1007935,C_105335,CURRENT,2967.59,ACTIVE,2017-02-20 08:29:15
ACC_1007936,C_105336,SAVINGS,26254.7,ACTIVE,2023-03-09 22:40:57
ACC_1007937,C_105336,BUSINESS,9858.11,ACTIVE,2023-02-18 09:10:57
ACC_1007938,C_105337,CURRENT,1238.45,ACTIVE,2020-10-07 04:42:01
ACC_1007939,C_105338,SAVINGS,7970.73,ACTIVE,2019-07-03 17:35:09
ACC_1007940,C_105338,BUSINESS,179309.35,ACTIVE,2019-06-24 02:48:09
ACC_1007941,C_105339,SAVINGS,87914.55,ACTIVE,2024-03-01 10:39:06
ACC_1007942,C_105340,CURRENT,4030.76,ACTIVE,2017-07-28 03:33:19
ACC_1007943,C_105341,CURRENT,5736.69,DORMANT,2025-01-08 07:48:07
ACC_1007944,C_105341,CURRENT,3005.69,ACTIVE,2025-01-11 01:35:07
ACC_1007945,C_105342,BUSINESS,1500000.0,ACTIVE,2019-08-17 11:26:44
ACC_1007946,C_105342,BUSINESS,195312.36,ACTIVE,2019-09-07 11:44:44
ACC_1007947,C_105342,CURRENT,581.48,ACTIVE,2019-09-04 14:15:44
ACC_1007948,C_105343,BUSINESS,486554.91,ACTIVE,2021-10-27 19:47:09
ACC_1007949,C_105343,BUSINESS,88977.32,ACTIVE,2021-10-30 10:38:09
ACC_1007950,C_105344,BUSINESS,40492.11,ACTIVE,2019-06-17 11:23:21
ACC_1007951,C_105344,BUSINESS,10079.82,ACTIVE,2019-07-10 12:36:21
ACC_1007952,C_105345,BUSINESS,1500000.0,ACTIVE,2023-10-26 17:55:56
ACC_1007953,C_105346,CURRENT,921.27,ACTIVE,2024-08-08 13:11:08
ACC_1007954,C_105346,CURRENT,2913.71,ACTIVE,2024-08-08 13:06:08
ACC_1007955,C_105347,BUSINESS,50385.61,ACTIVE,2022-09-12 23:19:17
ACC_1007956,C_105347,SAVINGS,4204.98,ACTIVE,2022-09-24 16:33:17
ACC_1007957,C_105348,SAVINGS,19726.61,ACTIVE,2021-04-05 10:46:11
ACC_1007958,C_105348,BUSINESS,4644.87,ACTIVE,2021-03-31 20:05:11
ACC_1007959,C_105349,BUSINESS,4204.33,ACTIVE,2019-05-29 16:01:06
ACC_1007960,C_105350,CURRENT,441.69,ACTIVE,2025-12-28 12:49:59
ACC_1007961,C_105351,BUSINESS,14774.03,ACTIVE,2018-01-27 00:48:09
ACC_1007962,C_105351,SAVINGS,39276.82,ACTIVE,2018-01-31 11:54:09
ACC_1007963,C_105352,SAVINGS,14744.37,ACTIVE,2024-03-26 14:53:33
ACC_1007964,C_105353,BUSINESS,39587.56,ACTIVE,2016-07-25 14:54:03
ACC_1007965,C_105353,CURRENT,34734.97,ACTIVE,2016-07-05 11:39:03
ACC_1007966,C_105354,SAVINGS,5351.95,ACTIVE,2017-08-29 18:13:59
ACC_1007967,C_105354,CURRENT,5136.7,ACTIVE,2017-08-12 03:49:59
ACC_1007968,C_105355,SAVINGS,250000.0,DORMANT,2019-08-14 08:46:51
ACC_1007969,C_105355,CURRENT,3555.41,ACTIVE,2019-08-09 06:46:51
ACC_1007970,C_105356,SAVINGS,13573.77,ACTIVE,2023-03-06 21:08:43
ACC_1007971,C_105357,CURRENT,10130.33,ACTIVE,2023-06-22 20:44:32
ACC_1007972,C_105358,BUSINESS,227791.21,ACTIVE,2022-04-07 00:35:17
ACC_1007973,C_105358,BUSINESS,7495.18,DORMANT,2022-04-15 14:28:17
ACC_1007974,C_105359,SAVINGS,46817.09,ACTIVE,2022-01-06 04:57:58
ACC_1007975,C_105359,CURRENT,1669.26,ACTIVE,2022-01-05 18:27:58
ACC_1007976,C_105360,BUSINESS,171756.43,ACTIVE,2018-04-21 00:22:03
ACC_1007977,C_105361,CURRENT,3948.3,ACTIVE,2016-01-15 06:13:40
ACC_1007978,C_105361,CURRENT,3638.0,ACTIVE,2016-01-16 16:37:40
ACC_1007979,C_105362,BUSINESS,28284.54,ACTIVE,2016-03-13 19:34:46
ACC_1007980,C_105363,BUSINESS,188667.44,ACTIVE,2022-01-03 02:59:03
ACC_1007981,C_105363,BUSINESS,72332.58,ACTIVE,2022-01-24 08:57:03
ACC_1007982,C_105364,CURRENT,5716.11,ACTIVE,2018-11-26 17:00:47
ACC_1007983,C_105365,BUSINESS,31282.19,ACTIVE,2025-04-12 09:56:26
ACC_1007984,C_105365,BUSINESS,820504.03,ACTIVE,2025-04-25 14:15:26
ACC_1007985,C_105366,BUSINESS,1065149.67,ACTIVE,2019-11-23 09:50:39
ACC_1007986,C_105367,SAVINGS,67707.94,ACTIVE,2018-06-21 19:13:32
ACC_1007987,C_105367,CURRENT,708.07,ACTIVE,2018-06-08 05:43:32
ACC_1007988,C_105368,CURRENT,2423.01,ACTIVE,2019-10-13 11:55:52
ACC_1007989,C_105368,SAVINGS,3195.83,ACTIVE,2019-10-12 12:22:52
ACC_1007990,C_105369,SAVINGS,28928.48,ACTIVE,2017-09-19 23:35:35
ACC_1007991,C_105370,SAVINGS,25746.34,ACTIVE,2023-06-30 23:42:06
ACC_1007992,C_105371,SAVINGS,22038.58,ACTIVE,2018-08-17 00:41:14
ACC_1007993,C_105372,CURRENT,516.32,ACTIVE,2021-07-05 13:57:03
ACC_1007994,C_105372,SAVINGS,1966.36,ACTIVE,2021-06-29 05:40:03
ACC_1007995,C_105373,SAVINGS,22006.99,ACTIVE,2020-02-09 18:13:50
ACC_1007996,C_105373,CURRENT,2395.8,ACTIVE,2020-02-13 01:15:50
ACC_1007997,C_105374,CURRENT,1594.54,ACTIVE,2018-09-21 07:08:57
ACC_1007998,C_105374,SAVINGS,4669.79,ACTIVE,2018-09-01 12:03:57
ACC_1007999,C_105375,CURRENT,4712.43,ACTIVE,2020-10-11 19:55:28
ACC_1008000,C_105375,BUSINESS,20761.06,ACTIVE,2020-10-16 00:25:28
ACC_1008001,C_105375,BUSINESS,32564.1,ACTIVE,2020-10-06 11:29:28
ACC_1008002,C_105376,BUSINESS,5604.83,ACTIVE,2017-09-15 04:33:44
ACC_1008003,C_105377,SAVINGS,10768.16,ACTIVE,2022-02-06 11:21:15
ACC_1008004,C_105378,BUSINESS,22949.35,ACTIVE,2022-09-14 20:51:28
ACC_1008005,C_105378,SAVINGS,1558.57,ACTIVE,2022-09-12 01:28:28
ACC_1008006,C_105378,SAVINGS,16957.77,ACTIVE,2022-09-27 13:27:28
ACC_1008007,C_105379,SAVINGS,25387.48,ACTIVE,2019-08-27 12:12:47
ACC_1008008,C_105380,SAVINGS,79288.99,ACTIVE,2023-09-04 00:30:52
ACC_1008009,C_105381,BUSINESS,67143.48,ACTIVE,2017-10-25 14:37:17
ACC_1008010,C_105382,BUSINESS,363490.89,ACTIVE,2023-07-08 12:08:04
ACC_1008011,C_105382,BUSINESS,332631.99,DORMANT,2023-07-16 16:45:04
ACC_1008012,C_105383,CURRENT,3329.3,ACTIVE,2017-10-16 00:53:26
ACC_1008013,C_105384,BUSINESS,171069.47,ACTIVE,2025-04-02 14:48:48
ACC_1008014,C_105384,BUSINESS,8296.58,ACTIVE,2025-03-17 08:12:48
ACC_1008015,C_105385,SAVINGS,6807.31,DORMANT,2016-11-27 23:36:16
ACC_1008016,C_105385,SAVINGS,9856.01,ACTIVE,2016-12-05 08:20:16
ACC_1008017,C_105386,SAVINGS,144952.31,ACTIVE,2019-11-18 06:00:18
ACC_1008018,C_105386,SAVINGS,4500.96,ACTIVE,2019-12-01 06:32:18
ACC_1008019,C_105387,CURRENT,2160.94,ACTIVE,2018-03-18 07:30:36
ACC_1008020,C_105387,CURRENT,1227.87,ACTIVE,2018-03-18 16:17:36
ACC_1008021,C_105387,CURRENT,830.33,ACTIVE,2018-03-13 14:43:36
ACC_1008022,C_105388,CURRENT,1087.26,ACTIVE,2021-08-26 16:51:56
ACC_1008023,C_105388,SAVINGS,47121.32,ACTIVE,2021-08-22 18:26:56
ACC_1008024,C_105389,CURRENT,973.81,ACTIVE,2017-02-13 12:33:22
ACC_1008025,C_105390,CURRENT,650.03,ACTIVE,2022-05-29 14:35:55
ACC_1008026,C_105391,SAVINGS,29414.44,ACTIVE,2025-03-17 20:46:23
ACC_1008027,C_105391,CURRENT,478.45,ACTIVE,2025-04-01 20:35:23
ACC_1008028,C_105392,CURRENT,18125.39,ACTIVE,2024-12-29 20:48:32
ACC_1008029,C_105392,CURRENT,10076.26,ACTIVE,2024-12-28 03:39:32
ACC_1008030,C_105392,CURRENT,393.43,ACTIVE,2024-12-19 16:23:32
ACC_1008031,C_105393,BUSINESS,243607.78,ACTIVE,2023-06-22 15:14:37
ACC_1008032,C_105394,BUSINESS,23877.84,ACTIVE,2016-08-20 21:01:55
ACC_1008033,C_105395,SAVINGS,22062.48,ACTIVE,2017-12-29 01:57:27
ACC_1008034,C_105395,CURRENT,1554.61,ACTIVE,2017-11-29 20:32:27
ACC_1008035,C_105396,SAVINGS,6833.84,ACTIVE,2023-02-19 15:47:41
ACC_1008036,C_105397,SAVINGS,50923.96,DORMANT,2017-09-07 00:16:09
ACC_1008037,C_105398,BUSINESS,262819.24,ACTIVE,2024-04-29 14:15:41
ACC_1008038,C_105398,BUSINESS,60121.31,ACTIVE,2024-04-28 23:29:41
ACC_1008039,C_105398,BUSINESS,37537.67,ACTIVE,2024-04-12 16:20:41
ACC_1008040,C_105399,BUSINESS,131471.88,ACTIVE,2024-09-16 12:25:51
ACC_1008041,C_105399,CURRENT,154.94,ACTIVE,2024-09-20 16:38:51
ACC_1008042,C_105400,SAVINGS,2016.2,ACTIVE,2023-05-07 18:20:40
ACC_1008043,C_105400,SAVINGS,19492.5,DORMANT,2023-04-29 05:44:40
ACC_1008044,C_105400,CURRENT,317.32,ACTIVE,2023-04-25 23:47:40
ACC_1008045,C_105401,SAVINGS,7174.57,ACTIVE,2018-08-24 13:24:51
ACC_1008046,C_105401,SAVINGS,10436.29,ACTIVE,2018-09-10 13:41:51
ACC_1008047,C_105401,BUSINESS,44291.62,ACTIVE,2018-08-23 00:56:51
ACC_1008048,C_105402,CURRENT,5078.55,ACTIVE,2016-06-22 04:48:24
ACC_1008049,C_105403,BUSINESS,23186.18,ACTIVE,2017-07-03 04:16:54
ACC_1008050,C_105404,BUSINESS,20126.63,ACTIVE,2022-08-11 12:23:59
ACC_1008051,C_105405,BUSINESS,48848.03,ACTIVE,2019-04-26 02:22:13
ACC_1008052,C_105405,BUSINESS,27358.64,ACTIVE,2019-04-20 10:54:13
ACC_1008053,C_105405,BUSINESS,5068.41,DORMANT,2019-05-13 05:16:13
ACC_1008054,C_105406,SAVINGS,4545.19,ACTIVE,2019-04-23 14:14:38
ACC_1008055,C_105407,BUSINESS,120415.31,ACTIVE,2024-11-12 17:06:23
ACC_1008056,C_105408,BUSINESS,261749.79,ACTIVE,2020-05-29 22:56:08
ACC_1008057,C_105409,CURRENT,3374.82,ACTIVE,2021-11-16 00:14:57
ACC_1008058,C_105410,SAVINGS,10043.23,ACTIVE,2016-08-12 07:48:57
ACC_1008059,C_105411,CURRENT,2381.57,ACTIVE,2017-05-17 23:45:38
ACC_1008060,C_105411,SAVINGS,16568.62,ACTIVE,2017-06-06 10:31:38
ACC_1008061,C_105412,CURRENT,1146.18,ACTIVE,2018-03-14 18:56:04
ACC_1008062,C_105412,CURRENT,1508.7,ACTIVE,2018-03-22 05:54:04
ACC_1008063,C_105413,CURRENT,1963.82,ACTIVE,2018-11-24 21:47:52
ACC_1008064,C_105414,SAVINGS,10513.73,ACTIVE,2016-11-15 00:04:16
ACC_1008065,C_105415,BUSINESS,100275.95,ACTIVE,2019-06-12 03:37:58
ACC_1008066,C_105416,BUSINESS,560018.23,ACTIVE,2023-08-01 02:00:23
ACC_1008067,C_105417,CURRENT,3427.35,ACTIVE,2023-07-25 01:50:37
ACC_1008068,C_105418,BUSINESS,52326.8,DORMANT,2023-12-01 14:02:23
ACC_1008069,C_105418,SAVINGS,1740.28,ACTIVE,2023-12-12 09:41:23
ACC_1008070,C_105419,CURRENT,5708.07,ACTIVE,2024-02-23 15:14:52
ACC_1008071,C_105419,CURRENT,455.81,ACTIVE,2024-02-21 13:20:52
ACC_1008072,C_105420,BUSINESS,12749.15,ACTIVE,2019-06-11 21:21:56
ACC_1008073,C_105421,SAVINGS,7187.77,DORMANT,2023-03-18 14:34:48
ACC_1008074,C_105421,CURRENT,2725.44,ACTIVE,2023-03-08 20:35:48
ACC_1008075,C_105422,CURRENT,5484.92,ACTIVE,2021-05-20 09:23:30
ACC_1008076,C_105422,CURRENT,5335.63,ACTIVE,2021-05-25 12:31:30
ACC_1008077,C_105423,CURRENT,1740.25,ACTIVE,2016-10-06 08:50:20
ACC_1008078,C_105423,SAVINGS,18836.32,ACTIVE,2016-10-09 14:05:20
ACC_1008079,C_105424,SAVINGS,50905.55,ACTIVE,2018-03-05 15:34:00
ACC_1008080,C_105425,SAVINGS,3498.58,ACTIVE,2021-02-26 13:28:12
ACC_1008081,C_105426,CURRENT,2008.05,ACTIVE,2018-07-26 13:37:55
ACC_1008082,C_105427,CURRENT,15843.73,ACTIVE,2020-01-10 05:43:39
ACC_1008083,C_105427,SAVINGS,47047.96,ACTIVE,2019-12-29 00:13:39
ACC_1008084,C_105427,CURRENT,2699.68,ACTIVE,2020-01-06 00:07:39
ACC_1008085,C_105428,SAVINGS,182453.1,DORMANT,2023-04-12 17:38:12
ACC_1008086,C_105428,CURRENT,3285.49,ACTIVE,2023-04-05 23:50:12
ACC_1008087,C_105429,SAVINGS,3003.06,ACTIVE,2023-08-29 18:01:45
ACC_1008088,C_105430,BUSINESS,48157.23,ACTIVE,2016-12-28 05:46:28
ACC_1008089,C_105431,BUSINESS,233466.81,ACTIVE,2018-06-22 23:33:00
ACC_1008090,C_105431,CURRENT,805.61,ACTIVE,2018-06-15 02:41:00
ACC_1008091,C_105432,CURRENT,606.63,ACTIVE,2022-09-11 10:45:57
ACC_1008092,C_105433,BUSINESS,16374.72,ACTIVE,2024-01-30 21:05:32
ACC_1008093,C_105433,CURRENT,6497.43,ACTIVE,2024-01-26 18:03:32
ACC_1008094,C_105434,CURRENT,982.6,ACTIVE,2016-07-19 14:53:06
ACC_1008095,C_105434,SAVINGS,16725.1,ACTIVE,2016-07-29 08:56:06
ACC_1008096,C_105435,SAVINGS,10301.52,ACTIVE,2023-12-20 16:36:03
ACC_1008097,C_105436,SAVINGS,19227.57,ACTIVE,2019-05-01 09:10:45
ACC_1008098,C_105437,CURRENT,1081.32,ACTIVE,2018-05-29 04:39:39
ACC_1008099,C_105438,SAVINGS,17922.63,ACTIVE,2017-01-16 17:37:47
ACC_1008100,C_105438,SAVINGS,19535.19,ACTIVE,2017-01-15 20:41:47
ACC_1008101,C_105439,CURRENT,1708.12,ACTIVE,2016-03-08 01:01:45
ACC_1008102,C_105440,BUSINESS,78307.08,ACTIVE,2020-11-29 08:35:45
ACC_1008103,C_105441,CURRENT,1190.24,ACTIVE,2023-03-23 08:03:53
ACC_1008104,C_105441,BUSINESS,13457.76,ACTIVE,2023-04-09 19:12:53
ACC_1008105,C_105442,CURRENT,4292.34,ACTIVE,2019-09-04 11:14:33
ACC_1008106,C_105443,SAVINGS,3544.53,ACTIVE,2022-08-05 23:41:38
ACC_1008107,C_105443,CURRENT,10642.44,ACTIVE,2022-08-02 02:43:38
ACC_1008108,C_105443,BUSINESS,78785.99,ACTIVE,2022-07-16 02:53:38
ACC_1008109,C_105444,CURRENT,896.49,ACTIVE,2020-06-28 07:22:03
ACC_1008110,C_105444,SAVINGS,5961.31,ACTIVE,2020-06-11 19:56:03
ACC_1008111,C_105445,CURRENT,1733.93,DORMANT,2018-12-21 16:12:43
ACC_1008112,C_105446,SAVINGS,59482.86,ACTIVE,2016-09-07 23:25:56
ACC_1008113,C_105446,BUSINESS,187741.07,ACTIVE,2016-08-21 09:19:56
ACC_1008114,C_105447,BUSINESS,137018.28,DORMANT,2025-08-31 15:28:39
ACC_1008115,C_105448,CURRENT,20993.7,ACTIVE,2018-09-17 09:10:36
ACC_1008116,C_105449,BUSINESS,48142.99,ACTIVE,2019-12-24 16:05:32
ACC_1008117,C_105449,CURRENT,850.24,ACTIVE,2019-12-19 17:30:32
ACC_1008118,C_105450,SAVINGS,3562.99,ACTIVE,2019-03-05 10:44:59
ACC_1008119,C_105450,BUSINESS,39630.4,DORMANT,2019-03-14 04:43:59
ACC_1008120,C_105451,BUSINESS,7080.56,ACTIVE,2023-04-30 18:13:41
ACC_1008121,C_105452,BUSINESS,54785.0,ACTIVE,2016-03-31 21:07:23
ACC_1008122,C_105453,CURRENT,1467.55,ACTIVE,2017-01-22 22:38:40
ACC_1008123,C_105454,CURRENT,4308.41,ACTIVE,2023-01-05 02:28:34
ACC_1008124,C_105455,CURRENT,995.12,ACTIVE,2022-11-02 07:47:28
ACC_1008125,C_105455,BUSINESS,5897.03,ACTIVE,2022-11-15 17:54:28
ACC_1008126,C_105456,SAVINGS,5095.61,ACTIVE,2024-10-20 06:53:54
ACC_1008127,C_105457,SAVINGS,10692.22,ACTIVE,2018-08-13 05:03:11
ACC_1008128,C_105457,CURRENT,3109.78,DORMANT,2018-08-22 14:35:11
ACC_1008129,C_105458,CURRENT,1623.48,ACTIVE,2018-07-05 23:57:01
ACC_1008130,C_105459,SAVINGS,6113.17,ACTIVE,2023-05-26 10:26:53
ACC_1008131,C_105460,BUSINESS,31822.87,ACTIVE,2019-05-05 05:16:42
ACC_1008132,C_105461,SAVINGS,5564.34,ACTIVE,2020-08-07 15:19:53
ACC_1008133,C_105462,CURRENT,4726.98,ACTIVE,2019-08-21 06:25:39
ACC_1008134,C_105462,BUSINESS,94648.66,ACTIVE,2019-07-30 09:07:39
ACC_1008135,C_105463,SAVINGS,32441.24,ACTIVE,2025-07-25 01:53:52
ACC_1008136,C_105464,SAVINGS,6054.84,ACTIVE,2016-07-10 12:49:47
ACC_1008137,C_105464,CURRENT,419.63,ACTIVE,2016-06-23 23:20:47
ACC_1008138,C_105465,BUSINESS,91472.37,DORMANT,2022-06-20 23:25:39
ACC_1008139,C_105465,SAVINGS,16907.59,ACTIVE,2022-06-27 05:32:39
ACC_1008140,C_105466,BUSINESS,155502.3,ACTIVE,2020-05-24 14:16:33
ACC_1008141,C_105467,CURRENT,3147.96,ACTIVE,2020-07-21 11:55:30
ACC_1008142,C_105467,BUSINESS,55940.74,ACTIVE,2020-07-26 19:41:30
ACC_1008143,C_105468,CURRENT,56.37,ACTIVE,2023-06-26 14:54:58
ACC_1008144,C_105469,SAVINGS,21131.68,ACTIVE,2021-12-28 15:46:56
ACC_1008145,C_105470,BUSINESS,74903.97,ACTIVE,2025-02-22 02:53:16
ACC_1008146,C_105471,CURRENT,3207.36,ACTIVE,2017-01-06 08:42:38
ACC_1008147,C_105471,SAVINGS,3750.66,ACTIVE,2017-01-18 12:40:38
ACC_1008148,C_105472,BUSINESS,218975.88,ACTIVE,2024-07-04 15:15:53
ACC_1008149,C_105473,SAVINGS,9166.31,ACTIVE,2022-09-30 17:15:42
ACC_1008150,C_105473,SAVINGS,8482.84,ACTIVE,2022-09-30 03:15:42
ACC_1008151,C_105474,BUSINESS,113577.64,ACTIVE,2021-01-21 11:53:19
ACC_1008152,C_105474,SAVINGS,22782.91,DORMANT,2021-01-26 17:17:19
ACC_1008153,C_105475,SAVINGS,19863.58,ACTIVE,2025-07-31 12:38:37
ACC_1008154,C_105475,BUSINESS,53795.83,ACTIVE,2025-07-19 17:26:37
ACC_1008155,C_105476,SAVINGS,16910.47,ACTIVE,2018-07-06 20:35:53
ACC_1008156,C_105477,BUSINESS,10546.08,ACTIVE,2024-08-25 14:15:29
ACC_1008157,C_105477,CURRENT,3506.09,DORMANT,2024-08-12 14:34:29
ACC_1008158,C_105477,CURRENT,2279.23,ACTIVE,2024-08-26 06:19:29
ACC_1008159,C_105478,SAVINGS,953.21,ACTIVE,2019-02-13 05:11:24
ACC_1008160,C_105479,SAVINGS,6408.67,DORMANT,2019-11-27 01:03:15
ACC_1008161,C_105479,SAVINGS,33300.2,DORMANT,2019-11-22 02:29:15
ACC_1008162,C_105480,SAVINGS,6660.24,ACTIVE,2018-04-12 23:10:27
ACC_1008163,C_105481,SAVINGS,4050.27,ACTIVE,2020-04-09 04:56:43
ACC_1008164,C_105481,BUSINESS,34152.49,ACTIVE,2020-04-14 09:41:43
ACC_1008165,C_105482,BUSINESS,42852.71,ACTIVE,2025-07-16 02:38:00
ACC_1008166,C_105482,SAVINGS,7670.57,DORMANT,2025-08-09 10:01:00
ACC_1008167,C_105483,CURRENT,364.22,ACTIVE,2022-04-12 04:25:10
ACC_1008168,C_105483,BUSINESS,53659.44,ACTIVE,2022-04-19 00:25:10
ACC_1008169,C_105484,CURRENT,19977.8,ACTIVE,2021-04-17 08:08:13
ACC_1008170,C_105484,CURRENT,6865.84,ACTIVE,2021-05-10 21:53:13
ACC_1008171,C_105484,CURRENT,1246.77,DORMANT,2021-05-11 11:00:13
ACC_1008172,C_105485,BUSINESS,15367.21,DORMANT,2024-10-15 22:41:59
ACC_1008173,C_105486,SAVINGS,13226.92,ACTIVE,2018-07-15 19:32:18
ACC_1008174,C_105487,CURRENT,6027.65,ACTIVE,2018-12-17 00:36:18
ACC_1008175,C_105488,SAVINGS,14479.37,ACTIVE,2023-05-16 00:05:51
ACC_1008176,C_105489,CURRENT,1905.87,ACTIVE,2021-08-15 06:03:49
ACC_1008177,C_105490,SAVINGS,53112.8,ACTIVE,2021-04-09 09:33:14
ACC_1008178,C_105490,SAVINGS,3645.53,ACTIVE,2021-04-26 13:40:14
ACC_1008179,C_105491,SAVINGS,3653.6,ACTIVE,2022-02-01 04:33:25
ACC_1008180,C_105491,BUSINESS,147096.12,ACTIVE,2022-01-26 03:32:25
ACC_1008181,C_105491,SAVINGS,5107.31,ACTIVE,2022-02-17 11:40:25
ACC_1008182,C_105492,SAVINGS,3308.43,ACTIVE,2024-09-06 04:36:56
ACC_1008183,C_105493,SAVINGS,18083.66,ACTIVE,2025-03-25 10:33:35
ACC_1008184,C_105493,BUSINESS,26858.36,ACTIVE,2025-04-21 08:17:35
ACC_1008185,C_105494,CURRENT,10563.34,ACTIVE,2025-07-11 21:08:05
ACC_1008186,C_105495,CURRENT,2740.32,ACTIVE,2021-10-31 09:20:13
ACC_1008187,C_105495,SAVINGS,1653.41,ACTIVE,2021-10-16 01:57:13
ACC_1008188,C_105495,SAVINGS,39235.96,ACTIVE,2021-10-19 12:07:13
ACC_1008189,C_105496,CURRENT,3248.04,ACTIVE,2020-07-03 02:48:30
ACC_1008190,C_105497,SAVINGS,15139.38,ACTIVE,2021-01-29 06:23:12
ACC_1008191,C_105498,BUSINESS,19117.24,ACTIVE,2017-06-13 02:13:48
ACC_1008192,C_105498,SAVINGS,5353.03,ACTIVE,2017-05-31 00:39:48
ACC_1008193,C_105499,CURRENT,2752.61,ACTIVE,2024-05-04 15:32:25
ACC_1008194,C_105499,CURRENT,475.73,ACTIVE,2024-05-07 13:57:25
ACC_1008195,C_105500,BUSINESS,102650.49,ACTIVE,2023-10-23 01:42:23
ACC_1008196,C_105500,BUSINESS,79512.73,ACTIVE,2023-10-25 08:57:23
ACC_1008197,C_105500,BUSINESS,136050.74,ACTIVE,2023-10-01 20:38:23
ACC_1008198,C_105501,CURRENT,4052.22,ACTIVE,2024-05-31 17:44:30
ACC_1008199,C_105501,BUSINESS,262554.79,ACTIVE,2024-06-01 14:41:30
ACC_1008200,C_105502,SAVINGS,2472.62,ACTIVE,2020-06-11 18:02:22
ACC_1008201,C_105503,SAVINGS,31233.06,ACTIVE,2023-01-29 00:38:09
ACC_1008202,C_105504,CURRENT,4318.74,ACTIVE,2023-10-02 14:38:48
ACC_1008203,C_105505,SAVINGS,22295.99,ACTIVE,2019-10-27 06:43:22
ACC_1008204,C_105505,BUSINESS,190270.76,ACTIVE,2019-10-25 01:57:22
ACC_1008205,C_105506,CURRENT,1104.62,ACTIVE,2016-08-29 09:54:33
ACC_1008206,C_105507,CURRENT,7625.24,ACTIVE,2019-01-17 00:02:52
ACC_1008207,C_105507,SAVINGS,12997.45,ACTIVE,2019-01-22 03:29:52
ACC_1008208,C_105508,SAVINGS,93865.98,ACTIVE,2016-10-15 11:43:35
ACC_1008209,C_105509,BUSINESS,219507.41,ACTIVE,2020-12-12 03:25:36
ACC_1008210,C_105510,CURRENT,1248.41,ACTIVE,2025-09-17 18:35:24
ACC_1008211,C_105510,CURRENT,2368.0,ACTIVE,2025-09-29 22:33:24
ACC_1008212,C_105511,SAVINGS,2595.57,ACTIVE,2016-03-02 08:11:56
ACC_1008213,C_105511,CURRENT,1599.62,ACTIVE,2016-02-26 12:17:56
ACC_1008214,C_105512,SAVINGS,27132.9,ACTIVE,2019-05-30 23:55:27
ACC_1008215,C_105513,CURRENT,3868.77,ACTIVE,2022-11-01 20:07:25
ACC_1008216,C_105513,SAVINGS,25230.14,DORMANT,2022-10-15 20:29:25
ACC_1008217,C_105514,BUSINESS,407315.16,ACTIVE,2022-01-12 11:29:18
ACC_1008218,C_105514,CURRENT,2713.61,ACTIVE,2021-12-29 06:14:18
ACC_1008219,C_105515,CURRENT,5560.0,DORMANT,2025-01-07 02:24:44
ACC_1008220,C_105515,BUSINESS,2479.84,ACTIVE,2025-01-10 17:23:44
ACC_1008221,C_105516,BUSINESS,33068.51,ACTIVE,2021-04-14 12:21:50
ACC_1008222,C_105516,BUSINESS,90218.52,ACTIVE,2021-05-07 21:42:50
ACC_1008223,C_105517,BUSINESS,99003.69,ACTIVE,2025-05-05 03:56:00
ACC_1008224,C_105518,BUSINESS,66119.81,ACTIVE,2024-06-13 23:12:59
ACC_1008225,C_105519,BUSINESS,64495.49,ACTIVE,2024-11-11 01:42:17
ACC_1008226,C_105519,BUSINESS,16314.14,ACTIVE,2024-10-22 07:12:17
ACC_1008227,C_105519,CURRENT,2356.07,ACTIVE,2024-11-04 07:09:17
ACC_1008228,C_105520,CURRENT,1221.56,ACTIVE,2017-07-31 23:24:49
ACC_1008229,C_105521,SAVINGS,13371.37,ACTIVE,2024-12-12 23:21:46
ACC_1008230,C_105521,CURRENT,869.94,ACTIVE,2024-12-02 03:11:46
ACC_1008231,C_105522,BUSINESS,4169.69,ACTIVE,2022-06-19 12:37:54
ACC_1008232,C_105523,BUSINESS,260909.08,DORMANT,2016-04-06 23:12:50
ACC_1008233,C_105523,SAVINGS,26092.85,ACTIVE,2016-03-26 12:20:50
ACC_1008234,C_105524,SAVINGS,10609.41,ACTIVE,2022-10-01 03:19:25
ACC_1008235,C_105524,BUSINESS,10122.08,ACTIVE,2022-09-22 02:29:25
ACC_1008236,C_105524,BUSINESS,160026.64,DORMANT,2022-10-05 18:47:25
ACC_1008237,C_105525,SAVINGS,8662.14,ACTIVE,2016-11-30 13:02:20
ACC_1008238,C_105525,BUSINESS,31955.14,DORMANT,2016-12-05 12:42:20
ACC_1008239,C_105525,SAVINGS,31948.61,ACTIVE,2016-12-03 21:38:20
ACC_1008240,C_105526,BUSINESS,249415.16,ACTIVE,2025-08-27 10:16:17
ACC_1008241,C_105526,CURRENT,502.02,ACTIVE,2025-08-09 15:19:17
ACC_1008242,C_105527,CURRENT,348.71,ACTIVE,2025-01-10 06:41:08
ACC_1008243,C_105528,SAVINGS,1781.4,ACTIVE,2018-12-09 10:24:14
ACC_1008244,C_105529,SAVINGS,14865.82,ACTIVE,2023-01-08 12:56:13
ACC_1008245,C_105529,SAVINGS,28634.52,ACTIVE,2022-12-31 08:59:13
ACC_1008246,C_105530,SAVINGS,11608.71,ACTIVE,2025-12-31 10:55:48
ACC_1008247,C_105531,CURRENT,1095.22,ACTIVE,2023-04-20 09:30:24
ACC_1008248,C_105532,SAVINGS,4998.01,ACTIVE,2016-05-18 05:53:48
ACC_1008249,C_105532,BUSINESS,165343.32,ACTIVE,2016-04-27 12:00:48
ACC_1008250,C_105533,SAVINGS,53297.56,ACTIVE,2020-02-25 05:33:53
ACC_1008251,C_105534,CURRENT,857.93,ACTIVE,2022-07-24 21:59:30
ACC_1008252,C_105535,BUSINESS,138874.01,ACTIVE,2024-12-10 19:42:14
ACC_1008253,C_105535,BUSINESS,88791.04,ACTIVE,2024-12-28 00:30:14
ACC_1008254,C_105536,BUSINESS,38159.64,ACTIVE,2022-10-02 06:33:20
ACC_1008255,C_105537,BUSINESS,591665.01,ACTIVE,2017-02-04 04:51:41
ACC_1008256,C_105538,SAVINGS,72049.63,ACTIVE,2021-02-08 04:51:46
ACC_1008257,C_105539,BUSINESS,244973.62,ACTIVE,2023-01-20 00:20:12
ACC_1008258,C_105540,BUSINESS,18448.51,ACTIVE,2021-08-09 19:25:31
ACC_1008259,C_105541,CURRENT,4459.59,ACTIVE,2021-09-21 03:29:51
ACC_1008260,C_105542,CURRENT,2008.13,ACTIVE,2018-03-06 16:03:03
ACC_1008261,C_105543,CURRENT,5535.16,ACTIVE,2022-08-19 06:46:13
ACC_1008262,C_105544,BUSINESS,251499.57,ACTIVE,2024-02-03 02:01:06
ACC_1008263,C_105545,BUSINESS,125503.77,ACTIVE,2017-10-03 00:09:02
ACC_1008264,C_105546,SAVINGS,3910.04,ACTIVE,2023-10-25 10:58:27
ACC_1008265,C_105547,SAVINGS,5654.69,ACTIVE,2016-04-12 00:49:23
ACC_1008266,C_105548,BUSINESS,9440.76,ACTIVE,2019-02-27 23:40:23
ACC_1008267,C_105549,SAVINGS,5774.36,ACTIVE,2018-10-30 10:17:06
ACC_1008268,C_105550,CURRENT,5599.43,ACTIVE,2025-12-17 21:08:57
ACC_1008269,C_105550,CURRENT,595.98,ACTIVE,2025-12-26 22:54:57
ACC_1008270,C_105550,BUSINESS,26231.8,ACTIVE,2025-12-27 04:11:57
ACC_1008271,C_105551,BUSINESS,299321.58,ACTIVE,2019-01-27 04:45:55
ACC_1008272,C_105552,BUSINESS,39364.05,ACTIVE,2017-06-28 03:39:40
ACC_1008273,C_105553,CURRENT,1457.73,ACTIVE,2025-12-27 05:51:37
ACC_1008274,C_105553,CURRENT,934.69,ACTIVE,2025-12-09 16:08:37
ACC_1008275,C_105554,SAVINGS,9223.83,ACTIVE,2024-07-01 20:50:03
ACC_1008276,C_105555,SAVINGS,10339.23,ACTIVE,2024-01-23 05:05:09
ACC_1008277,C_105555,BUSINESS,370077.08,ACTIVE,2024-01-27 22:13:09
ACC_1008278,C_105556,CURRENT,2018.58,ACTIVE,2019-10-30 10:46:23
ACC_1008279,C_105557,BUSINESS,490277.87,ACTIVE,2018-03-13 13:27:06
ACC_1008280,C_105558,SAVINGS,28297.46,ACTIVE,2018-01-12 21:01:51
ACC_1008281,C_105559,SAVINGS,20435.65,ACTIVE,2021-10-22 22:04:14
ACC_1008282,C_105560,CURRENT,1657.75,ACTIVE,2024-03-20 20:59:32
ACC_1008283,C_105561,BUSINESS,40764.62,ACTIVE,2021-01-23 20:12:25
ACC_1008284,C_105562,CURRENT,1071.15,ACTIVE,2016-08-04 03:35:08
ACC_1008285,C_105562,CURRENT,591.66,ACTIVE,2016-07-30 16:50:08
ACC_1008286,C_105563,SAVINGS,97376.85,ACTIVE,2017-01-19 15:21:26
ACC_1008287,C_105563,SAVINGS,22668.23,ACTIVE,2017-02-08 02:52:26
ACC_1008288,C_105564,SAVINGS,45214.21,ACTIVE,2017-08-14 21:20:52
ACC_1008289,C_105565,CURRENT,1088.2,ACTIVE,2021-06-03 07:48:53
ACC_1008290,C_105566,BUSINESS,7750.03,ACTIVE,2022-12-18 05:39:10
ACC_1008291,C_105566,CURRENT,3751.74,DORMANT,2022-12-17 03:42:10
ACC_1008292,C_105567,BUSINESS,13010.15,DORMANT,2024-02-16 04:08:52
ACC_1008293,C_105567,CURRENT,466.82,DORMANT,2024-02-14 18:52:52
ACC_1008294,C_105568,SAVINGS,605.39,ACTIVE,2018-10-01 10:15:04
ACC_1008295,C_105569,SAVINGS,42142.19,ACTIVE,2017-07-26 03:38:02
ACC_1008296,C_105570,BUSINESS,146530.84,ACTIVE,2016-12-19 07:35:01
ACC_1008297,C_105570,SAVINGS,3333.88,ACTIVE,2016-12-14 10:34:01
ACC_1008298,C_105571,CURRENT,23364.6,ACTIVE,2023-06-16 13:58:13
ACC_1008299,C_105572,CURRENT,874.72,ACTIVE,2023-04-19 18:29:21
ACC_1008300,C_105573,CURRENT,413.68,ACTIVE,2020-07-18 07:06:28
ACC_1008301,C_105574,BUSINESS,41196.92,ACTIVE,2020-12-08 16:17:25
ACC_1008302,C_105574,BUSINESS,375581.55,ACTIVE,2020-11-18 18:08:25
ACC_1008303,C_105575,CURRENT,2462.67,ACTIVE,2018-06-12 07:43:41
ACC_1008304,C_105575,SAVINGS,47203.4,ACTIVE,2018-06-29 08:32:41
ACC_1008305,C_105576,SAVINGS,5758.3,ACTIVE,2020-01-12 11:28:10
ACC_1008306,C_105576,SAVINGS,39149.32,ACTIVE,2020-01-18 20:39:10
ACC_1008307,C_105577,SAVINGS,12622.0,ACTIVE,2017-06-28 05:14:49
ACC_1008308,C_105577,SAVINGS,45207.58,ACTIVE,2017-07-06 05:02:49
ACC_1008309,C_105578,CURRENT,658.67,ACTIVE,2019-06-22 13:26:27
ACC_1008310,C_105579,CURRENT,3008.28,ACTIVE,2025-11-15 20:57:54
ACC_1008311,C_105579,CURRENT,1071.67,ACTIVE,2025-11-19 10:38:54
ACC_1008312,C_105580,BUSINESS,154115.15,ACTIVE,2024-11-20 22:22:10
ACC_1008313,C_105580,SAVINGS,4000.78,ACTIVE,2024-12-13 13:09:10
ACC_1008314,C_105580,BUSINESS,40314.87,ACTIVE,2024-12-08 01:07:10
ACC_1008315,C_105581,SAVINGS,90918.66,ACTIVE,2018-03-24 11:13:43
ACC_1008316,C_105581,SAVINGS,5637.87,DORMANT,2018-04-07 16:44:43
ACC_1008317,C_105581,SAVINGS,27068.97,ACTIVE,2018-04-08 15:00:43
ACC_1008318,C_105582,BUSINESS,1500000.0,ACTIVE,2020-07-24 04:49:17
ACC_1008319,C_105583,CURRENT,2330.0,ACTIVE,2022-07-22 05:18:05
ACC_1008320,C_105584,CURRENT,382.05,ACTIVE,2016-04-26 06:59:07
ACC_1008321,C_105584,SAVINGS,33817.46,ACTIVE,2016-04-24 01:42:07
ACC_1008322,C_105585,BUSINESS,72739.37,ACTIVE,2025-03-13 02:45:17
ACC_1008323,C_105585,BUSINESS,105075.38,ACTIVE,2025-03-24 15:41:17
ACC_1008324,C_105586,CURRENT,819.99,ACTIVE,2025-04-21 22:09:56
ACC_1008325,C_105587,BUSINESS,8880.68,ACTIVE,2018-04-24 01:25:57
ACC_1008326,C_105587,CURRENT,1279.16,ACTIVE,2018-04-25 02:10:57
ACC_1008327,C_105588,SAVINGS,1729.81,ACTIVE,2024-04-13 17:56:41
ACC_1008328,C_105589,BUSINESS,47136.81,ACTIVE,2021-07-23 06:38:21
ACC_1008329,C_105589,CURRENT,1673.45,ACTIVE,2021-07-18 21:36:21
ACC_1008330,C_105590,BUSINESS,23046.46,ACTIVE,2021-11-20 23:35:11
ACC_1008331,C_105590,SAVINGS,11691.65,ACTIVE,2021-10-24 11:26:11
ACC_1008332,C_105591,CURRENT,33927.63,ACTIVE,2017-03-21 16:33:23
ACC_1008333,C_105592,CURRENT,1580.37,ACTIVE,2025-04-06 12:03:39
ACC_1008334,C_105593,SAVINGS,16250.4,ACTIVE,2023-02-25 06:54:18
ACC_1008335,C_105594,BUSINESS,332244.63,ACTIVE,2016-08-25 02:18:27
ACC_1008336,C_105594,SAVINGS,9726.34,ACTIVE,2016-08-23 14:35:27
ACC_1008337,C_105594,SAVINGS,12401.78,ACTIVE,2016-08-30 07:58:27
ACC_1008338,C_105595,SAVINGS,56453.39,ACTIVE,2017-03-02 08:09:45
ACC_1008339,C_105596,SAVINGS,96415.87,ACTIVE,2018-02-15 03:47:27
ACC_1008340,C_105597,CURRENT,2361.83,ACTIVE,2020-03-01 02:59:57
ACC_1008341,C_105597,CURRENT,2679.96,ACTIVE,2020-02-22 04:10:57
ACC_1008342,C_105598,CURRENT,1355.28,ACTIVE,2020-11-26 21:21:37
ACC_1008343,C_105598,CURRENT,3032.21,ACTIVE,2020-11-29 17:47:37
ACC_1008344,C_105598,SAVINGS,111663.13,ACTIVE,2020-11-06 19:00:37
ACC_1008345,C_105599,CURRENT,1896.51,ACTIVE,2017-09-28 15:08:48
ACC_1008346,C_105599,CURRENT,2287.59,ACTIVE,2017-10-06 04:39:48
ACC_1008347,C_105600,SAVINGS,27245.62,ACTIVE,2022-06-22 10:42:31
ACC_1008348,C_105600,BUSINESS,129049.19,ACTIVE,2022-06-07 03:01:31
ACC_1008349,C_105600,SAVINGS,2135.39,ACTIVE,2022-06-13 13:48:31
ACC_1008350,C_105601,CURRENT,887.26,ACTIVE,2017-03-27 05:50:35
ACC_1008351,C_105602,BUSINESS,1079753.7,ACTIVE,2020-03-21 07:44:17
ACC_1008352,C_105602,CURRENT,3757.06,ACTIVE,2020-03-28 18:22:17
ACC_1008353,C_105603,CURRENT,6361.06,ACTIVE,2020-05-24 04:48:03
ACC_1008354,C_105604,SAVINGS,6560.51,ACTIVE,2023-02-13 20:45:58
ACC_1008355,C_105605,CURRENT,625.55,ACTIVE,2018-07-09 19:32:05
ACC_1008356,C_105606,CURRENT,2939.25,ACTIVE,2016-06-16 18:18:50
ACC_1008357,C_105606,BUSINESS,1354302.5,ACTIVE,2016-06-10 09:39:50
ACC_1008358,C_105607,SAVINGS,27722.99,ACTIVE,2020-04-02 08:01:47
ACC_1008359,C_105607,SAVINGS,64861.28,ACTIVE,2020-04-09 07:40:47
ACC_1008360,C_105608,CURRENT,2051.56,ACTIVE,2018-08-23 01:59:06
ACC_1008361,C_105608,BUSINESS,13928.8,ACTIVE,2018-09-03 14:45:06
ACC_1008362,C_105608,BUSINESS,36414.66,ACTIVE,2018-08-30 13:25:06
ACC_1008363,C_105609,SAVINGS,13366.87,ACTIVE,2019-03-27 14:13:01
ACC_1008364,C_105610,SAVINGS,20861.25,ACTIVE,2018-11-07 16:03:49
ACC_1008365,C_105610,SAVINGS,9840.47,ACTIVE,2018-11-16 12:10:49
ACC_1008366,C_105610,SAVINGS,18430.02,ACTIVE,2018-11-07 13:46:49
ACC_1008367,C_105611,CURRENT,1833.93,ACTIVE,2017-12-04 00:10:15
ACC_1008368,C_105611,CURRENT,444.86,ACTIVE,2017-11-18 21:14:15
ACC_1008369,C_105612,SAVINGS,21554.28,ACTIVE,2023-07-24 22:51:20
ACC_1008370,C_105613,CURRENT,7066.72,ACTIVE,2023-05-23 23:18:44
ACC_1008371,C_105613,BUSINESS,58969.88,ACTIVE,2023-05-27 10:52:44
ACC_1008372,C_105614,CURRENT,4470.78,ACTIVE,2017-11-21 18:17:11
ACC_1008373,C_105615,BUSINESS,1137197.47,ACTIVE,2016-05-29 20:30:25
ACC_1008374,C_105616,BUSINESS,3020.35,ACTIVE,2022-03-18 15:51:53
ACC_1008375,C_105617,SAVINGS,20110.2,ACTIVE,2024-02-29 01:08:28
ACC_1008376,C_105617,CURRENT,1051.7,ACTIVE,2024-02-15 10:58:28
ACC_1008377,C_105618,CURRENT,977.47,DORMANT,2017-07-01 15:38:49
ACC_1008378,C_105619,CURRENT,300.37,ACTIVE,2020-04-14 10:59:09
ACC_1008379,C_105620,CURRENT,913.54,ACTIVE,2022-08-27 16:15:12
ACC_1008380,C_105621,BUSINESS,81034.92,ACTIVE,2020-09-12 19:33:23
ACC_1008381,C_105621,BUSINESS,29487.91,ACTIVE,2020-09-03 15:37:23
ACC_1008382,C_105622,BUSINESS,12933.96,ACTIVE,2025-03-05 15:58:10
ACC_1008383,C_105623,SAVINGS,9769.02,ACTIVE,2019-05-05 05:45:44
ACC_1008384,C_105624,SAVINGS,4141.58,ACTIVE,2025-09-02 14:54:37
ACC_1008385,C_105625,SAVINGS,21266.29,ACTIVE,2021-09-20 20:32:43
ACC_1008386,C_105625,CURRENT,629.05,ACTIVE,2021-09-17 12:29:43
ACC_1008387,C_105626,SAVINGS,7685.02,DORMANT,2022-07-10 13:37:35
ACC_1008388,C_105627,CURRENT,756.72,DORMANT,2022-11-05 13:54:16
ACC_1008389,C_105628,CURRENT,9502.0,ACTIVE,2021-06-02 08:43:32
ACC_1008390,C_105629,SAVINGS,11338.22,ACTIVE,2025-10-05 09:12:15
ACC_1008391,C_105630,BUSINESS,19639.18,ACTIVE,2023-06-12 21:57:25
ACC_1008392,C_105630,SAVINGS,5404.08,ACTIVE,2023-06-30 05:01:25
ACC_1008393,C_105631,BUSINESS,10090.53,ACTIVE,2020-01-03 15:58:07
ACC_1008394,C_105631,SAVINGS,11048.11,ACTIVE,2019-12-18 14:34:07
ACC_1008395,C_105632,BUSINESS,615630.81,ACTIVE,2016-04-23 12:27:13
ACC_1008396,C_105633,BUSINESS,65002.0,ACTIVE,2018-03-04 07:05:39
ACC_1008397,C_105634,BUSINESS,27243.07,ACTIVE,2023-01-05 13:37:27
ACC_1008398,C_105634,SAVINGS,7435.04,ACTIVE,2022-12-13 19:11:27
ACC_1008399,C_105635,SAVINGS,14099.22,ACTIVE,2017-04-02 08:33:41
ACC_1008400,C_105636,BUSINESS,9188.21,ACTIVE,2023-02-12 01:28:18
ACC_1008401,C_105636,CURRENT,6392.93,ACTIVE,2023-02-19 23:45:18
ACC_1008402,C_105637,BUSINESS,1422069.45,ACTIVE,2025-04-10 05:03:02
ACC_1008403,C_105637,CURRENT,765.41,ACTIVE,2025-03-27 00:30:02
ACC_1008404,C_105638,SAVINGS,151970.02,ACTIVE,2025-10-23 04:24:46
ACC_1008405,C_105638,CURRENT,8838.39,ACTIVE,2025-11-06 17:01:46
ACC_1008406,C_105639,SAVINGS,63884.9,ACTIVE,2022-12-28 15:40:01
ACC_1008407,C_105640,SAVINGS,1495.09,ACTIVE,2021-09-28 07:50:18
ACC_1008408,C_105641,CURRENT,2562.76,ACTIVE,2020-06-16 20:32:39
ACC_1008409,C_105642,BUSINESS,424562.23,ACTIVE,2017-07-18 05:06:19
ACC_1008410,C_105643,BUSINESS,29922.01,ACTIVE,2017-09-08 15:55:37
ACC_1008411,C_105644,BUSINESS,272129.96,ACTIVE,2022-06-28 17:09:48
ACC_1008412,C_105644,BUSINESS,481633.59,ACTIVE,2022-07-22 10:53:48
ACC_1008413,C_105645,CURRENT,5348.44,ACTIVE,2023-06-17 20:57:05
ACC_1008414,C_105646,SAVINGS,9505.06,ACTIVE,2025-05-15 22:10:11
ACC_1008415,C_105646,CURRENT,4104.46,ACTIVE,2025-06-03 09:19:11
ACC_1008416,C_105647,BUSINESS,96972.39,ACTIVE,2024-04-24 20:30:58
ACC_1008417,C_105648,BUSINESS,54194.79,ACTIVE,2021-06-04 08:39:31
ACC_1008418,C_105648,CURRENT,1626.72,ACTIVE,2021-05-25 01:58:31
ACC_1008419,C_105649,CURRENT,1084.6,ACTIVE,2017-10-07 09:03:17
ACC_1008420,C_105649,CURRENT,285.12,ACTIVE,2017-10-08 13:13:17
ACC_1008421,C_105649,CURRENT,5479.23,ACTIVE,2017-09-28 18:15:17
ACC_1008422,C_105650,CURRENT,448.38,ACTIVE,2020-08-30 06:27:43
ACC_1008423,C_105650,SAVINGS,17049.14,ACTIVE,2020-08-26 06:13:43
ACC_1008424,C_105651,BUSINESS,226855.58,ACTIVE,2020-04-01 21:38:47
ACC_1008425,C_105652,SAVINGS,1716.5,ACTIVE,2022-10-11 22:18:08
ACC_1008426,C_105653,BUSINESS,18943.17,ACTIVE,2019-02-16 19:10:13
ACC_1008427,C_105653,CURRENT,446.04,ACTIVE,2019-02-14 20:18:13
ACC_1008428,C_105654,BUSINESS,275305.65,ACTIVE,2021-01-21 13:59:53
ACC_1008429,C_105654,BUSINESS,153039.0,ACTIVE,2021-02-06 04:36:53
ACC_1008430,C_105655,CURRENT,3971.3,ACTIVE,2017-10-09 22:26:58
ACC_1008431,C_105655,CURRENT,1947.98,ACTIVE,2017-10-28 07:48:58
ACC_1008432,C_105655,CURRENT,2445.39,ACTIVE,2017-10-20 23:27:58
ACC_1008433,C_105656,SAVINGS,7133.93,ACTIVE,2017-09-02 17:07:37
ACC_1008434,C_105656,BUSINESS,35520.15,ACTIVE,2017-09-12 02:14:37
ACC_1008435,C_105657,CURRENT,914.07,ACTIVE,2024-11-27 00:03:37
ACC_1008436,C_105658,BUSINESS,8568.24,ACTIVE,2018-04-24 22:26:05
ACC_1008437,C_105659,BUSINESS,41302.14,ACTIVE,2022-05-06 13:41:11
ACC_1008438,C_105660,CURRENT,824.63,ACTIVE,2019-08-01 01:48:47
ACC_1008439,C_105661,SAVINGS,1118.02,ACTIVE,2023-08-13 05:53:54
ACC_1008440,C_105661,BUSINESS,24067.81,ACTIVE,2023-08-03 04:54:54
ACC_1008441,C_105662,BUSINESS,49687.24,ACTIVE,2017-01-09 17:24:11
ACC_1008442,C_105663,BUSINESS,18001.98,ACTIVE,2019-05-26 12:05:23
ACC_1008443,C_105664,BUSINESS,313182.92,ACTIVE,2022-05-29 17:00:57
ACC_1008444,C_105665,SAVINGS,3110.65,DORMANT,2019-06-23 04:43:05
ACC_1008445,C_105665,CURRENT,8181.63,ACTIVE,2019-06-05 13:39:05
ACC_1008446,C_105665,SAVINGS,10354.15,ACTIVE,2019-06-08 03:40:05
ACC_1008447,C_105666,SAVINGS,6413.21,DORMANT,2023-04-18 20:42:20
ACC_1008448,C_105666,SAVINGS,5372.65,ACTIVE,2023-04-05 06:04:20
ACC_1008449,C_105666,CURRENT,736.26,ACTIVE,2023-04-10 22:15:20
ACC_1008450,C_105667,SAVINGS,27589.61,ACTIVE,2017-04-05 13:56:41
ACC_1008451,C_105667,CURRENT,438.25,ACTIVE,2017-03-26 00:33:41
ACC_1008452,C_105668,SAVINGS,30531.31,ACTIVE,2020-12-10 09:34:26
ACC_1008453,C_105668,BUSINESS,121036.01,ACTIVE,2020-11-17 22:23:26
ACC_1008454,C_105669,CURRENT,8043.93,ACTIVE,2020-10-27 17:48:41
ACC_1008455,C_105669,CURRENT,230.65,DORMANT,2020-11-16 17:27:41
ACC_1008456,C_105669,CURRENT,1433.65,ACTIVE,2020-11-14 06:43:41
ACC_1008457,C_105670,SAVINGS,7859.99,ACTIVE,2024-11-26 10:18:34
ACC_1008458,C_105671,CURRENT,3275.0,ACTIVE,2025-08-13 15:10:54
ACC_1008459,C_105672,SAVINGS,9929.02,ACTIVE,2019-06-02 08:38:53
ACC_1008460,C_105672,CURRENT,2656.38,ACTIVE,2019-06-20 04:42:53
ACC_1008461,C_105673,BUSINESS,42035.61,ACTIVE,2025-08-20 05:57:57
ACC_1008462,C_105674,BUSINESS,16735.59,ACTIVE,2017-03-20 02:32:43
ACC_1008463,C_105675,BUSINESS,29998.91,ACTIVE,2022-04-14 08:23:19
ACC_1008464,C_105675,SAVINGS,9140.91,ACTIVE,2022-04-06 04:01:19
ACC_1008465,C_105676,BUSINESS,189605.23,ACTIVE,2023-03-24 00:22:20
ACC_1008466,C_105677,BUSINESS,273149.9,ACTIVE,2018-12-26 00:56:21
ACC_1008467,C_105678,BUSINESS,65250.48,DORMANT,2025-11-09 14:33:07
ACC_1008468,C_105678,SAVINGS,78984.23,ACTIVE,2025-11-05 03:28:07
ACC_1008469,C_105679,CURRENT,1268.85,ACTIVE,2023-02-10 05:58:25
ACC_1008470,C_105680,CURRENT,2942.1,ACTIVE,2018-06-13 17:20:54
ACC_1008471,C_105681,BUSINESS,77752.58,ACTIVE,2020-11-12 07:57:06
ACC_1008472,C_105682,SAVINGS,2599.03,ACTIVE,2025-10-18 10:49:51
ACC_1008473,C_105682,CURRENT,443.44,ACTIVE,2025-11-01 15:01:51
ACC_1008474,C_105683,BUSINESS,12287.44,ACTIVE,2024-12-27 07:43:22
ACC_1008475,C_105683,BUSINESS,123544.53,ACTIVE,2025-01-24 06:25:22
ACC_1008476,C_105684,CURRENT,2682.68,ACTIVE,2020-10-20 20:33:16
ACC_1008477,C_105684,SAVINGS,6279.85,ACTIVE,2020-09-23 22:55:16
ACC_1008478,C_105685,BUSINESS,16745.54,ACTIVE,2025-09-23 01:11:31
ACC_1008479,C_105686,CURRENT,400.85,ACTIVE,2020-03-03 07:55:06
ACC_1008480,C_105687,CURRENT,5007.54,ACTIVE,2020-09-10 13:29:23
ACC_1008481,C_105688,CURRENT,5695.79,ACTIVE,2023-10-30 22:10:36
ACC_1008482,C_105688,CURRENT,5725.52,DORMANT,2023-10-26 20:17:36
ACC_1008483,C_105688,SAVINGS,11768.19,ACTIVE,2023-11-04 10:01:36
ACC_1008484,C_105689,CURRENT,15518.73,ACTIVE,2019-07-24 05:26:23
ACC_1008485,C_105690,SAVINGS,2186.82,ACTIVE,2025-07-04 03:41:36
ACC_1008486,C_105691,CURRENT,4031.01,ACTIVE,2019-06-26 02:24:20
ACC_1008487,C_105691,BUSINESS,16389.35,ACTIVE,2019-06-22 02:31:20
ACC_1008488,C_105692,CURRENT,3135.8,ACTIVE,2018-04-29 09:47:18
ACC_1008489,C_105692,BUSINESS,477811.71,ACTIVE,2018-04-21 04:36:18
ACC_1008490,C_105693,SAVINGS,20987.17,ACTIVE,2023-06-18 23:09:36
ACC_1008491,C_105694,BUSINESS,78174.06,ACTIVE,2023-12-02 13:16:09
ACC_1008492,C_105695,BUSINESS,552805.1,ACTIVE,2018-08-21 16:16:44
ACC_1008493,C_105695,SAVINGS,143736.62,ACTIVE,2018-08-19 17:21:44
ACC_1008494,C_105696,CURRENT,2946.57,DORMANT,2021-08-28 10:21:56
ACC_1008495,C_105697,BUSINESS,32213.95,ACTIVE,2017-01-10 12:22:04
ACC_1008496,C_105698,CURRENT,1266.09,ACTIVE,2023-08-24 17:57:47
ACC_1008497,C_105699,SAVINGS,3229.43,DORMANT,2021-06-04 09:05:02
ACC_1008498,C_105700,SAVINGS,10114.62,ACTIVE,2022-02-14 10:32:39
ACC_1008499,C_105700,SAVINGS,20361.36,ACTIVE,2022-03-03 15:24:39
ACC_1008500,C_105701,BUSINESS,818702.71,ACTIVE,2024-09-17 15:50:11
ACC_1008501,C_105702,BUSINESS,63711.0,ACTIVE,2024-01-08 14:10:36
ACC_1008502,C_105703,BUSINESS,790969.63,ACTIVE,2017-05-23 13:45:23
ACC_1008503,C_105703,SAVINGS,3275.19,ACTIVE,2017-05-18 02:44:23
ACC_1008504,C_105704,BUSINESS,155300.3,ACTIVE,2018-05-01 01:52:50
ACC_1008505,C_105704,SAVINGS,11957.17,ACTIVE,2018-04-28 12:20:50
ACC_1008506,C_105704,SAVINGS,7388.83,ACTIVE,2018-04-28 05:09:50
ACC_1008507,C_105705,BUSINESS,73069.48,ACTIVE,2023-10-01 04:03:01
ACC_1008508,C_105705,CURRENT,6798.52,ACTIVE,2023-10-04 19:23:01
ACC_1008509,C_105706,BUSINESS,35633.11,DORMANT,2025-05-20 12:41:10
ACC_1008510,C_105707,SAVINGS,8383.19,ACTIVE,2020-04-12 18:37:44
ACC_1008511,C_105708,CURRENT,1962.74,ACTIVE,2016-02-09 19:38:47
ACC_1008512,C_105709,CURRENT,4873.43,ACTIVE,2019-07-22 11:48:46
ACC_1008513,C_105709,CURRENT,2402.57,ACTIVE,2019-07-10 16:28:46
ACC_1008514,C_105709,BUSINESS,599160.3,ACTIVE,2019-07-10 23:42:46
ACC_1008515,C_105710,SAVINGS,5919.26,ACTIVE,2023-10-27 01:49:44
ACC_1008516,C_105711,BUSINESS,42755.19,DORMANT,2021-08-27 23:11:16
ACC_1008517,C_105711,BUSINESS,18031.52,ACTIVE,2021-08-22 09:10:16
ACC_1008518,C_105711,BUSINESS,106698.89,ACTIVE,2021-08-26 11:24:16
ACC_1008519,C_105712,BUSINESS,1500000.0,ACTIVE,2016-07-05 10:49:00
ACC_1008520,C_105712,SAVINGS,128090.29,ACTIVE,2016-07-08 10:29:00
ACC_1008521,C_105713,BUSINESS,112714.82,ACTIVE,2021-11-09 18:13:03
ACC_1008522,C_105714,SAVINGS,1682.85,ACTIVE,2024-02-07 18:09:23
ACC_1008523,C_105715,CURRENT,2365.09,ACTIVE,2019-08-17 11:16:44
ACC_1008524,C_105715,CURRENT,5370.46,ACTIVE,2019-08-10 03:22:44
ACC_1008525,C_105715,SAVINGS,1773.62,ACTIVE,2019-08-16 05:10:44
ACC_1008526,C_105716,SAVINGS,11954.07,ACTIVE,2020-06-07 17:15:36
ACC_1008527,C_105716,CURRENT,2000.09,ACTIVE,2020-05-24 07:31:36
ACC_1008528,C_105717,BUSINESS,22168.39,ACTIVE,2024-03-07 06:05:31
ACC_1008529,C_105718,SAVINGS,157403.23,ACTIVE,2021-07-24 12:24:59
ACC_1008530,C_105719,BUSINESS,25400.55,DORMANT,2023-10-13 19:44:06
ACC_1008531,C_105719,BUSINESS,11037.36,ACTIVE,2023-10-23 07:51:06
ACC_1008532,C_105719,SAVINGS,2573.47,ACTIVE,2023-10-06 06:35:06
ACC_1008533,C_105720,SAVINGS,2855.87,ACTIVE,2017-07-07 14:53:20
ACC_1008534,C_105720,SAVINGS,44701.19,ACTIVE,2017-07-04 07:42:20
ACC_1008535,C_105721,BUSINESS,110860.18,ACTIVE,2018-05-09 06:04:21
ACC_1008536,C_105722,CURRENT,483.34,ACTIVE,2024-07-07 22:09:08
ACC_1008537,C_105722,BUSINESS,33956.12,ACTIVE,2024-06-12 21:22:08
ACC_1008538,C_105723,SAVINGS,13680.43,ACTIVE,2026-01-01 04:58:57
ACC_1008539,C_105724,CURRENT,542.26,ACTIVE,2017-10-30 21:27:17
ACC_1008540,C_105724,CURRENT,1720.47,ACTIVE,2017-10-24 21:20:17
ACC_1008541,C_105724,CURRENT,1366.79,ACTIVE,2017-10-12 07:38:17
ACC_1008542,C_105725,BUSINESS,3849.25,ACTIVE,2017-05-03 17:44:46
ACC_1008543,C_105726,SAVINGS,40638.7,ACTIVE,2022-07-13 15:29:23
ACC_1008544,C_105727,BUSINESS,177023.68,ACTIVE,2019-09-20 10:32:55
ACC_1008545,C_105728,BUSINESS,180645.08,ACTIVE,2021-08-05 11:49:13
ACC_1008546,C_105729,SAVINGS,12939.98,ACTIVE,2023-12-24 03:08:06
ACC_1008547,C_105730,CURRENT,1643.49,DORMANT,2022-08-06 11:21:17
ACC_1008548,C_105731,BUSINESS,47977.78,ACTIVE,2020-08-14 00:39:07
ACC_1008549,C_105732,CURRENT,5571.74,ACTIVE,2025-09-25 04:18:25
ACC_1008550,C_105732,CURRENT,4680.25,ACTIVE,2025-09-13 05:42:25
ACC_1008551,C_105733,SAVINGS,51685.93,ACTIVE,2025-06-22 22:48:54
ACC_1008552,C_105734,BUSINESS,9874.87,ACTIVE,2022-11-27 16:46:12
ACC_1008553,C_105735,SAVINGS,6760.25,ACTIVE,2020-05-20 15:27:24
ACC_1008554,C_105736,CURRENT,384.27,ACTIVE,2024-08-21 03:08:07
ACC_1008555,C_105737,SAVINGS,14475.66,ACTIVE,2017-10-29 14:54:20
ACC_1008556,C_105738,CURRENT,1207.91,ACTIVE,2024-02-12 04:40:23
ACC_1008557,C_105739,CURRENT,5670.9,ACTIVE,2017-02-14 00:34:28
ACC_1008558,C_105740,CURRENT,11737.2,ACTIVE,2022-09-27 02:16:17
ACC_1008559,C_105740,SAVINGS,7721.79,ACTIVE,2022-09-15 08:26:17
ACC_1008560,C_105741,BUSINESS,178656.69,ACTIVE,2019-07-09 17:49:28
ACC_1008561,C_105741,SAVINGS,2115.11,ACTIVE,2019-07-31 14:00:28
ACC_1008562,C_105742,SAVINGS,2117.97,ACTIVE,2023-09-04 20:58:35
ACC_1008563,C_105743,SAVINGS,14824.41,ACTIVE,2023-05-08 17:40:49
ACC_1008564,C_105743,BUSINESS,49642.54,ACTIVE,2023-04-13 03:41:49
ACC_1008565,C_105744,CURRENT,5521.61,ACTIVE,2016-11-21 03:17:26
ACC_1008566,C_105745,SAVINGS,9509.99,ACTIVE,2024-07-12 04:11:28
ACC_1008567,C_105745,CURRENT,969.99,ACTIVE,2024-07-04 15:17:28
ACC_1008568,C_105746,BUSINESS,94737.5,ACTIVE,2018-09-08 15:27:38
ACC_1008569,C_105747,SAVINGS,14468.61,DORMANT,2019-07-26 02:46:23
ACC_1008570,C_105748,BUSINESS,201778.16,ACTIVE,2023-04-15 09:14:03
ACC_1008571,C_105749,CURRENT,1599.56,ACTIVE,2018-05-17 17:46:44
ACC_1008572,C_105750,SAVINGS,2914.75,ACTIVE,2019-05-29 23:46:52
ACC_1008573,C_105751,CURRENT,920.6,ACTIVE,2016-06-03 18:21:16
ACC_1008574,C_105751,BUSINESS,8853.58,ACTIVE,2016-06-12 14:52:16
ACC_1008575,C_105752,BUSINESS,130720.63,ACTIVE,2026-01-03 01:07:53
ACC_1008576,C_105752,BUSINESS,25096.49,ACTIVE,2025-12-27 05:30:53
ACC_1008577,C_105753,SAVINGS,16751.38,ACTIVE,2016-02-04 05:04:20
ACC_1008578,C_105754,BUSINESS,6018.57,ACTIVE,2020-11-01 08:59:14
ACC_1008579,C_105754,BUSINESS,196411.5,ACTIVE,2020-10-07 16:43:14
ACC_1008580,C_105755,SAVINGS,80589.6,ACTIVE,2018-12-15 07:55:55
ACC_1008581,C_105755,CURRENT,1601.14,ACTIVE,2018-12-27 01:08:55
ACC_1008582,C_105756,CURRENT,8421.13,ACTIVE,2022-01-21 06:07:47
ACC_1008583,C_105757,SAVINGS,1011.12,ACTIVE,2025-12-10 13:06:06
ACC_1008584,C_105758,SAVINGS,13889.31,ACTIVE,2023-08-05 15:50:07
ACC_1008585,C_105759,BUSINESS,5246.84,DORMANT,2020-11-01 10:43:47
ACC_1008586,C_105760,BUSINESS,13583.58,ACTIVE,2023-01-22 09:17:24
ACC_1008587,C_105760,SAVINGS,4394.73,ACTIVE,2023-01-10 17:20:24
ACC_1008588,C_105761,SAVINGS,37093.21,ACTIVE,2021-04-25 16:23:54
ACC_1008589,C_105761,CURRENT,413.46,ACTIVE,2021-05-06 02:11:54
ACC_1008590,C_105762,BUSINESS,580657.53,ACTIVE,2023-06-26 06:07:19
ACC_1008591,C_105762,CURRENT,1110.3,ACTIVE,2023-06-07 03:34:19
ACC_1008592,C_105763,CURRENT,1196.11,ACTIVE,2022-08-23 19:01:44
ACC_1008593,C_105763,SAVINGS,8393.48,ACTIVE,2022-09-13 00:15:44
ACC_1008594,C_105764,BUSINESS,50925.06,DORMANT,2023-02-19 14:15:56
ACC_1008595,C_105764,BUSINESS,1500000.0,ACTIVE,2023-02-11 07:43:56
ACC_1008596,C_105765,BUSINESS,5465.2,ACTIVE,2017-11-05 21:11:23
ACC_1008597,C_105766,SAVINGS,106319.39,ACTIVE,2016-03-18 20:23:29
ACC_1008598,C_105766,CURRENT,1299.69,ACTIVE,2016-03-14 14:48:29
ACC_1008599,C_105767,CURRENT,6630.76,ACTIVE,2021-09-24 11:58:10
ACC_1008600,C_105768,CURRENT,1551.27,ACTIVE,2017-12-26 06:19:13
ACC_1008601,C_105769,CURRENT,4858.08,ACTIVE,2022-10-12 07:42:11
ACC_1008602,C_105770,SAVINGS,7848.72,ACTIVE,2017-08-14 18:45:17
ACC_1008603,C_105770,CURRENT,1105.88,ACTIVE,2017-08-09 17:38:17
ACC_1008604,C_105771,SAVINGS,3640.33,ACTIVE,2024-08-10 21:16:59
ACC_1008605,C_105771,SAVINGS,3093.59,ACTIVE,2024-08-28 03:40:59
ACC_1008606,C_105772,BUSINESS,26953.67,ACTIVE,2017-02-16 01:20:08
ACC_1008607,C_105773,CURRENT,324.26,ACTIVE,2016-09-18 01:50:47
ACC_1008608,C_105774,CURRENT,5077.22,ACTIVE,2018-11-03 18:49:57
ACC_1008609,C_105774,BUSINESS,432284.22,ACTIVE,2018-10-19 17:45:57
ACC_1008610,C_105775,BUSINESS,61523.75,ACTIVE,2025-11-15 13:14:06
ACC_1008611,C_105776,SAVINGS,3818.7,ACTIVE,2017-01-22 00:25:51
ACC_1008612,C_105777,SAVINGS,17958.51,DORMANT,2017-03-10 18:41:55
ACC_1008613,C_105777,SAVINGS,7991.03,ACTIVE,2017-03-18 20:53:55
ACC_1008614,C_105778,BUSINESS,578217.72,ACTIVE,2023-03-20 01:19:39
ACC_1008615,C_105778,SAVINGS,55844.59,ACTIVE,2023-03-03 04:05:39
ACC_1008616,C_105779,CURRENT,385.81,ACTIVE,2018-10-10 10:39:47
ACC_1008617,C_105780,SAVINGS,20376.23,ACTIVE,2025-11-29 22:51:57
ACC_1008618,C_105780,CURRENT,3807.64,ACTIVE,2025-12-01 21:58:57
ACC_1008619,C_105781,BUSINESS,33569.99,ACTIVE,2019-03-28 06:24:20
ACC_1008620,C_105781,CURRENT,6235.14,ACTIVE,2019-04-03 09:06:20
ACC_1008621,C_105782,CURRENT,1222.52,ACTIVE,2020-12-10 02:34:34
ACC_1008622,C_105783,BUSINESS,44783.89,ACTIVE,2024-11-23 07:01:51
ACC_1008623,C_105784,BUSINESS,3587.47,ACTIVE,2016-01-20 03:37:16
ACC_1008624,C_105785,CURRENT,816.69,ACTIVE,2024-12-29 19:50:12
ACC_1008625,C_105786,SAVINGS,5771.46,ACTIVE,2023-11-29 20:35:38
ACC_1008626,C_105786,CURRENT,1522.19,ACTIVE,2023-12-18 13:06:38
ACC_1008627,C_105787,SAVINGS,24578.83,ACTIVE,2016-03-12 12:27:54
ACC_1008628,C_105788,SAVINGS,16016.65,ACTIVE,2019-05-05 14:54:09
ACC_1008629,C_105788,CURRENT,577.75,ACTIVE,2019-04-30 23:06:09
ACC_1008630,C_105789,BUSINESS,168644.92,ACTIVE,2018-06-24 00:30:01
ACC_1008631,C_105790,SAVINGS,72695.01,ACTIVE,2020-12-18 14:52:28
ACC_1008632,C_105790,SAVINGS,9827.62,ACTIVE,2020-12-21 23:30:28
ACC_1008633,C_105791,CURRENT,861.13,ACTIVE,2024-08-08 22:07:16
ACC_1008634,C_105792,BUSINESS,2764.89,ACTIVE,2017-08-03 16:09:09
ACC_1008635,C_105793,BUSINESS,359963.95,ACTIVE,2021-05-21 04:51:41
ACC_1008636,C_105793,SAVINGS,4423.13,ACTIVE,2021-05-24 16:41:41
ACC_1008637,C_105793,SAVINGS,4463.22,ACTIVE,2021-05-16 09:49:41
ACC_1008638,C_105794,SAVINGS,11914.07,ACTIVE,2022-10-18 16:12:53
ACC_1008639,C_105794,BUSINESS,45900.65,ACTIVE,2022-10-20 14:02:53
ACC_1008640,C_105795,BUSINESS,6844.33,ACTIVE,2020-01-02 04:43:54
ACC_1008641,C_105795,CURRENT,1986.76,ACTIVE,2020-01-29 10:56:54
ACC_1008642,C_105796,BUSINESS,82333.36,ACTIVE,2021-11-26 15:57:18
ACC_1008643,C_105796,BUSINESS,22488.67,ACTIVE,2021-11-15 04:12:18
ACC_1008644,C_105797,SAVINGS,18136.03,ACTIVE,2021-12-09 04:23:31
ACC_1008645,C_105798,BUSINESS,177316.94,ACTIVE,2023-12-25 02:25:57
ACC_1008646,C_105799,SAVINGS,54748.14,ACTIVE,2022-08-09 11:08:51
ACC_1008647,C_105799,SAVINGS,6422.15,ACTIVE,2022-09-03 18:57:51
ACC_1008648,C_105800,CURRENT,2432.07,ACTIVE,2021-02-16 02:08:48
ACC_1008649,C_105800,BUSINESS,90509.18,ACTIVE,2021-02-17 15:23:48
ACC_1008650,C_105801,BUSINESS,1397745.94,ACTIVE,2025-04-22 15:03:55
ACC_1008651,C_105801,SAVINGS,10620.69,ACTIVE,2025-04-17 12:24:55
ACC_1008652,C_105802,SAVINGS,5067.11,ACTIVE,2018-03-20 08:29:59
ACC_1008653,C_105803,CURRENT,679.83,ACTIVE,2019-06-23 07:54:56
ACC_1008654,C_105804,BUSINESS,48805.22,ACTIVE,2017-07-21 22:09:32
ACC_1008655,C_105805,SAVINGS,7295.04,ACTIVE,2016-11-15 18:25:53
ACC_1008656,C_105806,CURRENT,217.9,ACTIVE,2018-01-08 23:37:23
ACC_1008657,C_105807,SAVINGS,6573.27,ACTIVE,2022-07-18 01:18:59
ACC_1008658,C_105807,BUSINESS,3939.45,DORMANT,2022-08-15 17:18:59
ACC_1008659,C_105808,CURRENT,1116.5,ACTIVE,2022-07-04 13:50:31
ACC_1008660,C_105808,SAVINGS,893.28,DORMANT,2022-06-23 14:53:31
ACC_1008661,C_105809,SAVINGS,12628.9,DORMANT,2022-01-16 11:06:32
ACC_1008662,C_105809,CURRENT,1358.2,ACTIVE,2022-01-06 06:16:32
ACC_1008663,C_105809,SAVINGS,17337.33,ACTIVE,2022-01-01 02:36:32
ACC_1008664,C_105810,SAVINGS,7865.8,ACTIVE,2025-10-10 12:09:14
ACC_1008665,C_105810,CURRENT,1111.85,ACTIVE,2025-10-03 05:45:14
ACC_1008666,C_105811,SAVINGS,11024.99,ACTIVE,2016-05-23 00:47:15
ACC_1008667,C_105812,CURRENT,4795.15,ACTIVE,2023-03-30 13:42:14
ACC_1008668,C_105812,CURRENT,6436.37,ACTIVE,2023-04-09 18:02:14
ACC_1008669,C_105813,CURRENT,3790.36,ACTIVE,2019-01-20 18:40:45
ACC_1008670,C_105813,BUSINESS,147192.43,ACTIVE,2019-01-14 00:43:45
ACC_1008671,C_105814,SAVINGS,4403.81,ACTIVE,2017-12-27 03:31:46
ACC_1008672,C_105814,SAVINGS,159921.9,ACTIVE,2017-12-28 15:27:46
ACC_1008673,C_105815,SAVINGS,46823.37,ACTIVE,2017-04-24 17:12:58
ACC_1008674,C_105815,CURRENT,313.39,ACTIVE,2017-05-05 01:52:58
ACC_1008675,C_105816,SAVINGS,7744.06,ACTIVE,2017-10-07 02:56:50
ACC_1008676,C_105817,SAVINGS,4471.93,ACTIVE,2024-03-04 14:23:00
ACC_1008677,C_105818,CURRENT,540.7,ACTIVE,2024-06-29 02:11:32
ACC_1008678,C_105819,BUSINESS,52815.4,ACTIVE,2022-09-20 16:00:59
ACC_1008679,C_105820,SAVINGS,239459.97,ACTIVE,2018-04-18 23:13:18
ACC_1008680,C_105821,CURRENT,1286.94,ACTIVE,2017-12-10 02:51:13
ACC_1008681,C_105822,BUSINESS,44134.61,DORMANT,2025-02-02 06:41:57
ACC_1008682,C_105823,SAVINGS,8530.26,ACTIVE,2017-09-04 19:27:01
ACC_1008683,C_105824,SAVINGS,13026.78,DORMANT,2022-12-14 23:54:52
ACC_1008684,C_105825,BUSINESS,258526.21,ACTIVE,2018-07-10 20:35:56
ACC_1008685,C_105825,CURRENT,2385.87,ACTIVE,2018-06-30 14:41:56
ACC_1008686,C_105826,BUSINESS,97362.88,ACTIVE,2022-05-31 20:16:14
ACC_1008687,C_105827,BUSINESS,964310.5,ACTIVE,2018-11-29 16:37:33
ACC_1008688,C_105828,BUSINESS,28312.83,ACTIVE,2025-06-08 16:16:15
ACC_1008689,C_105829,BUSINESS,9642.27,ACTIVE,2020-01-10 18:33:04
ACC_1008690,C_105829,SAVINGS,38017.96,ACTIVE,2019-12-15 18:14:04
ACC_1008691,C_105829,SAVINGS,53336.15,ACTIVE,2020-01-06 12:44:04
ACC_1008692,C_105830,BUSINESS,257746.75,ACTIVE,2022-11-21 02:15:44
ACC_1008693,C_105831,SAVINGS,5190.82,ACTIVE,2019-04-25 01:46:56
ACC_1008694,C_105831,CURRENT,3588.92,ACTIVE,2019-05-10 17:53:56
ACC_1008695,C_105831,BUSINESS,93537.94,ACTIVE,2019-04-14 15:01:56
ACC_1008696,C_105832,CURRENT,422.85,ACTIVE,2017-12-16 07:00:58
ACC_1008697,C_105833,BUSINESS,1837.95,ACTIVE,2019-09-13 00:43:51
ACC_1008698,C_105834,CURRENT,359.16,ACTIVE,2018-01-29 02:15:27
ACC_1008699,C_105835,CURRENT,1373.89,ACTIVE,2020-08-03 05:57:11
ACC_1008700,C_105836,CURRENT,3466.73,ACTIVE,2017-10-29 21:58:06
ACC_1008701,C_105837,BUSINESS,119542.29,ACTIVE,2020-12-05 07:17:28
ACC_1008702,C_105838,SAVINGS,10011.19,ACTIVE,2020-05-08 16:21:13
ACC_1008703,C_105838,SAVINGS,32322.38,ACTIVE,2020-05-17 09:09:13
ACC_1008704,C_105839,CURRENT,2037.05,ACTIVE,2020-03-09 08:22:26
ACC_1008705,C_105839,CURRENT,820.27,ACTIVE,2020-02-11 03:53:26
ACC_1008706,C_105840,CURRENT,5378.96,ACTIVE,2016-03-25 17:35:12
ACC_1008707,C_105840,BUSINESS,64183.79,ACTIVE,2016-04-10 02:40:12
ACC_1008708,C_105841,CURRENT,4305.83,ACTIVE,2017-11-03 11:05:55
ACC_1008709,C_105841,SAVINGS,26018.6,DORMANT,2017-10-15 15:37:55
ACC_1008710,C_105842,BUSINESS,20006.28,ACTIVE,2024-02-22 04:12:15
ACC_1008711,C_105843,BUSINESS,110866.92,ACTIVE,2025-05-25 09:21:11
ACC_1008712,C_105844,SAVINGS,4491.1,ACTIVE,2020-08-28 09:51:25
ACC_1008713,C_105845,CURRENT,3149.02,ACTIVE,2023-02-27 17:17:38
ACC_1008714,C_105845,BUSINESS,1500000.0,ACTIVE,2023-02-28 11:02:38
ACC_1008715,C_105845,CURRENT,3363.7,ACTIVE,2023-03-17 21:26:38
ACC_1008716,C_105846,SAVINGS,14639.81,ACTIVE,2016-08-10 16:28:14
ACC_1008717,C_105846,BUSINESS,80792.39,ACTIVE,2016-07-30 14:03:14
ACC_1008718,C_105847,BUSINESS,1171162.14,ACTIVE,2018-06-04 06:03:56
ACC_1008719,C_105848,CURRENT,1280.5,ACTIVE,2019-10-25 22:04:18
ACC_1008720,C_105848,CURRENT,613.38,ACTIVE,2019-11-03 03:52:18
ACC_1008721,C_105849,SAVINGS,2512.19,ACTIVE,2022-04-12 00:00:36
ACC_1008722,C_105850,CURRENT,6392.19,ACTIVE,2022-02-20 11:22:54
ACC_1008723,C_105850,SAVINGS,2386.96,ACTIVE,2022-02-23 08:29:54
ACC_1008724,C_105850,SAVINGS,15878.15,ACTIVE,2022-02-19 21:56:54
ACC_1008725,C_105851,CURRENT,1908.88,ACTIVE,2020-05-13 04:20:52
ACC_1008726,C_105852,BUSINESS,40927.08,ACTIVE,2017-04-24 02:36:11
ACC_1008727,C_105853,CURRENT,2210.29,ACTIVE,2017-05-02 05:44:32
ACC_1008728,C_105853,SAVINGS,9046.16,ACTIVE,2017-04-12 22:39:32
ACC_1008729,C_105853,CURRENT,1895.12,ACTIVE,2017-04-06 04:49:32
ACC_1008730,C_105854,SAVINGS,3071.29,ACTIVE,2016-10-06 05:05:48
ACC_1008731,C_105854,BUSINESS,57421.44,ACTIVE,2016-09-23 12:07:48
ACC_1008732,C_105855,CURRENT,6449.99,ACTIVE,2020-06-07 00:56:37
ACC_1008733,C_105856,CURRENT,1107.65,ACTIVE,2023-03-02 16:42:36
ACC_1008734,C_105857,BUSINESS,258656.21,ACTIVE,2018-01-04 13:36:12
ACC_1008735,C_105858,BUSINESS,472971.88,ACTIVE,2025-07-03 20:03:26
ACC_1008736,C_105858,CURRENT,3107.0,ACTIVE,2025-06-18 07:23:26
ACC_1008737,C_105858,CURRENT,4294.73,ACTIVE,2025-06-27 01:36:26
ACC_1008738,C_105859,SAVINGS,1385.21,ACTIVE,2017-06-19 01:58:20
ACC_1008739,C_105859,BUSINESS,87089.7,ACTIVE,2017-07-03 12:09:20
ACC_1008740,C_105860,BUSINESS,61686.54,ACTIVE,2025-03-10 14:16:46
ACC_1008741,C_105860,SAVINGS,16270.51,ACTIVE,2025-03-10 23:02:46
ACC_1008742,C_105861,CURRENT,1868.27,ACTIVE,2016-03-10 00:15:04
ACC_1008743,C_105861,BUSINESS,57680.24,ACTIVE,2016-02-28 18:51:04
ACC_1008744,C_105861,SAVINGS,9185.74,DORMANT,2016-02-29 04:38:04
ACC_1008745,C_105862,BUSINESS,117729.98,ACTIVE,2020-09-18 21:45:02
ACC_1008746,C_105863,BUSINESS,6475.9,ACTIVE,2025-08-07 04:47:26
ACC_1008747,C_105864,CURRENT,631.08,DORMANT,2021-07-31 15:48:43
ACC_1008748,C_105865,SAVINGS,879.52,ACTIVE,2023-03-18 14:50:55
ACC_1008749,C_105866,BUSINESS,20569.29,ACTIVE,2018-10-25 01:45:25
ACC_1008750,C_105867,SAVINGS,42299.2,ACTIVE,2018-05-18 11:07:30
ACC_1008751,C_105867,CURRENT,6988.95,DORMANT,2018-05-27 05:30:30
ACC_1008752,C_105868,CURRENT,10815.5,ACTIVE,2024-10-05 07:25:04
ACC_1008753,C_105869,BUSINESS,112841.31,ACTIVE,2021-08-22 00:04:32
ACC_1008754,C_105870,CURRENT,6277.43,ACTIVE,2016-05-07 01:45:58
ACC_1008755,C_105871,CURRENT,2034.53,ACTIVE,2022-05-01 04:30:00
ACC_1008756,C_105872,BUSINESS,5009.52,ACTIVE,2019-06-16 06:22:13
ACC_1008757,C_105872,CURRENT,2925.92,ACTIVE,2019-06-27 14:34:13
ACC_1008758,C_105873,SAVINGS,19148.64,ACTIVE,2017-07-08 10:46:22
ACC_1008759,C_105874,SAVINGS,26244.71,ACTIVE,2023-07-02 13:42:34
ACC_1008760,C_105874,BUSINESS,1000.0,ACTIVE,2023-07-10 19:26:34
ACC_1008761,C_105875,SAVINGS,3138.9,ACTIVE,2023-03-26 00:05:38
ACC_1008762,C_105876,BUSINESS,93496.79,ACTIVE,2017-02-22 03:33:44
ACC_1008763,C_105876,BUSINESS,11272.98,ACTIVE,2017-03-02 07:41:44
ACC_1008764,C_105877,SAVINGS,9329.13,ACTIVE,2025-06-15 18:06:54
ACC_1008765,C_105877,SAVINGS,44856.08,ACTIVE,2025-06-13 03:22:54
ACC_1008766,C_105877,CURRENT,1552.33,ACTIVE,2025-06-18 00:41:54
ACC_1008767,C_105878,BUSINESS,99293.6,ACTIVE,2020-01-25 01:18:21
ACC_1008768,C_105878,BUSINESS,101742.02,ACTIVE,2020-01-11 01:51:21
ACC_1008769,C_105879,BUSINESS,288444.41,ACTIVE,2022-10-08 10:37:44
ACC_1008770,C_105880,SAVINGS,9964.6,ACTIVE,2020-03-20 18:37:35
ACC_1008771,C_105881,BUSINESS,18886.44,ACTIVE,2019-01-12 14:54:13
ACC_1008772,C_105881,CURRENT,3563.64,ACTIVE,2018-12-28 09:56:13
ACC_1008773,C_105882,SAVINGS,15883.73,ACTIVE,2019-11-04 21:45:12
ACC_1008774,C_105883,CURRENT,1710.35,ACTIVE,2017-12-19 06:59:54
ACC_1008775,C_105884,SAVINGS,4799.62,ACTIVE,2016-12-09 18:39:08
ACC_1008776,C_105885,CURRENT,2439.4,ACTIVE,2019-01-13 21:55:12
ACC_1008777,C_105885,SAVINGS,45847.94,DORMANT,2018-12-29 20:02:12
ACC_1008778,C_105886,CURRENT,1276.66,ACTIVE,2018-12-15 01:47:19
ACC_1008779,C_105887,SAVINGS,10773.22,ACTIVE,2021-09-11 06:21:09
ACC_1008780,C_105888,CURRENT,840.43,DORMANT,2019-07-22 02:53:35
ACC_1008781,C_105888,BUSINESS,19522.09,DORMANT,2019-08-03 06:35:35
ACC_1008782,C_105888,CURRENT,1918.44,ACTIVE,2019-07-19 11:38:35
ACC_1008783,C_105889,BUSINESS,282067.55,ACTIVE,2022-08-08 09:49:40
ACC_1008784,C_105889,CURRENT,6756.04,DORMANT,2022-07-19 14:39:40
ACC_1008785,C_105890,SAVINGS,35361.97,ACTIVE,2017-11-11 22:56:38
ACC_1008786,C_105891,CURRENT,408.83,ACTIVE,2022-02-25 14:20:57
ACC_1008787,C_105892,SAVINGS,15340.24,ACTIVE,2019-03-12 13:09:41
ACC_1008788,C_105893,BUSINESS,37516.48,ACTIVE,2021-04-29 21:17:15
ACC_1008789,C_105893,SAVINGS,5543.92,ACTIVE,2021-05-05 07:44:15
ACC_1008790,C_105894,SAVINGS,14574.25,ACTIVE,2016-05-21 16:47:42
ACC_1008791,C_105894,CURRENT,10093.71,ACTIVE,2016-05-15 19:05:42
ACC_1008792,C_105895,CURRENT,8528.74,ACTIVE,2018-01-13 18:00:34
ACC_1008793,C_105896,BUSINESS,253831.13,ACTIVE,2023-01-22 14:34:17
ACC_1008794,C_105897,BUSINESS,54098.61,ACTIVE,2020-06-29 13:45:19
ACC_1008795,C_105897,BUSINESS,2473.92,ACTIVE,2020-07-18 14:42:19
ACC_1008796,C_105897,SAVINGS,118535.82,ACTIVE,2020-07-04 04:02:19
ACC_1008797,C_105898,SAVINGS,11264.13,ACTIVE,2019-07-24 13:39:07
ACC_1008798,C_105898,SAVINGS,13876.47,ACTIVE,2019-07-06 00:25:07
ACC_1008799,C_105899,SAVINGS,6995.96,ACTIVE,2016-10-06 10:43:54
ACC_1008800,C_105899,BUSINESS,89200.5,ACTIVE,2016-10-09 15:34:54
ACC_1008801,C_105900,CURRENT,13277.79,ACTIVE,2017-08-24 11:49:13
ACC_1008802,C_105900,BUSINESS,15336.85,ACTIVE,2017-09-03 05:39:13
ACC_1008803,C_105901,SAVINGS,4354.27,ACTIVE,2022-03-01 03:23:57
ACC_1008804,C_105901,SAVINGS,49565.86,ACTIVE,2022-03-02 02:18:57
ACC_1008805,C_105902,SAVINGS,31127.61,ACTIVE,2023-07-10 05:35:45
ACC_1008806,C_105902,BUSINESS,129406.47,ACTIVE,2023-07-28 17:36:45
ACC_1008807,C_105903,BUSINESS,430292.74,ACTIVE,2019-10-05 18:55:22
ACC_1008808,C_105904,CURRENT,398.63,ACTIVE,2018-04-25 21:48:20
ACC_1008809,C_105904,SAVINGS,108463.46,ACTIVE,2018-05-04 20:21:20
ACC_1008810,C_105905,CURRENT,3558.15,ACTIVE,2023-06-03 13:00:03
ACC_1008811,C_105906,CURRENT,4386.33,ACTIVE,2023-06-04 16:03:37
ACC_1008812,C_105906,SAVINGS,2979.07,ACTIVE,2023-05-18 12:11:37
ACC_1008813,C_105906,CURRENT,1415.81,ACTIVE,2023-06-11 15:02:37
ACC_1008814,C_105907,BUSINESS,3093.37,ACTIVE,2020-04-11 23:26:34
ACC_1008815,C_105907,CURRENT,2699.53,ACTIVE,2020-04-17 21:48:34
ACC_1008816,C_105908,SAVINGS,33184.93,ACTIVE,2024-05-02 12:03:36
ACC_1008817,C_105909,CURRENT,167.92,ACTIVE,2022-05-31 15:06:48
ACC_1008818,C_105910,BUSINESS,71347.56,ACTIVE,2023-12-26 23:25:51
ACC_1008819,C_105911,BUSINESS,125843.82,DORMANT,2023-10-21 13:46:46
ACC_1008820,C_105912,CURRENT,3385.46,ACTIVE,2024-05-08 10:51:23
ACC_1008821,C_105913,BUSINESS,135342.47,DORMANT,2020-06-30 10:16:45
ACC_1008822,C_105914,BUSINESS,41610.04,ACTIVE,2016-11-29 15:16:32
ACC_1008823,C_105915,SAVINGS,86611.68,ACTIVE,2018-04-17 04:51:46
ACC_1008824,C_105916,CURRENT,968.78,ACTIVE,2019-04-13 15:17:33
ACC_1008825,C_105917,CURRENT,6071.34,ACTIVE,2018-04-05 18:33:20
ACC_1008826,C_105917,SAVINGS,8959.49,ACTIVE,2018-04-07 21:29:20
ACC_1008827,C_105918,SAVINGS,6755.57,ACTIVE,2019-12-23 08:19:09
ACC_1008828,C_105918,SAVINGS,16525.5,ACTIVE,2020-01-05 04:15:09
ACC_1008829,C_105919,SAVINGS,4097.31,ACTIVE,2018-02-24 23:37:13
ACC_1008830,C_105919,BUSINESS,1285080.67,ACTIVE,2018-02-07 08:50:13
ACC_1008831,C_105920,SAVINGS,10990.83,ACTIVE,2022-06-17 02:28:42
ACC_1008832,C_105920,BUSINESS,63241.01,ACTIVE,2022-07-11 15:14:42
ACC_1008833,C_105920,CURRENT,13054.39,ACTIVE,2022-07-02 06:37:42
ACC_1008834,C_105921,BUSINESS,29177.22,DORMANT,2020-08-22 23:02:38
ACC_1008835,C_105921,CURRENT,2506.0,ACTIVE,2020-08-25 22:56:38
ACC_1008836,C_105922,SAVINGS,30096.34,ACTIVE,2016-10-13 12:14:36
ACC_1008837,C_105923,BUSINESS,86508.8,ACTIVE,2018-05-11 14:13:27
ACC_1008838,C_105923,BUSINESS,23233.95,ACTIVE,2018-06-06 11:38:27
ACC_1008839,C_105924,SAVINGS,31972.14,ACTIVE,2017-06-12 08:16:09
ACC_1008840,C_105925,BUSINESS,20114.09,ACTIVE,2022-09-01 22:07:38
ACC_1008841,C_105926,BUSINESS,43810.87,DORMANT,2017-07-03 15:12:25
ACC_1008842,C_105926,SAVINGS,3827.01,ACTIVE,2017-06-12 03:30:25
ACC_1008843,C_105927,CURRENT,4401.13,ACTIVE,2016-02-17 02:30:00
ACC_1008844,C_105927,CURRENT,1155.85,ACTIVE,2016-02-19 15:55:00
ACC_1008845,C_105928,SAVINGS,10130.05,ACTIVE,2024-06-10 10:57:20
ACC_1008846,C_105928,CURRENT,806.11,ACTIVE,2024-06-12 14:20:20
ACC_1008847,C_105929,CURRENT,11491.27,ACTIVE,2018-07-14 08:05:07
ACC_1008848,C_105930,BUSINESS,20535.53,DORMANT,2018-04-29 01:14:43
ACC_1008849,C_105931,CURRENT,4477.34,ACTIVE,2017-07-31 03:51:02
ACC_1008850,C_105932,CURRENT,515.44,ACTIVE,2020-10-14 23:29:02
ACC_1008851,C_105933,SAVINGS,10399.04,ACTIVE,2017-04-02 06:04:29
ACC_1008852,C_105934,BUSINESS,55828.75,ACTIVE,2022-01-09 16:26:26
ACC_1008853,C_105935,CURRENT,4281.11,ACTIVE,2024-10-24 03:54:04
ACC_1008854,C_105936,CURRENT,454.1,ACTIVE,2020-08-31 06:49:31
ACC_1008855,C_105937,CURRENT,1729.37,DORMANT,2019-06-05 04:12:34
ACC_1008856,C_105938,BUSINESS,203151.62,ACTIVE,2024-08-01 09:14:38
ACC_1008857,C_105939,CURRENT,1690.49,ACTIVE,2024-10-22 07:11:33
ACC_1008858,C_105939,BUSINESS,22708.24,ACTIVE,2024-10-13 20:39:33
ACC_1008859,C_105940,CURRENT,501.94,ACTIVE,2020-04-04 03:28:44
ACC_1008860,C_105940,BUSINESS,1500000.0,ACTIVE,2020-04-26 21:58:44
ACC_1008861,C_105941,SAVINGS,3972.59,ACTIVE,2020-11-15 21:25:43
ACC_1008862,C_105941,SAVINGS,16604.46,ACTIVE,2020-10-24 12:20:43
ACC_1008863,C_105942,CURRENT,744.44,ACTIVE,2017-01-03 19:45:11
ACC_1008864,C_105943,CURRENT,1972.28,ACTIVE,2017-01-05 00:07:43
ACC_1008865,C_105943,CURRENT,487.31,ACTIVE,2016-12-27 16:59:43
ACC_1008866,C_105944,CURRENT,2146.29,ACTIVE,2024-01-02 04:20:07
ACC_1008867,C_105945,CURRENT,1627.32,DORMANT,2020-12-20 22:07:51
ACC_1008868,C_105946,BUSINESS,11792.76,ACTIVE,2021-04-20 22:31:31
ACC_1008869,C_105947,SAVINGS,8732.53,ACTIVE,2019-02-27 09:22:50
ACC_1008870,C_105947,SAVINGS,3304.35,ACTIVE,2019-02-05 22:10:50
ACC_1008871,C_105948,CURRENT,1053.13,ACTIVE,2017-05-01 04:02:52
ACC_1008872,C_105949,SAVINGS,45082.26,ACTIVE,2023-12-11 02:47:38
ACC_1008873,C_105950,BUSINESS,7184.95,ACTIVE,2023-03-31 17:29:11
ACC_1008874,C_105950,BUSINESS,16617.01,ACTIVE,2023-04-01 09:06:11
ACC_1008875,C_105951,SAVINGS,33400.6,ACTIVE,2020-01-14 10:56:20
ACC_1008876,C_105951,CURRENT,2198.57,ACTIVE,2019-12-30 09:37:20
ACC_1008877,C_105951,SAVINGS,2560.2,ACTIVE,2020-01-21 09:53:20
ACC_1008878,C_105952,CURRENT,4776.8,ACTIVE,2022-10-17 11:35:36
ACC_1008879,C_105953,SAVINGS,8739.61,DORMANT,2018-01-18 01:32:10
ACC_1008880,C_105953,BUSINESS,319578.83,ACTIVE,2017-12-29 16:38:10
ACC_1008881,C_105954,SAVINGS,33327.84,ACTIVE,2025-08-28 18:06:07
ACC_1008882,C_105954,SAVINGS,16513.21,ACTIVE,2025-08-06 13:39:07
ACC_1008883,C_105955,BUSINESS,239144.44,ACTIVE,2022-06-02 08:42:12
ACC_1008884,C_105955,SAVINGS,22306.51,ACTIVE,2022-06-08 18:37:12
ACC_1008885,C_105955,BUSINESS,28559.41,ACTIVE,2022-06-29 18:46:12
ACC_1008886,C_105956,CURRENT,318.69,ACTIVE,2017-08-09 18:27:18
ACC_1008887,C_105957,BUSINESS,7801.73,ACTIVE,2017-02-18 04:17:03
ACC_1008888,C_105958,CURRENT,1401.99,ACTIVE,2018-11-05 20:36:13
ACC_1008889,C_105958,CURRENT,3140.85,ACTIVE,2018-11-10 02:51:13
ACC_1008890,C_105958,SAVINGS,15645.79,ACTIVE,2018-10-18 18:52:13
ACC_1008891,C_105959,CURRENT,2021.0,ACTIVE,2023-02-20 19:26:08
ACC_1008892,C_105960,BUSINESS,1500000.0,ACTIVE,2020-10-31 18:21:38
ACC_1008893,C_105961,BUSINESS,5933.91,ACTIVE,2023-03-15 09:20:31
ACC_1008894,C_105962,BUSINESS,41181.38,ACTIVE,2025-08-04 11:50:13
ACC_1008895,C_105962,CURRENT,3929.08,ACTIVE,2025-07-22 20:36:13
ACC_1008896,C_105963,CURRENT,756.07,ACTIVE,2023-03-17 14:44:07
ACC_1008897,C_105964,CURRENT,5072.08,DORMANT,2024-10-11 18:58:31
ACC_1008898,C_105965,CURRENT,3110.86,ACTIVE,2025-12-10 00:01:15
ACC_1008899,C_105965,SAVINGS,11963.19,ACTIVE,2025-12-09 05:15:15
ACC_1008900,C_105966,CURRENT,853.05,ACTIVE,2025-12-09 15:14:07
ACC_1008901,C_105966,SAVINGS,20053.68,ACTIVE,2025-12-18 10:37:07
ACC_1008902,C_105966,SAVINGS,2739.08,ACTIVE,2025-12-02 18:25:07
ACC_1008903,C_105967,BUSINESS,73482.35,ACTIVE,2017-10-28 19:43:31
ACC_1008904,C_105968,BUSINESS,1500000.0,ACTIVE,2023-03-29 16:53:54
ACC_1008905,C_105969,CURRENT,4994.19,ACTIVE,2021-06-02 19:40:22
ACC_1008906,C_105970,CURRENT,2531.47,ACTIVE,2023-09-22 01:20:52
ACC_1008907,C_105971,CURRENT,2998.78,ACTIVE,2023-02-17 18:39:50
ACC_1008908,C_105972,CURRENT,1704.44,ACTIVE,2016-08-10 01:42:29
ACC_1008909,C_105972,BUSINESS,65461.85,ACTIVE,2016-08-26 12:49:29
ACC_1008910,C_105973,SAVINGS,30739.09,DORMANT,2024-09-04 09:12:52
ACC_1008911,C_105974,CURRENT,2121.36,ACTIVE,2021-04-07 19:46:38
ACC_1008912,C_105975,BUSINESS,18482.24,ACTIVE,2025-10-25 21:41:45
ACC_1008913,C_105976,SAVINGS,4324.78,ACTIVE,2021-07-16 00:34:24
ACC_1008914,C_105977,CURRENT,973.14,ACTIVE,2019-02-26 12:50:39
ACC_1008915,C_105978,BUSINESS,62522.22,ACTIVE,2021-08-07 22:25:49
ACC_1008916,C_105979,CURRENT,10451.78,ACTIVE,2019-11-10 18:59:09
ACC_1008917,C_105979,CURRENT,9164.58,ACTIVE,2019-11-14 19:01:09
ACC_1008918,C_105980,SAVINGS,11743.2,ACTIVE,2021-06-23 21:00:37
ACC_1008919,C_105981,CURRENT,4922.57,ACTIVE,2020-07-20 21:30:54
ACC_1008920,C_105982,CURRENT,14277.24,ACTIVE,2024-04-12 16:46:51
ACC_1008921,C_105982,SAVINGS,7453.47,ACTIVE,2024-04-17 17:10:51
ACC_1008922,C_105982,SAVINGS,5953.35,ACTIVE,2024-04-11 04:14:51
ACC_1008923,C_105983,BUSINESS,26153.11,ACTIVE,2020-05-31 18:11:26
ACC_1008924,C_105984,BUSINESS,167140.21,ACTIVE,2021-09-18 04:50:50
ACC_1008925,C_105985,BUSINESS,79116.96,ACTIVE,2016-12-05 14:33:44
ACC_1008926,C_105985,CURRENT,1281.42,ACTIVE,2016-12-06 12:22:44
ACC_1008927,C_105986,BUSINESS,102773.24,ACTIVE,2022-06-23 16:51:23
ACC_1008928,C_105986,CURRENT,3984.23,DORMANT,2022-06-03 14:09:23
ACC_1008929,C_105986,BUSINESS,2822.43,ACTIVE,2022-06-28 09:11:23
ACC_1008930,C_105987,SAVINGS,8943.36,ACTIVE,2020-10-03 19:47:37
ACC_1008931,C_105988,CURRENT,767.51,ACTIVE,2022-03-27 02:16:31
ACC_1008932,C_105989,BUSINESS,401925.0,ACTIVE,2019-02-03 02:21:18
ACC_1008933,C_105989,BUSINESS,19929.0,ACTIVE,2019-02-16 07:01:18
ACC_1008934,C_105990,BUSINESS,9835.73,ACTIVE,2018-10-26 16:42:30
ACC_1008935,C_105990,CURRENT,3206.13,ACTIVE,2018-10-06 06:06:30
ACC_1008936,C_105990,SAVINGS,80094.13,ACTIVE,2018-10-25 14:56:30
ACC_1008937,C_105991,SAVINGS,13720.04,ACTIVE,2024-02-28 12:20:59
ACC_1008938,C_105992,CURRENT,404.47,ACTIVE,2020-07-01 14:38:20
ACC_1008939,C_105993,CURRENT,1364.73,ACTIVE,2024-01-30 02:38:23
ACC_1008940,C_105993,CURRENT,847.21,DORMANT,2024-02-09 16:21:23
ACC_1008941,C_105994,SAVINGS,71455.23,ACTIVE,2019-10-06 21:32:08
ACC_1008942,C_105995,SAVINGS,1962.01,ACTIVE,2021-07-05 02:59:39
ACC_1008943,C_105996,SAVINGS,70930.62,ACTIVE,2022-09-15 07:29:16
ACC_1008944,C_105997,SAVINGS,30323.21,ACTIVE,2024-01-26 12:47:59
ACC_1008945,C_105998,SAVINGS,13885.57,ACTIVE,2021-02-23 12:40:32
ACC_1008946,C_105999,CURRENT,6992.08,ACTIVE,2022-11-07 20:55:11
ACC_1008947,C_105999,SAVINGS,3932.07,ACTIVE,2022-11-24 22:36:11
ACC_1008948,C_106000,BUSINESS,8158.48,ACTIVE,2022-05-30 03:26:21
ACC_1008949,C_106000,CURRENT,939.63,ACTIVE,2022-05-18 17:11:21
ACC_1008950,C_106000,CURRENT,312.27,ACTIVE,2022-06-11 22:43:21
ACC_1008951,C_106001,CURRENT,821.25,ACTIVE,2017-10-12 13:41:52
ACC_1008952,C_106002,CURRENT,1357.74,ACTIVE,2018-02-16 22:06:56
ACC_1008953,C_106003,SAVINGS,17073.17,ACTIVE,2020-08-10 03:05:30
ACC_1008954,C_106004,CURRENT,647.78,ACTIVE,2021-05-05 12:21:38
ACC_1008955,C_106005,CURRENT,2394.64,ACTIVE,2017-09-13 12:41:41
ACC_1008956,C_106006,BUSINESS,141819.4,ACTIVE,2024-09-08 19:54:06
ACC_1008957,C_106007,CURRENT,2405.74,ACTIVE,2023-10-09 06:51:47
ACC_1008958,C_106008,SAVINGS,4669.18,ACTIVE,2025-10-09 13:41:53
ACC_1008959,C_106009,BUSINESS,116585.82,ACTIVE,2021-07-04 10:18:33
ACC_1008960,C_106009,CURRENT,1712.14,ACTIVE,2021-07-09 05:55:33
ACC_1008961,C_106010,BUSINESS,1000.0,ACTIVE,2021-07-02 15:25:06
ACC_1008962,C_106010,SAVINGS,31068.82,ACTIVE,2021-06-21 22:01:06
ACC_1008963,C_106011,CURRENT,4548.8,ACTIVE,2023-10-29 08:42:46
ACC_1008964,C_106012,BUSINESS,22476.46,ACTIVE,2016-05-20 13:32:53
ACC_1008965,C_106012,BUSINESS,66960.86,ACTIVE,2016-05-29 22:19:53
ACC_1008966,C_106013,BUSINESS,15940.56,ACTIVE,2025-07-03 23:31:21
ACC_1008967,C_106013,SAVINGS,9057.77,ACTIVE,2025-06-28 10:19:21
ACC_1008968,C_106014,BUSINESS,422334.27,ACTIVE,2023-11-02 18:22:32
ACC_1008969,C_106015,SAVINGS,2520.03,DORMANT,2023-08-10 08:47:20
ACC_1008970,C_106015,SAVINGS,52662.77,ACTIVE,2023-08-09 17:38:20
ACC_1008971,C_106016,SAVINGS,214852.83,ACTIVE,2016-06-28 00:46:48
ACC_1008972,C_106016,CURRENT,7128.17,ACTIVE,2016-06-18 22:35:48
ACC_1008973,C_106016,CURRENT,1432.06,ACTIVE,2016-06-25 04:03:48
ACC_1008974,C_106017,CURRENT,5957.46,ACTIVE,2025-12-14 05:03:42
ACC_1008975,C_106018,BUSINESS,389934.68,DORMANT,2020-12-20 03:24:56
ACC_1008976,C_106018,BUSINESS,4532.17,ACTIVE,2020-12-18 08:57:56
ACC_1008977,C_106019,CURRENT,19349.88,ACTIVE,2024-08-17 18:05:19
ACC_1008978,C_106019,CURRENT,998.91,ACTIVE,2024-09-04 00:19:19
ACC_1008979,C_106019,BUSINESS,7572.73,ACTIVE,2024-08-07 21:14:19
ACC_1008980,C_106020,CURRENT,4631.62,ACTIVE,2021-01-31 21:22:14
ACC_1008981,C_106020,SAVINGS,8841.87,ACTIVE,2021-02-04 09:27:14
ACC_1008982,C_106021,CURRENT,6756.13,ACTIVE,2016-06-22 05:17:07
ACC_1008983,C_106021,CURRENT,988.33,ACTIVE,2016-07-09 14:12:07
ACC_1008984,C_106022,BUSINESS,46138.27,ACTIVE,2016-10-21 08:13:26
ACC_1008985,C_106023,CURRENT,6163.25,ACTIVE,2025-07-28 11:11:48
ACC_1008986,C_106024,SAVINGS,5012.68,ACTIVE,2018-02-27 23:39:19
ACC_1008987,C_106025,BUSINESS,672549.65,ACTIVE,2019-08-05 10:28:05
ACC_1008988,C_106025,BUSINESS,37847.58,ACTIVE,2019-08-01 18:23:05
ACC_1008989,C_106025,CURRENT,6892.18,DORMANT,2019-07-21 11:28:05
ACC_1008990,C_106026,BUSINESS,43892.78,ACTIVE,2022-06-22 19:14:25
ACC_1008991,C_106026,BUSINESS,57149.11,ACTIVE,2022-07-04 17:08:25
ACC_1008992,C_106027,CURRENT,5841.36,ACTIVE,2016-07-20 13:58:57
ACC_1008993,C_106027,CURRENT,6230.7,ACTIVE,2016-07-21 10:24:57
ACC_1008994,C_106028,BUSINESS,488080.89,ACTIVE,2023-05-20 06:32:09
ACC_1008995,C_106028,CURRENT,1444.58,ACTIVE,2023-05-22 01:35:09
ACC_1008996,C_106029,CURRENT,3990.65,ACTIVE,2018-12-26 03:23:41
ACC_1008997,C_106030,BUSINESS,685935.34,ACTIVE,2022-02-24 19:53:41
ACC_1008998,C_106030,CURRENT,3838.43,ACTIVE,2022-03-03 19:20:41
ACC_1008999,C_106030,SAVINGS,11298.19,ACTIVE,2022-03-01 08:48:41
ACC_1009000,C_106031,SAVINGS,14883.58,ACTIVE,2025-07-13 13:09:22
ACC_1009001,C_106032,SAVINGS,5817.59,DORMANT,2020-07-13 10:42:21
ACC_1009002,C_106033,BUSINESS,223718.76,ACTIVE,2019-07-12 17:39:39
ACC_1009003,C_106034,BUSINESS,74885.07,ACTIVE,2024-10-24 02:46:09
ACC_1009004,C_106034,CURRENT,3015.81,DORMANT,2024-10-10 01:04:09
ACC_1009005,C_106035,BUSINESS,7085.37,ACTIVE,2025-07-02 19:18:36
ACC_1009006,C_106036,SAVINGS,9321.42,ACTIVE,2021-03-04 10:03:24
ACC_1009007,C_106037,SAVINGS,6404.24,ACTIVE,2018-11-08 02:03:58
ACC_1009008,C_106038,CURRENT,639.58,ACTIVE,2025-06-25 05:20:41
ACC_1009009,C_106039,CURRENT,799.92,ACTIVE,2020-05-12 00:01:55
ACC_1009010,C_106040,CURRENT,10647.45,ACTIVE,2025-10-19 22:19:53
ACC_1009011,C_106040,CURRENT,2559.32,ACTIVE,2025-10-21 01:22:53
ACC_1009012,C_106041,BUSINESS,682762.06,ACTIVE,2023-03-05 00:56:58
ACC_1009013,C_106041,SAVINGS,1576.66,ACTIVE,2023-02-17 10:28:58
ACC_1009014,C_106041,BUSINESS,20588.56,ACTIVE,2023-02-17 00:43:58
ACC_1009015,C_106042,CURRENT,2980.22,ACTIVE,2018-03-11 15:44:30
ACC_1009016,C_106043,BUSINESS,139733.65,ACTIVE,2017-11-22 13:26:53
ACC_1009017,C_106044,BUSINESS,279935.27,ACTIVE,2021-10-10 23:35:41
ACC_1009018,C_106044,SAVINGS,5460.81,ACTIVE,2021-10-29 07:33:41
ACC_1009019,C_106045,CURRENT,3361.55,ACTIVE,2020-06-20 14:01:14
ACC_1009020,C_106045,SAVINGS,16192.84,ACTIVE,2020-06-08 23:32:14
ACC_1009021,C_106046,CURRENT,2119.91,ACTIVE,2022-03-31 20:44:47
ACC_1009022,C_106046,BUSINESS,356389.4,ACTIVE,2022-04-27 06:36:47
ACC_1009023,C_106047,SAVINGS,26188.42,ACTIVE,2016-08-20 00:49:08
ACC_1009024,C_106048,BUSINESS,102553.31,ACTIVE,2022-05-09 18:13:43
ACC_1009025,C_106048,BUSINESS,41033.95,ACTIVE,2022-04-20 21:12:43
ACC_1009026,C_106049,CURRENT,1438.9,ACTIVE,2025-01-14 22:27:08
ACC_1009027,C_106050,SAVINGS,250000.0,ACTIVE,2017-01-28 16:41:20
ACC_1009028,C_106051,SAVINGS,202441.04,ACTIVE,2025-05-27 00:36:23
ACC_1009029,C_106052,SAVINGS,20777.53,ACTIVE,2019-08-02 11:27:25
ACC_1009030,C_106053,BUSINESS,77680.59,ACTIVE,2017-12-05 06:36:27
ACC_1009031,C_106054,CURRENT,413.85,ACTIVE,2020-11-22 14:41:27
ACC_1009032,C_106055,SAVINGS,42499.34,ACTIVE,2026-01-06 13:02:53
ACC_1009033,C_106056,SAVINGS,2591.82,ACTIVE,2023-06-23 00:44:07
ACC_1009034,C_106056,SAVINGS,4612.13,ACTIVE,2023-06-22 19:04:07
ACC_1009035,C_106057,CURRENT,1361.89,ACTIVE,2018-04-12 21:30:46
ACC_1009036,C_106058,CURRENT,1113.33,ACTIVE,2019-05-14 11:23:02
ACC_1009037,C_106059,BUSINESS,175588.4,ACTIVE,2025-12-22 13:16:49
ACC_1009038,C_106059,CURRENT,1310.53,ACTIVE,2025-12-28 23:53:49
ACC_1009039,C_106060,SAVINGS,43628.77,ACTIVE,2019-11-04 04:04:47
ACC_1009040,C_106061,CURRENT,2833.0,ACTIVE,2016-03-08 08:14:49
ACC_1009041,C_106062,BUSINESS,102248.51,ACTIVE,2017-09-17 16:48:27
ACC_1009042,C_106063,BUSINESS,177134.25,DORMANT,2022-09-07 00:57:58
ACC_1009043,C_106064,CURRENT,2436.79,ACTIVE,2016-07-02 02:02:51
ACC_1009044,C_106065,CURRENT,1775.34,ACTIVE,2017-07-08 23:49:34
ACC_1009045,C_106066,SAVINGS,31412.66,ACTIVE,2016-12-24 03:06:08
ACC_1009046,C_106066,CURRENT,2567.27,ACTIVE,2017-01-11 19:15:08
ACC_1009047,C_106066,SAVINGS,5935.18,ACTIVE,2017-01-17 12:40:08
ACC_1009048,C_106067,SAVINGS,4002.07,ACTIVE,2019-12-23 23:34:30
ACC_1009049,C_106068,BUSINESS,31770.25,ACTIVE,2023-08-04 13:26:29
ACC_1009050,C_106069,SAVINGS,39859.72,ACTIVE,2020-11-02 12:42:56
ACC_1009051,C_106069,CURRENT,5584.61,ACTIVE,2020-10-31 20:10:56
ACC_1009052,C_106070,SAVINGS,31751.66,ACTIVE,2021-09-19 03:18:17
ACC_1009053,C_106071,CURRENT,1351.79,ACTIVE,2019-07-05 19:55:18
ACC_1009054,C_106072,SAVINGS,58075.3,ACTIVE,2021-06-20 09:03:36
ACC_1009055,C_106073,CURRENT,654.44,ACTIVE,2016-08-11 16:47:56
ACC_1009056,C_106074,BUSINESS,2759.65,ACTIVE,2019-07-27 05:17:37
ACC_1009057,C_106074,CURRENT,820.48,ACTIVE,2019-07-27 11:12:37
ACC_1009058,C_106075,SAVINGS,83329.03,DORMANT,2024-11-13 11:51:59
ACC_1009059,C_106076,SAVINGS,5619.17,ACTIVE,2020-04-10 21:42:38
ACC_1009060,C_106076,BUSINESS,455658.52,ACTIVE,2020-04-16 04:57:38
ACC_1009061,C_106077,CURRENT,259.15,ACTIVE,2021-10-13 10:49:16
ACC_1009062,C_106078,CURRENT,3887.84,ACTIVE,2018-01-28 21:46:20
ACC_1009063,C_106078,CURRENT,2975.14,ACTIVE,2018-01-25 14:01:20
ACC_1009064,C_106079,BUSINESS,85389.05,ACTIVE,2018-05-25 16:56:15
ACC_1009065,C_106080,CURRENT,1136.0,ACTIVE,2020-01-14 01:46:35
ACC_1009066,C_106081,SAVINGS,7890.05,ACTIVE,2024-12-05 16:48:25
ACC_1009067,C_106081,CURRENT,953.57,ACTIVE,2024-12-06 10:04:25
ACC_1009068,C_106081,CURRENT,1353.3,ACTIVE,2024-12-07 10:37:25
ACC_1009069,C_106082,BUSINESS,45738.38,ACTIVE,2018-04-05 23:21:42
ACC_1009070,C_106083,CURRENT,158.31,DORMANT,2025-04-05 16:19:17
ACC_1009071,C_106084,BUSINESS,12774.33,ACTIVE,2025-12-08 13:26:11
ACC_1009072,C_106084,CURRENT,9649.4,ACTIVE,2025-11-25 15:27:11
ACC_1009073,C_106085,SAVINGS,4570.44,ACTIVE,2017-01-21 08:17:25
ACC_1009074,C_106086,CURRENT,780.23,ACTIVE,2023-03-10 08:52:38
ACC_1009075,C_106087,SAVINGS,20923.04,ACTIVE,2018-03-13 10:59:22
ACC_1009076,C_106088,CURRENT,2360.55,ACTIVE,2019-08-11 15:49:00
ACC_1009077,C_106089,CURRENT,3239.9,ACTIVE,2023-03-13 11:32:13
ACC_1009078,C_106090,CURRENT,3744.46,DORMANT,2020-03-04 03:50:26
ACC_1009079,C_106091,SAVINGS,10111.66,DORMANT,2023-07-25 17:47:43
ACC_1009080,C_106091,SAVINGS,17066.59,ACTIVE,2023-07-24 17:05:43
ACC_1009081,C_106092,CURRENT,4359.29,ACTIVE,2021-03-02 12:34:12
ACC_1009082,C_106093,CURRENT,512.48,ACTIVE,2018-07-09 08:52:51
ACC_1009083,C_106093,CURRENT,1878.75,ACTIVE,2018-07-27 22:53:51
ACC_1009084,C_106094,SAVINGS,29187.53,ACTIVE,2019-04-08 04:00:00
ACC_1009085,C_106095,CURRENT,475.99,ACTIVE,2021-09-26 23:00:53
ACC_1009086,C_106095,BUSINESS,113409.94,ACTIVE,2021-09-15 12:02:53
ACC_1009087,C_106095,SAVINGS,52870.73,ACTIVE,2021-09-16 05:07:53
ACC_1009088,C_106096,BUSINESS,2053.78,ACTIVE,2020-03-19 21:45:32
ACC_1009089,C_106096,SAVINGS,41778.6,ACTIVE,2020-03-27 09:37:32
ACC_1009090,C_106097,SAVINGS,86223.21,DORMANT,2024-06-29 05:00:55
ACC_1009091,C_106098,SAVINGS,4707.33,ACTIVE,2025-07-31 15:37:25
ACC_1009092,C_106098,SAVINGS,77961.42,ACTIVE,2025-07-18 21:07:25
ACC_1009093,C_106099,CURRENT,2731.67,ACTIVE,2017-03-15 12:39:55
ACC_1009094,C_106099,CURRENT,715.71,ACTIVE,2017-03-05 14:37:55
ACC_1009095,C_106100,CURRENT,591.88,ACTIVE,2016-11-19 09:09:58
ACC_1009096,C_106101,SAVINGS,78388.23,ACTIVE,2017-02-24 15:32:05
ACC_1009097,C_106102,CURRENT,7579.13,ACTIVE,2017-02-24 12:15:49
ACC_1009098,C_106102,SAVINGS,44633.74,ACTIVE,2017-02-10 19:46:49
ACC_1009099,C_106102,CURRENT,3463.09,ACTIVE,2017-02-17 15:03:49
ACC_1009100,C_106103,SAVINGS,4897.17,ACTIVE,2024-06-02 10:09:46
ACC_1009101,C_106103,CURRENT,726.73,ACTIVE,2024-05-15 12:42:46
ACC_1009102,C_106104,CURRENT,290.18,ACTIVE,2016-05-31 17:19:33
ACC_1009103,C_106105,SAVINGS,4936.19,ACTIVE,2022-04-03 23:33:21
ACC_1009104,C_106106,BUSINESS,126980.24,ACTIVE,2022-01-20 15:28:06
ACC_1009105,C_106107,SAVINGS,23739.77,DORMANT,2016-07-11 04:25:33
ACC_1009106,C_106108,SAVINGS,4036.22,ACTIVE,2025-11-27 01:33:25
ACC_1009107,C_106109,CURRENT,1486.36,ACTIVE,2020-01-10 12:33:41
ACC_1009108,C_106110,BUSINESS,123962.05,ACTIVE,2025-11-23 18:26:15
ACC_1009109,C_106110,SAVINGS,10498.86,ACTIVE,2025-11-18 07:10:15
ACC_1009110,C_106111,SAVINGS,1969.57,ACTIVE,2016-12-09 23:56:04
ACC_1009111,C_106111,CURRENT,3693.36,ACTIVE,2016-12-10 14:17:04
ACC_1009112,C_106112,CURRENT,2674.26,ACTIVE,2023-06-29 08:53:01
ACC_1009113,C_106113,CURRENT,522.24,ACTIVE,2021-03-08 11:09:05
ACC_1009114,C_106113,CURRENT,6287.37,DORMANT,2021-03-09 09:47:05
ACC_1009115,C_106114,BUSINESS,1096960.69,ACTIVE,2021-11-25 05:23:03
ACC_1009116,C_106115,SAVINGS,7293.04,ACTIVE,2017-06-20 18:39:31
ACC_1009117,C_106116,CURRENT,2463.56,ACTIVE,2025-05-14 05:08:43
ACC_1009118,C_106117,SAVINGS,127732.78,ACTIVE,2018-11-27 09:58:30
ACC_1009119,C_106118,CURRENT,3259.28,DORMANT,2020-01-13 07:26:53
ACC_1009120,C_106118,CURRENT,2685.89,ACTIVE,2020-01-07 03:35:53
ACC_1009121,C_106118,SAVINGS,77036.6,ACTIVE,2020-01-14 23:20:53
ACC_1009122,C_106119,BUSINESS,48681.84,ACTIVE,2023-02-11 03:00:18
ACC_1009123,C_106119,SAVINGS,13529.16,ACTIVE,2023-01-27 22:05:18
ACC_1009124,C_106120,CURRENT,3059.22,ACTIVE,2019-05-31 07:36:13
ACC_1009125,C_106121,SAVINGS,2041.7,ACTIVE,2024-05-24 22:31:33
ACC_1009126,C_106121,CURRENT,1057.55,ACTIVE,2024-04-30 00:29:33
ACC_1009127,C_106121,CURRENT,3498.14,ACTIVE,2024-05-09 14:11:33
ACC_1009128,C_106122,CURRENT,2495.79,ACTIVE,2016-02-16 08:33:23
ACC_1009129,C_106122,SAVINGS,38684.61,ACTIVE,2016-02-13 21:34:23
ACC_1009130,C_106122,SAVINGS,2098.84,ACTIVE,2016-01-25 09:38:23
ACC_1009131,C_106123,BUSINESS,63093.75,ACTIVE,2025-10-13 13:24:50
ACC_1009132,C_106123,SAVINGS,11401.99,ACTIVE,2025-10-14 13:07:50
ACC_1009133,C_106124,BUSINESS,57482.7,DORMANT,2024-11-22 10:41:09
ACC_1009134,C_106125,CURRENT,2110.74,ACTIVE,2022-10-26 15:01:10
ACC_1009135,C_106126,SAVINGS,4755.45,ACTIVE,2018-12-30 02:21:52
ACC_1009136,C_106127,BUSINESS,47605.68,ACTIVE,2024-02-16 10:22:05
ACC_1009137,C_106128,CURRENT,8038.29,ACTIVE,2018-09-18 12:15:48
ACC_1009138,C_106128,SAVINGS,19858.9,ACTIVE,2018-09-12 12:23:48
ACC_1009139,C_106129,SAVINGS,5621.23,ACTIVE,2020-12-06 21:41:04
ACC_1009140,C_106130,BUSINESS,388817.9,ACTIVE,2019-06-14 12:22:14
ACC_1009141,C_106131,SAVINGS,583.21,ACTIVE,2022-11-08 15:45:27
ACC_1009142,C_106131,BUSINESS,141451.07,ACTIVE,2022-11-25 10:59:27
ACC_1009143,C_106132,SAVINGS,15788.91,ACTIVE,2025-05-14 19:12:01
ACC_1009144,C_106133,CURRENT,588.01,ACTIVE,2016-08-12 18:49:30
ACC_1009145,C_106133,SAVINGS,17858.1,DORMANT,2016-08-18 03:51:30
ACC_1009146,C_106134,SAVINGS,14360.4,DORMANT,2016-08-08 00:07:39
ACC_1009147,C_106135,SAVINGS,6388.03,ACTIVE,2024-08-20 13:04:27
ACC_1009148,C_106136,CURRENT,4638.79,ACTIVE,2018-04-23 00:39:06
ACC_1009149,C_106137,CURRENT,2702.13,ACTIVE,2016-10-24 22:43:54
ACC_1009150,C_106138,BUSINESS,319524.81,ACTIVE,2019-04-19 20:04:18
ACC_1009151,C_106139,SAVINGS,15741.1,ACTIVE,2019-06-05 03:33:42
ACC_1009152,C_106139,CURRENT,12425.25,ACTIVE,2019-05-27 07:10:42
ACC_1009153,C_106140,SAVINGS,14739.39,ACTIVE,2019-07-26 12:25:40
ACC_1009154,C_106141,CURRENT,5140.1,ACTIVE,2018-05-12 11:45:51
ACC_1009155,C_106142,SAVINGS,2989.5,ACTIVE,2021-10-30 11:44:43
ACC_1009156,C_106142,BUSINESS,1500000.0,ACTIVE,2021-11-03 00:10:43
ACC_1009157,C_106143,SAVINGS,46151.78,ACTIVE,2023-06-18 15:11:13
ACC_1009158,C_106143,SAVINGS,971.25,ACTIVE,2023-06-16 14:02:13
ACC_1009159,C_106144,SAVINGS,10321.33,ACTIVE,2022-09-08 17:44:38
ACC_1009160,C_106144,BUSINESS,13605.51,DORMANT,2022-09-27 07:35:38
ACC_1009161,C_106145,BUSINESS,46797.09,ACTIVE,2023-07-14 01:48:56
ACC_1009162,C_106146,CURRENT,5044.39,ACTIVE,2017-09-06 23:59:46
ACC_1009163,C_106146,BUSINESS,75852.39,ACTIVE,2017-09-01 14:26:46
ACC_1009164,C_106147,SAVINGS,40759.72,ACTIVE,2021-09-22 05:21:27
ACC_1009165,C_106147,CURRENT,462.03,ACTIVE,2021-09-21 17:08:27
ACC_1009166,C_106147,CURRENT,1643.54,ACTIVE,2021-08-23 00:25:27
ACC_1009167,C_106148,SAVINGS,38403.82,ACTIVE,2022-06-01 11:57:16
ACC_1009168,C_106149,CURRENT,2026.38,ACTIVE,2018-04-04 23:15:06
ACC_1009169,C_106150,BUSINESS,128650.78,ACTIVE,2020-08-13 03:36:15
ACC_1009170,C_106151,CURRENT,444.83,ACTIVE,2024-08-30 02:12:53
ACC_1009171,C_106152,SAVINGS,7991.31,ACTIVE,2018-03-03 02:48:06
ACC_1009172,C_106153,BUSINESS,68258.56,ACTIVE,2018-07-01 01:56:39
ACC_1009173,C_106154,BUSINESS,40137.22,ACTIVE,2021-02-14 16:02:32
ACC_1009174,C_106155,SAVINGS,27920.82,DORMANT,2025-09-01 13:35:05
ACC_1009175,C_106156,SAVINGS,9199.32,ACTIVE,2017-05-19 23:16:20
ACC_1009176,C_106157,SAVINGS,6172.91,ACTIVE,2017-09-11 22:38:09
ACC_1009177,C_106157,BUSINESS,162451.61,ACTIVE,2017-10-02 08:01:09
ACC_1009178,C_106158,CURRENT,1451.88,ACTIVE,2019-07-16 19:38:29
ACC_1009179,C_106159,BUSINESS,48299.38,ACTIVE,2020-03-09 14:15:30
ACC_1009180,C_106160,BUSINESS,56845.31,ACTIVE,2016-08-07 06:13:17
ACC_1009181,C_106160,BUSINESS,97634.76,ACTIVE,2016-07-12 07:44:17
ACC_1009182,C_106161,BUSINESS,223061.45,ACTIVE,2021-05-31 10:35:31
ACC_1009183,C_106162,SAVINGS,62069.96,ACTIVE,2018-08-20 05:09:47
ACC_1009184,C_106163,SAVINGS,964.88,ACTIVE,2022-08-26 17:47:47
ACC_1009185,C_106164,CURRENT,2052.61,ACTIVE,2020-03-24 09:27:01
ACC_1009186,C_106164,SAVINGS,20027.69,ACTIVE,2020-03-07 17:12:01
ACC_1009187,C_106165,BUSINESS,72847.53,ACTIVE,2017-05-21 10:49:40
ACC_1009188,C_106166,CURRENT,595.19,ACTIVE,2022-02-20 23:26:55
ACC_1009189,C_106167,CURRENT,1400.27,ACTIVE,2020-06-15 22:32:47
ACC_1009190,C_106167,CURRENT,883.27,ACTIVE,2020-06-06 07:02:47
ACC_1009191,C_106167,CURRENT,188.97,ACTIVE,2020-06-19 20:43:47
ACC_1009192,C_106168,BUSINESS,16782.28,ACTIVE,2025-11-11 16:28:30
ACC_1009193,C_106169,BUSINESS,14600.93,ACTIVE,2019-02-05 02:09:26
ACC_1009194,C_106170,SAVINGS,6655.93,ACTIVE,2022-06-07 05:00:11
ACC_1009195,C_106170,SAVINGS,2915.7,ACTIVE,2022-05-11 06:50:11
ACC_1009196,C_106171,CURRENT,2091.12,ACTIVE,2022-09-01 14:17:42
ACC_1009197,C_106172,CURRENT,5598.84,ACTIVE,2022-08-01 12:56:21
ACC_1009198,C_106172,CURRENT,7794.83,DORMANT,2022-07-28 00:04:21
ACC_1009199,C_106173,CURRENT,2070.85,ACTIVE,2020-12-23 08:56:48
ACC_1009200,C_106173,CURRENT,6767.08,ACTIVE,2020-12-16 21:54:48
ACC_1009201,C_106174,CURRENT,2333.4,ACTIVE,2019-03-09 06:06:12
ACC_1009202,C_106175,CURRENT,1931.73,ACTIVE,2019-02-28 05:34:38
ACC_1009203,C_106175,CURRENT,9306.57,ACTIVE,2019-03-03 05:18:38
ACC_1009204,C_106176,BUSINESS,30401.27,ACTIVE,2023-09-21 21:22:19
ACC_1009205,C_106176,CURRENT,7791.05,ACTIVE,2023-09-30 08:52:19
ACC_1009206,C_106177,BUSINESS,134240.15,ACTIVE,2025-10-09 12:36:28
ACC_1009207,C_106178,BUSINESS,48419.19,ACTIVE,2024-04-30 12:18:20
ACC_1009208,C_106179,BUSINESS,26007.66,DORMANT,2020-09-02 08:46:57
ACC_1009209,C_106180,BUSINESS,66825.27,ACTIVE,2021-12-30 18:40:29
ACC_1009210,C_106180,CURRENT,2390.46,ACTIVE,2022-01-11 09:03:29
ACC_1009211,C_106181,BUSINESS,84624.3,ACTIVE,2025-01-04 10:07:07
ACC_1009212,C_106181,CURRENT,647.87,ACTIVE,2025-01-05 15:21:07
ACC_1009213,C_106182,BUSINESS,2456.32,ACTIVE,2019-02-22 07:29:05
ACC_1009214,C_106183,BUSINESS,114950.59,ACTIVE,2025-09-03 09:04:47
ACC_1009215,C_106183,BUSINESS,14917.42,ACTIVE,2025-08-25 03:10:47
ACC_1009216,C_106184,BUSINESS,1500000.0,ACTIVE,2025-04-23 19:10:10
ACC_1009217,C_106184,CURRENT,547.28,ACTIVE,2025-04-29 05:53:10
ACC_1009218,C_106184,SAVINGS,5084.94,ACTIVE,2025-04-08 18:59:10
ACC_1009219,C_106185,BUSINESS,121296.55,ACTIVE,2023-02-17 16:10:20
ACC_1009220,C_106185,CURRENT,426.31,ACTIVE,2023-02-11 02:16:20
ACC_1009221,C_106186,CURRENT,743.03,ACTIVE,2016-08-06 19:11:57
ACC_1009222,C_106186,CURRENT,2892.42,ACTIVE,2016-08-03 01:22:57
ACC_1009223,C_106186,BUSINESS,481464.46,ACTIVE,2016-08-09 07:24:57
ACC_1009224,C_106187,CURRENT,2319.81,ACTIVE,2021-08-20 01:49:41
ACC_1009225,C_106187,CURRENT,2033.15,ACTIVE,2021-08-12 02:05:41
ACC_1009226,C_106187,CURRENT,952.86,ACTIVE,2021-08-03 04:45:41
ACC_1009227,C_106188,BUSINESS,48007.11,ACTIVE,2022-04-07 04:31:59
ACC_1009228,C_106189,SAVINGS,11744.02,ACTIVE,2025-07-12 16:51:42
ACC_1009229,C_106190,BUSINESS,101078.29,ACTIVE,2016-03-13 18:11:27
ACC_1009230,C_106191,SAVINGS,118304.17,ACTIVE,2016-11-22 08:25:08
ACC_1009231,C_106192,CURRENT,1486.98,ACTIVE,2016-04-15 16:08:37
ACC_1009232,C_106192,CURRENT,1400.42,ACTIVE,2016-04-19 07:34:37
ACC_1009233,C_106193,CURRENT,7697.27,DORMANT,2017-09-05 01:18:45
ACC_1009234,C_106193,SAVINGS,4369.67,ACTIVE,2017-09-17 00:25:45
ACC_1009235,C_106193,BUSINESS,280331.08,ACTIVE,2017-08-29 19:48:45
ACC_1009236,C_106194,SAVINGS,11851.97,ACTIVE,2017-01-29 21:32:30
ACC_1009237,C_106194,SAVINGS,10288.89,ACTIVE,2017-01-22 11:08:30
ACC_1009238,C_106195,SAVINGS,36047.75,ACTIVE,2016-02-01 14:36:39
ACC_1009239,C_106196,BUSINESS,12626.84,ACTIVE,2018-06-17 21:16:30
ACC_1009240,C_106197,SAVINGS,16432.9,ACTIVE,2019-07-28 13:05:18
ACC_1009241,C_106197,SAVINGS,5515.73,ACTIVE,2019-07-22 07:04:18
ACC_1009242,C_106198,CURRENT,1643.59,ACTIVE,2021-12-12 11:22:47
ACC_1009243,C_106199,CURRENT,2849.65,ACTIVE,2018-11-10 04:07:26
ACC_1009244,C_106200,SAVINGS,6194.76,ACTIVE,2017-12-22 01:18:11
ACC_1009245,C_106201,BUSINESS,161538.38,ACTIVE,2022-08-03 03:55:29
ACC_1009246,C_106202,BUSINESS,32995.63,ACTIVE,2018-03-04 14:24:08
ACC_1009247,C_106203,SAVINGS,11835.41,ACTIVE,2025-03-13 14:25:33
ACC_1009248,C_106204,SAVINGS,12511.25,ACTIVE,2019-12-15 07:15:58
ACC_1009249,C_106205,SAVINGS,46402.45,ACTIVE,2020-03-02 06:37:27
ACC_1009250,C_106206,SAVINGS,8107.76,ACTIVE,2023-10-31 20:33:52
ACC_1009251,C_106207,CURRENT,2379.8,ACTIVE,2024-09-27 19:52:56
ACC_1009252,C_106208,SAVINGS,2478.3,ACTIVE,2024-08-28 00:00:12
ACC_1009253,C_106209,SAVINGS,24175.52,ACTIVE,2020-09-01 23:51:30
ACC_1009254,C_106209,BUSINESS,323934.13,ACTIVE,2020-08-17 05:04:30
ACC_1009255,C_106210,SAVINGS,25746.98,ACTIVE,2024-01-23 16:11:08
ACC_1009256,C_106211,BUSINESS,162433.46,ACTIVE,2016-08-09 00:49:36
ACC_1009257,C_106212,CURRENT,3670.31,ACTIVE,2024-06-07 14:08:56
ACC_1009258,C_106212,BUSINESS,109727.77,ACTIVE,2024-06-09 03:49:56
ACC_1009259,C_106213,BUSINESS,55792.8,ACTIVE,2025-06-14 07:00:29
ACC_1009260,C_106214,CURRENT,3245.36,ACTIVE,2022-02-21 13:19:46
ACC_1009261,C_106215,BUSINESS,195537.49,ACTIVE,2025-03-07 21:45:18
ACC_1009262,C_106216,BUSINESS,29025.98,ACTIVE,2017-04-01 16:54:10
ACC_1009263,C_106217,CURRENT,3307.24,ACTIVE,2022-02-25 05:21:01
ACC_1009264,C_106218,BUSINESS,54508.48,ACTIVE,2021-03-04 18:20:47
ACC_1009265,C_106219,SAVINGS,2667.66,ACTIVE,2022-06-23 21:26:23
ACC_1009266,C_106220,BUSINESS,59720.97,ACTIVE,2018-02-13 22:48:58
ACC_1009267,C_106220,CURRENT,1316.06,ACTIVE,2018-02-20 15:29:58
ACC_1009268,C_106220,SAVINGS,2619.76,ACTIVE,2018-02-23 18:19:58
ACC_1009269,C_106221,SAVINGS,3326.52,ACTIVE,2021-01-03 23:50:41
ACC_1009270,C_106222,BUSINESS,95293.62,ACTIVE,2023-09-18 00:25:22
ACC_1009271,C_106223,SAVINGS,34877.14,ACTIVE,2022-02-01 08:11:45
ACC_1009272,C_106224,SAVINGS,41406.62,DORMANT,2017-02-28 19:10:01
ACC_1009273,C_106225,SAVINGS,70670.21,ACTIVE,2025-01-22 09:48:08
ACC_1009274,C_106225,BUSINESS,11007.34,ACTIVE,2025-01-19 17:12:08
ACC_1009275,C_106226,BUSINESS,319171.91,ACTIVE,2022-01-17 05:15:31
ACC_1009276,C_106226,SAVINGS,15450.69,ACTIVE,2022-01-19 08:41:31
ACC_1009277,C_106226,CURRENT,4980.6,ACTIVE,2022-01-21 04:29:31
ACC_1009278,C_106227,CURRENT,1520.75,ACTIVE,2022-08-25 13:40:54
ACC_1009279,C_106228,BUSINESS,27178.11,ACTIVE,2016-09-13 22:59:20
ACC_1009280,C_106229,SAVINGS,3225.27,ACTIVE,2023-01-11 00:19:42
ACC_1009281,C_106229,SAVINGS,2752.49,ACTIVE,2023-01-02 05:18:42
ACC_1009282,C_106229,CURRENT,1803.28,ACTIVE,2023-01-15 05:55:42
ACC_1009283,C_106230,SAVINGS,8921.94,DORMANT,2016-04-06 21:08:58
ACC_1009284,C_106230,BUSINESS,109042.87,ACTIVE,2016-04-01 23:13:58
ACC_1009285,C_106231,SAVINGS,11849.7,ACTIVE,2020-12-23 15:46:03
ACC_1009286,C_106231,BUSINESS,156370.67,ACTIVE,2021-01-05 07:05:03
ACC_1009287,C_106232,SAVINGS,14350.08,ACTIVE,2023-06-15 15:33:12
ACC_1009288,C_106232,BUSINESS,56499.11,DORMANT,2023-06-13 03:34:12
ACC_1009289,C_106233,SAVINGS,36918.09,DORMANT,2018-11-01 05:13:14
ACC_1009290,C_106234,CURRENT,582.02,ACTIVE,2020-09-27 00:39:13
ACC_1009291,C_106234,CURRENT,3815.95,ACTIVE,2020-09-10 13:55:13
ACC_1009292,C_106234,BUSINESS,17905.29,ACTIVE,2020-09-23 06:09:13
ACC_1009293,C_106235,CURRENT,2257.9,ACTIVE,2022-05-21 04:36:30
ACC_1009294,C_106235,CURRENT,822.19,ACTIVE,2022-05-19 14:39:30
ACC_1009295,C_106236,SAVINGS,22236.1,ACTIVE,2026-01-28 05:23:19
ACC_1009296,C_106237,SAVINGS,146611.51,ACTIVE,2024-06-09 06:16:34
ACC_1009297,C_106237,SAVINGS,17965.75,ACTIVE,2024-07-03 08:32:34
ACC_1009298,C_106238,CURRENT,5900.98,ACTIVE,2024-03-07 18:10:09
ACC_1009299,C_106239,BUSINESS,108597.46,ACTIVE,2016-05-05 22:13:21
ACC_1009300,C_106239,SAVINGS,40056.3,ACTIVE,2016-04-12 23:09:21
ACC_1009301,C_106239,BUSINESS,22272.46,ACTIVE,2016-04-25 06:12:21
ACC_1009302,C_106240,BUSINESS,136084.13,ACTIVE,2024-09-01 04:55:00
ACC_1009303,C_106240,CURRENT,11458.02,ACTIVE,2024-09-11 12:34:00
ACC_1009304,C_106241,CURRENT,4303.17,ACTIVE,2021-02-08 03:23:33
ACC_1009305,C_106242,CURRENT,1089.94,ACTIVE,2018-08-14 01:42:37
ACC_1009306,C_106243,CURRENT,5516.74,ACTIVE,2017-10-08 16:56:59
ACC_1009307,C_106243,BUSINESS,127937.13,ACTIVE,2017-10-14 11:32:59
ACC_1009308,C_106244,SAVINGS,57680.75,ACTIVE,2020-02-13 08:54:28
ACC_1009309,C_106245,CURRENT,1975.86,ACTIVE,2019-09-20 10:44:44
ACC_1009310,C_106245,CURRENT,7380.44,ACTIVE,2019-09-20 03:00:44
ACC_1009311,C_106246,BUSINESS,99660.34,ACTIVE,2022-03-16 22:53:01
ACC_1009312,C_106247,SAVINGS,7627.57,ACTIVE,2023-08-06 04:13:59
ACC_1009313,C_106248,BUSINESS,58849.79,ACTIVE,2018-01-23 18:16:11
ACC_1009314,C_106249,SAVINGS,7020.04,ACTIVE,2023-05-06 16:47:41
ACC_1009315,C_106250,CURRENT,3562.35,ACTIVE,2018-05-22 18:13:40
ACC_1009316,C_106251,CURRENT,2000.07,ACTIVE,2023-01-16 04:50:27
ACC_1009317,C_106251,BUSINESS,2708.45,ACTIVE,2023-01-12 22:57:27
ACC_1009318,C_106252,BUSINESS,61924.41,ACTIVE,2020-08-06 01:15:59
ACC_1009319,C_106253,CURRENT,641.53,ACTIVE,2022-01-29 03:38:39
ACC_1009320,C_106253,CURRENT,614.34,ACTIVE,2022-02-08 06:05:39
ACC_1009321,C_106254,SAVINGS,6815.1,DORMANT,2023-07-15 23:51:15
ACC_1009322,C_106255,BUSINESS,4551.65,ACTIVE,2016-03-06 20:22:00
ACC_1009323,C_106255,CURRENT,1505.51,ACTIVE,2016-02-27 17:08:00
ACC_1009324,C_106256,SAVINGS,3586.96,ACTIVE,2017-09-07 17:09:12
ACC_1009325,C_106257,BUSINESS,64516.08,ACTIVE,2025-08-26 13:33:39
ACC_1009326,C_106258,BUSINESS,239585.16,ACTIVE,2025-08-26 13:46:57
ACC_1009327,C_106259,CURRENT,2348.61,ACTIVE,2024-04-14 00:56:43
ACC_1009328,C_106259,CURRENT,10659.19,ACTIVE,2024-03-25 11:35:43
ACC_1009329,C_106260,CURRENT,921.6,ACTIVE,2025-01-29 12:25:55
ACC_1009330,C_106261,BUSINESS,330361.99,ACTIVE,2025-03-06 21:43:19
ACC_1009331,C_106262,SAVINGS,22716.5,ACTIVE,2020-03-24 21:18:29
ACC_1009332,C_106263,SAVINGS,9745.15,ACTIVE,2018-03-21 01:00:51
ACC_1009333,C_106263,SAVINGS,23722.41,ACTIVE,2018-04-06 13:39:51
ACC_1009334,C_106264,SAVINGS,51212.19,ACTIVE,2021-03-13 02:31:37
ACC_1009335,C_106265,CURRENT,773.63,ACTIVE,2019-02-15 13:46:22
ACC_1009336,C_106266,CURRENT,484.69,ACTIVE,2020-02-14 01:42:43
ACC_1009337,C_106266,CURRENT,994.47,ACTIVE,2020-01-28 07:17:43
ACC_1009338,C_106267,CURRENT,950.92,ACTIVE,2018-08-25 23:58:45
ACC_1009339,C_106268,SAVINGS,41618.38,ACTIVE,2020-09-10 20:48:27
ACC_1009340,C_106268,CURRENT,461.89,ACTIVE,2020-09-02 02:10:27
ACC_1009341,C_106269,BUSINESS,40226.12,ACTIVE,2021-11-24 03:00:11
ACC_1009342,C_106270,SAVINGS,9175.15,ACTIVE,2024-11-01 00:40:56
ACC_1009343,C_106270,BUSINESS,21887.21,ACTIVE,2024-10-13 03:27:56
ACC_1009344,C_106271,SAVINGS,11045.35,ACTIVE,2023-05-02 01:45:05
ACC_1009345,C_106271,CURRENT,1369.88,ACTIVE,2023-05-01 14:07:05
ACC_1009346,C_106272,CURRENT,2025.07,ACTIVE,2021-12-15 02:37:16
ACC_1009347,C_106272,CURRENT,588.55,ACTIVE,2021-12-12 03:28:16
ACC_1009348,C_106273,SAVINGS,21133.01,ACTIVE,2020-07-21 00:08:22
ACC_1009349,C_106273,CURRENT,4433.27,ACTIVE,2020-07-01 16:49:22
ACC_1009350,C_106273,SAVINGS,2716.84,ACTIVE,2020-06-23 07:09:22
ACC_1009351,C_106274,SAVINGS,9569.22,ACTIVE,2025-07-05 18:00:55
ACC_1009352,C_106275,SAVINGS,4107.29,ACTIVE,2022-03-27 09:58:36
ACC_1009353,C_106276,CURRENT,1816.07,ACTIVE,2021-12-31 04:44:59
ACC_1009354,C_106276,SAVINGS,15907.13,ACTIVE,2022-01-07 15:22:59
ACC_1009355,C_106277,CURRENT,534.26,ACTIVE,2022-06-05 12:51:44
ACC_1009356,C_106278,BUSINESS,51073.3,ACTIVE,2017-08-21 16:00:57
ACC_1009357,C_106279,CURRENT,6132.98,ACTIVE,2019-05-02 19:06:18
ACC_1009358,C_106279,BUSINESS,174679.94,ACTIVE,2019-04-28 14:06:18
ACC_1009359,C_106280,CURRENT,326.56,ACTIVE,2024-08-25 02:44:01
ACC_1009360,C_106281,SAVINGS,150721.99,ACTIVE,2018-01-13 22:08:04
ACC_1009361,C_106282,CURRENT,1987.36,ACTIVE,2021-04-04 08:04:31
ACC_1009362,C_106283,CURRENT,4499.54,ACTIVE,2023-06-22 21:06:17
ACC_1009363,C_106283,SAVINGS,17541.23,ACTIVE,2023-06-26 02:32:17
ACC_1009364,C_106284,SAVINGS,2594.05,ACTIVE,2019-12-28 19:15:05
ACC_1009365,C_106284,CURRENT,576.58,ACTIVE,2020-01-02 10:54:05
ACC_1009366,C_106285,CURRENT,1295.77,ACTIVE,2020-09-30 04:49:43
ACC_1009367,C_106286,CURRENT,2218.61,ACTIVE,2016-12-17 08:43:03
ACC_1009368,C_106286,SAVINGS,6696.74,ACTIVE,2016-12-02 18:58:03
ACC_1009369,C_106287,BUSINESS,49444.32,ACTIVE,2017-12-12 00:41:01
ACC_1009370,C_106287,BUSINESS,13723.0,ACTIVE,2017-12-21 01:14:01
ACC_1009371,C_106288,CURRENT,1930.94,ACTIVE,2019-09-26 13:35:58
ACC_1009372,C_106288,SAVINGS,23761.36,ACTIVE,2019-09-30 04:33:58
ACC_1009373,C_106289,BUSINESS,246852.53,ACTIVE,2023-07-31 19:36:11
ACC_1009374,C_106290,CURRENT,6297.98,ACTIVE,2021-04-13 04:13:53
ACC_1009375,C_106290,SAVINGS,6947.93,ACTIVE,2021-04-12 04:10:53
ACC_1009376,C_106290,BUSINESS,1488679.4,ACTIVE,2021-04-14 23:32:53
ACC_1009377,C_106291,BUSINESS,728366.19,ACTIVE,2021-07-04 16:07:41
ACC_1009378,C_106291,BUSINESS,313771.06,ACTIVE,2021-06-19 10:49:41
ACC_1009379,C_106292,CURRENT,2297.14,ACTIVE,2025-01-21 10:27:43
ACC_1009380,C_106293,CURRENT,487.32,ACTIVE,2016-03-02 11:41:43
ACC_1009381,C_106294,CURRENT,1417.4,ACTIVE,2017-07-29 21:11:46
ACC_1009382,C_106295,SAVINGS,9203.5,ACTIVE,2023-02-09 13:34:58
ACC_1009383,C_106295,CURRENT,4377.96,ACTIVE,2023-03-01 17:21:58
ACC_1009384,C_106296,CURRENT,6696.67,ACTIVE,2024-10-23 07:55:42
ACC_1009385,C_106296,BUSINESS,37302.81,ACTIVE,2024-10-25 16:31:42
ACC_1009386,C_106297,BUSINESS,623449.91,DORMANT,2026-01-17 03:28:38
ACC_1009387,C_106297,CURRENT,675.65,ACTIVE,2026-01-13 09:57:38
ACC_1009388,C_106298,CURRENT,1229.63,ACTIVE,2024-03-13 21:21:47
ACC_1009389,C_106299,CURRENT,1057.29,ACTIVE,2024-01-09 23:35:35
ACC_1009390,C_106300,SAVINGS,367.33,ACTIVE,2017-05-16 16:39:26
ACC_1009391,C_106301,SAVINGS,7670.85,ACTIVE,2018-09-16 10:14:59
ACC_1009392,C_106301,SAVINGS,34083.29,ACTIVE,2018-09-11 14:48:59
ACC_1009393,C_106302,SAVINGS,9963.1,ACTIVE,2019-04-10 17:53:42
ACC_1009394,C_106303,BUSINESS,47786.86,ACTIVE,2021-04-16 10:25:05
ACC_1009395,C_106303,CURRENT,1049.5,ACTIVE,2021-04-19 06:28:05
ACC_1009396,C_106303,CURRENT,3686.34,ACTIVE,2021-05-01 16:34:05
ACC_1009397,C_106304,CURRENT,464.56,ACTIVE,2022-05-26 21:14:04
ACC_1009398,C_106304,CURRENT,1559.42,ACTIVE,2022-06-01 06:21:04
ACC_1009399,C_106305,SAVINGS,408.49,ACTIVE,2021-09-16 18:37:29
ACC_1009400,C_106305,BUSINESS,3156.36,ACTIVE,2021-08-28 16:55:29
ACC_1009401,C_106306,SAVINGS,56647.0,ACTIVE,2018-09-19 03:24:03
ACC_1009402,C_106306,BUSINESS,18548.68,ACTIVE,2018-09-19 17:17:03
ACC_1009403,C_106307,SAVINGS,3789.65,ACTIVE,2024-10-18 21:22:49
ACC_1009404,C_106308,CURRENT,1031.06,ACTIVE,2020-09-09 16:33:42
ACC_1009405,C_106308,SAVINGS,22840.73,ACTIVE,2020-09-20 12:14:42
ACC_1009406,C_106309,SAVINGS,1019.21,ACTIVE,2021-09-19 23:25:18
ACC_1009407,C_106309,SAVINGS,41532.19,DORMANT,2021-09-28 05:17:18
ACC_1009408,C_106310,BUSINESS,5218.53,ACTIVE,2017-02-14 09:19:39
ACC_1009409,C_106311,SAVINGS,9178.63,ACTIVE,2024-03-13 15:55:25
ACC_1009410,C_106311,CURRENT,2817.93,ACTIVE,2024-02-22 13:01:25
ACC_1009411,C_106312,BUSINESS,2792.08,ACTIVE,2025-11-07 06:35:44
ACC_1009412,C_106312,BUSINESS,105890.67,ACTIVE,2025-10-26 09:24:44
ACC_1009413,C_106312,BUSINESS,9630.57,ACTIVE,2025-10-15 19:39:44
ACC_1009414,C_106313,CURRENT,6654.78,ACTIVE,2021-08-02 21:56:26
ACC_1009415,C_106314,BUSINESS,173659.66,ACTIVE,2023-05-12 09:43:14
ACC_1009416,C_106315,BUSINESS,86512.46,ACTIVE,2017-11-13 13:23:06
ACC_1009417,C_106315,BUSINESS,445251.42,ACTIVE,2017-11-10 06:50:06
ACC_1009418,C_106316,SAVINGS,7266.47,ACTIVE,2019-06-14 23:44:11
ACC_1009419,C_106316,CURRENT,1188.38,ACTIVE,2019-05-19 20:49:11
ACC_1009420,C_106316,CURRENT,850.16,ACTIVE,2019-06-12 23:51:11
ACC_1009421,C_106317,BUSINESS,46875.35,ACTIVE,2016-12-29 07:59:07
ACC_1009422,C_106318,BUSINESS,38808.63,ACTIVE,2021-06-22 20:55:27
ACC_1009423,C_106319,BUSINESS,38662.94,ACTIVE,2024-08-16 23:17:57
ACC_1009424,C_106319,SAVINGS,4274.89,ACTIVE,2024-08-07 16:08:57
ACC_1009425,C_106319,SAVINGS,6339.45,ACTIVE,2024-08-17 15:57:57
ACC_1009426,C_106320,BUSINESS,648899.63,DORMANT,2019-03-01 19:09:54
ACC_1009427,C_106320,CURRENT,1546.28,ACTIVE,2019-02-27 20:35:54
ACC_1009428,C_106320,BUSINESS,1447006.62,ACTIVE,2019-03-08 09:57:54
ACC_1009429,C_106321,BUSINESS,60724.57,ACTIVE,2023-02-05 08:28:18
ACC_1009430,C_106322,BUSINESS,47268.41,ACTIVE,2019-07-06 19:24:35
ACC_1009431,C_106322,SAVINGS,6261.25,ACTIVE,2019-06-24 22:18:35
ACC_1009432,C_106323,CURRENT,652.44,DORMANT,2016-10-04 03:48:35
ACC_1009433,C_106324,SAVINGS,31689.99,ACTIVE,2016-07-30 04:47:50
ACC_1009434,C_106325,SAVINGS,19706.75,ACTIVE,2016-06-10 06:32:32
ACC_1009435,C_106325,CURRENT,1670.3,ACTIVE,2016-07-01 17:59:32
ACC_1009436,C_106325,SAVINGS,15379.36,DORMANT,2016-06-19 09:14:32
ACC_1009437,C_106326,CURRENT,629.88,ACTIVE,2024-03-18 17:31:03
ACC_1009438,C_106327,SAVINGS,28715.25,ACTIVE,2020-11-24 04:52:11
ACC_1009439,C_106328,BUSINESS,23229.47,ACTIVE,2016-12-27 17:32:52
ACC_1009440,C_106329,BUSINESS,203670.63,ACTIVE,2020-11-29 21:34:34
ACC_1009441,C_106330,CURRENT,851.33,DORMANT,2018-03-24 15:54:29
ACC_1009442,C_106330,SAVINGS,18652.5,ACTIVE,2018-03-26 03:59:29
ACC_1009443,C_106330,CURRENT,8191.18,ACTIVE,2018-03-26 17:51:29
ACC_1009444,C_106331,BUSINESS,23248.49,ACTIVE,2020-08-02 18:41:18
ACC_1009445,C_106331,CURRENT,2854.78,ACTIVE,2020-08-08 14:56:18
ACC_1009446,C_106331,CURRENT,732.78,ACTIVE,2020-07-18 22:20:18
ACC_1009447,C_106332,SAVINGS,1473.45,ACTIVE,2019-07-25 20:55:26
ACC_1009448,C_106333,BUSINESS,267573.66,DORMANT,2021-12-05 14:33:36
ACC_1009449,C_106333,BUSINESS,76322.27,ACTIVE,2021-12-30 16:35:36
ACC_1009450,C_106334,BUSINESS,871975.63,ACTIVE,2020-07-24 15:39:22
ACC_1009451,C_106334,CURRENT,407.36,ACTIVE,2020-08-03 09:09:22
ACC_1009452,C_106335,CURRENT,865.15,ACTIVE,2025-06-17 13:42:55
ACC_1009453,C_106336,CURRENT,536.84,ACTIVE,2024-07-08 16:03:14
ACC_1009454,C_106336,BUSINESS,1029848.66,ACTIVE,2024-06-30 23:52:14
ACC_1009455,C_106337,BUSINESS,490508.01,ACTIVE,2022-07-29 07:29:11
ACC_1009456,C_106338,SAVINGS,1700.3,ACTIVE,2021-05-08 10:11:55
ACC_1009457,C_106338,SAVINGS,3759.96,ACTIVE,2021-05-24 10:03:55
ACC_1009458,C_106339,BUSINESS,38412.5,ACTIVE,2016-08-26 12:47:33
ACC_1009459,C_106339,SAVINGS,250000.0,ACTIVE,2016-08-11 05:48:33
ACC_1009460,C_106339,BUSINESS,27777.31,ACTIVE,2016-08-30 04:26:33
ACC_1009461,C_106340,CURRENT,477.93,ACTIVE,2017-03-18 22:16:52
ACC_1009462,C_106341,BUSINESS,19149.5,ACTIVE,2016-09-25 20:18:45
ACC_1009463,C_106342,BUSINESS,148409.82,ACTIVE,2022-08-20 00:57:15
ACC_1009464,C_106342,CURRENT,3474.71,ACTIVE,2022-08-18 13:53:15
ACC_1009465,C_106342,SAVINGS,11432.35,ACTIVE,2022-09-05 15:45:15
ACC_1009466,C_106343,SAVINGS,63147.56,ACTIVE,2022-04-24 02:02:25
ACC_1009467,C_106343,CURRENT,4662.45,ACTIVE,2022-04-11 14:01:25
ACC_1009468,C_106343,CURRENT,3191.86,ACTIVE,2022-04-24 06:27:25
ACC_1009469,C_106344,SAVINGS,58257.03,DORMANT,2023-04-12 22:37:18
ACC_1009470,C_106344,SAVINGS,7194.32,ACTIVE,2023-03-28 03:12:18
ACC_1009471,C_106345,CURRENT,2004.21,ACTIVE,2024-04-26 16:06:45
ACC_1009472,C_106346,SAVINGS,50749.9,ACTIVE,2018-05-05 18:27:38
ACC_1009473,C_106346,CURRENT,324.01,ACTIVE,2018-05-12 14:43:38
ACC_1009474,C_106347,SAVINGS,49778.6,ACTIVE,2022-08-22 07:06:46
ACC_1009475,C_106347,BUSINESS,31099.08,ACTIVE,2022-08-31 15:09:46
ACC_1009476,C_106348,CURRENT,850.64,ACTIVE,2018-07-21 22:39:40
ACC_1009477,C_106348,BUSINESS,23876.09,ACTIVE,2018-07-17 08:03:40
ACC_1009478,C_106349,SAVINGS,4315.28,ACTIVE,2021-12-31 18:45:18
ACC_1009479,C_106350,BUSINESS,58255.81,ACTIVE,2022-12-29 04:33:37
ACC_1009480,C_106351,BUSINESS,62936.53,ACTIVE,2024-01-17 14:47:34
ACC_1009481,C_106351,CURRENT,3144.4,DORMANT,2024-02-02 15:59:34
ACC_1009482,C_106352,CURRENT,8435.26,ACTIVE,2020-01-09 23:26:02
ACC_1009483,C_106353,CURRENT,1002.67,ACTIVE,2019-08-26 13:05:43
ACC_1009484,C_106354,BUSINESS,92979.55,ACTIVE,2021-03-18 23:45:54
ACC_1009485,C_106354,CURRENT,860.26,ACTIVE,2021-03-11 17:20:54
ACC_1009486,C_106355,CURRENT,2743.1,ACTIVE,2025-06-09 19:36:17
ACC_1009487,C_106355,SAVINGS,39001.99,ACTIVE,2025-05-25 07:52:17
ACC_1009488,C_106355,SAVINGS,29650.6,ACTIVE,2025-06-09 18:11:17
ACC_1009489,C_106356,BUSINESS,21698.52,ACTIVE,2021-08-23 07:20:33
ACC_1009490,C_106356,CURRENT,1442.54,ACTIVE,2021-08-18 10:38:33
ACC_1009491,C_106356,BUSINESS,2291.41,DORMANT,2021-08-11 09:27:33
ACC_1009492,C_106357,BUSINESS,102299.05,ACTIVE,2022-02-12 07:23:05
ACC_1009493,C_106358,SAVINGS,14223.2,ACTIVE,2017-08-07 02:49:43
ACC_1009494,C_106359,BUSINESS,24708.02,ACTIVE,2021-09-17 19:36:30
ACC_1009495,C_106359,CURRENT,2665.81,ACTIVE,2021-09-19 14:03:30
ACC_1009496,C_106360,BUSINESS,109096.89,ACTIVE,2021-08-16 09:58:12
ACC_1009497,C_106360,SAVINGS,99521.34,ACTIVE,2021-09-07 10:38:12
ACC_1009498,C_106361,CURRENT,999.73,ACTIVE,2022-10-18 21:00:38
ACC_1009499,C_106362,CURRENT,2677.58,ACTIVE,2023-04-14 00:04:32
ACC_1009500,C_106363,CURRENT,6921.56,ACTIVE,2019-07-21 02:57:03
ACC_1009501,C_106364,SAVINGS,18123.34,ACTIVE,2023-12-13 17:01:51
ACC_1009502,C_106365,SAVINGS,56358.02,ACTIVE,2018-10-05 09:07:27
ACC_1009503,C_106365,CURRENT,1473.58,ACTIVE,2018-09-29 12:27:27
ACC_1009504,C_106366,BUSINESS,85115.44,ACTIVE,2020-09-14 20:59:37
ACC_1009505,C_106366,BUSINESS,45631.85,ACTIVE,2020-09-26 07:50:37
ACC_1009506,C_106367,CURRENT,3220.93,ACTIVE,2025-07-15 07:58:43
ACC_1009507,C_106368,SAVINGS,15910.09,ACTIVE,2021-04-05 08:46:55
ACC_1009508,C_106368,BUSINESS,178707.4,ACTIVE,2021-03-23 10:35:55
ACC_1009509,C_106369,BUSINESS,117853.67,ACTIVE,2016-07-28 22:31:33
ACC_1009510,C_106369,BUSINESS,39309.13,ACTIVE,2016-08-02 01:43:33
ACC_1009511,C_106370,BUSINESS,1500000.0,ACTIVE,2018-09-22 12:11:34
ACC_1009512,C_106370,SAVINGS,21449.5,ACTIVE,2018-09-19 08:32:34
ACC_1009513,C_106371,BUSINESS,186291.38,ACTIVE,2020-05-04 20:20:04
ACC_1009514,C_106371,BUSINESS,79955.37,ACTIVE,2020-05-18 22:03:04
ACC_1009515,C_106372,CURRENT,975.63,ACTIVE,2017-01-11 13:22:06
ACC_1009516,C_106372,SAVINGS,2534.47,ACTIVE,2017-01-03 05:12:06
ACC_1009517,C_106372,CURRENT,3567.03,ACTIVE,2016-12-30 00:13:06
ACC_1009518,C_106373,SAVINGS,5175.13,ACTIVE,2019-11-16 23:53:33
ACC_1009519,C_106374,CURRENT,2128.27,ACTIVE,2018-03-11 04:10:21
ACC_1009520,C_106375,SAVINGS,21441.87,ACTIVE,2020-07-01 10:59:57
ACC_1009521,C_106375,SAVINGS,59466.49,ACTIVE,2020-07-15 18:09:57
ACC_1009522,C_106376,SAVINGS,8140.91,ACTIVE,2025-01-26 12:10:39
ACC_1009523,C_106376,CURRENT,3167.71,ACTIVE,2025-02-04 11:00:39
ACC_1009524,C_106377,CURRENT,13474.03,DORMANT,2016-04-12 20:13:09
ACC_1009525,C_106377,CURRENT,4695.52,ACTIVE,2016-03-21 20:20:09
ACC_1009526,C_106378,BUSINESS,247239.85,ACTIVE,2017-02-09 11:24:18
ACC_1009527,C_106379,CURRENT,3360.0,ACTIVE,2020-11-21 05:47:06
ACC_1009528,C_106379,SAVINGS,45162.22,DORMANT,2020-11-09 12:28:06
ACC_1009529,C_106380,BUSINESS,318803.32,ACTIVE,2016-03-28 20:03:57
ACC_1009530,C_106381,CURRENT,1246.81,ACTIVE,2025-12-19 20:26:06
ACC_1009531,C_106382,CURRENT,1838.17,ACTIVE,2017-08-19 02:54:37
ACC_1009532,C_106383,BUSINESS,526463.87,ACTIVE,2024-09-28 05:16:15
ACC_1009533,C_106384,SAVINGS,7459.2,ACTIVE,2022-12-01 11:42:20
ACC_1009534,C_106385,BUSINESS,100247.48,DORMANT,2017-02-18 18:00:05
ACC_1009535,C_106385,CURRENT,3776.8,ACTIVE,2017-02-18 21:08:05
ACC_1009536,C_106386,CURRENT,428.36,ACTIVE,2024-12-25 10:57:13
ACC_1009537,C_106386,CURRENT,738.92,ACTIVE,2024-12-26 23:33:13
ACC_1009538,C_106386,CURRENT,6306.23,ACTIVE,2024-12-29 11:19:13
ACC_1009539,C_106387,SAVINGS,2444.91,ACTIVE,2024-06-08 04:01:32
ACC_1009540,C_106388,CURRENT,2550.5,DORMANT,2021-09-26 02:51:55
ACC_1009541,C_106389,CURRENT,1297.1,ACTIVE,2023-05-14 09:22:04
ACC_1009542,C_106390,CURRENT,1835.31,DORMANT,2020-07-04 20:05:16
ACC_1009543,C_106390,CURRENT,2462.44,ACTIVE,2020-07-17 12:30:16
ACC_1009544,C_106391,BUSINESS,26723.58,ACTIVE,2022-11-28 13:02:13
ACC_1009545,C_106392,CURRENT,4690.45,ACTIVE,2020-03-21 22:21:05
ACC_1009546,C_106392,CURRENT,1376.39,ACTIVE,2020-03-31 17:47:05
ACC_1009547,C_106393,BUSINESS,1924.4,ACTIVE,2020-01-21 12:47:17
ACC_1009548,C_106394,SAVINGS,42371.47,ACTIVE,2023-07-04 21:49:27
ACC_1009549,C_106395,CURRENT,14658.06,ACTIVE,2023-05-11 17:55:53
ACC_1009550,C_106396,SAVINGS,22953.15,ACTIVE,2017-07-17 15:51:06
ACC_1009551,C_106397,BUSINESS,38896.96,ACTIVE,2026-01-11 04:25:56
ACC_1009552,C_106397,BUSINESS,26665.12,ACTIVE,2026-01-04 07:18:56
ACC_1009553,C_106398,CURRENT,2557.76,ACTIVE,2017-08-01 02:38:56
ACC_1009554,C_106399,CURRENT,1107.25,ACTIVE,2019-11-04 07:25:08
ACC_1009555,C_106399,BUSINESS,70807.28,ACTIVE,2019-11-06 09:35:08
ACC_1009556,C_106400,BUSINESS,30911.31,ACTIVE,2025-02-24 06:27:55
ACC_1009557,C_106400,BUSINESS,2597.49,ACTIVE,2025-02-16 19:30:55
ACC_1009558,C_106401,CURRENT,4911.92,ACTIVE,2018-06-03 04:12:34
ACC_1009559,C_106401,CURRENT,1928.98,ACTIVE,2018-06-25 00:36:34
ACC_1009560,C_106402,BUSINESS,334569.11,ACTIVE,2024-07-15 09:06:08
ACC_1009561,C_106402,CURRENT,814.83,DORMANT,2024-07-22 15:18:08
ACC_1009562,C_106403,BUSINESS,42958.77,ACTIVE,2023-07-02 16:28:24
ACC_1009563,C_106403,BUSINESS,89600.62,ACTIVE,2023-06-15 20:30:24
ACC_1009564,C_106404,BUSINESS,114775.53,ACTIVE,2016-01-24 02:02:46
ACC_1009565,C_106405,SAVINGS,3212.0,ACTIVE,2022-02-23 22:41:04
ACC_1009566,C_106405,BUSINESS,7936.65,ACTIVE,2022-02-15 18:18:04
ACC_1009567,C_106405,SAVINGS,41727.11,ACTIVE,2022-02-20 19:36:04
ACC_1009568,C_106406,BUSINESS,171903.71,ACTIVE,2024-11-24 03:02:09
ACC_1009569,C_106407,CURRENT,800.9,ACTIVE,2018-11-30 05:17:18
ACC_1009570,C_106407,CURRENT,636.4,ACTIVE,2018-12-15 10:49:18
ACC_1009571,C_106408,SAVINGS,7531.95,ACTIVE,2017-12-09 02:48:26
ACC_1009572,C_106409,BUSINESS,62942.84,ACTIVE,2018-01-12 02:30:35
ACC_1009573,C_106409,CURRENT,3265.54,ACTIVE,2017-12-28 17:26:35
ACC_1009574,C_106410,SAVINGS,9587.14,ACTIVE,2017-12-10 18:15:39
ACC_1009575,C_106410,CURRENT,1150.94,ACTIVE,2017-12-14 02:35:39
ACC_1009576,C_106411,BUSINESS,76798.2,ACTIVE,2022-09-04 12:01:00
ACC_1009577,C_106411,SAVINGS,14166.0,ACTIVE,2022-09-06 16:49:00
ACC_1009578,C_106412,BUSINESS,12404.44,ACTIVE,2016-08-10 21:33:34
ACC_1009579,C_106413,BUSINESS,14473.95,ACTIVE,2023-07-22 22:01:37
ACC_1009580,C_106413,CURRENT,4253.83,ACTIVE,2023-07-26 11:13:37
ACC_1009581,C_106414,SAVINGS,105263.07,ACTIVE,2024-12-04 19:33:33
ACC_1009582,C_106415,BUSINESS,8974.54,ACTIVE,2016-05-27 22:17:52
ACC_1009583,C_106416,SAVINGS,5139.7,ACTIVE,2016-03-19 16:49:56
ACC_1009584,C_106416,SAVINGS,9607.5,ACTIVE,2016-03-10 16:45:56
ACC_1009585,C_106416,CURRENT,1704.52,ACTIVE,2016-02-25 19:20:56
ACC_1009586,C_106417,CURRENT,1063.36,ACTIVE,2021-09-24 01:25:18
ACC_1009587,C_106418,CURRENT,7318.93,DORMANT,2020-01-19 01:15:04
ACC_1009588,C_106419,SAVINGS,2683.01,ACTIVE,2022-06-04 01:04:24
ACC_1009589,C_106420,CURRENT,1965.44,ACTIVE,2024-10-20 04:45:38
ACC_1009590,C_106421,BUSINESS,217148.11,ACTIVE,2021-05-14 08:33:53
ACC_1009591,C_106422,CURRENT,7451.33,ACTIVE,2019-08-10 19:36:31
ACC_1009592,C_106423,CURRENT,853.04,ACTIVE,2023-11-27 01:39:35
ACC_1009593,C_106423,SAVINGS,20332.24,ACTIVE,2023-11-01 18:37:35
ACC_1009594,C_106424,SAVINGS,99181.01,ACTIVE,2023-05-31 02:35:14
ACC_1009595,C_106424,BUSINESS,30363.26,ACTIVE,2023-06-11 06:21:14
ACC_1009596,C_106425,BUSINESS,63896.22,ACTIVE,2019-06-17 22:43:42
ACC_1009597,C_106425,BUSINESS,77434.74,ACTIVE,2019-06-08 10:13:42
ACC_1009598,C_106426,CURRENT,912.53,ACTIVE,2023-12-19 10:18:51
ACC_1009599,C_106426,CURRENT,8799.05,ACTIVE,2023-12-09 19:22:51
ACC_1009600,C_106427,SAVINGS,2189.31,ACTIVE,2017-09-08 10:27:55
ACC_1009601,C_106427,SAVINGS,13674.91,ACTIVE,2017-09-07 19:50:55
ACC_1009602,C_106428,BUSINESS,389196.91,ACTIVE,2020-03-18 03:56:13
ACC_1009603,C_106429,CURRENT,3477.04,ACTIVE,2023-05-27 02:07:53
ACC_1009604,C_106430,SAVINGS,2629.14,ACTIVE,2017-09-16 23:35:09
ACC_1009605,C_106431,SAVINGS,23146.0,ACTIVE,2024-01-02 03:08:30
ACC_1009606,C_106431,BUSINESS,329605.22,ACTIVE,2023-12-18 14:22:30
ACC_1009607,C_106432,CURRENT,3456.04,ACTIVE,2018-05-18 01:24:30
ACC_1009608,C_106432,CURRENT,470.19,ACTIVE,2018-05-04 07:49:30
ACC_1009609,C_106433,SAVINGS,32341.47,ACTIVE,2024-11-30 04:02:14
ACC_1009610,C_106434,CURRENT,2399.64,ACTIVE,2017-03-29 06:55:29
ACC_1009611,C_106435,BUSINESS,62472.14,ACTIVE,2019-12-18 17:02:00
ACC_1009612,C_106435,SAVINGS,17532.88,DORMANT,2019-12-07 16:48:00
ACC_1009613,C_106435,BUSINESS,320845.48,ACTIVE,2019-12-23 20:50:00
ACC_1009614,C_106436,CURRENT,598.95,ACTIVE,2023-05-27 00:21:38
ACC_1009615,C_106436,CURRENT,2784.29,ACTIVE,2023-06-02 02:20:38
ACC_1009616,C_106437,SAVINGS,12278.0,ACTIVE,2023-04-07 12:47:25
ACC_1009617,C_106438,BUSINESS,13629.49,ACTIVE,2019-03-11 07:57:53
ACC_1009618,C_106439,CURRENT,3402.78,ACTIVE,2020-09-05 15:48:21
ACC_1009619,C_106439,CURRENT,385.01,ACTIVE,2020-09-07 12:30:21
ACC_1009620,C_106440,BUSINESS,11404.28,ACTIVE,2018-03-10 05:05:20
ACC_1009621,C_106441,BUSINESS,4780.52,ACTIVE,2016-03-26 19:41:09
ACC_1009622,C_106441,SAVINGS,67260.84,ACTIVE,2016-04-07 02:34:09
ACC_1009623,C_106441,SAVINGS,9130.4,DORMANT,2016-04-01 13:33:09
ACC_1009624,C_106442,CURRENT,3031.81,ACTIVE,2016-04-30 18:11:55
ACC_1009625,C_106443,BUSINESS,186890.88,ACTIVE,2020-04-12 08:05:14
ACC_1009626,C_106444,CURRENT,1391.77,ACTIVE,2018-06-03 12:42:37
ACC_1009627,C_106445,SAVINGS,31270.15,ACTIVE,2016-12-23 11:50:23
ACC_1009628,C_106446,BUSINESS,37645.87,ACTIVE,2018-10-20 01:14:43
ACC_1009629,C_106447,SAVINGS,6653.5,ACTIVE,2024-04-05 12:18:20
ACC_1009630,C_106448,CURRENT,1838.45,ACTIVE,2023-12-15 02:26:05
ACC_1009631,C_106449,SAVINGS,26163.76,ACTIVE,2024-09-23 11:55:24
ACC_1009632,C_106449,SAVINGS,27937.42,ACTIVE,2024-09-23 15:52:24
ACC_1009633,C_106450,SAVINGS,2521.61,ACTIVE,2022-01-08 01:39:58
ACC_1009634,C_106450,BUSINESS,13386.34,ACTIVE,2022-01-10 20:21:58
ACC_1009635,C_106451,SAVINGS,45889.48,DORMANT,2021-03-31 04:29:29
ACC_1009636,C_106452,BUSINESS,1500000.0,ACTIVE,2019-07-23 20:11:01
ACC_1009637,C_106453,SAVINGS,52033.53,ACTIVE,2023-06-09 14:39:31
ACC_1009638,C_106454,BUSINESS,4278.7,ACTIVE,2018-12-06 11:47:33
ACC_1009639,C_106455,SAVINGS,3595.55,ACTIVE,2022-11-25 16:57:58
ACC_1009640,C_106455,BUSINESS,22300.09,ACTIVE,2022-12-05 17:33:58
ACC_1009641,C_106456,SAVINGS,126541.63,ACTIVE,2020-10-25 21:32:17
ACC_1009642,C_106457,BUSINESS,32386.42,ACTIVE,2025-03-04 21:10:14
ACC_1009643,C_106458,BUSINESS,9007.67,ACTIVE,2017-10-07 20:43:54
ACC_1009644,C_106458,CURRENT,5601.58,ACTIVE,2017-10-11 09:00:54
ACC_1009645,C_106458,BUSINESS,15887.65,ACTIVE,2017-10-10 10:22:54
ACC_1009646,C_106459,CURRENT,5650.6,ACTIVE,2019-12-22 18:51:41
ACC_1009647,C_106460,SAVINGS,9495.29,ACTIVE,2016-06-29 15:14:00
ACC_1009648,C_106460,CURRENT,1466.7,ACTIVE,2016-07-24 04:49:00
ACC_1009649,C_106460,CURRENT,3048.34,ACTIVE,2016-06-27 23:08:00
ACC_1009650,C_106461,CURRENT,1176.66,ACTIVE,2020-09-07 13:31:15
ACC_1009651,C_106461,CURRENT,5831.86,ACTIVE,2020-09-09 03:27:15
ACC_1009652,C_106461,BUSINESS,87071.97,ACTIVE,2020-08-28 05:30:15
ACC_1009653,C_106462,BUSINESS,774308.9,ACTIVE,2023-01-28 14:48:26
ACC_1009654,C_106463,BUSINESS,45450.47,ACTIVE,2020-12-11 13:46:22
ACC_1009655,C_106464,CURRENT,1284.3,ACTIVE,2025-07-08 09:50:53
ACC_1009656,C_106465,CURRENT,1665.05,ACTIVE,2016-09-18 00:58:34
ACC_1009657,C_106466,BUSINESS,143958.25,DORMANT,2021-04-25 10:47:44
ACC_1009658,C_106467,CURRENT,1921.41,ACTIVE,2023-11-22 23:32:45
ACC_1009659,C_106467,BUSINESS,43165.07,DORMANT,2023-11-18 04:40:45
ACC_1009660,C_106467,CURRENT,1902.06,ACTIVE,2023-11-16 17:24:45
ACC_1009661,C_106468,SAVINGS,46861.82,ACTIVE,2018-03-22 08:27:38
ACC_1009662,C_106469,CURRENT,414.39,ACTIVE,2022-05-19 02:40:08
ACC_1009663,C_106469,SAVINGS,8941.89,ACTIVE,2022-05-07 16:03:08
ACC_1009664,C_106469,SAVINGS,17076.93,ACTIVE,2022-04-29 10:08:08
ACC_1009665,C_106470,CURRENT,9597.57,DORMANT,2021-04-04 04:23:54
ACC_1009666,C_106470,CURRENT,1959.83,ACTIVE,2021-04-18 11:14:54
ACC_1009667,C_106471,CURRENT,493.63,ACTIVE,2017-11-09 22:58:52
ACC_1009668,C_106472,SAVINGS,25672.75,ACTIVE,2017-10-25 00:48:48
ACC_1009669,C_106473,CURRENT,2916.88,ACTIVE,2025-01-14 12:35:12
ACC_1009670,C_106474,CURRENT,2077.21,ACTIVE,2021-05-04 09:34:12
ACC_1009671,C_106475,SAVINGS,4212.03,ACTIVE,2021-05-04 02:22:35
ACC_1009672,C_106476,SAVINGS,10782.73,ACTIVE,2017-03-22 21:22:36
ACC_1009673,C_106477,BUSINESS,12959.72,ACTIVE,2023-10-29 21:26:18
ACC_1009674,C_106478,BUSINESS,49814.87,ACTIVE,2016-07-23 16:52:00
ACC_1009675,C_106478,SAVINGS,20614.72,ACTIVE,2016-08-03 13:19:00
ACC_1009676,C_106479,BUSINESS,7083.36,ACTIVE,2018-06-09 15:00:46
ACC_1009677,C_106480,SAVINGS,69947.33,ACTIVE,2016-10-29 23:30:54
ACC_1009678,C_106481,BUSINESS,83090.57,ACTIVE,2022-07-08 02:15:48
ACC_1009679,C_106482,BUSINESS,153779.92,ACTIVE,2024-01-08 01:54:44
ACC_1009680,C_106483,BUSINESS,3479.3,ACTIVE,2016-06-24 11:24:08
ACC_1009681,C_106484,SAVINGS,122039.77,ACTIVE,2016-07-14 23:24:07
ACC_1009682,C_106484,CURRENT,2157.42,ACTIVE,2016-07-18 06:07:07
ACC_1009683,C_106485,CURRENT,4495.88,DORMANT,2022-03-02 00:04:32
ACC_1009684,C_106485,CURRENT,3178.58,ACTIVE,2022-03-07 08:29:32
ACC_1009685,C_106486,CURRENT,496.8,ACTIVE,2024-10-18 14:16:16
ACC_1009686,C_106486,SAVINGS,27833.75,ACTIVE,2024-09-27 01:57:16
ACC_1009687,C_106486,CURRENT,962.0,ACTIVE,2024-10-25 01:10:16
ACC_1009688,C_106487,CURRENT,9872.58,ACTIVE,2021-12-27 08:25:56
ACC_1009689,C_106487,BUSINESS,146125.26,ACTIVE,2021-12-16 23:04:56
ACC_1009690,C_106488,SAVINGS,49098.75,ACTIVE,2024-12-16 18:40:25
ACC_1009691,C_106489,BUSINESS,95264.06,ACTIVE,2018-11-19 22:34:35
ACC_1009692,C_106490,CURRENT,1668.18,ACTIVE,2018-12-26 00:07:19
ACC_1009693,C_106491,SAVINGS,4697.56,ACTIVE,2021-04-12 08:43:40
ACC_1009694,C_106492,CURRENT,1042.91,ACTIVE,2023-08-19 00:57:03
ACC_1009695,C_106493,SAVINGS,31859.94,ACTIVE,2019-12-31 00:25:03
ACC_1009696,C_106493,BUSINESS,20416.65,ACTIVE,2019-12-27 10:21:03
ACC_1009697,C_106494,BUSINESS,120569.32,ACTIVE,2020-02-29 00:15:27
ACC_1009698,C_106494,BUSINESS,42541.43,ACTIVE,2020-03-18 08:27:27
ACC_1009699,C_106494,SAVINGS,1353.19,ACTIVE,2020-03-06 11:37:27
ACC_1009700,C_106495,SAVINGS,2932.05,ACTIVE,2021-06-14 01:30:16
ACC_1009701,C_106495,CURRENT,2351.66,ACTIVE,2021-06-08 23:18:16
ACC_1009702,C_106496,BUSINESS,348540.6,DORMANT,2020-12-21 15:18:50
ACC_1009703,C_106497,BUSINESS,101042.17,DORMANT,2023-03-04 03:30:46
ACC_1009704,C_106497,BUSINESS,203241.55,ACTIVE,2023-02-26 07:37:46
ACC_1009705,C_106498,BUSINESS,37467.34,ACTIVE,2021-04-29 07:38:15
ACC_1009706,C_106499,CURRENT,3092.04,ACTIVE,2024-02-18 01:34:10
ACC_1009707,C_106499,CURRENT,7981.76,ACTIVE,2024-02-18 13:57:10
ACC_1009708,C_106500,BUSINESS,73612.76,ACTIVE,2018-06-01 01:15:15
ACC_1009709,C_106501,SAVINGS,14374.66,ACTIVE,2025-06-30 04:45:25
ACC_1009710,C_106501,BUSINESS,29655.09,ACTIVE,2025-06-13 02:00:25
ACC_1009711,C_106502,CURRENT,1197.24,ACTIVE,2016-05-30 16:28:36
ACC_1009712,C_106503,BUSINESS,202530.01,DORMANT,2021-09-13 16:35:54
ACC_1009713,C_106504,CURRENT,4871.87,ACTIVE,2021-03-31 16:14:59
ACC_1009714,C_106505,SAVINGS,9749.19,ACTIVE,2019-12-27 12:19:56
ACC_1009715,C_106506,BUSINESS,302726.64,ACTIVE,2019-05-07 13:31:05
ACC_1009716,C_106506,SAVINGS,89275.6,ACTIVE,2019-05-08 13:19:05
ACC_1009717,C_106507,BUSINESS,52242.71,ACTIVE,2016-01-22 00:20:59
ACC_1009718,C_106507,CURRENT,3349.09,ACTIVE,2016-02-08 10:45:59
ACC_1009719,C_106507,SAVINGS,73174.69,ACTIVE,2016-02-08 20:24:59
ACC_1009720,C_106508,BUSINESS,21203.51,ACTIVE,2017-07-04 18:39:14
ACC_1009721,C_106508,CURRENT,534.95,ACTIVE,2017-07-06 13:33:14
ACC_1009722,C_106509,CURRENT,505.88,ACTIVE,2016-04-08 12:21:10
ACC_1009723,C_106509,SAVINGS,14938.8,ACTIVE,2016-05-02 11:09:10
ACC_1009724,C_106509,SAVINGS,9662.72,ACTIVE,2016-04-24 05:45:10
ACC_1009725,C_106510,CURRENT,303.84,DORMANT,2019-07-06 04:22:55
ACC_1009726,C_106511,BUSINESS,211548.02,ACTIVE,2025-03-18 15:36:14
ACC_1009727,C_106512,BUSINESS,20944.27,ACTIVE,2021-01-29 06:16:28
ACC_1009728,C_106513,SAVINGS,23660.62,ACTIVE,2023-10-24 11:57:27
ACC_1009729,C_106513,SAVINGS,6662.65,ACTIVE,2023-10-19 05:04:27
ACC_1009730,C_106514,CURRENT,376.58,ACTIVE,2017-02-04 09:32:53
ACC_1009731,C_106515,CURRENT,1640.76,ACTIVE,2020-05-29 21:06:19
ACC_1009732,C_106516,SAVINGS,18267.73,ACTIVE,2019-04-04 14:16:57
ACC_1009733,C_106517,CURRENT,811.17,ACTIVE,2018-12-12 13:50:56
ACC_1009734,C_106518,CURRENT,2574.19,ACTIVE,2025-03-01 19:29:24
ACC_1009735,C_106518,BUSINESS,45565.56,DORMANT,2025-02-04 13:28:24
ACC_1009736,C_106518,CURRENT,655.9,ACTIVE,2025-02-28 02:34:24
ACC_1009737,C_106519,BUSINESS,30432.73,ACTIVE,2022-09-13 20:17:54
ACC_1009738,C_106519,BUSINESS,42091.21,ACTIVE,2022-09-12 08:17:54
ACC_1009739,C_106520,CURRENT,3272.9,ACTIVE,2021-03-13 12:09:17
ACC_1009740,C_106521,CURRENT,12016.85,ACTIVE,2022-07-03 09:35:12
ACC_1009741,C_106522,BUSINESS,1633.31,DORMANT,2022-07-02 05:39:21
ACC_1009742,C_106523,BUSINESS,31141.08,ACTIVE,2019-07-23 19:43:26
ACC_1009743,C_106524,BUSINESS,278887.96,ACTIVE,2025-10-08 05:12:50
ACC_1009744,C_106524,SAVINGS,11727.15,ACTIVE,2025-10-14 03:28:50
ACC_1009745,C_106525,CURRENT,2089.61,ACTIVE,2023-12-14 05:36:18
ACC_1009746,C_106526,SAVINGS,192228.38,DORMANT,2025-01-27 13:31:10
ACC_1009747,C_106527,BUSINESS,1378567.95,ACTIVE,2021-10-05 22:01:00
ACC_1009748,C_106528,BUSINESS,107979.31,ACTIVE,2024-04-28 23:51:46
ACC_1009749,C_106528,BUSINESS,32803.53,ACTIVE,2024-04-30 23:32:46
ACC_1009750,C_106529,CURRENT,1231.09,ACTIVE,2016-07-25 20:35:31
ACC_1009751,C_106529,BUSINESS,1500000.0,ACTIVE,2016-07-05 01:59:31
ACC_1009752,C_106530,SAVINGS,10425.62,ACTIVE,2024-07-27 00:01:00
ACC_1009753,C_106530,BUSINESS,102313.82,ACTIVE,2024-07-11 12:05:00
ACC_1009754,C_106531,CURRENT,858.4,ACTIVE,2025-05-11 20:07:49
ACC_1009755,C_106531,SAVINGS,7366.73,ACTIVE,2025-05-08 04:04:49
ACC_1009756,C_106532,CURRENT,12706.92,ACTIVE,2016-09-18 13:29:22
ACC_1009757,C_106533,SAVINGS,116723.07,ACTIVE,2022-07-13 04:00:54
ACC_1009758,C_106533,SAVINGS,2152.99,ACTIVE,2022-07-31 00:15:54
ACC_1009759,C_106534,BUSINESS,3270.82,ACTIVE,2025-12-06 12:53:14
ACC_1009760,C_106534,SAVINGS,12464.2,ACTIVE,2025-12-04 06:52:14
ACC_1009761,C_106535,BUSINESS,47592.66,ACTIVE,2020-08-22 20:29:21
ACC_1009762,C_106536,CURRENT,681.28,ACTIVE,2020-04-07 07:10:48
ACC_1009763,C_106537,SAVINGS,2723.94,ACTIVE,2016-10-27 04:38:37
ACC_1009764,C_106538,CURRENT,1116.0,ACTIVE,2023-02-27 12:16:48
ACC_1009765,C_106539,CURRENT,2042.36,ACTIVE,2023-06-25 12:12:43
ACC_1009766,C_106539,BUSINESS,214051.76,ACTIVE,2023-07-12 06:32:43
ACC_1009767,C_106540,SAVINGS,2920.15,ACTIVE,2017-02-06 10:55:26
ACC_1009768,C_106541,BUSINESS,1786.91,ACTIVE,2025-12-09 21:59:48
ACC_1009769,C_106542,BUSINESS,17261.52,ACTIVE,2024-10-02 15:38:51
ACC_1009770,C_106542,BUSINESS,2646.52,ACTIVE,2024-10-15 23:21:51
ACC_1009771,C_106543,CURRENT,7474.93,ACTIVE,2021-03-19 01:58:16
ACC_1009772,C_106543,CURRENT,30748.59,ACTIVE,2021-03-19 18:49:16
ACC_1009773,C_106543,CURRENT,1098.14,ACTIVE,2021-04-01 02:49:16
ACC_1009774,C_106544,BUSINESS,42942.05,ACTIVE,2019-10-11 15:52:40
ACC_1009775,C_106545,SAVINGS,48168.35,DORMANT,2017-04-09 02:10:42
ACC_1009776,C_106546,SAVINGS,33399.37,ACTIVE,2021-06-11 22:09:40
ACC_1009777,C_106546,CURRENT,1378.93,ACTIVE,2021-06-27 01:14:40
ACC_1009778,C_106547,SAVINGS,6469.18,ACTIVE,2016-04-19 01:56:25
ACC_1009779,C_106548,BUSINESS,14577.99,ACTIVE,2020-02-07 05:15:13
ACC_1009780,C_106549,BUSINESS,160316.24,ACTIVE,2019-09-04 21:38:37
ACC_1009781,C_106549,SAVINGS,110660.64,ACTIVE,2019-08-18 11:25:37
ACC_1009782,C_106550,SAVINGS,15178.29,ACTIVE,2017-09-23 20:47:38
ACC_1009783,C_106551,SAVINGS,2502.06,ACTIVE,2024-02-06 21:33:45
ACC_1009784,C_106552,CURRENT,5961.82,DORMANT,2019-11-27 22:45:08
ACC_1009785,C_106553,CURRENT,1193.33,ACTIVE,2023-09-07 17:55:33
ACC_1009786,C_106553,CURRENT,772.69,ACTIVE,2023-09-10 02:29:33
ACC_1009787,C_106554,BUSINESS,16536.29,ACTIVE,2024-12-09 10:07:26
ACC_1009788,C_106555,SAVINGS,18626.38,DORMANT,2017-09-26 19:34:21
ACC_1009789,C_106555,CURRENT,1455.46,ACTIVE,2017-09-10 20:08:21
ACC_1009790,C_106555,CURRENT,1111.38,ACTIVE,2017-09-19 15:54:21
ACC_1009791,C_106556,CURRENT,1950.14,ACTIVE,2024-12-27 09:32:35
ACC_1009792,C_106556,SAVINGS,51912.93,ACTIVE,2024-12-26 11:10:35
ACC_1009793,C_106557,SAVINGS,19922.11,ACTIVE,2019-06-16 23:51:53
ACC_1009794,C_106558,SAVINGS,7763.82,ACTIVE,2023-03-25 12:46:59
ACC_1009795,C_106559,SAVINGS,62547.64,ACTIVE,2023-07-18 22:09:26
ACC_1009796,C_106560,CURRENT,7378.13,ACTIVE,2020-07-06 20:00:58
ACC_1009797,C_106561,CURRENT,1323.71,ACTIVE,2021-09-26 09:08:51
ACC_1009798,C_106562,CURRENT,3268.77,ACTIVE,2025-08-22 00:47:05
ACC_1009799,C_106562,SAVINGS,75320.44,ACTIVE,2025-08-16 17:00:05
ACC_1009800,C_106562,CURRENT,425.75,ACTIVE,2025-08-17 20:45:05
ACC_1009801,C_106563,BUSINESS,125567.78,ACTIVE,2017-10-02 13:27:22
ACC_1009802,C_106564,BUSINESS,494152.03,ACTIVE,2023-09-12 21:24:22
ACC_1009803,C_106565,CURRENT,588.71,ACTIVE,2018-05-22 02:46:42
ACC_1009804,C_106565,SAVINGS,136521.72,ACTIVE,2018-06-10 09:35:42
ACC_1009805,C_106566,BUSINESS,801165.55,ACTIVE,2020-11-20 19:26:07
ACC_1009806,C_106566,SAVINGS,9760.08,ACTIVE,2020-11-18 17:32:07
ACC_1009807,C_106567,SAVINGS,5800.37,ACTIVE,2017-01-20 05:20:53
ACC_1009808,C_106568,BUSINESS,27341.33,ACTIVE,2024-08-18 19:31:29
ACC_1009809,C_106569,BUSINESS,75880.26,ACTIVE,2016-08-18 23:18:17
ACC_1009810,C_106569,CURRENT,2965.71,ACTIVE,2016-09-09 19:44:17
ACC_1009811,C_106570,SAVINGS,23399.71,ACTIVE,2022-11-12 12:46:40
ACC_1009812,C_106570,BUSINESS,100062.45,ACTIVE,2022-11-28 16:52:40
ACC_1009813,C_106571,BUSINESS,3671.68,ACTIVE,2016-06-03 03:23:51
ACC_1009814,C_106572,CURRENT,8703.31,ACTIVE,2020-11-03 01:44:03
ACC_1009815,C_106572,CURRENT,302.08,ACTIVE,2020-10-21 10:50:03
ACC_1009816,C_106572,CURRENT,1393.63,ACTIVE,2020-10-31 14:50:03
ACC_1009817,C_106573,BUSINESS,3931.26,ACTIVE,2024-02-28 10:01:41
ACC_1009818,C_106574,SAVINGS,13037.32,ACTIVE,2021-03-10 12:14:52
ACC_1009819,C_106575,BUSINESS,159978.6,ACTIVE,2025-10-06 18:58:00
ACC_1009820,C_106576,SAVINGS,5745.61,ACTIVE,2017-06-24 11:21:40
ACC_1009821,C_106577,BUSINESS,115582.41,ACTIVE,2025-02-19 16:38:58
ACC_1009822,C_106578,BUSINESS,12233.88,ACTIVE,2018-06-10 11:53:06
ACC_1009823,C_106579,SAVINGS,6644.82,ACTIVE,2019-07-06 07:42:52
ACC_1009824,C_106579,CURRENT,3534.56,ACTIVE,2019-07-10 02:46:52
ACC_1009825,C_106580,BUSINESS,201818.49,ACTIVE,2016-02-13 09:15:52
ACC_1009826,C_106580,CURRENT,1135.35,ACTIVE,2016-02-24 00:01:52
ACC_1009827,C_106581,CURRENT,16759.74,ACTIVE,2017-04-12 02:08:52
ACC_1009828,C_106582,CURRENT,1705.2,ACTIVE,2023-02-02 00:35:34
ACC_1009829,C_106582,CURRENT,16444.99,ACTIVE,2023-02-01 07:02:34
ACC_1009830,C_106583,BUSINESS,388378.89,ACTIVE,2021-03-16 15:30:40
ACC_1009831,C_106584,CURRENT,7017.13,ACTIVE,2022-09-11 15:35:56
ACC_1009832,C_106585,BUSINESS,41986.99,ACTIVE,2022-07-09 19:27:39
ACC_1009833,C_106586,CURRENT,2483.23,ACTIVE,2020-09-11 11:11:18
ACC_1009834,C_106587,BUSINESS,34784.04,ACTIVE,2024-06-18 19:50:22
ACC_1009835,C_106588,BUSINESS,40473.84,DORMANT,2022-01-29 21:48:00
ACC_1009836,C_106588,SAVINGS,25702.9,ACTIVE,2022-02-09 09:44:00
ACC_1009837,C_106588,SAVINGS,8505.76,ACTIVE,2022-02-04 14:48:00
ACC_1009838,C_106589,CURRENT,1114.13,ACTIVE,2016-06-24 21:09:06
ACC_1009839,C_106589,BUSINESS,146554.24,ACTIVE,2016-06-22 14:07:06
ACC_1009840,C_106590,SAVINGS,9790.9,ACTIVE,2021-03-27 01:25:17
ACC_1009841,C_106590,SAVINGS,4132.83,DORMANT,2021-03-19 23:47:17
ACC_1009842,C_106591,SAVINGS,28063.0,ACTIVE,2018-07-19 17:22:02
ACC_1009843,C_106591,SAVINGS,26376.62,ACTIVE,2018-07-27 01:47:02
ACC_1009844,C_106591,BUSINESS,101013.72,ACTIVE,2018-07-28 13:33:02
ACC_1009845,C_106592,SAVINGS,69344.19,ACTIVE,2025-05-18 19:01:22
ACC_1009846,C_106593,BUSINESS,73625.94,ACTIVE,2025-12-29 03:30:32
ACC_1009847,C_106594,SAVINGS,15153.12,ACTIVE,2025-09-23 20:55:52
ACC_1009848,C_106594,CURRENT,348.45,ACTIVE,2025-09-19 11:34:52
ACC_1009849,C_106594,BUSINESS,411135.31,ACTIVE,2025-10-02 09:50:52
ACC_1009850,C_106595,SAVINGS,65542.32,ACTIVE,2017-06-24 18:04:04
ACC_1009851,C_106595,BUSINESS,11690.51,ACTIVE,2017-07-11 03:58:04
ACC_1009852,C_106596,CURRENT,4856.03,ACTIVE,2019-06-14 03:29:51
ACC_1009853,C_106597,BUSINESS,9725.59,ACTIVE,2022-02-13 06:17:23
ACC_1009854,C_106597,BUSINESS,39790.97,ACTIVE,2022-01-15 17:54:23
ACC_1009855,C_106598,BUSINESS,53547.39,ACTIVE,2020-07-07 09:27:47
ACC_1009856,C_106599,BUSINESS,98137.06,ACTIVE,2024-08-14 11:24:28
ACC_1009857,C_106600,SAVINGS,250000.0,ACTIVE,2024-10-24 03:16:04
ACC_1009858,C_106601,BUSINESS,48467.84,ACTIVE,2017-04-29 07:52:29
ACC_1009859,C_106601,BUSINESS,136463.43,ACTIVE,2017-05-04 04:10:29
ACC_1009860,C_106602,CURRENT,314.5,ACTIVE,2023-08-29 08:14:07
ACC_1009861,C_106603,SAVINGS,8506.12,DORMANT,2017-10-31 00:20:05
ACC_1009862,C_106603,SAVINGS,5039.07,ACTIVE,2017-10-28 05:54:05
ACC_1009863,C_106603,BUSINESS,7208.09,ACTIVE,2017-11-19 16:59:05
ACC_1009864,C_106604,BUSINESS,4892.88,ACTIVE,2024-08-21 21:42:39
ACC_1009865,C_106605,SAVINGS,43533.3,ACTIVE,2020-12-18 06:26:15
ACC_1009866,C_106605,SAVINGS,47116.18,ACTIVE,2020-12-11 02:46:15
ACC_1009867,C_106605,BUSINESS,1000.0,ACTIVE,2020-12-04 00:41:15
ACC_1009868,C_106606,SAVINGS,5648.96,ACTIVE,2022-06-04 17:19:20
ACC_1009869,C_106607,BUSINESS,18047.52,ACTIVE,2022-01-02 22:04:06
ACC_1009870,C_106608,SAVINGS,805.95,ACTIVE,2022-10-16 15:02:18
ACC_1009871,C_106609,BUSINESS,18004.14,ACTIVE,2016-10-19 08:18:11
ACC_1009872,C_106610,CURRENT,4439.73,ACTIVE,2024-01-08 19:11:14
ACC_1009873,C_106610,BUSINESS,19905.95,ACTIVE,2024-01-30 22:33:14
ACC_1009874,C_106611,BUSINESS,35125.38,ACTIVE,2017-12-03 17:41:10
ACC_1009875,C_106611,SAVINGS,9103.81,ACTIVE,2017-12-16 13:18:10
ACC_1009876,C_106612,CURRENT,10718.72,ACTIVE,2024-09-14 13:34:37
ACC_1009877,C_106613,SAVINGS,5460.0,ACTIVE,2021-08-23 01:46:10
ACC_1009878,C_106614,CURRENT,5466.1,ACTIVE,2018-10-29 07:13:45
ACC_1009879,C_106615,CURRENT,6963.78,ACTIVE,2022-12-18 03:11:59
ACC_1009880,C_106616,BUSINESS,10506.22,DORMANT,2018-03-17 04:52:02
ACC_1009881,C_106617,CURRENT,6857.81,ACTIVE,2019-12-24 20:54:34
ACC_1009882,C_106618,SAVINGS,41837.03,ACTIVE,2017-05-04 02:35:04
ACC_1009883,C_106618,SAVINGS,8946.88,ACTIVE,2017-04-28 16:08:04
ACC_1009884,C_106619,BUSINESS,528499.75,ACTIVE,2017-03-08 16:11:56
ACC_1009885,C_106620,BUSINESS,299681.4,ACTIVE,2021-10-23 04:57:57
ACC_1009886,C_106620,CURRENT,615.09,ACTIVE,2021-10-17 07:33:57
ACC_1009887,C_106620,SAVINGS,53794.85,ACTIVE,2021-11-01 06:20:57
ACC_1009888,C_106621,CURRENT,1938.47,ACTIVE,2023-09-16 22:17:00
ACC_1009889,C_106622,CURRENT,1345.59,ACTIVE,2021-03-26 07:05:14
ACC_1009890,C_106623,SAVINGS,2692.49,ACTIVE,2025-12-29 12:43:02
ACC_1009891,C_106623,BUSINESS,114702.21,ACTIVE,2026-01-17 17:28:02
ACC_1009892,C_106623,SAVINGS,26075.17,ACTIVE,2025-12-26 16:11:02
ACC_1009893,C_106624,CURRENT,2616.14,ACTIVE,2024-08-11 04:41:22
ACC_1009894,C_106624,BUSINESS,86079.15,DORMANT,2024-08-04 05:33:22
ACC_1009895,C_106625,BUSINESS,97945.7,ACTIVE,2016-03-18 08:15:10
ACC_1009896,C_106625,BUSINESS,108308.55,ACTIVE,2016-03-08 07:56:10
ACC_1009897,C_106626,CURRENT,6390.4,ACTIVE,2020-11-18 11:58:27
ACC_1009898,C_106627,CURRENT,1882.02,ACTIVE,2016-03-11 07:38:30
ACC_1009899,C_106628,BUSINESS,115748.02,ACTIVE,2024-06-21 17:13:45
ACC_1009900,C_106629,CURRENT,7260.92,ACTIVE,2024-02-27 02:59:16
ACC_1009901,C_106629,SAVINGS,48564.45,ACTIVE,2024-02-26 20:14:16
ACC_1009902,C_106630,CURRENT,2035.61,ACTIVE,2023-09-03 05:23:15
ACC_1009903,C_106631,SAVINGS,21108.3,ACTIVE,2024-06-19 14:59:36
ACC_1009904,C_106632,CURRENT,1494.87,ACTIVE,2019-09-09 01:45:11
ACC_1009905,C_106633,SAVINGS,16159.19,ACTIVE,2024-09-07 23:16:29
ACC_1009906,C_106633,BUSINESS,62306.76,ACTIVE,2024-09-28 21:00:29
ACC_1009907,C_106633,SAVINGS,12097.31,ACTIVE,2024-09-12 21:50:29
ACC_1009908,C_106634,BUSINESS,33929.88,ACTIVE,2022-01-29 06:01:05
ACC_1009909,C_106634,CURRENT,2070.33,ACTIVE,2022-02-11 05:09:05
ACC_1009910,C_106634,SAVINGS,9223.51,ACTIVE,2022-02-14 05:58:05
ACC_1009911,C_106635,BUSINESS,199697.04,ACTIVE,2023-11-08 03:27:10
ACC_1009912,C_106635,BUSINESS,1043142.27,DORMANT,2023-11-22 18:56:10
ACC_1009913,C_106636,CURRENT,1380.64,ACTIVE,2016-10-13 02:00:53
ACC_1009914,C_106636,SAVINGS,165376.96,ACTIVE,2016-10-10 12:58:53
ACC_1009915,C_106637,BUSINESS,164687.48,ACTIVE,2021-01-29 05:05:30
ACC_1009916,C_106637,CURRENT,2097.49,DORMANT,2021-01-24 02:44:30
ACC_1009917,C_106637,BUSINESS,100198.13,ACTIVE,2021-01-19 20:16:30
ACC_1009918,C_106638,SAVINGS,30639.1,ACTIVE,2022-11-21 01:13:32
ACC_1009919,C_106639,SAVINGS,8395.64,ACTIVE,2021-10-09 14:48:38
ACC_1009920,C_106640,BUSINESS,30015.95,ACTIVE,2022-06-19 12:43:42
ACC_1009921,C_106641,BUSINESS,450642.7,ACTIVE,2024-12-15 02:07:43
ACC_1009922,C_106642,CURRENT,568.82,ACTIVE,2023-08-26 20:38:34
ACC_1009923,C_106642,BUSINESS,25341.13,ACTIVE,2023-08-26 14:22:34
ACC_1009924,C_106642,BUSINESS,196510.53,ACTIVE,2023-09-02 17:54:34
ACC_1009925,C_106643,SAVINGS,11137.76,ACTIVE,2022-02-07 20:14:22
ACC_1009926,C_106644,CURRENT,2728.22,DORMANT,2020-02-19 02:14:13
ACC_1009927,C_106644,SAVINGS,68610.47,ACTIVE,2020-02-11 00:31:13
ACC_1009928,C_106644,BUSINESS,26599.68,ACTIVE,2020-02-12 23:25:13
ACC_1009929,C_106645,BUSINESS,106273.89,ACTIVE,2016-07-28 06:53:28
ACC_1009930,C_106645,SAVINGS,59829.42,ACTIVE,2016-08-24 23:44:28
ACC_1009931,C_106646,CURRENT,6438.55,ACTIVE,2016-09-14 15:09:42
ACC_1009932,C_106647,CURRENT,1959.09,ACTIVE,2024-09-02 00:38:23
ACC_1009933,C_106647,CURRENT,122.4,ACTIVE,2024-08-28 14:45:23
ACC_1009934,C_106648,CURRENT,1082.23,ACTIVE,2021-07-01 16:30:13
ACC_1009935,C_106649,CURRENT,3296.33,ACTIVE,2018-12-23 09:11:11
ACC_1009936,C_106650,BUSINESS,40522.98,ACTIVE,2017-11-14 09:08:58
ACC_1009937,C_106650,SAVINGS,15592.51,ACTIVE,2017-12-02 06:39:58
ACC_1009938,C_106650,CURRENT,4181.63,ACTIVE,2017-11-20 21:55:58
ACC_1009939,C_106651,SAVINGS,27493.41,DORMANT,2022-12-02 02:09:40
ACC_1009940,C_106652,SAVINGS,82529.65,ACTIVE,2018-05-20 20:31:34
ACC_1009941,C_106653,BUSINESS,15878.87,ACTIVE,2024-01-18 02:48:14
ACC_1009942,C_106653,BUSINESS,202318.98,ACTIVE,2024-02-15 23:55:14
ACC_1009943,C_106654,CURRENT,1924.75,ACTIVE,2017-08-28 05:28:33
ACC_1009944,C_106655,CURRENT,3278.29,ACTIVE,2024-07-27 08:24:26
ACC_1009945,C_106655,CURRENT,256.7,ACTIVE,2024-07-26 02:12:26
ACC_1009946,C_106655,CURRENT,1733.63,ACTIVE,2024-08-13 20:15:26
ACC_1009947,C_106656,SAVINGS,5455.11,ACTIVE,2022-06-19 01:46:20
ACC_1009948,C_106656,SAVINGS,2823.09,ACTIVE,2022-06-15 09:57:20
ACC_1009949,C_106656,CURRENT,1375.63,ACTIVE,2022-06-26 21:02:20
ACC_1009950,C_106657,BUSINESS,49463.37,ACTIVE,2021-05-31 21:26:32
ACC_1009951,C_106658,SAVINGS,13815.86,ACTIVE,2024-11-22 22:16:55
ACC_1009952,C_106658,BUSINESS,29305.8,DORMANT,2024-11-19 18:16:55
ACC_1009953,C_106659,CURRENT,2111.5,ACTIVE,2022-01-25 06:58:53
ACC_1009954,C_106659,CURRENT,1805.28,ACTIVE,2022-01-23 21:14:53
ACC_1009955,C_106660,SAVINGS,9501.17,ACTIVE,2016-02-14 15:35:38
ACC_1009956,C_106661,BUSINESS,42212.62,DORMANT,2019-02-22 08:19:32
ACC_1009957,C_106661,CURRENT,1142.76,ACTIVE,2019-02-18 00:11:32
ACC_1009958,C_106662,BUSINESS,185550.83,ACTIVE,2019-05-10 01:33:32
ACC_1009959,C_106663,CURRENT,7167.29,ACTIVE,2022-04-16 00:29:31
ACC_1009960,C_106664,BUSINESS,370694.85,DORMANT,2021-12-23 09:49:47
ACC_1009961,C_106664,BUSINESS,97849.61,ACTIVE,2022-01-01 06:37:47
ACC_1009962,C_106665,CURRENT,11443.76,ACTIVE,2020-02-29 14:49:15
ACC_1009963,C_106665,CURRENT,953.76,ACTIVE,2020-03-02 12:14:15
ACC_1009964,C_106666,BUSINESS,29604.02,ACTIVE,2022-09-18 12:43:14
ACC_1009965,C_106667,SAVINGS,21162.33,ACTIVE,2017-01-04 18:17:20
ACC_1009966,C_106668,CURRENT,4304.55,ACTIVE,2018-11-20 19:24:14
ACC_1009967,C_106669,CURRENT,7234.47,ACTIVE,2016-01-28 03:06:53
ACC_1009968,C_106669,CURRENT,1332.24,ACTIVE,2016-02-14 23:39:53
ACC_1009969,C_106670,CURRENT,3018.27,ACTIVE,2018-10-22 05:39:32
ACC_1009970,C_106670,CURRENT,1232.26,ACTIVE,2018-10-28 12:24:32
ACC_1009971,C_106671,BUSINESS,200262.03,ACTIVE,2017-08-22 08:18:38
ACC_1009972,C_106672,BUSINESS,254418.52,ACTIVE,2023-08-15 04:26:24
ACC_1009973,C_106672,SAVINGS,12707.41,ACTIVE,2023-09-01 06:08:24
ACC_1009974,C_106673,CURRENT,956.4,ACTIVE,2016-09-09 09:49:25
ACC_1009975,C_106673,CURRENT,504.28,ACTIVE,2016-08-17 12:58:25
ACC_1009976,C_106674,SAVINGS,135907.43,ACTIVE,2025-09-09 16:07:08
ACC_1009977,C_106674,BUSINESS,67149.45,ACTIVE,2025-09-19 13:54:08
ACC_1009978,C_106675,CURRENT,4923.04,ACTIVE,2023-04-23 00:19:54
ACC_1009979,C_106675,BUSINESS,76404.45,ACTIVE,2023-04-12 14:18:54
ACC_1009980,C_106675,CURRENT,10818.04,ACTIVE,2023-04-06 15:43:54
ACC_1009981,C_106676,BUSINESS,54093.91,ACTIVE,2023-09-10 02:10:59
ACC_1009982,C_106676,BUSINESS,3622.61,ACTIVE,2023-09-03 11:04:59
ACC_1009983,C_106677,CURRENT,180.67,DORMANT,2024-07-20 16:30:29
ACC_1009984,C_106677,BUSINESS,6072.67,ACTIVE,2024-07-12 18:20:29
ACC_1009985,C_106677,CURRENT,301.49,ACTIVE,2024-07-09 17:36:29
ACC_1009986,C_106678,BUSINESS,3876.41,ACTIVE,2020-03-01 04:10:39
ACC_1009987,C_106679,BUSINESS,146783.57,ACTIVE,2023-11-02 11:48:55
ACC_1009988,C_106680,BUSINESS,156341.81,ACTIVE,2019-11-22 08:56:54
ACC_1009989,C_106681,CURRENT,3675.53,ACTIVE,2023-11-15 08:08:08
ACC_1009990,C_106681,SAVINGS,59965.31,ACTIVE,2023-11-24 00:03:08
ACC_1009991,C_106682,SAVINGS,8759.71,ACTIVE,2019-06-05 17:40:41
ACC_1009992,C_106683,CURRENT,965.36,ACTIVE,2016-11-07 18:04:07
ACC_1009993,C_106683,CURRENT,589.92,ACTIVE,2016-11-05 23:03:07
ACC_1009994,C_106684,BUSINESS,1500000.0,DORMANT,2024-12-07 16:24:35
ACC_1009995,C_106684,BUSINESS,68080.22,ACTIVE,2024-12-03 11:37:35
ACC_1009996,C_106685,SAVINGS,81234.52,ACTIVE,2025-07-10 10:46:16
ACC_1009997,C_106686,CURRENT,3326.68,ACTIVE,2016-07-27 19:11:34
ACC_1009998,C_106687,CURRENT,2569.44,ACTIVE,2023-06-18 04:12:48
ACC_1009999,C_106688,CURRENT,3599.23,ACTIVE,2023-07-20 19:22:39
ACC_1010000,C_106688,BUSINESS,114305.24,ACTIVE,2023-07-24 19:08:39
ACC_1010001,C_106689,CURRENT,1905.55,ACTIVE,2025-07-12 08:34:28
ACC_1010002,C_106689,SAVINGS,57253.66,ACTIVE,2025-08-04 19:08:28
ACC_1010003,C_106690,SAVINGS,59766.77,ACTIVE,2024-08-21 16:26:37
ACC_1010004,C_106690,CURRENT,3286.06,ACTIVE,2024-08-14 16:51:37
ACC_1010005,C_106691,BUSINESS,2517.05,DORMANT,2018-06-04 13:46:52
ACC_1010006,C_106692,CURRENT,22450.84,ACTIVE,2024-07-23 01:31:06
ACC_1010007,C_106693,SAVINGS,900.96,ACTIVE,2024-12-05 12:54:30
ACC_1010008,C_106694,CURRENT,3866.45,ACTIVE,2024-03-26 04:55:50
ACC_1010009,C_106694,BUSINESS,624256.76,DORMANT,2024-03-30 11:02:50
ACC_1010010,C_106695,CURRENT,2348.36,ACTIVE,2016-08-03 09:20:17
ACC_1010011,C_106696,CURRENT,2110.49,ACTIVE,2018-08-08 14:41:31
ACC_1010012,C_106696,BUSINESS,1500000.0,ACTIVE,2018-08-24 16:23:31
ACC_1010013,C_106697,SAVINGS,84797.27,ACTIVE,2021-06-13 16:35:12
ACC_1010014,C_106698,SAVINGS,13991.95,ACTIVE,2021-02-06 11:35:45
ACC_1010015,C_106698,SAVINGS,13448.95,ACTIVE,2021-03-03 20:39:45
ACC_1010016,C_106698,BUSINESS,52705.11,ACTIVE,2021-02-04 11:46:45
ACC_1010017,C_106699,CURRENT,3097.27,ACTIVE,2016-10-31 20:41:19
ACC_1010018,C_106699,BUSINESS,181171.9,ACTIVE,2016-11-03 15:31:19
ACC_1010019,C_106699,CURRENT,1177.33,ACTIVE,2016-10-06 18:03:19
ACC_1010020,C_106700,CURRENT,1563.96,ACTIVE,2021-07-12 16:05:38
ACC_1010021,C_106701,BUSINESS,140914.13,ACTIVE,2022-06-10 06:29:43
ACC_1010022,C_106701,SAVINGS,22035.66,ACTIVE,2022-05-24 18:15:43
ACC_1010023,C_106701,SAVINGS,11326.84,ACTIVE,2022-06-06 10:46:43
ACC_1010024,C_106702,SAVINGS,12432.44,ACTIVE,2019-08-03 05:30:31
ACC_1010025,C_106702,CURRENT,514.47,ACTIVE,2019-07-08 12:31:31
ACC_1010026,C_106703,BUSINESS,1500000.0,ACTIVE,2021-08-02 21:18:12
ACC_1010027,C_106704,SAVINGS,8227.75,ACTIVE,2020-04-01 20:49:59
ACC_1010028,C_106705,CURRENT,8444.62,ACTIVE,2016-03-01 05:08:59
ACC_1010029,C_106706,CURRENT,5079.99,ACTIVE,2017-12-12 09:25:53
ACC_1010030,C_106707,BUSINESS,319912.71,ACTIVE,2019-11-09 12:54:21
ACC_1010031,C_106707,SAVINGS,5763.35,ACTIVE,2019-11-10 16:39:21
ACC_1010032,C_106707,SAVINGS,9078.6,ACTIVE,2019-11-24 17:51:21
ACC_1010033,C_106708,BUSINESS,42810.29,ACTIVE,2016-01-09 12:39:09
ACC_1010034,C_106709,CURRENT,11588.13,ACTIVE,2018-10-11 14:01:15
ACC_1010035,C_106710,SAVINGS,32690.59,ACTIVE,2016-06-11 02:25:04
ACC_1010036,C_106711,CURRENT,600.23,ACTIVE,2018-11-21 09:20:24
ACC_1010037,C_106711,BUSINESS,67355.23,ACTIVE,2018-11-19 04:38:24
ACC_1010038,C_106712,SAVINGS,28458.14,ACTIVE,2018-05-17 13:33:39
ACC_1010039,C_106713,BUSINESS,493679.88,ACTIVE,2016-10-11 18:59:13
ACC_1010040,C_106714,SAVINGS,29412.49,ACTIVE,2019-06-12 09:35:49
ACC_1010041,C_106715,BUSINESS,10619.14,DORMANT,2019-05-09 14:49:16
ACC_1010042,C_106716,CURRENT,258.55,ACTIVE,2025-06-30 19:08:40
ACC_1010043,C_106717,CURRENT,191.07,ACTIVE,2021-06-05 21:29:21
ACC_1010044,C_106717,BUSINESS,27251.25,ACTIVE,2021-06-15 17:43:21
ACC_1010045,C_106718,SAVINGS,4798.96,ACTIVE,2018-02-27 12:52:33
ACC_1010046,C_106718,SAVINGS,21745.16,ACTIVE,2018-03-10 11:53:33
ACC_1010047,C_106719,BUSINESS,48967.56,ACTIVE,2018-09-04 22:58:54
ACC_1010048,C_106719,SAVINGS,22229.96,ACTIVE,2018-09-08 04:58:54
ACC_1010049,C_106719,SAVINGS,20717.81,ACTIVE,2018-09-13 04:33:54
ACC_1010050,C_106720,SAVINGS,55275.83,DORMANT,2025-04-29 09:30:35
ACC_1010051,C_106721,CURRENT,4576.28,ACTIVE,2022-02-01 17:34:14
ACC_1010052,C_106722,SAVINGS,4787.19,ACTIVE,2017-07-11 05:27:16
ACC_1010053,C_106723,BUSINESS,104949.3,ACTIVE,2021-01-20 17:47:14
ACC_1010054,C_106723,BUSINESS,371708.51,ACTIVE,2021-01-27 15:02:14
ACC_1010055,C_106723,SAVINGS,2707.55,ACTIVE,2021-01-18 07:08:14
ACC_1010056,C_106724,SAVINGS,6856.32,ACTIVE,2016-06-16 20:07:00
ACC_1010057,C_106725,BUSINESS,33097.09,ACTIVE,2022-04-24 18:40:00
ACC_1010058,C_106726,SAVINGS,5795.17,ACTIVE,2017-03-22 04:37:21
ACC_1010059,C_106727,CURRENT,359.56,ACTIVE,2018-08-09 21:25:19
ACC_1010060,C_106727,SAVINGS,164501.3,DORMANT,2018-08-01 14:47:19
ACC_1010061,C_106727,CURRENT,3166.46,ACTIVE,2018-08-01 16:58:19
ACC_1010062,C_106728,BUSINESS,19154.75,ACTIVE,2021-11-07 04:09:11
ACC_1010063,C_106729,CURRENT,221.91,ACTIVE,2019-10-16 20:00:06
ACC_1010064,C_106729,CURRENT,2336.42,ACTIVE,2019-10-22 00:15:06
ACC_1010065,C_106730,CURRENT,4961.36,ACTIVE,2018-03-10 13:12:33
ACC_1010066,C_106731,SAVINGS,1277.11,ACTIVE,2021-12-05 12:07:23
ACC_1010067,C_106732,BUSINESS,42420.91,ACTIVE,2023-09-10 21:39:49
ACC_1010068,C_106732,SAVINGS,14063.6,DORMANT,2023-09-09 12:04:49
ACC_1010069,C_106733,CURRENT,5054.01,ACTIVE,2019-03-14 18:19:14
ACC_1010070,C_106734,SAVINGS,27507.89,ACTIVE,2025-07-08 07:10:10
ACC_1010071,C_106735,SAVINGS,12930.92,ACTIVE,2018-09-27 17:22:17
ACC_1010072,C_106736,BUSINESS,109846.31,ACTIVE,2021-09-26 00:47:45
ACC_1010073,C_106737,BUSINESS,64905.35,ACTIVE,2025-08-01 20:38:30
ACC_1010074,C_106737,CURRENT,2968.28,ACTIVE,2025-08-04 10:41:30
ACC_1010075,C_106738,CURRENT,2193.84,ACTIVE,2022-09-19 14:00:41
ACC_1010076,C_106739,CURRENT,3453.44,ACTIVE,2021-09-01 11:46:05
ACC_1010077,C_106739,SAVINGS,10949.48,ACTIVE,2021-08-29 02:57:05
ACC_1010078,C_106739,CURRENT,7254.06,DORMANT,2021-08-25 08:51:05
ACC_1010079,C_106740,CURRENT,2828.25,ACTIVE,2025-03-17 10:46:04
ACC_1010080,C_106741,SAVINGS,36533.31,ACTIVE,2017-04-19 19:31:12
ACC_1010081,C_106741,SAVINGS,21448.25,DORMANT,2017-04-10 07:23:12
ACC_1010082,C_106742,SAVINGS,28673.7,ACTIVE,2018-12-19 09:34:38
ACC_1010083,C_106742,CURRENT,1737.6,ACTIVE,2018-12-01 21:21:38
ACC_1010084,C_106743,BUSINESS,449278.3,ACTIVE,2017-02-07 17:04:29
ACC_1010085,C_106744,BUSINESS,14433.78,ACTIVE,2021-03-21 02:14:42
ACC_1010086,C_106745,CURRENT,14621.24,ACTIVE,2017-11-10 02:07:51
ACC_1010087,C_106746,BUSINESS,22154.92,ACTIVE,2019-10-05 17:36:56
ACC_1010088,C_106747,CURRENT,2181.56,DORMANT,2019-12-02 02:56:52
ACC_1010089,C_106747,BUSINESS,207165.83,ACTIVE,2019-11-18 23:24:52
ACC_1010090,C_106748,SAVINGS,83888.62,ACTIVE,2016-12-25 11:23:30
ACC_1010091,C_106749,SAVINGS,112408.44,DORMANT,2020-04-26 21:51:11
ACC_1010092,C_106750,SAVINGS,2583.96,ACTIVE,2025-02-15 06:42:20
ACC_1010093,C_106751,BUSINESS,70968.53,ACTIVE,2023-05-23 02:20:03
ACC_1010094,C_106751,SAVINGS,2641.94,ACTIVE,2023-05-10 04:08:03
ACC_1010095,C_106751,BUSINESS,23674.33,ACTIVE,2023-04-29 06:17:03
ACC_1010096,C_106752,BUSINESS,25883.11,DORMANT,2018-12-26 12:14:50
ACC_1010097,C_106752,CURRENT,1207.53,ACTIVE,2018-12-24 15:28:50
ACC_1010098,C_106753,BUSINESS,106115.39,ACTIVE,2017-01-13 06:31:10
ACC_1010099,C_106754,SAVINGS,38059.09,ACTIVE,2021-08-19 14:35:22
ACC_1010100,C_106755,BUSINESS,36631.77,ACTIVE,2022-04-13 14:52:54
ACC_1010101,C_106755,CURRENT,852.06,ACTIVE,2022-03-28 00:52:54
ACC_1010102,C_106756,BUSINESS,5333.59,ACTIVE,2025-08-25 20:15:43
ACC_1010103,C_106757,BUSINESS,84467.14,ACTIVE,2024-11-14 14:13:10
ACC_1010104,C_106757,BUSINESS,92985.0,ACTIVE,2024-11-26 10:09:10
ACC_1010105,C_106758,BUSINESS,24318.99,ACTIVE,2020-12-30 10:46:51
ACC_1010106,C_106758,SAVINGS,9740.78,ACTIVE,2020-12-28 17:28:51
ACC_1010107,C_106759,CURRENT,1784.48,ACTIVE,2025-01-03 19:35:26
ACC_1010108,C_106759,BUSINESS,56655.36,ACTIVE,2025-01-04 22:08:26
ACC_1010109,C_106760,SAVINGS,38918.64,DORMANT,2019-12-11 07:03:21
ACC_1010110,C_106761,SAVINGS,15902.22,ACTIVE,2019-07-23 04:38:10
ACC_1010111,C_106762,CURRENT,1821.03,ACTIVE,2024-03-23 07:26:28
ACC_1010112,C_106763,BUSINESS,111691.17,ACTIVE,2021-10-25 19:02:44
ACC_1010113,C_106763,CURRENT,1522.43,ACTIVE,2021-10-17 13:02:44
ACC_1010114,C_106764,SAVINGS,17259.88,ACTIVE,2024-09-13 18:00:27
ACC_1010115,C_106764,CURRENT,1392.57,ACTIVE,2024-10-01 12:44:27
ACC_1010116,C_106765,SAVINGS,30995.59,ACTIVE,2023-08-01 06:05:38
ACC_1010117,C_106766,CURRENT,912.0,ACTIVE,2021-09-09 10:14:27
ACC_1010118,C_106767,CURRENT,4386.74,ACTIVE,2020-09-20 11:36:18
ACC_1010119,C_106768,SAVINGS,1469.14,ACTIVE,2019-03-22 14:58:03
ACC_1010120,C_106769,BUSINESS,939063.44,ACTIVE,2017-09-11 17:33:17
ACC_1010121,C_106770,CURRENT,312.81,ACTIVE,2018-10-15 21:34:10
ACC_1010122,C_106770,CURRENT,1730.57,ACTIVE,2018-10-21 22:43:10
ACC_1010123,C_106770,BUSINESS,77588.47,ACTIVE,2018-10-14 16:44:10
ACC_1010124,C_106771,BUSINESS,886345.72,ACTIVE,2017-11-05 08:52:42
ACC_1010125,C_106771,CURRENT,919.63,ACTIVE,2017-10-27 03:58:42
ACC_1010126,C_106772,CURRENT,2526.04,ACTIVE,2016-07-06 14:10:10
ACC_1010127,C_106772,BUSINESS,12625.58,ACTIVE,2016-07-18 05:58:10
ACC_1010128,C_106773,BUSINESS,59267.72,ACTIVE,2021-10-18 06:49:47
ACC_1010129,C_106774,CURRENT,994.31,ACTIVE,2019-10-18 23:40:00
ACC_1010130,C_106774,SAVINGS,8154.72,ACTIVE,2019-10-31 06:07:00
ACC_1010131,C_106775,SAVINGS,10923.53,ACTIVE,2024-04-02 22:52:34
ACC_1010132,C_106776,SAVINGS,12413.11,ACTIVE,2018-08-09 18:46:14
ACC_1010133,C_106776,BUSINESS,103727.82,ACTIVE,2018-07-29 13:13:14
ACC_1010134,C_106776,CURRENT,1801.59,ACTIVE,2018-07-29 23:35:14
ACC_1010135,C_106777,SAVINGS,38088.48,DORMANT,2016-04-12 04:18:32
ACC_1010136,C_106777,CURRENT,673.4,ACTIVE,2016-04-05 20:49:32
ACC_1010137,C_106777,BUSINESS,15022.1,ACTIVE,2016-04-01 11:46:32
ACC_1010138,C_106778,CURRENT,2417.78,ACTIVE,2024-04-29 19:54:28
ACC_1010139,C_106779,CURRENT,941.46,ACTIVE,2016-11-12 00:56:09
ACC_1010140,C_106779,SAVINGS,4047.08,ACTIVE,2016-11-24 04:06:09
ACC_1010141,C_106779,SAVINGS,6259.51,ACTIVE,2016-11-09 12:47:09
ACC_1010142,C_106780,BUSINESS,37972.2,ACTIVE,2024-11-10 00:56:56
ACC_1010143,C_106781,SAVINGS,1701.25,ACTIVE,2023-10-06 19:10:04
ACC_1010144,C_106782,CURRENT,1009.6,ACTIVE,2024-12-28 07:20:00
ACC_1010145,C_106783,SAVINGS,81735.21,ACTIVE,2019-05-29 06:58:56
ACC_1010146,C_106784,SAVINGS,5049.37,DORMANT,2024-07-05 22:53:06
ACC_1010147,C_106784,CURRENT,371.19,ACTIVE,2024-07-15 04:12:06
ACC_1010148,C_106785,SAVINGS,9084.39,ACTIVE,2021-08-05 01:48:49
ACC_1010149,C_106785,BUSINESS,185503.28,ACTIVE,2021-08-15 19:27:49
ACC_1010150,C_106786,CURRENT,409.34,ACTIVE,2023-01-03 10:36:31
ACC_1010151,C_106787,CURRENT,738.0,ACTIVE,2019-05-17 15:12:55
ACC_1010152,C_106787,SAVINGS,43759.71,ACTIVE,2019-05-14 14:24:55
ACC_1010153,C_106788,SAVINGS,14721.22,ACTIVE,2020-08-14 13:36:38
ACC_1010154,C_106789,CURRENT,1684.17,ACTIVE,2018-07-31 17:41:15
ACC_1010155,C_106789,CURRENT,682.43,ACTIVE,2018-07-19 20:20:15
ACC_1010156,C_106790,BUSINESS,50636.52,ACTIVE,2024-08-29 14:00:07
ACC_1010157,C_106790,SAVINGS,44671.66,ACTIVE,2024-08-25 13:08:07
ACC_1010158,C_106791,CURRENT,1733.82,ACTIVE,2025-12-25 22:33:49
ACC_1010159,C_106791,CURRENT,1975.09,ACTIVE,2026-01-03 05:21:49
ACC_1010160,C_106792,CURRENT,4229.91,ACTIVE,2022-11-21 14:58:54
ACC_1010161,C_106792,CURRENT,1898.45,ACTIVE,2022-12-02 04:16:54
ACC_1010162,C_106793,SAVINGS,2071.26,ACTIVE,2021-07-19 12:17:17
ACC_1010163,C_106793,CURRENT,1848.73,DORMANT,2021-07-03 13:59:17
ACC_1010164,C_106794,BUSINESS,91441.28,ACTIVE,2017-09-24 01:34:32
ACC_1010165,C_106795,CURRENT,1286.75,ACTIVE,2017-09-06 20:40:29
ACC_1010166,C_106795,SAVINGS,26215.28,ACTIVE,2017-09-05 10:57:29
ACC_1010167,C_106796,SAVINGS,26475.28,ACTIVE,2017-01-30 17:57:04
ACC_1010168,C_106797,SAVINGS,13182.91,ACTIVE,2019-05-08 05:40:54
ACC_1010169,C_106797,SAVINGS,1753.83,ACTIVE,2019-04-29 13:35:54
ACC_1010170,C_106798,SAVINGS,115969.96,ACTIVE,2018-12-21 07:38:50
ACC_1010171,C_106799,CURRENT,8694.11,ACTIVE,2021-01-02 05:40:40
ACC_1010172,C_106800,CURRENT,226.47,ACTIVE,2018-09-17 13:57:47
ACC_1010173,C_106801,CURRENT,3458.63,ACTIVE,2023-09-15 21:45:03
ACC_1010174,C_106802,SAVINGS,6722.7,ACTIVE,2019-04-16 17:47:11
ACC_1010175,C_106803,SAVINGS,11074.14,DORMANT,2022-01-24 10:44:42
ACC_1010176,C_106804,SAVINGS,5436.76,ACTIVE,2017-06-26 17:47:20
ACC_1010177,C_106805,SAVINGS,81505.65,ACTIVE,2017-02-06 12:36:08
ACC_1010178,C_106806,CURRENT,1406.77,ACTIVE,2023-03-04 16:08:00
ACC_1010179,C_106806,CURRENT,884.76,ACTIVE,2023-02-28 12:16:00
ACC_1010180,C_106806,SAVINGS,5567.17,ACTIVE,2023-02-25 15:37:00
ACC_1010181,C_106807,BUSINESS,189899.59,ACTIVE,2025-07-18 12:19:59
ACC_1010182,C_106807,CURRENT,539.9,ACTIVE,2025-07-11 16:18:59
ACC_1010183,C_106808,BUSINESS,119826.51,ACTIVE,2020-09-28 22:44:47
ACC_1010184,C_106809,CURRENT,2959.74,ACTIVE,2023-04-16 19:36:01
ACC_1010185,C_106809,CURRENT,330.71,ACTIVE,2023-03-27 21:30:01
ACC_1010186,C_106810,SAVINGS,1480.22,DORMANT,2025-02-17 22:29:33
ACC_1010187,C_106811,CURRENT,677.33,DORMANT,2022-02-27 19:22:53
ACC_1010188,C_106812,SAVINGS,5319.97,ACTIVE,2017-05-13 06:01:50
ACC_1010189,C_106812,BUSINESS,24944.9,ACTIVE,2017-05-11 01:41:50
ACC_1010190,C_106813,BUSINESS,43658.82,ACTIVE,2016-09-19 19:54:25
ACC_1010191,C_106814,CURRENT,1315.81,ACTIVE,2025-09-14 08:36:17
ACC_1010192,C_106814,CURRENT,1070.3,ACTIVE,2025-08-30 01:44:17
ACC_1010193,C_106815,CURRENT,3295.65,ACTIVE,2021-10-13 06:45:33
ACC_1010194,C_106816,BUSINESS,11248.21,ACTIVE,2017-03-11 01:57:42
ACC_1010195,C_106816,BUSINESS,37823.13,ACTIVE,2017-03-02 23:21:42
ACC_1010196,C_106817,SAVINGS,7900.46,ACTIVE,2024-01-11 17:36:14
ACC_1010197,C_106818,SAVINGS,29615.98,ACTIVE,2024-04-03 11:36:32
ACC_1010198,C_106819,BUSINESS,33033.57,ACTIVE,2025-03-22 07:02:06
ACC_1010199,C_106820,SAVINGS,3115.15,ACTIVE,2020-01-30 12:26:47
ACC_1010200,C_106821,SAVINGS,26752.4,ACTIVE,2025-06-18 06:52:33
ACC_1010201,C_106822,BUSINESS,124720.51,ACTIVE,2022-06-05 08:40:15
ACC_1010202,C_106822,BUSINESS,6150.73,ACTIVE,2022-06-09 06:33:15
ACC_1010203,C_106823,SAVINGS,4686.13,ACTIVE,2025-05-18 06:50:17
ACC_1010204,C_106823,BUSINESS,351022.68,ACTIVE,2025-06-08 22:29:17
ACC_1010205,C_106824,CURRENT,100.17,DORMANT,2025-10-10 11:46:43
ACC_1010206,C_106824,CURRENT,1290.63,ACTIVE,2025-10-23 00:08:43
ACC_1010207,C_106824,CURRENT,7511.84,ACTIVE,2025-10-13 23:09:43
ACC_1010208,C_106825,CURRENT,312.66,ACTIVE,2021-08-13 01:48:29
ACC_1010209,C_106825,SAVINGS,6563.81,ACTIVE,2021-07-30 08:04:29
ACC_1010210,C_106826,CURRENT,1863.28,ACTIVE,2024-10-05 21:30:38
ACC_1010211,C_106827,BUSINESS,30340.56,ACTIVE,2017-03-08 02:29:04
ACC_1010212,C_106828,BUSINESS,177716.96,ACTIVE,2022-08-28 10:20:20
ACC_1010213,C_106829,SAVINGS,112310.46,ACTIVE,2020-09-25 12:06:56
ACC_1010214,C_106830,SAVINGS,31216.42,ACTIVE,2021-01-09 14:41:46
ACC_1010215,C_106831,BUSINESS,93720.66,ACTIVE,2018-07-24 19:09:05
ACC_1010216,C_106832,BUSINESS,366742.01,ACTIVE,2017-07-16 10:41:26
ACC_1010217,C_106832,CURRENT,5666.72,ACTIVE,2017-07-05 13:48:26
ACC_1010218,C_106833,BUSINESS,39761.64,ACTIVE,2021-07-23 22:20:53
ACC_1010219,C_106834,SAVINGS,28831.66,ACTIVE,2021-04-28 21:18:04
ACC_1010220,C_106834,BUSINESS,179044.1,ACTIVE,2021-04-22 17:32:04
ACC_1010221,C_106835,BUSINESS,1500000.0,DORMANT,2018-12-11 14:36:52
ACC_1010222,C_106836,CURRENT,1581.99,ACTIVE,2019-06-28 05:10:56
ACC_1010223,C_106836,CURRENT,7137.35,ACTIVE,2019-07-09 17:27:56
ACC_1010224,C_106836,SAVINGS,13112.93,ACTIVE,2019-07-07 01:55:56
ACC_1010225,C_106837,BUSINESS,29305.99,DORMANT,2024-02-15 21:04:57
ACC_1010226,C_106838,CURRENT,2458.46,ACTIVE,2023-04-07 06:24:48
ACC_1010227,C_106839,CURRENT,845.15,ACTIVE,2025-05-12 06:26:53
ACC_1010228,C_106840,BUSINESS,32786.43,ACTIVE,2018-10-31 07:27:03
ACC_1010229,C_106841,SAVINGS,50898.05,ACTIVE,2021-04-23 21:52:27
ACC_1010230,C_106842,SAVINGS,4424.78,ACTIVE,2023-01-30 22:36:43
ACC_1010231,C_106843,CURRENT,4253.91,ACTIVE,2020-03-31 08:01:29
ACC_1010232,C_106844,CURRENT,2650.7,ACTIVE,2021-09-05 13:13:43
ACC_1010233,C_106844,CURRENT,1220.79,ACTIVE,2021-09-06 05:26:43
ACC_1010234,C_106845,BUSINESS,2077.43,ACTIVE,2024-06-22 17:33:25
ACC_1010235,C_106846,CURRENT,377.01,ACTIVE,2022-01-07 14:48:39
ACC_1010236,C_106846,CURRENT,4496.25,ACTIVE,2022-01-24 06:14:39
ACC_1010237,C_106847,SAVINGS,2348.46,ACTIVE,2025-09-08 01:20:00
ACC_1010238,C_106848,BUSINESS,17216.06,ACTIVE,2020-12-03 21:03:26
ACC_1010239,C_106849,BUSINESS,164344.54,ACTIVE,2018-05-30 18:11:26
ACC_1010240,C_106850,SAVINGS,798.37,ACTIVE,2022-11-24 05:50:26
ACC_1010241,C_106851,BUSINESS,132099.21,ACTIVE,2019-11-12 02:26:42
ACC_1010242,C_106852,BUSINESS,67976.95,ACTIVE,2024-03-17 22:39:26
ACC_1010243,C_106853,BUSINESS,55888.51,ACTIVE,2016-05-05 08:59:40
ACC_1010244,C_106854,SAVINGS,72374.6,ACTIVE,2018-08-06 14:17:12
ACC_1010245,C_106855,SAVINGS,18982.01,ACTIVE,2023-03-15 05:20:08
ACC_1010246,C_106855,BUSINESS,12818.1,ACTIVE,2023-04-08 14:58:08
ACC_1010247,C_106856,SAVINGS,3430.11,ACTIVE,2016-11-12 15:00:38
ACC_1010248,C_106857,BUSINESS,9275.16,ACTIVE,2018-11-03 12:45:17
ACC_1010249,C_106858,BUSINESS,18481.28,ACTIVE,2023-10-12 22:36:34
ACC_1010250,C_106859,CURRENT,246.22,ACTIVE,2023-04-30 20:40:13
ACC_1010251,C_106859,BUSINESS,34876.07,ACTIVE,2023-04-26 01:31:13
ACC_1010252,C_106860,BUSINESS,194572.07,ACTIVE,2024-06-13 03:35:13
ACC_1010253,C_106861,CURRENT,940.66,ACTIVE,2023-12-01 00:38:33
ACC_1010254,C_106861,CURRENT,774.14,ACTIVE,2023-11-19 18:32:33
ACC_1010255,C_106861,CURRENT,2981.07,ACTIVE,2023-11-22 19:47:33
ACC_1010256,C_106862,BUSINESS,85805.4,ACTIVE,2020-03-18 00:52:54
ACC_1010257,C_106863,CURRENT,2177.16,ACTIVE,2025-10-06 23:13:44
ACC_1010258,C_106864,CURRENT,985.52,ACTIVE,2018-08-21 10:12:20
ACC_1010259,C_106865,BUSINESS,21387.37,ACTIVE,2025-09-13 16:00:41
ACC_1010260,C_106866,CURRENT,3503.16,ACTIVE,2025-12-06 21:50:07
ACC_1010261,C_106866,SAVINGS,19952.3,ACTIVE,2025-12-21 23:48:07
ACC_1010262,C_106867,CURRENT,2716.44,ACTIVE,2019-01-14 22:44:15
ACC_1010263,C_106868,CURRENT,1250.36,ACTIVE,2016-03-24 02:28:36
ACC_1010264,C_106869,SAVINGS,1499.95,ACTIVE,2018-06-03 21:51:14
ACC_1010265,C_106870,SAVINGS,24143.35,ACTIVE,2018-03-21 13:46:49
ACC_1010266,C_106871,CURRENT,1236.69,ACTIVE,2019-04-27 02:06:42
ACC_1010267,C_106872,SAVINGS,1527.13,ACTIVE,2025-05-02 09:51:49
ACC_1010268,C_106872,SAVINGS,6156.0,ACTIVE,2025-05-04 13:08:49
ACC_1010269,C_106872,BUSINESS,49372.02,ACTIVE,2025-04-23 18:28:49
ACC_1010270,C_106873,SAVINGS,9201.04,ACTIVE,2017-01-29 14:09:51
ACC_1010271,C_106873,BUSINESS,49163.22,ACTIVE,2017-01-15 20:10:51
ACC_1010272,C_106874,SAVINGS,18232.04,ACTIVE,2024-09-01 20:24:19
ACC_1010273,C_106874,CURRENT,1942.16,ACTIVE,2024-08-26 15:21:19
ACC_1010274,C_106875,BUSINESS,33382.12,ACTIVE,2018-01-15 15:10:41
ACC_1010275,C_106876,CURRENT,888.89,ACTIVE,2022-08-10 21:58:57
ACC_1010276,C_106877,SAVINGS,12409.57,ACTIVE,2019-02-04 16:01:31
ACC_1010277,C_106878,BUSINESS,545662.34,ACTIVE,2021-03-28 20:26:47
ACC_1010278,C_106879,CURRENT,6757.9,ACTIVE,2021-05-16 01:03:31
ACC_1010279,C_106880,SAVINGS,39356.36,ACTIVE,2016-11-16 22:52:54
ACC_1010280,C_106881,SAVINGS,50618.98,ACTIVE,2025-09-10 03:52:02
ACC_1010281,C_106882,CURRENT,553.75,ACTIVE,2025-06-26 22:57:31
ACC_1010282,C_106883,BUSINESS,39857.64,ACTIVE,2016-01-22 20:58:28
ACC_1010283,C_106884,BUSINESS,42283.83,ACTIVE,2025-11-02 19:04:04
ACC_1010284,C_106885,BUSINESS,89681.83,ACTIVE,2025-09-22 21:47:48
ACC_1010285,C_106885,CURRENT,369.6,ACTIVE,2025-10-08 03:56:48
ACC_1010286,C_106885,SAVINGS,4922.82,ACTIVE,2025-10-11 03:30:48
ACC_1010287,C_106886,BUSINESS,241398.82,ACTIVE,2022-06-11 18:35:00
ACC_1010288,C_106886,CURRENT,1293.67,ACTIVE,2022-06-05 13:30:00
ACC_1010289,C_106887,SAVINGS,4480.28,ACTIVE,2020-11-14 10:43:54
ACC_1010290,C_106887,BUSINESS,48040.08,ACTIVE,2020-11-04 15:02:54
ACC_1010291,C_106888,CURRENT,800.39,ACTIVE,2024-12-07 03:36:12
ACC_1010292,C_106888,CURRENT,623.94,ACTIVE,2024-12-04 21:40:12
ACC_1010293,C_106889,CURRENT,404.34,ACTIVE,2021-09-01 16:43:17
ACC_1010294,C_106889,CURRENT,12929.71,DORMANT,2021-09-07 15:39:17
ACC_1010295,C_106890,CURRENT,917.48,ACTIVE,2017-06-23 15:26:45
ACC_1010296,C_106891,CURRENT,985.49,ACTIVE,2024-03-06 11:58:10
ACC_1010297,C_106892,CURRENT,5460.52,ACTIVE,2020-09-10 15:14:28
ACC_1010298,C_106892,CURRENT,3172.79,ACTIVE,2020-09-18 05:57:28
ACC_1010299,C_106893,SAVINGS,57343.06,ACTIVE,2022-05-15 00:06:05
ACC_1010300,C_106893,SAVINGS,21221.47,ACTIVE,2022-04-16 14:20:05
ACC_1010301,C_106894,SAVINGS,23888.01,ACTIVE,2020-12-07 05:16:10
ACC_1010302,C_106894,BUSINESS,18988.62,ACTIVE,2020-11-15 07:58:10
ACC_1010303,C_106894,SAVINGS,39737.12,ACTIVE,2020-11-29 18:51:10
ACC_1010304,C_106895,SAVINGS,3899.78,ACTIVE,2020-08-06 14:56:08
ACC_1010305,C_106896,BUSINESS,35706.26,ACTIVE,2022-06-12 22:13:31
ACC_1010306,C_106897,BUSINESS,48559.14,ACTIVE,2026-01-14 01:19:04
ACC_1010307,C_106898,CURRENT,1139.05,ACTIVE,2025-12-01 13:34:41
ACC_1010308,C_106898,BUSINESS,152310.8,ACTIVE,2025-11-22 15:08:41
ACC_1010309,C_106898,SAVINGS,22436.27,ACTIVE,2025-12-17 22:24:41
ACC_1010310,C_106899,SAVINGS,28318.17,ACTIVE,2023-08-28 17:56:21
ACC_1010311,C_106900,SAVINGS,18213.17,DORMANT,2025-11-10 05:51:29
ACC_1010312,C_106901,SAVINGS,8940.46,DORMANT,2025-04-11 13:55:46
ACC_1010313,C_106902,BUSINESS,15256.74,ACTIVE,2022-02-05 09:21:04
ACC_1010314,C_106903,BUSINESS,66448.95,DORMANT,2023-07-05 03:59:32
ACC_1010315,C_106904,BUSINESS,83294.99,ACTIVE,2018-11-08 20:19:44
ACC_1010316,C_106905,SAVINGS,25687.58,ACTIVE,2023-05-31 07:10:54
ACC_1010317,C_106905,CURRENT,13152.61,ACTIVE,2023-05-29 03:19:54
ACC_1010318,C_106905,CURRENT,6244.95,ACTIVE,2023-06-04 09:38:54
ACC_1010319,C_106906,CURRENT,2165.26,ACTIVE,2016-12-09 19:38:18
ACC_1010320,C_106907,SAVINGS,18580.86,ACTIVE,2021-01-22 19:31:50
ACC_1010321,C_106908,SAVINGS,1456.68,ACTIVE,2019-09-02 21:03:03
ACC_1010322,C_106908,BUSINESS,29838.03,ACTIVE,2019-08-21 04:23:03
ACC_1010323,C_106909,SAVINGS,5313.68,ACTIVE,2021-07-11 18:18:22
ACC_1010324,C_106910,SAVINGS,28760.67,ACTIVE,2017-03-20 07:48:02
ACC_1010325,C_106910,SAVINGS,70145.75,ACTIVE,2017-02-20 11:33:02
ACC_1010326,C_106911,SAVINGS,29754.98,ACTIVE,2021-01-30 22:58:23
ACC_1010327,C_106911,BUSINESS,168749.14,ACTIVE,2021-02-13 17:22:23
ACC_1010328,C_106912,SAVINGS,3331.78,ACTIVE,2017-06-11 12:16:13
ACC_1010329,C_106913,SAVINGS,11724.03,ACTIVE,2017-03-10 03:54:23
ACC_1010330,C_106914,CURRENT,575.37,ACTIVE,2024-01-19 13:32:19
ACC_1010331,C_106914,BUSINESS,15145.92,ACTIVE,2024-01-07 09:24:19
ACC_1010332,C_106915,BUSINESS,79355.44,ACTIVE,2017-09-04 14:29:49
ACC_1010333,C_106916,CURRENT,2497.6,ACTIVE,2021-08-25 01:24:11
ACC_1010334,C_106917,SAVINGS,56746.27,ACTIVE,2018-02-02 08:51:32
ACC_1010335,C_106918,SAVINGS,51532.51,ACTIVE,2018-09-07 15:13:24
ACC_1010336,C_106918,CURRENT,1626.54,ACTIVE,2018-08-30 19:07:24
ACC_1010337,C_106918,SAVINGS,1549.13,ACTIVE,2018-08-22 18:25:24
ACC_1010338,C_106919,SAVINGS,4070.27,ACTIVE,2024-09-29 11:59:47
ACC_1010339,C_106920,SAVINGS,12153.59,DORMANT,2017-07-30 14:19:21
ACC_1010340,C_106921,SAVINGS,3703.27,ACTIVE,2017-12-28 18:32:00
ACC_1010341,C_106922,SAVINGS,14901.82,ACTIVE,2017-02-02 08:25:56
ACC_1010342,C_106923,SAVINGS,43667.54,ACTIVE,2018-07-16 03:57:07
ACC_1010343,C_106924,CURRENT,632.25,ACTIVE,2018-03-02 19:37:17
ACC_1010344,C_106924,SAVINGS,16906.36,ACTIVE,2018-03-15 03:17:17
ACC_1010345,C_106925,CURRENT,31125.13,ACTIVE,2017-10-05 15:15:00
ACC_1010346,C_106925,SAVINGS,1891.72,ACTIVE,2017-09-29 22:35:00
ACC_1010347,C_106925,SAVINGS,22022.28,ACTIVE,2017-09-25 04:17:00
ACC_1010348,C_106926,CURRENT,1161.58,ACTIVE,2024-01-07 04:08:17
ACC_1010349,C_106927,BUSINESS,10337.61,ACTIVE,2017-06-16 18:11:44
ACC_1010350,C_106927,BUSINESS,16177.96,ACTIVE,2017-06-19 21:34:44
ACC_1010351,C_106928,SAVINGS,139693.96,ACTIVE,2024-09-26 20:26:42
ACC_1010352,C_106929,BUSINESS,151920.6,ACTIVE,2016-08-17 01:16:42
ACC_1010353,C_106929,BUSINESS,12930.76,ACTIVE,2016-08-22 20:18:42
ACC_1010354,C_106930,CURRENT,3514.03,DORMANT,2024-08-12 16:36:25
ACC_1010355,C_106931,SAVINGS,28704.51,ACTIVE,2019-05-21 20:04:29
ACC_1010356,C_106932,BUSINESS,169561.96,ACTIVE,2022-06-10 06:25:25
ACC_1010357,C_106932,SAVINGS,3040.02,ACTIVE,2022-06-11 23:04:25
ACC_1010358,C_106933,CURRENT,1099.63,ACTIVE,2019-10-20 09:59:42
ACC_1010359,C_106933,CURRENT,3096.35,ACTIVE,2019-10-20 13:47:42
ACC_1010360,C_106934,CURRENT,2378.01,ACTIVE,2023-04-08 00:25:20
ACC_1010361,C_106935,CURRENT,5650.56,ACTIVE,2025-11-19 00:34:53
ACC_1010362,C_106935,BUSINESS,42758.17,ACTIVE,2025-11-24 00:58:53
ACC_1010363,C_106935,SAVINGS,54972.45,ACTIVE,2025-11-29 07:18:53
ACC_1010364,C_106936,BUSINESS,562164.42,ACTIVE,2025-12-06 05:50:00
ACC_1010365,C_106936,BUSINESS,72110.83,ACTIVE,2025-12-03 13:35:00
ACC_1010366,C_106937,SAVINGS,14145.07,ACTIVE,2025-09-05 00:35:07
ACC_1010367,C_106937,SAVINGS,22192.28,ACTIVE,2025-08-24 08:42:07
ACC_1010368,C_106938,CURRENT,1850.62,ACTIVE,2021-01-17 02:10:24
ACC_1010369,C_106938,CURRENT,1495.21,ACTIVE,2021-01-19 09:40:24
ACC_1010370,C_106938,BUSINESS,189340.93,DORMANT,2021-01-22 01:49:24
ACC_1010371,C_106939,BUSINESS,183722.99,ACTIVE,2016-10-30 04:03:44
ACC_1010372,C_106939,CURRENT,3270.94,ACTIVE,2016-10-20 14:47:44
ACC_1010373,C_106940,SAVINGS,9441.08,ACTIVE,2021-02-20 17:05:24
ACC_1010374,C_106941,BUSINESS,17102.3,ACTIVE,2019-08-27 08:16:49
ACC_1010375,C_106942,CURRENT,27673.8,ACTIVE,2023-02-22 21:03:53
ACC_1010376,C_106943,CURRENT,2112.96,ACTIVE,2022-02-10 05:30:58
ACC_1010377,C_106944,CURRENT,3881.27,ACTIVE,2024-08-14 03:40:34
ACC_1010378,C_106944,BUSINESS,41976.17,ACTIVE,2024-08-13 15:57:34
ACC_1010379,C_106944,BUSINESS,66773.76,ACTIVE,2024-08-20 17:42:34
ACC_1010380,C_106945,CURRENT,1588.17,ACTIVE,2019-12-13 16:12:19
ACC_1010381,C_106945,CURRENT,5220.87,ACTIVE,2019-11-17 14:35:19
ACC_1010382,C_106946,BUSINESS,24141.21,ACTIVE,2021-08-02 11:27:41
ACC_1010383,C_106947,SAVINGS,3041.83,DORMANT,2022-07-09 19:38:29
ACC_1010384,C_106947,SAVINGS,13033.24,DORMANT,2022-07-30 21:29:29
ACC_1010385,C_106948,CURRENT,2497.27,ACTIVE,2017-07-22 04:52:03
ACC_1010386,C_106949,CURRENT,5217.72,ACTIVE,2021-02-06 06:40:22
ACC_1010387,C_106949,CURRENT,467.76,DORMANT,2021-01-15 23:28:22
ACC_1010388,C_106950,SAVINGS,86296.97,DORMANT,2023-11-26 16:51:56
ACC_1010389,C_106951,BUSINESS,25688.97,ACTIVE,2020-10-18 00:59:29
ACC_1010390,C_106952,BUSINESS,24677.51,ACTIVE,2024-08-14 23:25:16
ACC_1010391,C_106953,SAVINGS,1413.38,ACTIVE,2016-10-31 06:12:30
ACC_1010392,C_106953,CURRENT,412.05,ACTIVE,2016-10-18 05:24:30
ACC_1010393,C_106954,CURRENT,154.84,ACTIVE,2023-08-29 09:34:15
ACC_1010394,C_106955,CURRENT,7997.58,ACTIVE,2024-11-27 11:11:10
ACC_1010395,C_106955,BUSINESS,266979.37,ACTIVE,2024-11-12 06:10:10
ACC_1010396,C_106955,CURRENT,3615.79,ACTIVE,2024-11-17 21:15:10
ACC_1010397,C_106956,CURRENT,5325.85,ACTIVE,2023-03-01 03:52:53
ACC_1010398,C_106957,CURRENT,2395.49,ACTIVE,2025-12-15 12:38:20
ACC_1010399,C_106958,SAVINGS,7712.6,ACTIVE,2016-12-20 22:49:21
ACC_1010400,C_106959,CURRENT,1001.91,DORMANT,2019-05-09 15:16:27
ACC_1010401,C_106960,BUSINESS,38560.39,DORMANT,2017-09-19 15:25:58
ACC_1010402,C_106960,BUSINESS,46578.87,ACTIVE,2017-09-29 17:15:58
ACC_1010403,C_106961,CURRENT,6548.23,ACTIVE,2016-12-28 19:12:07
ACC_1010404,C_106962,SAVINGS,42203.95,ACTIVE,2025-12-21 16:21:10
ACC_1010405,C_106963,CURRENT,423.76,ACTIVE,2021-04-03 14:08:38
ACC_1010406,C_106964,CURRENT,1072.84,ACTIVE,2024-09-01 11:19:56
ACC_1010407,C_106964,CURRENT,824.31,ACTIVE,2024-09-25 11:31:56
ACC_1010408,C_106965,CURRENT,3279.17,ACTIVE,2020-08-15 21:58:56
ACC_1010409,C_106966,SAVINGS,83098.41,ACTIVE,2018-11-26 13:48:53
ACC_1010410,C_106967,SAVINGS,27806.97,DORMANT,2016-02-04 09:35:27
ACC_1010411,C_106967,CURRENT,3684.39,ACTIVE,2016-01-28 12:41:27
ACC_1010412,C_106968,SAVINGS,8014.43,ACTIVE,2020-06-23 11:40:34
ACC_1010413,C_106968,SAVINGS,59927.56,DORMANT,2020-06-17 10:57:34
ACC_1010414,C_106969,SAVINGS,9833.77,ACTIVE,2022-12-29 19:24:12
ACC_1010415,C_106970,BUSINESS,230622.77,ACTIVE,2018-07-21 08:19:16
ACC_1010416,C_106971,CURRENT,732.1,DORMANT,2018-02-08 12:11:08
ACC_1010417,C_106972,BUSINESS,40322.48,ACTIVE,2024-04-14 03:07:56
ACC_1010418,C_106973,SAVINGS,212174.36,ACTIVE,2020-06-08 09:40:43
ACC_1010419,C_106974,BUSINESS,55046.14,ACTIVE,2020-05-30 16:51:19
ACC_1010420,C_106974,SAVINGS,53547.22,ACTIVE,2020-05-24 06:01:19
ACC_1010421,C_106975,CURRENT,7613.33,ACTIVE,2021-03-15 17:22:11
ACC_1010422,C_106975,BUSINESS,19272.27,ACTIVE,2021-04-03 00:49:11
ACC_1010423,C_106976,SAVINGS,12429.85,ACTIVE,2021-06-21 09:16:05
ACC_1010424,C_106976,BUSINESS,8299.02,ACTIVE,2021-05-30 10:42:05
ACC_1010425,C_106977,BUSINESS,4961.94,ACTIVE,2016-10-28 09:32:50
ACC_1010426,C_106977,CURRENT,1291.11,ACTIVE,2016-11-06 03:27:50
ACC_1010427,C_106978,CURRENT,1251.01,ACTIVE,2021-09-10 01:34:55
ACC_1010428,C_106979,CURRENT,3472.99,ACTIVE,2022-05-22 00:58:23
ACC_1010429,C_106979,SAVINGS,33824.02,ACTIVE,2022-05-26 04:46:23
ACC_1010430,C_106980,BUSINESS,69623.35,ACTIVE,2017-05-16 14:54:46
ACC_1010431,C_106980,SAVINGS,13550.14,ACTIVE,2017-06-06 19:19:46
ACC_1010432,C_106980,BUSINESS,82162.45,ACTIVE,2017-06-02 01:59:46
ACC_1010433,C_106981,CURRENT,4482.63,ACTIVE,2022-04-24 07:16:16
ACC_1010434,C_106982,SAVINGS,3991.73,ACTIVE,2020-04-17 18:31:54
ACC_1010435,C_106983,CURRENT,2361.44,ACTIVE,2023-11-28 03:36:44
ACC_1010436,C_106984,CURRENT,1029.25,ACTIVE,2021-08-31 16:56:31
ACC_1010437,C_106985,CURRENT,7167.72,ACTIVE,2016-02-05 00:32:07
ACC_1010438,C_106986,BUSINESS,15323.0,ACTIVE,2023-06-11 22:48:58
ACC_1010439,C_106987,CURRENT,7747.63,ACTIVE,2021-05-03 18:23:45
ACC_1010440,C_106987,CURRENT,10042.89,ACTIVE,2021-05-17 20:00:45
ACC_1010441,C_106987,CURRENT,4990.32,DORMANT,2021-04-21 15:04:45
ACC_1010442,C_106988,CURRENT,1187.23,ACTIVE,2016-11-03 22:42:23
ACC_1010443,C_106989,BUSINESS,73970.56,ACTIVE,2023-12-17 13:37:22
ACC_1010444,C_106990,SAVINGS,35565.08,ACTIVE,2021-10-20 06:55:42
ACC_1010445,C_106991,SAVINGS,4799.46,ACTIVE,2023-05-19 15:21:47
ACC_1010446,C_106992,BUSINESS,263656.73,ACTIVE,2017-12-07 21:12:54
ACC_1010447,C_106992,SAVINGS,33934.68,ACTIVE,2017-11-23 09:40:54
ACC_1010448,C_106992,CURRENT,1512.42,ACTIVE,2017-12-09 00:42:54
ACC_1010449,C_106993,BUSINESS,1500000.0,ACTIVE,2022-11-20 18:01:27
ACC_1010450,C_106993,BUSINESS,44009.94,DORMANT,2022-10-31 08:10:27
ACC_1010451,C_106994,CURRENT,2795.84,ACTIVE,2020-12-04 19:11:29
ACC_1010452,C_106994,BUSINESS,30339.37,ACTIVE,2020-11-17 06:11:29
ACC_1010453,C_106995,BUSINESS,63898.44,ACTIVE,2020-03-07 20:42:57
ACC_1010454,C_106996,BUSINESS,13435.23,ACTIVE,2020-04-07 05:34:57
ACC_1010455,C_106997,SAVINGS,12333.36,ACTIVE,2016-08-14 08:52:30
ACC_1010456,C_106997,BUSINESS,5063.39,ACTIVE,2016-08-31 12:19:30
ACC_1010457,C_106998,CURRENT,3797.77,ACTIVE,2025-01-21 14:54:29
ACC_1010458,C_106999,BUSINESS,6904.88,ACTIVE,2016-12-09 08:06:36
ACC_1010459,C_106999,CURRENT,560.13,ACTIVE,2016-11-15 10:44:36
ACC_1010460,C_107000,BUSINESS,830480.31,ACTIVE,2021-07-28 14:06:33
ACC_1010461,C_107000,CURRENT,389.65,ACTIVE,2021-08-10 19:39:33
ACC_1010462,C_107001,SAVINGS,23996.98,ACTIVE,2017-11-01 17:41:25
ACC_1010463,C_107002,SAVINGS,16844.49,ACTIVE,2019-04-29 06:37:18
ACC_1010464,C_107003,CURRENT,6323.95,ACTIVE,2016-03-13 16:06:17
ACC_1010465,C_107004,SAVINGS,27286.06,ACTIVE,2020-03-25 10:28:08
ACC_1010466,C_107004,BUSINESS,39391.11,ACTIVE,2020-03-21 23:02:08
ACC_1010467,C_107005,SAVINGS,4637.39,ACTIVE,2023-11-08 11:45:57
ACC_1010468,C_107006,CURRENT,438.86,ACTIVE,2025-07-06 04:56:26
ACC_1010469,C_107007,BUSINESS,161999.25,ACTIVE,2019-06-13 14:20:42
ACC_1010470,C_107008,BUSINESS,1236528.41,DORMANT,2016-10-12 01:55:49
ACC_1010471,C_107009,BUSINESS,32273.1,ACTIVE,2016-12-04 14:18:58
ACC_1010472,C_107010,CURRENT,1632.84,ACTIVE,2024-10-14 06:59:17
ACC_1010473,C_107010,SAVINGS,2035.7,ACTIVE,2024-10-11 19:47:17
ACC_1010474,C_107011,CURRENT,1820.63,ACTIVE,2021-03-23 17:44:30
ACC_1010475,C_107011,CURRENT,4407.23,ACTIVE,2021-04-04 17:13:30
ACC_1010476,C_107011,SAVINGS,3587.43,ACTIVE,2021-04-02 02:44:30
ACC_1010477,C_107012,SAVINGS,2538.6,ACTIVE,2025-06-07 06:50:10
ACC_1010478,C_107013,SAVINGS,7254.86,ACTIVE,2023-02-20 08:40:30
ACC_1010479,C_107013,BUSINESS,52895.29,ACTIVE,2023-02-17 17:54:30
ACC_1010480,C_107014,CURRENT,98.74,ACTIVE,2021-06-17 20:19:27
ACC_1010481,C_107014,SAVINGS,73473.84,ACTIVE,2021-06-12 07:56:27
ACC_1010482,C_107015,SAVINGS,15859.74,ACTIVE,2017-10-03 01:08:33
ACC_1010483,C_107016,BUSINESS,298890.41,ACTIVE,2023-01-13 11:27:49
ACC_1010484,C_107016,SAVINGS,46180.91,ACTIVE,2023-01-10 00:55:49
ACC_1010485,C_107017,BUSINESS,40661.56,ACTIVE,2018-09-27 13:55:59
ACC_1010486,C_107018,SAVINGS,2014.62,ACTIVE,2020-09-12 02:02:32
ACC_1010487,C_107018,CURRENT,7099.11,ACTIVE,2020-09-06 02:47:32
ACC_1010488,C_107019,BUSINESS,14166.83,ACTIVE,2016-08-01 15:22:36
ACC_1010489,C_107020,CURRENT,1658.19,ACTIVE,2020-03-24 07:31:51
ACC_1010490,C_107021,SAVINGS,8373.94,DORMANT,2016-11-08 01:02:27
ACC_1010491,C_107021,BUSINESS,74735.18,DORMANT,2016-11-02 17:42:27
ACC_1010492,C_107022,CURRENT,1950.07,ACTIVE,2019-04-17 03:36:40
ACC_1010493,C_107022,SAVINGS,4440.56,DORMANT,2019-04-29 05:13:40
ACC_1010494,C_107023,CURRENT,507.39,ACTIVE,2020-11-12 02:55:53
ACC_1010495,C_107024,CURRENT,852.31,ACTIVE,2016-06-03 15:06:44
ACC_1010496,C_107024,SAVINGS,2551.23,ACTIVE,2016-05-26 18:39:44
ACC_1010497,C_107025,BUSINESS,99666.9,ACTIVE,2019-11-02 19:09:15
ACC_1010498,C_107026,BUSINESS,71130.6,ACTIVE,2024-12-26 00:29:51
ACC_1010499,C_107027,SAVINGS,890.04,ACTIVE,2023-03-06 20:26:47
ACC_1010500,C_107028,BUSINESS,21780.16,ACTIVE,2017-12-22 23:37:50
ACC_1010501,C_107029,SAVINGS,83967.37,ACTIVE,2023-03-21 14:55:07
ACC_1010502,C_107030,BUSINESS,120329.24,ACTIVE,2020-12-04 00:57:01
ACC_1010503,C_107031,BUSINESS,83009.41,ACTIVE,2025-12-19 03:05:47
ACC_1010504,C_107032,SAVINGS,2540.53,ACTIVE,2020-01-26 14:46:21
ACC_1010505,C_107032,BUSINESS,84066.47,ACTIVE,2020-02-03 18:58:21
ACC_1010506,C_107032,CURRENT,1175.82,ACTIVE,2020-01-14 11:34:21
ACC_1010507,C_107033,BUSINESS,13175.84,DORMANT,2024-07-16 10:49:29
ACC_1010508,C_107034,CURRENT,964.75,ACTIVE,2025-09-09 07:50:41
ACC_1010509,C_107034,CURRENT,2242.95,DORMANT,2025-09-02 15:24:41
ACC_1010510,C_107035,CURRENT,2548.39,ACTIVE,2018-03-13 12:37:41
ACC_1010511,C_107035,BUSINESS,26735.79,ACTIVE,2018-03-14 17:56:41
ACC_1010512,C_107036,SAVINGS,179816.55,ACTIVE,2024-06-15 19:47:06
ACC_1010513,C_107037,CURRENT,237.91,DORMANT,2019-05-25 08:21:34
ACC_1010514,C_107037,BUSINESS,97153.86,ACTIVE,2019-06-16 21:38:34
ACC_1010515,C_107038,BUSINESS,561020.98,ACTIVE,2020-11-22 17:38:09
ACC_1010516,C_107039,SAVINGS,8147.11,ACTIVE,2018-02-01 18:02:37
ACC_1010517,C_107040,SAVINGS,12054.21,ACTIVE,2024-07-31 22:33:29
ACC_1010518,C_107041,BUSINESS,237466.84,ACTIVE,2022-04-24 08:52:52
ACC_1010519,C_107041,SAVINGS,3783.95,ACTIVE,2022-04-19 19:39:52
ACC_1010520,C_107041,CURRENT,397.44,ACTIVE,2022-04-15 22:45:52
ACC_1010521,C_107042,BUSINESS,2426.86,ACTIVE,2017-04-16 10:26:23
ACC_1010522,C_107043,BUSINESS,97587.19,ACTIVE,2019-11-01 02:10:01
ACC_1010523,C_107043,SAVINGS,82038.25,ACTIVE,2019-11-18 00:24:01
ACC_1010524,C_107044,CURRENT,7608.86,ACTIVE,2018-10-02 16:09:25
ACC_1010525,C_107044,CURRENT,1087.37,ACTIVE,2018-10-22 08:12:25
ACC_1010526,C_107045,BUSINESS,134245.34,ACTIVE,2021-06-02 03:51:28
ACC_1010527,C_107045,BUSINESS,740469.32,ACTIVE,2021-05-12 10:35:28
ACC_1010528,C_107046,BUSINESS,36247.78,ACTIVE,2021-07-19 03:07:38
ACC_1010529,C_107047,SAVINGS,16975.42,ACTIVE,2018-10-20 19:01:52
ACC_1010530,C_107048,SAVINGS,7338.09,ACTIVE,2018-02-19 03:57:40
ACC_1010531,C_107048,SAVINGS,7687.2,ACTIVE,2018-02-14 14:52:40
ACC_1010532,C_107048,SAVINGS,7074.51,ACTIVE,2018-02-20 13:35:40
ACC_1010533,C_107049,CURRENT,732.86,ACTIVE,2018-12-28 10:16:48
ACC_1010534,C_107050,CURRENT,4966.5,ACTIVE,2023-02-02 11:48:10
ACC_1010535,C_107050,BUSINESS,11566.75,ACTIVE,2023-02-09 18:29:10
ACC_1010536,C_107051,BUSINESS,15723.05,ACTIVE,2016-10-12 12:26:17
ACC_1010537,C_107051,CURRENT,1150.59,ACTIVE,2016-10-15 04:07:17
ACC_1010538,C_107051,BUSINESS,3316.12,DORMANT,2016-10-21 05:55:17
ACC_1010539,C_107052,CURRENT,1063.34,DORMANT,2016-11-13 23:56:50
ACC_1010540,C_107053,CURRENT,12320.52,ACTIVE,2021-10-25 17:42:01
ACC_1010541,C_107054,SAVINGS,250000.0,ACTIVE,2021-10-07 23:21:35
ACC_1010542,C_107054,BUSINESS,121549.8,ACTIVE,2021-10-14 02:21:35
ACC_1010543,C_107054,CURRENT,448.41,ACTIVE,2021-10-14 08:32:35
ACC_1010544,C_107055,SAVINGS,9183.69,ACTIVE,2020-12-27 16:40:42
ACC_1010545,C_107056,CURRENT,1296.85,ACTIVE,2020-03-16 09:39:00
ACC_1010546,C_107057,SAVINGS,12687.83,ACTIVE,2025-06-12 10:47:59
ACC_1010547,C_107058,CURRENT,614.82,ACTIVE,2024-07-13 09:31:11
ACC_1010548,C_107058,CURRENT,4656.38,ACTIVE,2024-07-07 02:11:11
ACC_1010549,C_107059,SAVINGS,15022.48,ACTIVE,2016-11-12 20:17:29
ACC_1010550,C_107059,CURRENT,857.32,ACTIVE,2016-11-10 17:59:29
ACC_1010551,C_107059,SAVINGS,35228.64,ACTIVE,2016-11-16 20:50:29
ACC_1010552,C_107060,CURRENT,1164.12,ACTIVE,2017-10-08 08:52:38
ACC_1010553,C_107061,BUSINESS,57229.55,ACTIVE,2018-05-08 11:06:43
ACC_1010554,C_107061,SAVINGS,4776.5,ACTIVE,2018-05-01 17:44:43
ACC_1010555,C_107062,SAVINGS,22129.38,ACTIVE,2018-12-05 01:29:14
ACC_1010556,C_107063,CURRENT,1098.31,ACTIVE,2025-04-07 01:56:05
ACC_1010557,C_107064,CURRENT,1416.12,ACTIVE,2018-01-17 05:15:54
ACC_1010558,C_107065,CURRENT,654.22,ACTIVE,2016-05-02 23:13:25
ACC_1010559,C_107066,BUSINESS,19674.11,ACTIVE,2017-10-12 23:23:08
ACC_1010560,C_107066,SAVINGS,2683.73,DORMANT,2017-10-24 17:29:08
ACC_1010561,C_107066,SAVINGS,14343.76,ACTIVE,2017-10-27 05:29:08
ACC_1010562,C_107067,SAVINGS,3898.96,ACTIVE,2025-06-21 19:39:16
ACC_1010563,C_107067,CURRENT,1503.79,ACTIVE,2025-07-12 19:22:16
ACC_1010564,C_107067,BUSINESS,68982.06,ACTIVE,2025-06-21 09:06:16
ACC_1010565,C_107068,BUSINESS,6860.77,ACTIVE,2025-09-18 17:56:05
ACC_1010566,C_107068,BUSINESS,174766.55,ACTIVE,2025-09-15 22:06:05
ACC_1010567,C_107069,SAVINGS,3131.61,ACTIVE,2024-12-27 13:46:18
ACC_1010568,C_107069,SAVINGS,150283.78,ACTIVE,2024-12-27 19:40:18
ACC_1010569,C_107070,BUSINESS,51624.97,DORMANT,2016-07-02 01:58:44
ACC_1010570,C_107071,CURRENT,3601.4,ACTIVE,2022-10-05 05:15:26
ACC_1010571,C_107071,BUSINESS,41989.47,ACTIVE,2022-11-01 16:55:26
ACC_1010572,C_107072,CURRENT,1660.44,ACTIVE,2024-05-23 12:30:54
ACC_1010573,C_107073,BUSINESS,26322.71,ACTIVE,2021-08-29 12:24:11
ACC_1010574,C_107074,BUSINESS,324927.93,ACTIVE,2018-08-03 22:47:09
ACC_1010575,C_107075,BUSINESS,93068.64,ACTIVE,2023-06-12 10:24:35
ACC_1010576,C_107075,SAVINGS,3501.29,ACTIVE,2023-07-06 10:26:35
ACC_1010577,C_107075,BUSINESS,46877.84,ACTIVE,2023-06-19 23:19:35
ACC_1010578,C_107076,SAVINGS,4465.8,ACTIVE,2019-04-09 02:27:34
ACC_1010579,C_107077,SAVINGS,35629.64,ACTIVE,2023-11-14 02:01:34
ACC_1010580,C_107078,CURRENT,2989.97,ACTIVE,2019-01-26 13:30:37
ACC_1010581,C_107078,CURRENT,574.95,ACTIVE,2019-01-27 14:48:37
ACC_1010582,C_107079,BUSINESS,328794.5,ACTIVE,2024-06-15 05:35:33
ACC_1010583,C_107080,SAVINGS,4592.26,ACTIVE,2025-10-20 23:47:54
ACC_1010584,C_107080,BUSINESS,359851.22,ACTIVE,2025-09-21 11:08:54
ACC_1010585,C_107081,CURRENT,16982.38,ACTIVE,2023-04-21 22:05:34
ACC_1010586,C_107082,SAVINGS,6214.12,ACTIVE,2022-05-06 00:49:10
ACC_1010587,C_107082,SAVINGS,14359.07,ACTIVE,2022-04-15 17:48:10
ACC_1010588,C_107082,BUSINESS,31763.24,ACTIVE,2022-05-02 08:24:10
ACC_1010589,C_107083,SAVINGS,2583.03,ACTIVE,2017-04-22 20:29:56
ACC_1010590,C_107083,CURRENT,538.72,ACTIVE,2017-04-17 20:55:56
ACC_1010591,C_107084,SAVINGS,12592.84,ACTIVE,2018-02-18 07:08:37
ACC_1010592,C_107085,SAVINGS,8501.54,ACTIVE,2021-10-19 12:30:16
ACC_1010593,C_107086,SAVINGS,38511.55,DORMANT,2018-08-30 13:11:07
ACC_1010594,C_107087,BUSINESS,29302.23,ACTIVE,2017-04-27 13:51:13
ACC_1010595,C_107088,CURRENT,277.78,ACTIVE,2024-11-14 23:14:46
ACC_1010596,C_107088,SAVINGS,1902.43,ACTIVE,2024-11-23 13:10:46
ACC_1010597,C_107089,CURRENT,1397.91,ACTIVE,2023-10-20 07:49:54
ACC_1010598,C_107090,BUSINESS,538133.51,ACTIVE,2019-11-01 21:11:32
ACC_1010599,C_107091,CURRENT,1115.08,ACTIVE,2022-03-16 08:01:44
ACC_1010600,C_107092,SAVINGS,23994.13,ACTIVE,2018-02-23 20:38:12
ACC_1010601,C_107092,CURRENT,1948.79,ACTIVE,2018-03-19 04:07:12
ACC_1010602,C_107092,SAVINGS,31899.02,ACTIVE,2018-03-15 03:15:12
ACC_1010603,C_107093,CURRENT,811.66,ACTIVE,2017-11-05 11:19:20
ACC_1010604,C_107093,BUSINESS,173227.05,ACTIVE,2017-11-05 13:56:20
ACC_1010605,C_107094,BUSINESS,139787.43,ACTIVE,2020-11-13 11:09:37
ACC_1010606,C_107095,BUSINESS,14130.6,ACTIVE,2016-09-09 05:07:26
ACC_1010607,C_107096,SAVINGS,9769.6,ACTIVE,2021-10-09 16:29:25
ACC_1010608,C_107096,SAVINGS,181717.4,ACTIVE,2021-10-03 16:09:25
ACC_1010609,C_107097,SAVINGS,141672.45,DORMANT,2021-11-27 08:15:13
ACC_1010610,C_107098,SAVINGS,45707.69,ACTIVE,2023-06-17 06:32:41
ACC_1010611,C_107099,SAVINGS,10675.02,ACTIVE,2026-01-18 11:43:43
ACC_1010612,C_107100,CURRENT,2352.59,ACTIVE,2023-12-03 11:24:35
ACC_1010613,C_107101,CURRENT,258.12,ACTIVE,2023-12-30 11:39:04
ACC_1010614,C_107102,BUSINESS,70451.04,ACTIVE,2021-01-21 21:24:29
ACC_1010615,C_107103,CURRENT,374.68,ACTIVE,2024-12-30 08:43:09
ACC_1010616,C_107103,BUSINESS,46482.83,ACTIVE,2024-12-21 22:08:09
ACC_1010617,C_107104,BUSINESS,33227.39,ACTIVE,2025-09-17 11:29:41
ACC_1010618,C_107105,SAVINGS,22421.13,ACTIVE,2018-08-22 20:50:20
ACC_1010619,C_107105,BUSINESS,70538.98,ACTIVE,2018-09-22 09:33:20
ACC_1010620,C_107106,SAVINGS,39115.69,ACTIVE,2023-03-04 23:42:44
ACC_1010621,C_107106,CURRENT,666.44,ACTIVE,2023-03-06 19:34:44
ACC_1010622,C_107107,SAVINGS,33611.82,ACTIVE,2022-08-09 03:42:23
ACC_1010623,C_107107,CURRENT,3367.45,ACTIVE,2022-08-23 15:38:23
ACC_1010624,C_107108,BUSINESS,770009.66,ACTIVE,2023-05-19 08:48:59
ACC_1010625,C_107109,BUSINESS,45665.36,ACTIVE,2016-07-20 06:25:16
ACC_1010626,C_107109,CURRENT,2004.38,ACTIVE,2016-07-01 11:20:16
ACC_1010627,C_107110,BUSINESS,1255.79,ACTIVE,2021-02-20 08:05:32
ACC_1010628,C_107111,BUSINESS,21809.33,ACTIVE,2017-06-08 21:11:48
ACC_1010629,C_107111,CURRENT,963.89,ACTIVE,2017-06-20 18:21:48
ACC_1010630,C_107112,CURRENT,702.88,ACTIVE,2022-12-04 16:59:46
ACC_1010631,C_107113,BUSINESS,431255.17,ACTIVE,2017-02-27 08:18:38
ACC_1010632,C_107114,BUSINESS,39964.26,ACTIVE,2021-09-26 00:44:35
ACC_1010633,C_107115,SAVINGS,478.88,ACTIVE,2023-08-05 09:12:29
ACC_1010634,C_107115,BUSINESS,55028.37,ACTIVE,2023-07-12 04:27:29
ACC_1010635,C_107116,CURRENT,13101.03,ACTIVE,2016-10-29 13:58:29
ACC_1010636,C_107116,SAVINGS,105841.27,ACTIVE,2016-10-15 09:28:29
ACC_1010637,C_107117,SAVINGS,250000.0,ACTIVE,2019-05-06 12:47:23
ACC_1010638,C_107118,CURRENT,6459.74,ACTIVE,2019-02-06 12:31:49
ACC_1010639,C_107119,CURRENT,6378.07,ACTIVE,2022-09-17 01:53:34
ACC_1010640,C_107119,CURRENT,2826.36,ACTIVE,2022-09-16 10:09:34
ACC_1010641,C_107120,SAVINGS,12127.54,ACTIVE,2023-05-17 14:00:14
ACC_1010642,C_107121,SAVINGS,7889.71,ACTIVE,2018-09-14 00:26:05
ACC_1010643,C_107122,BUSINESS,131619.61,ACTIVE,2021-08-21 21:43:19
ACC_1010644,C_107122,SAVINGS,4861.02,ACTIVE,2021-09-04 09:05:19
ACC_1010645,C_107123,SAVINGS,13695.76,ACTIVE,2025-10-20 02:20:04
ACC_1010646,C_107123,CURRENT,5838.12,ACTIVE,2025-10-03 18:44:04
ACC_1010647,C_107124,CURRENT,2506.09,ACTIVE,2023-01-05 03:19:21
ACC_1010648,C_107125,BUSINESS,126357.87,ACTIVE,2016-09-05 01:01:10
ACC_1010649,C_107125,BUSINESS,1552.07,ACTIVE,2016-08-31 17:40:10
ACC_1010650,C_107125,BUSINESS,1044893.1,ACTIVE,2016-09-05 16:19:10
ACC_1010651,C_107126,SAVINGS,4375.71,ACTIVE,2021-10-30 16:26:37
ACC_1010652,C_107126,CURRENT,781.39,ACTIVE,2021-10-27 16:56:37
ACC_1010653,C_107127,CURRENT,572.97,ACTIVE,2019-05-12 10:43:54
ACC_1010654,C_107128,BUSINESS,1000.0,ACTIVE,2020-05-06 09:07:49
ACC_1010655,C_107129,BUSINESS,43209.88,ACTIVE,2017-02-21 17:29:01
ACC_1010656,C_107129,CURRENT,1199.66,ACTIVE,2017-02-19 20:16:01
ACC_1010657,C_107129,SAVINGS,28985.3,DORMANT,2017-02-25 02:49:01
ACC_1010658,C_107130,BUSINESS,77541.36,ACTIVE,2021-12-01 15:49:46
ACC_1010659,C_107130,SAVINGS,2905.51,ACTIVE,2021-11-26 06:21:46
ACC_1010660,C_107131,BUSINESS,10058.21,DORMANT,2019-11-22 02:36:57
ACC_1010661,C_107131,SAVINGS,6560.85,ACTIVE,2019-12-06 06:33:57
ACC_1010662,C_107131,SAVINGS,4233.76,ACTIVE,2019-11-15 18:32:57
ACC_1010663,C_107132,SAVINGS,53897.71,ACTIVE,2025-09-17 21:52:54
ACC_1010664,C_107133,CURRENT,401.6,ACTIVE,2020-02-04 04:49:31
ACC_1010665,C_107134,CURRENT,428.34,ACTIVE,2022-08-15 00:57:47
ACC_1010666,C_107135,BUSINESS,36936.52,ACTIVE,2019-05-14 19:43:33
ACC_1010667,C_107135,CURRENT,358.67,ACTIVE,2019-05-25 11:02:33
ACC_1010668,C_107136,CURRENT,1856.02,DORMANT,2016-06-19 14:33:00
ACC_1010669,C_107136,SAVINGS,73872.79,ACTIVE,2016-07-12 09:19:00
ACC_1010670,C_107137,BUSINESS,16131.47,ACTIVE,2022-07-07 10:54:12
ACC_1010671,C_107138,BUSINESS,433702.28,ACTIVE,2020-09-13 13:23:16
ACC_1010672,C_107139,BUSINESS,6414.09,ACTIVE,2016-07-04 06:25:02
ACC_1010673,C_107139,CURRENT,1072.25,ACTIVE,2016-07-02 05:14:02
ACC_1010674,C_107140,CURRENT,2308.14,ACTIVE,2016-12-19 16:10:54
ACC_1010675,C_107141,CURRENT,1173.54,ACTIVE,2024-03-05 18:58:23
ACC_1010676,C_107141,CURRENT,810.55,ACTIVE,2024-03-24 05:52:23
ACC_1010677,C_107141,CURRENT,3039.54,ACTIVE,2024-03-24 16:04:23
ACC_1010678,C_107142,BUSINESS,58033.81,ACTIVE,2023-10-24 21:24:14
ACC_1010679,C_107142,BUSINESS,129067.33,DORMANT,2023-10-19 04:48:14
ACC_1010680,C_107142,SAVINGS,1977.39,DORMANT,2023-10-15 17:31:14
ACC_1010681,C_107143,BUSINESS,13842.16,DORMANT,2019-05-09 10:31:45
ACC_1010682,C_107143,BUSINESS,21220.88,ACTIVE,2019-05-29 03:48:45
ACC_1010683,C_107144,SAVINGS,9919.64,DORMANT,2021-12-30 08:36:14
ACC_1010684,C_107145,SAVINGS,3821.06,ACTIVE,2019-02-07 03:30:58
ACC_1010685,C_107146,SAVINGS,156052.2,ACTIVE,2021-11-06 22:07:37
ACC_1010686,C_107147,SAVINGS,154160.51,ACTIVE,2025-03-23 04:38:57
ACC_1010687,C_107147,CURRENT,2779.39,ACTIVE,2025-03-16 16:05:57
ACC_1010688,C_107148,BUSINESS,179007.24,ACTIVE,2020-08-20 02:41:46
ACC_1010689,C_107149,SAVINGS,5491.22,ACTIVE,2016-09-09 09:32:22
ACC_1010690,C_107150,BUSINESS,437009.75,ACTIVE,2019-11-23 14:44:52
ACC_1010691,C_107150,CURRENT,797.55,DORMANT,2019-12-07 18:52:52
ACC_1010692,C_107150,SAVINGS,12800.65,ACTIVE,2019-11-30 02:58:52
ACC_1010693,C_107151,SAVINGS,4365.84,ACTIVE,2021-05-25 17:09:46
ACC_1010694,C_107151,CURRENT,1271.56,ACTIVE,2021-05-12 07:18:46
ACC_1010695,C_107152,SAVINGS,1114.29,ACTIVE,2023-03-26 01:42:35
ACC_1010696,C_107153,BUSINESS,185043.84,ACTIVE,2020-08-15 00:35:53
ACC_1010697,C_107154,BUSINESS,2555.41,DORMANT,2024-07-05 15:31:09
ACC_1010698,C_107154,BUSINESS,22900.17,ACTIVE,2024-06-26 00:09:09
ACC_1010699,C_107154,BUSINESS,30060.13,ACTIVE,2024-06-22 23:17:09
ACC_1010700,C_107155,CURRENT,8063.69,ACTIVE,2020-05-08 23:26:19
ACC_1010701,C_107156,BUSINESS,41495.9,ACTIVE,2016-11-17 10:09:16
ACC_1010702,C_107156,CURRENT,561.89,ACTIVE,2016-10-31 02:40:16
ACC_1010703,C_107156,CURRENT,11368.27,ACTIVE,2016-11-30 10:23:16
ACC_1010704,C_107157,CURRENT,467.55,DORMANT,2016-04-29 17:36:51
ACC_1010705,C_107158,CURRENT,12268.02,ACTIVE,2017-07-23 10:49:21
ACC_1010706,C_107159,CURRENT,3327.11,DORMANT,2017-04-25 10:56:12
ACC_1010707,C_107159,SAVINGS,43237.89,ACTIVE,2017-04-15 09:26:12
ACC_1010708,C_107159,BUSINESS,4144.74,ACTIVE,2017-04-15 20:35:12
ACC_1010709,C_107160,BUSINESS,7234.92,ACTIVE,2018-01-05 14:32:21
ACC_1010710,C_107161,BUSINESS,11822.91,ACTIVE,2024-02-27 11:08:35
ACC_1010711,C_107161,CURRENT,1668.66,ACTIVE,2024-03-04 16:55:35
ACC_1010712,C_107162,CURRENT,3432.81,ACTIVE,2021-11-28 11:56:33
ACC_1010713,C_107162,CURRENT,1077.78,ACTIVE,2021-12-10 23:35:33
ACC_1010714,C_107163,SAVINGS,9237.35,ACTIVE,2023-02-10 09:09:41
ACC_1010715,C_107163,SAVINGS,7878.31,ACTIVE,2023-03-02 06:54:41
ACC_1010716,C_107163,BUSINESS,150423.45,ACTIVE,2023-03-02 21:00:41
ACC_1010717,C_107164,SAVINGS,36202.61,DORMANT,2019-07-17 19:46:11
ACC_1010718,C_107165,BUSINESS,153222.51,ACTIVE,2025-11-01 20:32:57
ACC_1010719,C_107166,BUSINESS,173982.57,ACTIVE,2021-10-15 02:16:50
ACC_1010720,C_107166,SAVINGS,16957.76,ACTIVE,2021-10-16 14:42:50
ACC_1010721,C_107166,CURRENT,1792.33,ACTIVE,2021-10-09 19:29:50
ACC_1010722,C_107167,BUSINESS,886160.13,ACTIVE,2021-01-24 04:46:40
ACC_1010723,C_107168,CURRENT,5104.25,ACTIVE,2020-05-01 11:08:55
ACC_1010724,C_107169,SAVINGS,7528.04,ACTIVE,2017-01-02 22:57:35
ACC_1010725,C_107169,CURRENT,10250.35,ACTIVE,2016-12-21 19:53:35
ACC_1010726,C_107170,BUSINESS,120197.03,ACTIVE,2017-01-22 22:45:01
ACC_1010727,C_107170,CURRENT,611.63,ACTIVE,2017-01-25 05:54:01
ACC_1010728,C_107170,CURRENT,4361.3,ACTIVE,2017-01-27 00:45:01
ACC_1010729,C_107171,BUSINESS,232638.24,ACTIVE,2024-12-23 08:23:17
ACC_1010730,C_107172,CURRENT,596.26,ACTIVE,2018-09-05 22:26:25
ACC_1010731,C_107173,SAVINGS,9118.07,DORMANT,2019-01-03 01:54:55
ACC_1010732,C_107174,BUSINESS,19432.7,ACTIVE,2023-06-10 16:08:23
ACC_1010733,C_107175,SAVINGS,192246.83,ACTIVE,2016-09-18 02:42:33
ACC_1010734,C_107175,BUSINESS,19400.06,ACTIVE,2016-08-21 04:46:33
ACC_1010735,C_107176,BUSINESS,40976.43,ACTIVE,2019-02-28 03:42:00
ACC_1010736,C_107177,BUSINESS,37833.6,ACTIVE,2024-07-28 09:02:00
ACC_1010737,C_107178,SAVINGS,28949.14,ACTIVE,2020-05-29 13:24:48
ACC_1010738,C_107179,CURRENT,2329.03,DORMANT,2024-10-15 08:18:28
ACC_1010739,C_107179,SAVINGS,17533.65,ACTIVE,2024-10-15 02:47:28
ACC_1010740,C_107179,BUSINESS,104506.83,ACTIVE,2024-10-16 00:49:28
ACC_1010741,C_107180,BUSINESS,32580.72,ACTIVE,2016-12-04 09:00:20
ACC_1010742,C_107181,BUSINESS,82090.17,ACTIVE,2025-06-19 04:10:50
ACC_1010743,C_107182,BUSINESS,91162.37,ACTIVE,2023-12-30 02:00:19
ACC_1010744,C_107183,BUSINESS,5780.4,DORMANT,2024-11-05 12:55:19
ACC_1010745,C_107183,SAVINGS,77825.58,DORMANT,2024-10-08 21:44:19
ACC_1010746,C_107183,SAVINGS,6060.78,ACTIVE,2024-10-30 04:52:19
ACC_1010747,C_107184,SAVINGS,28065.66,ACTIVE,2025-02-01 16:54:36
ACC_1010748,C_107184,SAVINGS,1522.81,ACTIVE,2025-01-11 09:30:36
ACC_1010749,C_107185,CURRENT,3563.44,ACTIVE,2023-11-02 19:16:46
ACC_1010750,C_107185,SAVINGS,4181.47,ACTIVE,2023-10-29 13:32:46
ACC_1010751,C_107186,SAVINGS,1014.51,DORMANT,2022-09-14 11:24:30
ACC_1010752,C_107186,CURRENT,2049.33,ACTIVE,2022-08-29 00:18:30
ACC_1010753,C_107187,BUSINESS,4378.11,ACTIVE,2016-04-02 04:13:22
ACC_1010754,C_107188,CURRENT,5084.08,ACTIVE,2023-09-04 10:21:59
ACC_1010755,C_107188,BUSINESS,404343.53,ACTIVE,2023-08-26 02:06:59
ACC_1010756,C_107188,BUSINESS,106311.44,ACTIVE,2023-09-08 15:20:59
ACC_1010757,C_107189,SAVINGS,103650.53,ACTIVE,2020-10-29 07:22:21
ACC_1010758,C_107190,CURRENT,778.23,ACTIVE,2022-04-19 08:34:11
ACC_1010759,C_107191,CURRENT,11540.03,ACTIVE,2019-11-01 23:16:07
ACC_1010760,C_107192,BUSINESS,61958.39,ACTIVE,2022-02-28 20:00:17
ACC_1010761,C_107193,BUSINESS,2206.88,ACTIVE,2021-10-08 17:05:30
ACC_1010762,C_107194,SAVINGS,89568.1,ACTIVE,2020-03-19 10:03:34
ACC_1010763,C_107194,BUSINESS,165354.22,ACTIVE,2020-03-21 03:53:34
ACC_1010764,C_107194,BUSINESS,8921.69,ACTIVE,2020-04-04 11:01:34
ACC_1010765,C_107195,SAVINGS,8688.03,ACTIVE,2018-03-01 11:08:02
ACC_1010766,C_107195,BUSINESS,102179.85,DORMANT,2018-03-05 16:35:02
ACC_1010767,C_107195,BUSINESS,123030.28,ACTIVE,2018-03-24 01:33:02
ACC_1010768,C_107196,BUSINESS,53891.39,ACTIVE,2021-03-19 14:30:43
ACC_1010769,C_107196,CURRENT,188.14,ACTIVE,2021-03-26 08:44:43
ACC_1010770,C_107197,CURRENT,2185.87,ACTIVE,2019-05-07 04:50:26
ACC_1010771,C_107197,CURRENT,1807.6,ACTIVE,2019-04-25 23:53:26
ACC_1010772,C_107198,CURRENT,3886.58,ACTIVE,2024-08-06 00:40:23
ACC_1010773,C_107198,CURRENT,3341.05,ACTIVE,2024-08-01 19:07:23
ACC_1010774,C_107199,CURRENT,1558.75,ACTIVE,2019-05-14 13:45:42
ACC_1010775,C_107200,CURRENT,923.43,ACTIVE,2017-08-26 11:21:26
ACC_1010776,C_107201,CURRENT,454.71,ACTIVE,2017-05-12 07:58:06
ACC_1010777,C_107201,SAVINGS,13184.31,ACTIVE,2017-05-08 13:02:06
ACC_1010778,C_107201,CURRENT,4721.39,ACTIVE,2017-05-15 11:47:06
ACC_1010779,C_107202,CURRENT,2962.41,ACTIVE,2020-12-11 20:02:40
ACC_1010780,C_107202,BUSINESS,3822.54,ACTIVE,2020-12-16 04:30:40
ACC_1010781,C_107202,BUSINESS,50469.94,ACTIVE,2020-12-25 02:09:40
ACC_1010782,C_107203,SAVINGS,14034.73,ACTIVE,2016-03-04 22:56:46
ACC_1010783,C_107203,CURRENT,1040.26,ACTIVE,2016-03-27 22:49:46
ACC_1010784,C_107204,SAVINGS,31274.09,ACTIVE,2024-12-02 06:28:43
ACC_1010785,C_107205,CURRENT,1182.55,ACTIVE,2017-05-21 17:24:51
ACC_1010786,C_107206,SAVINGS,5072.01,ACTIVE,2024-08-14 23:46:11
ACC_1010787,C_107207,CURRENT,2173.35,ACTIVE,2016-05-11 08:44:01
ACC_1010788,C_107207,CURRENT,3597.5,ACTIVE,2016-05-03 10:20:01
ACC_1010789,C_107208,CURRENT,193.66,ACTIVE,2024-01-06 23:37:38
ACC_1010790,C_107209,BUSINESS,60008.49,ACTIVE,2025-11-09 15:12:55
ACC_1010791,C_107209,SAVINGS,3618.92,ACTIVE,2025-11-01 07:45:55
ACC_1010792,C_107210,SAVINGS,18065.56,ACTIVE,2023-09-29 19:09:40
ACC_1010793,C_107210,BUSINESS,12387.36,ACTIVE,2023-10-05 18:05:40
ACC_1010794,C_107211,BUSINESS,94259.13,ACTIVE,2020-08-02 16:06:33
ACC_1010795,C_107211,CURRENT,2423.75,ACTIVE,2020-07-23 17:37:33
ACC_1010796,C_107212,SAVINGS,158566.45,ACTIVE,2021-11-06 12:57:12
ACC_1010797,C_107212,CURRENT,1390.17,ACTIVE,2021-10-24 23:00:12
ACC_1010798,C_107213,CURRENT,1938.45,ACTIVE,2019-07-06 16:57:14
ACC_1010799,C_107214,SAVINGS,12434.29,ACTIVE,2022-02-15 06:23:21
ACC_1010800,C_107215,BUSINESS,15848.22,ACTIVE,2019-06-03 00:36:24
ACC_1010801,C_107216,BUSINESS,1541.37,ACTIVE,2018-11-13 14:18:37
ACC_1010802,C_107217,BUSINESS,52218.38,ACTIVE,2025-06-19 14:50:22
ACC_1010803,C_107217,SAVINGS,13467.57,ACTIVE,2025-06-20 02:12:22
ACC_1010804,C_107218,SAVINGS,15125.11,ACTIVE,2019-05-29 03:17:44
ACC_1010805,C_107219,SAVINGS,23776.61,ACTIVE,2017-05-03 23:37:27
ACC_1010806,C_107220,SAVINGS,3556.27,ACTIVE,2016-04-07 19:23:47
ACC_1010807,C_107220,BUSINESS,64012.0,ACTIVE,2016-04-18 00:54:47
ACC_1010808,C_107221,BUSINESS,5214.27,ACTIVE,2020-03-24 06:24:31
ACC_1010809,C_107222,CURRENT,716.88,ACTIVE,2019-03-06 03:36:07
ACC_1010810,C_107222,SAVINGS,11120.93,ACTIVE,2019-03-16 00:32:07
ACC_1010811,C_107222,CURRENT,4074.63,DORMANT,2019-03-05 11:20:07
ACC_1010812,C_107223,SAVINGS,2504.48,ACTIVE,2024-12-11 13:41:30
ACC_1010813,C_107224,CURRENT,735.49,ACTIVE,2024-07-27 04:46:23
ACC_1010814,C_107225,BUSINESS,62723.3,ACTIVE,2020-12-08 21:42:56
ACC_1010815,C_107225,SAVINGS,20993.25,ACTIVE,2020-11-16 01:19:56
ACC_1010816,C_107226,CURRENT,541.11,ACTIVE,2024-03-25 11:31:59
ACC_1010817,C_107227,SAVINGS,2427.6,ACTIVE,2019-03-27 15:49:40
ACC_1010818,C_107228,SAVINGS,35180.66,ACTIVE,2025-04-05 13:48:27
ACC_1010819,C_107228,CURRENT,4490.59,ACTIVE,2025-04-06 15:05:27
ACC_1010820,C_107229,BUSINESS,29891.92,ACTIVE,2017-04-17 14:47:02
ACC_1010821,C_107230,BUSINESS,12152.44,ACTIVE,2023-06-20 23:51:45
ACC_1010822,C_107230,SAVINGS,1972.13,ACTIVE,2023-07-10 05:47:45
ACC_1010823,C_107231,CURRENT,10180.27,ACTIVE,2017-02-28 12:36:02
ACC_1010824,C_107231,SAVINGS,20622.76,ACTIVE,2017-02-15 08:31:02
ACC_1010825,C_107232,CURRENT,4388.37,ACTIVE,2018-07-26 15:16:54
ACC_1010826,C_107233,BUSINESS,41944.7,ACTIVE,2016-12-05 09:09:35
ACC_1010827,C_107233,CURRENT,1340.92,DORMANT,2016-11-24 22:28:35
ACC_1010828,C_107234,BUSINESS,81944.93,ACTIVE,2022-11-29 14:51:33
ACC_1010829,C_107235,SAVINGS,7391.56,ACTIVE,2019-03-18 10:25:15
ACC_1010830,C_107236,CURRENT,1450.51,ACTIVE,2022-07-07 06:10:40
ACC_1010831,C_107236,SAVINGS,250000.0,ACTIVE,2022-06-24 23:01:40
ACC_1010832,C_107237,SAVINGS,10035.75,ACTIVE,2024-03-09 05:24:01
ACC_1010833,C_107238,BUSINESS,485968.93,ACTIVE,2023-12-07 10:07:39
ACC_1010834,C_107239,CURRENT,2407.99,ACTIVE,2017-02-21 20:46:49
ACC_1010835,C_107239,SAVINGS,1862.01,ACTIVE,2017-02-02 16:34:49
ACC_1010836,C_107240,BUSINESS,82033.98,ACTIVE,2025-07-07 01:50:05
ACC_1010837,C_107241,BUSINESS,37081.43,ACTIVE,2022-09-28 14:46:00
ACC_1010838,C_107241,SAVINGS,3275.22,ACTIVE,2022-09-10 12:12:00
ACC_1010839,C_107242,CURRENT,1236.51,ACTIVE,2016-06-18 23:14:48
ACC_1010840,C_107242,BUSINESS,236307.9,ACTIVE,2016-06-25 14:20:48
ACC_1010841,C_107243,SAVINGS,7384.72,ACTIVE,2020-01-29 07:31:23
ACC_1010842,C_107243,CURRENT,3181.94,ACTIVE,2020-01-18 10:17:23
ACC_1010843,C_107243,BUSINESS,236676.68,ACTIVE,2020-01-20 06:54:23
ACC_1010844,C_107244,SAVINGS,47989.93,ACTIVE,2020-11-09 05:06:16
ACC_1010845,C_107245,CURRENT,1251.93,ACTIVE,2017-09-21 11:56:12
ACC_1010846,C_107245,SAVINGS,4219.53,DORMANT,2017-10-02 11:38:12
ACC_1010847,C_107246,BUSINESS,23515.16,ACTIVE,2024-12-11 05:51:26
ACC_1010848,C_107247,SAVINGS,7543.1,ACTIVE,2019-01-05 15:38:09
ACC_1010849,C_107248,CURRENT,1594.06,ACTIVE,2020-04-26 22:56:38
ACC_1010850,C_107249,CURRENT,6353.89,ACTIVE,2018-11-11 19:57:11
ACC_1010851,C_107250,CURRENT,1052.96,ACTIVE,2025-05-06 20:39:29
ACC_1010852,C_107251,CURRENT,3369.32,DORMANT,2025-06-10 00:27:29
ACC_1010853,C_107251,BUSINESS,269691.92,ACTIVE,2025-05-30 02:57:29
ACC_1010854,C_107252,SAVINGS,34364.19,ACTIVE,2016-03-23 19:01:56
ACC_1010855,C_107253,BUSINESS,69245.27,ACTIVE,2022-07-24 19:43:11
ACC_1010856,C_107254,SAVINGS,6973.98,ACTIVE,2025-01-20 08:57:45
ACC_1010857,C_107255,BUSINESS,353907.74,ACTIVE,2017-06-13 10:29:52
ACC_1010858,C_107255,CURRENT,754.02,ACTIVE,2017-07-01 20:00:52
ACC_1010859,C_107256,BUSINESS,79867.88,ACTIVE,2016-01-22 12:03:56
ACC_1010860,C_107256,SAVINGS,14810.16,DORMANT,2016-01-11 15:19:56
ACC_1010861,C_107257,BUSINESS,7795.77,ACTIVE,2022-03-26 03:33:14
ACC_1010862,C_107258,SAVINGS,42118.87,ACTIVE,2021-06-15 04:13:07
ACC_1010863,C_107258,SAVINGS,2442.12,ACTIVE,2021-05-20 06:32:07
ACC_1010864,C_107258,BUSINESS,751133.68,ACTIVE,2021-06-13 21:48:07
ACC_1010865,C_107259,CURRENT,828.35,ACTIVE,2019-02-11 02:50:38
ACC_1010866,C_107260,SAVINGS,5896.78,ACTIVE,2024-05-03 18:55:34
ACC_1010867,C_107260,BUSINESS,77943.19,ACTIVE,2024-04-18 02:35:34
ACC_1010868,C_107260,SAVINGS,30668.76,ACTIVE,2024-05-02 01:11:34
ACC_1010869,C_107261,BUSINESS,105533.07,ACTIVE,2023-09-06 09:51:32
ACC_1010870,C_107262,CURRENT,2564.17,ACTIVE,2024-04-20 07:15:49
ACC_1010871,C_107263,CURRENT,1986.81,ACTIVE,2024-12-08 04:00:28
ACC_1010872,C_107263,SAVINGS,18405.22,ACTIVE,2024-12-17 10:00:28
ACC_1010873,C_107264,CURRENT,2747.07,ACTIVE,2020-08-06 23:12:59
ACC_1010874,C_107264,SAVINGS,4031.96,ACTIVE,2020-07-30 14:40:59
ACC_1010875,C_107265,BUSINESS,278056.71,ACTIVE,2021-07-26 02:42:28
ACC_1010876,C_107266,SAVINGS,147302.25,ACTIVE,2024-04-30 19:39:49
ACC_1010877,C_107267,SAVINGS,17291.12,ACTIVE,2024-05-10 13:53:42
ACC_1010878,C_107268,BUSINESS,118657.3,ACTIVE,2024-07-19 03:20:21
ACC_1010879,C_107269,CURRENT,2184.16,ACTIVE,2016-03-22 22:30:10
ACC_1010880,C_107269,CURRENT,300.67,ACTIVE,2016-03-26 21:31:10
ACC_1010881,C_107270,CURRENT,993.4,ACTIVE,2017-11-01 10:06:49
ACC_1010882,C_107271,SAVINGS,9025.39,ACTIVE,2020-08-19 00:15:24
ACC_1010883,C_107272,BUSINESS,39058.09,ACTIVE,2025-04-30 09:24:00
ACC_1010884,C_107272,SAVINGS,6049.69,ACTIVE,2025-05-01 00:07:00
ACC_1010885,C_107273,CURRENT,3738.92,ACTIVE,2017-08-30 04:13:41
ACC_1010886,C_107274,SAVINGS,5820.66,ACTIVE,2021-09-03 18:12:45
ACC_1010887,C_107275,SAVINGS,30055.9,ACTIVE,2023-12-28 12:01:27
ACC_1010888,C_107275,BUSINESS,91689.85,ACTIVE,2024-01-03 13:20:27
ACC_1010889,C_107275,CURRENT,5365.12,ACTIVE,2023-12-24 05:45:27
ACC_1010890,C_107276,CURRENT,2535.67,ACTIVE,2025-04-09 09:31:13
ACC_1010891,C_107276,CURRENT,2410.78,ACTIVE,2025-05-04 11:38:13
ACC_1010892,C_107277,CURRENT,8422.55,ACTIVE,2025-03-15 13:03:56
ACC_1010893,C_107277,CURRENT,2696.29,ACTIVE,2025-03-22 07:10:56
ACC_1010894,C_107278,CURRENT,419.66,ACTIVE,2017-06-28 17:07:12
ACC_1010895,C_107279,CURRENT,5532.63,ACTIVE,2024-06-08 02:28:05
ACC_1010896,C_107280,SAVINGS,15545.44,ACTIVE,2021-05-10 21:24:14
ACC_1010897,C_107280,SAVINGS,5688.12,ACTIVE,2021-05-08 23:22:14
ACC_1010898,C_107281,CURRENT,2030.3,ACTIVE,2024-03-31 07:12:57
ACC_1010899,C_107281,SAVINGS,11743.75,ACTIVE,2024-04-11 07:17:57
ACC_1010900,C_107282,CURRENT,8927.82,DORMANT,2021-04-21 07:13:12
ACC_1010901,C_107283,SAVINGS,11678.3,ACTIVE,2024-03-30 10:06:42
ACC_1010902,C_107284,SAVINGS,5891.45,ACTIVE,2022-11-17 12:30:55
ACC_1010903,C_107285,CURRENT,4062.1,ACTIVE,2023-03-11 04:09:53
ACC_1010904,C_107286,SAVINGS,6378.44,ACTIVE,2024-11-02 14:41:11
ACC_1010905,C_107287,BUSINESS,112896.43,ACTIVE,2017-05-26 08:14:51
ACC_1010906,C_107288,SAVINGS,9127.73,ACTIVE,2017-08-10 22:41:08
ACC_1010907,C_107288,SAVINGS,113299.91,ACTIVE,2017-08-09 11:28:08
ACC_1010908,C_107289,BUSINESS,23297.09,ACTIVE,2016-12-19 08:26:45
ACC_1010909,C_107290,BUSINESS,7568.47,ACTIVE,2020-02-29 19:02:11
ACC_1010910,C_107290,SAVINGS,4823.42,ACTIVE,2020-02-11 12:29:11
ACC_1010911,C_107290,CURRENT,2251.16,ACTIVE,2020-02-15 22:22:11
ACC_1010912,C_107291,CURRENT,1194.24,ACTIVE,2022-06-14 16:44:23
ACC_1010913,C_107292,CURRENT,5622.28,ACTIVE,2018-01-24 12:42:18
ACC_1010914,C_107293,SAVINGS,97198.41,ACTIVE,2019-07-11 11:15:20
ACC_1010915,C_107294,BUSINESS,13805.18,ACTIVE,2018-01-25 23:23:16
ACC_1010916,C_107295,BUSINESS,148997.55,ACTIVE,2018-10-19 21:10:12
ACC_1010917,C_107296,BUSINESS,221199.81,ACTIVE,2018-04-28 11:18:45
ACC_1010918,C_107296,SAVINGS,26373.62,ACTIVE,2018-05-22 13:52:45
ACC_1010919,C_107297,SAVINGS,131868.21,ACTIVE,2021-06-01 13:46:43
ACC_1010920,C_107298,SAVINGS,201568.23,ACTIVE,2017-06-02 13:11:09
ACC_1010921,C_107298,BUSINESS,58946.56,ACTIVE,2017-07-01 18:19:09
ACC_1010922,C_107299,CURRENT,1253.56,ACTIVE,2020-03-23 10:23:08
ACC_1010923,C_107300,BUSINESS,83830.49,ACTIVE,2021-10-26 13:02:48
ACC_1010924,C_107301,BUSINESS,68625.18,ACTIVE,2021-08-23 11:52:16
ACC_1010925,C_107301,BUSINESS,11035.23,ACTIVE,2021-09-10 19:37:16
ACC_1010926,C_107301,CURRENT,508.21,ACTIVE,2021-09-15 15:26:16
ACC_1010927,C_107302,CURRENT,3710.88,ACTIVE,2019-09-27 00:55:39
ACC_1010928,C_107302,CURRENT,480.57,ACTIVE,2019-09-23 01:47:39
ACC_1010929,C_107303,CURRENT,2995.79,ACTIVE,2019-01-29 03:48:37
ACC_1010930,C_107303,SAVINGS,10679.28,ACTIVE,2019-02-02 08:48:37
ACC_1010931,C_107304,BUSINESS,26227.81,ACTIVE,2022-05-08 18:27:47
ACC_1010932,C_107304,CURRENT,874.98,ACTIVE,2022-05-17 02:14:47
ACC_1010933,C_107305,BUSINESS,15256.89,ACTIVE,2022-08-31 08:22:04
ACC_1010934,C_107305,SAVINGS,12166.55,ACTIVE,2022-08-23 12:26:04
ACC_1010935,C_107306,CURRENT,1321.42,ACTIVE,2020-11-02 03:52:02
ACC_1010936,C_107307,CURRENT,3154.94,ACTIVE,2020-09-25 18:06:23
ACC_1010937,C_107308,CURRENT,732.16,ACTIVE,2018-12-21 05:27:05
ACC_1010938,C_107309,BUSINESS,339056.66,ACTIVE,2017-05-02 04:15:28
ACC_1010939,C_107309,BUSINESS,93482.85,ACTIVE,2017-05-04 09:53:28
ACC_1010940,C_107310,CURRENT,3117.52,ACTIVE,2023-01-10 23:06:13
ACC_1010941,C_107311,SAVINGS,5007.18,ACTIVE,2024-09-11 02:25:39
ACC_1010942,C_107312,BUSINESS,43413.79,ACTIVE,2024-05-09 06:00:43
ACC_1010943,C_107312,CURRENT,20242.61,ACTIVE,2024-05-19 15:17:43
ACC_1010944,C_107313,CURRENT,3809.92,ACTIVE,2024-07-30 05:27:46
ACC_1010945,C_107313,SAVINGS,5453.49,ACTIVE,2024-08-05 01:25:46
ACC_1010946,C_107314,CURRENT,923.28,ACTIVE,2022-02-02 21:26:30
ACC_1010947,C_107314,CURRENT,1183.87,ACTIVE,2022-02-14 16:38:30
ACC_1010948,C_107315,BUSINESS,27636.82,ACTIVE,2021-02-24 15:39:03
ACC_1010949,C_107316,SAVINGS,16021.17,ACTIVE,2018-03-19 01:18:50
ACC_1010950,C_107316,SAVINGS,56221.26,ACTIVE,2018-03-24 01:08:50
ACC_1010951,C_107317,SAVINGS,18312.94,ACTIVE,2023-07-23 16:58:43
ACC_1010952,C_107318,SAVINGS,1785.76,ACTIVE,2016-12-04 09:41:14
ACC_1010953,C_107318,CURRENT,5278.39,ACTIVE,2016-12-18 06:34:14
ACC_1010954,C_107319,SAVINGS,17627.54,ACTIVE,2018-06-29 02:59:24
ACC_1010955,C_107320,SAVINGS,3764.81,ACTIVE,2019-08-31 06:30:02
ACC_1010956,C_107321,CURRENT,1842.18,ACTIVE,2022-11-06 06:35:09
ACC_1010957,C_107322,SAVINGS,6631.89,ACTIVE,2017-03-02 14:15:08
ACC_1010958,C_107322,BUSINESS,493927.36,ACTIVE,2017-03-18 00:06:08
ACC_1010959,C_107323,BUSINESS,249909.96,ACTIVE,2023-04-12 11:03:55
ACC_1010960,C_107324,CURRENT,5188.56,ACTIVE,2025-08-26 10:25:06
ACC_1010961,C_107325,SAVINGS,2115.26,ACTIVE,2016-09-27 01:34:15
ACC_1010962,C_107326,SAVINGS,223811.83,ACTIVE,2017-09-14 10:36:56
ACC_1010963,C_107327,BUSINESS,389079.13,ACTIVE,2024-10-31 22:43:34
ACC_1010964,C_107327,CURRENT,1880.59,ACTIVE,2024-10-27 16:38:34
ACC_1010965,C_107328,CURRENT,1220.59,ACTIVE,2017-04-29 23:27:04
ACC_1010966,C_107329,SAVINGS,9988.09,ACTIVE,2018-11-23 19:56:38
ACC_1010967,C_107329,CURRENT,892.64,DORMANT,2018-11-03 05:15:38
ACC_1010968,C_107329,BUSINESS,12961.8,ACTIVE,2018-11-18 03:50:38
ACC_1010969,C_107330,SAVINGS,17794.38,ACTIVE,2023-11-06 16:17:27
ACC_1010970,C_107330,CURRENT,1357.85,ACTIVE,2023-10-22 18:29:27
ACC_1010971,C_107330,SAVINGS,7521.48,ACTIVE,2023-10-24 08:26:27
ACC_1010972,C_107331,CURRENT,268.83,DORMANT,2024-07-13 21:19:37
ACC_1010973,C_107331,SAVINGS,47670.3,ACTIVE,2024-07-06 12:56:37
ACC_1010974,C_107332,CURRENT,417.56,ACTIVE,2017-12-30 03:22:55
ACC_1010975,C_107333,BUSINESS,19456.87,DORMANT,2021-05-07 10:21:48
ACC_1010976,C_107334,CURRENT,9347.76,ACTIVE,2017-11-19 08:08:44
ACC_1010977,C_107335,CURRENT,1702.3,ACTIVE,2019-02-18 13:01:24
ACC_1010978,C_107335,BUSINESS,3655.25,ACTIVE,2019-03-01 05:20:24
ACC_1010979,C_107336,CURRENT,5039.7,ACTIVE,2018-04-25 17:36:39
ACC_1010980,C_107337,BUSINESS,71231.94,ACTIVE,2021-05-02 02:36:53
ACC_1010981,C_107338,BUSINESS,12821.48,ACTIVE,2023-05-27 17:41:33
ACC_1010982,C_107339,CURRENT,2576.87,ACTIVE,2019-05-01 14:45:14
ACC_1010983,C_107340,CURRENT,716.38,ACTIVE,2017-07-08 21:53:34
ACC_1010984,C_107340,CURRENT,3011.02,ACTIVE,2017-07-27 06:26:34
ACC_1010985,C_107341,CURRENT,921.38,ACTIVE,2021-09-22 04:04:33
ACC_1010986,C_107342,BUSINESS,22480.78,ACTIVE,2024-08-19 08:39:29
ACC_1010987,C_107343,BUSINESS,60801.91,ACTIVE,2017-09-08 00:53:06
ACC_1010988,C_107344,SAVINGS,13768.14,ACTIVE,2017-07-04 22:01:21
ACC_1010989,C_107345,CURRENT,9944.77,ACTIVE,2022-03-06 21:44:30
ACC_1010990,C_107346,CURRENT,3392.63,ACTIVE,2017-10-27 14:51:07
ACC_1010991,C_107346,CURRENT,16356.3,ACTIVE,2017-09-30 04:19:07
ACC_1010992,C_107347,SAVINGS,6517.77,ACTIVE,2023-10-04 22:24:05
ACC_1010993,C_107347,SAVINGS,26433.05,ACTIVE,2023-10-15 22:19:05
ACC_1010994,C_107347,BUSINESS,24904.2,ACTIVE,2023-09-27 17:55:05
ACC_1010995,C_107348,CURRENT,13092.86,ACTIVE,2017-12-02 08:37:17
ACC_1010996,C_107349,SAVINGS,95084.67,ACTIVE,2023-05-26 02:22:11
ACC_1010997,C_107349,CURRENT,645.07,ACTIVE,2023-05-06 18:41:11
ACC_1010998,C_107350,BUSINESS,54951.98,ACTIVE,2016-11-23 06:43:13
ACC_1010999,C_107350,CURRENT,2952.47,DORMANT,2016-11-12 06:13:13
ACC_1011000,C_107351,CURRENT,5085.19,ACTIVE,2018-05-25 05:56:35
ACC_1011001,C_107352,BUSINESS,22305.28,DORMANT,2019-07-25 17:56:54
ACC_1011002,C_107352,CURRENT,2064.12,ACTIVE,2019-07-17 13:20:54
ACC_1011003,C_107353,SAVINGS,22076.41,ACTIVE,2018-06-04 16:26:23
ACC_1011004,C_107353,BUSINESS,21682.9,ACTIVE,2018-06-14 20:55:23
ACC_1011005,C_107354,CURRENT,1093.04,ACTIVE,2016-10-02 11:00:14
ACC_1011006,C_107354,CURRENT,675.36,ACTIVE,2016-10-13 02:18:14
ACC_1011007,C_107355,CURRENT,2370.18,ACTIVE,2017-05-14 00:34:51
ACC_1011008,C_107355,BUSINESS,21672.61,ACTIVE,2017-05-19 07:35:51
ACC_1011009,C_107355,CURRENT,718.87,ACTIVE,2017-05-15 17:17:51
ACC_1011010,C_107356,SAVINGS,11979.06,ACTIVE,2023-08-13 12:01:36
ACC_1011011,C_107357,BUSINESS,5058.91,ACTIVE,2022-04-23 15:00:18
ACC_1011012,C_107358,CURRENT,391.58,ACTIVE,2016-10-10 19:12:50
ACC_1011013,C_107358,SAVINGS,20930.98,ACTIVE,2016-09-30 07:00:50
ACC_1011014,C_107359,SAVINGS,4404.85,ACTIVE,2025-05-29 10:31:36
ACC_1011015,C_107359,SAVINGS,2701.09,ACTIVE,2025-05-25 22:27:36
ACC_1011016,C_107360,BUSINESS,140232.71,ACTIVE,2023-11-07 00:01:08
ACC_1011017,C_107360,CURRENT,943.36,ACTIVE,2023-11-15 16:47:08
ACC_1011018,C_107360,SAVINGS,18079.09,ACTIVE,2023-11-07 22:55:08
ACC_1011019,C_107361,CURRENT,2704.4,ACTIVE,2022-04-01 21:49:45
ACC_1011020,C_107362,BUSINESS,96885.07,DORMANT,2021-08-04 12:58:58
ACC_1011021,C_107363,CURRENT,1764.55,ACTIVE,2017-05-26 01:33:09
ACC_1011022,C_107364,CURRENT,1520.08,ACTIVE,2024-12-31 15:59:42
ACC_1011023,C_107365,CURRENT,6602.62,ACTIVE,2018-10-06 09:11:54
ACC_1011024,C_107366,BUSINESS,69447.54,ACTIVE,2025-11-28 07:23:44
ACC_1011025,C_107367,SAVINGS,12623.43,DORMANT,2017-08-23 09:41:38
ACC_1011026,C_107368,SAVINGS,4794.43,ACTIVE,2022-10-20 09:12:20
ACC_1011027,C_107369,BUSINESS,2338.77,ACTIVE,2019-03-07 10:34:13
ACC_1011028,C_107369,BUSINESS,37660.41,ACTIVE,2019-03-12 09:49:13
ACC_1011029,C_107370,CURRENT,780.95,ACTIVE,2023-10-03 18:31:10
ACC_1011030,C_107371,SAVINGS,68377.04,ACTIVE,2023-10-30 07:44:56
ACC_1011031,C_107372,SAVINGS,3086.82,ACTIVE,2019-12-31 18:27:51
ACC_1011032,C_107372,CURRENT,2911.74,ACTIVE,2020-01-14 07:06:51
ACC_1011033,C_107372,BUSINESS,56482.57,ACTIVE,2020-01-24 21:24:51
ACC_1011034,C_107373,SAVINGS,37907.57,DORMANT,2018-07-22 18:27:22
ACC_1011035,C_107374,CURRENT,4828.35,ACTIVE,2024-07-30 11:12:50
ACC_1011036,C_107375,CURRENT,2018.41,ACTIVE,2024-12-08 04:38:29
ACC_1011037,C_107376,CURRENT,6358.49,ACTIVE,2023-08-30 08:42:54
ACC_1011038,C_107376,CURRENT,909.04,ACTIVE,2023-08-31 10:52:54
ACC_1011039,C_107377,SAVINGS,8161.6,ACTIVE,2024-10-22 20:48:32
ACC_1011040,C_107378,CURRENT,1791.55,ACTIVE,2023-02-16 10:31:20
ACC_1011041,C_107379,BUSINESS,17414.7,ACTIVE,2019-10-28 06:30:26
ACC_1011042,C_107380,CURRENT,807.15,ACTIVE,2018-03-06 10:25:56
ACC_1011043,C_107380,CURRENT,6272.1,ACTIVE,2018-03-24 14:18:56
ACC_1011044,C_107381,CURRENT,1230.37,DORMANT,2017-10-09 15:58:12
ACC_1011045,C_107381,SAVINGS,30239.65,ACTIVE,2017-09-30 19:05:12
ACC_1011046,C_107382,CURRENT,11280.57,ACTIVE,2025-09-30 21:21:18
ACC_1011047,C_107383,CURRENT,1464.13,ACTIVE,2025-09-06 01:25:07
ACC_1011048,C_107383,BUSINESS,426894.04,ACTIVE,2025-09-09 01:27:07
ACC_1011049,C_107384,CURRENT,2884.55,DORMANT,2018-08-18 05:23:41
ACC_1011050,C_107385,SAVINGS,8896.11,ACTIVE,2023-11-07 19:54:26
ACC_1011051,C_107386,BUSINESS,33085.46,ACTIVE,2016-11-10 18:58:00
ACC_1011052,C_107386,BUSINESS,214559.97,ACTIVE,2016-11-15 15:19:00
ACC_1011053,C_107386,CURRENT,558.99,ACTIVE,2016-11-15 00:04:00
ACC_1011054,C_107387,CURRENT,2857.47,ACTIVE,2024-03-14 23:40:40
ACC_1011055,C_107388,CURRENT,3315.27,ACTIVE,2023-04-26 05:33:06
ACC_1011056,C_107388,CURRENT,594.28,DORMANT,2023-04-29 10:35:06
ACC_1011057,C_107388,CURRENT,10136.87,DORMANT,2023-05-17 05:19:06
ACC_1011058,C_107389,CURRENT,1979.26,ACTIVE,2016-04-12 18:34:17
ACC_1011059,C_107390,SAVINGS,21278.1,ACTIVE,2017-05-24 07:22:00
ACC_1011060,C_107391,SAVINGS,8696.48,ACTIVE,2020-03-23 07:28:15
ACC_1011061,C_107392,CURRENT,563.56,ACTIVE,2022-08-26 23:54:39
ACC_1011062,C_107392,SAVINGS,22360.63,DORMANT,2022-09-16 14:06:39
ACC_1011063,C_107393,SAVINGS,9836.13,ACTIVE,2019-03-13 08:57:43
ACC_1011064,C_107393,CURRENT,4545.66,ACTIVE,2019-03-19 20:17:43
ACC_1011065,C_107393,SAVINGS,68343.71,ACTIVE,2019-03-26 03:54:43
ACC_1011066,C_107394,BUSINESS,187574.2,ACTIVE,2024-02-07 14:45:24
ACC_1011067,C_107394,SAVINGS,5735.09,ACTIVE,2024-02-08 19:12:24
ACC_1011068,C_107394,SAVINGS,13852.78,ACTIVE,2024-02-27 01:30:24
ACC_1011069,C_107395,CURRENT,1089.72,ACTIVE,2021-05-12 04:32:57
ACC_1011070,C_107396,CURRENT,1635.95,DORMANT,2017-09-30 09:40:07
ACC_1011071,C_107397,SAVINGS,7965.67,ACTIVE,2022-06-26 17:12:40
ACC_1011072,C_107398,CURRENT,2940.22,ACTIVE,2024-08-23 22:50:00
ACC_1011073,C_107398,CURRENT,186.77,ACTIVE,2024-08-10 20:47:00
ACC_1011074,C_107398,SAVINGS,48017.66,ACTIVE,2024-08-05 07:23:00
ACC_1011075,C_107399,CURRENT,958.22,ACTIVE,2018-10-28 10:49:23
ACC_1011076,C_107400,BUSINESS,5199.28,ACTIVE,2018-02-20 18:27:08
ACC_1011077,C_107400,CURRENT,3012.0,ACTIVE,2018-02-16 12:11:08
ACC_1011078,C_107401,CURRENT,4926.23,ACTIVE,2016-08-29 03:40:06
ACC_1011079,C_107401,BUSINESS,40747.0,ACTIVE,2016-08-31 22:26:06
ACC_1011080,C_107402,SAVINGS,52565.21,ACTIVE,2016-12-31 05:10:31
ACC_1011081,C_107403,CURRENT,469.76,ACTIVE,2021-11-25 10:21:08
ACC_1011082,C_107404,BUSINESS,9273.23,ACTIVE,2018-11-30 09:37:58
ACC_1011083,C_107405,SAVINGS,1425.31,DORMANT,2022-08-13 18:35:41
ACC_1011084,C_107405,SAVINGS,1638.2,ACTIVE,2022-09-02 03:24:41
ACC_1011085,C_107406,SAVINGS,8431.27,ACTIVE,2024-08-09 23:42:53
ACC_1011086,C_107407,BUSINESS,84249.14,ACTIVE,2024-04-14 21:44:43
ACC_1011087,C_107408,BUSINESS,31961.31,ACTIVE,2022-01-08 04:09:52
ACC_1011088,C_107409,SAVINGS,11404.67,ACTIVE,2017-06-16 16:55:18
ACC_1011089,C_107409,CURRENT,2740.68,ACTIVE,2017-06-21 05:23:18
ACC_1011090,C_107409,SAVINGS,1642.4,ACTIVE,2017-06-30 08:35:18
ACC_1011091,C_107410,CURRENT,1227.72,ACTIVE,2021-09-11 10:03:05
ACC_1011092,C_107410,SAVINGS,7000.5,ACTIVE,2021-10-04 13:12:05
ACC_1011093,C_107411,SAVINGS,4286.06,ACTIVE,2023-11-14 18:21:32
ACC_1011094,C_107412,SAVINGS,7104.76,ACTIVE,2016-02-19 15:49:49
ACC_1011095,C_107412,CURRENT,1773.62,ACTIVE,2016-02-04 03:03:49
ACC_1011096,C_107413,SAVINGS,34746.21,ACTIVE,2023-07-22 18:55:48
ACC_1011097,C_107413,BUSINESS,19331.71,ACTIVE,2023-07-27 04:56:48
ACC_1011098,C_107414,BUSINESS,42123.7,ACTIVE,2023-09-08 17:41:29
ACC_1011099,C_107415,SAVINGS,38623.3,ACTIVE,2021-09-13 05:45:05
ACC_1011100,C_107416,SAVINGS,6894.72,ACTIVE,2025-10-09 07:20:25
ACC_1011101,C_107417,CURRENT,3175.71,ACTIVE,2024-11-24 22:29:21
ACC_1011102,C_107418,BUSINESS,188003.16,ACTIVE,2016-06-03 14:20:09
ACC_1011103,C_107419,BUSINESS,164030.62,DORMANT,2020-07-03 14:44:34
ACC_1011104,C_107420,BUSINESS,38020.06,ACTIVE,2024-02-13 12:04:31
ACC_1011105,C_107420,BUSINESS,76569.48,ACTIVE,2024-02-18 08:14:31
ACC_1011106,C_107421,CURRENT,1063.88,ACTIVE,2024-11-23 04:16:32
ACC_1011107,C_107421,SAVINGS,1080.07,ACTIVE,2024-11-25 16:54:32
ACC_1011108,C_107422,SAVINGS,5741.56,ACTIVE,2021-03-29 01:11:28
ACC_1011109,C_107422,CURRENT,552.64,ACTIVE,2021-04-18 06:42:28
ACC_1011110,C_107423,SAVINGS,24245.49,ACTIVE,2017-03-07 14:14:09
ACC_1011111,C_107423,CURRENT,1193.01,ACTIVE,2017-03-21 06:52:09
ACC_1011112,C_107424,CURRENT,1688.47,ACTIVE,2021-05-08 12:11:23
ACC_1011113,C_107424,SAVINGS,5389.54,ACTIVE,2021-05-12 13:24:23
ACC_1011114,C_107424,BUSINESS,27753.64,ACTIVE,2021-04-30 23:09:23
ACC_1011115,C_107425,CURRENT,2281.87,ACTIVE,2023-07-29 21:41:38
ACC_1011116,C_107426,CURRENT,834.53,ACTIVE,2018-03-15 02:28:08
ACC_1011117,C_107427,SAVINGS,14715.62,ACTIVE,2018-10-27 05:26:55
ACC_1011118,C_107427,SAVINGS,16529.5,DORMANT,2018-10-28 00:11:55
ACC_1011119,C_107427,SAVINGS,3609.87,ACTIVE,2018-10-29 03:06:55
ACC_1011120,C_107428,BUSINESS,58460.64,ACTIVE,2018-11-15 15:53:29
ACC_1011121,C_107428,SAVINGS,20760.0,ACTIVE,2018-11-03 05:01:29
ACC_1011122,C_107429,SAVINGS,4301.96,ACTIVE,2025-11-28 22:36:26
ACC_1011123,C_107429,SAVINGS,3749.93,ACTIVE,2025-12-07 16:51:26
ACC_1011124,C_107429,CURRENT,905.93,ACTIVE,2025-12-01 01:39:26
ACC_1011125,C_107430,CURRENT,687.33,DORMANT,2018-12-12 03:06:26
ACC_1011126,C_107430,CURRENT,1554.08,ACTIVE,2018-12-31 10:23:26
ACC_1011127,C_107431,CURRENT,4631.38,ACTIVE,2024-10-27 23:01:57
ACC_1011128,C_107432,SAVINGS,1787.93,ACTIVE,2016-02-05 23:11:54
ACC_1011129,C_107432,CURRENT,1081.02,ACTIVE,2016-01-20 19:01:54
ACC_1011130,C_107433,CURRENT,2377.67,ACTIVE,2018-05-17 00:54:12
ACC_1011131,C_107434,SAVINGS,2684.49,ACTIVE,2016-05-31 01:55:57
ACC_1011132,C_107434,BUSINESS,140496.88,ACTIVE,2016-05-28 09:38:57
ACC_1011133,C_107435,CURRENT,1370.58,ACTIVE,2022-01-17 12:02:59
ACC_1011134,C_107436,SAVINGS,13811.88,ACTIVE,2023-11-30 16:52:31
ACC_1011135,C_107437,CURRENT,2907.58,ACTIVE,2024-05-08 01:16:04
ACC_1011136,C_107437,SAVINGS,182325.73,ACTIVE,2024-05-16 05:31:04
ACC_1011137,C_107437,CURRENT,1083.33,ACTIVE,2024-05-29 07:59:04
ACC_1011138,C_107438,SAVINGS,13639.96,ACTIVE,2021-05-30 04:18:34
ACC_1011139,C_107438,SAVINGS,13403.26,ACTIVE,2021-06-05 06:13:34
ACC_1011140,C_107439,BUSINESS,84573.01,ACTIVE,2024-04-19 22:49:34
ACC_1011141,C_107440,SAVINGS,13178.01,DORMANT,2023-06-01 10:04:01
ACC_1011142,C_107441,BUSINESS,257748.8,ACTIVE,2017-07-01 00:57:44
ACC_1011143,C_107441,SAVINGS,40485.08,ACTIVE,2017-06-29 11:38:44
ACC_1011144,C_107441,CURRENT,3039.77,DORMANT,2017-06-13 00:16:44
ACC_1011145,C_107442,SAVINGS,35411.95,ACTIVE,2019-05-16 22:01:32
ACC_1011146,C_107443,CURRENT,1820.52,ACTIVE,2018-10-26 16:04:39
ACC_1011147,C_107443,BUSINESS,15586.96,ACTIVE,2018-10-24 10:20:39
ACC_1011148,C_107444,BUSINESS,385736.78,ACTIVE,2024-05-06 22:32:01
ACC_1011149,C_107444,SAVINGS,44195.52,ACTIVE,2024-04-19 21:51:01
ACC_1011150,C_107445,BUSINESS,21033.81,ACTIVE,2019-10-30 15:54:31
ACC_1011151,C_107446,BUSINESS,235835.29,ACTIVE,2025-08-08 04:00:56
ACC_1011152,C_107447,SAVINGS,5035.52,ACTIVE,2018-02-08 14:45:58
ACC_1011153,C_107447,CURRENT,4283.76,ACTIVE,2018-02-16 01:04:58
ACC_1011154,C_107448,BUSINESS,7540.28,ACTIVE,2024-03-09 16:39:42
ACC_1011155,C_107448,SAVINGS,142102.78,ACTIVE,2024-03-08 17:55:42
ACC_1011156,C_107449,BUSINESS,250906.79,ACTIVE,2017-09-07 22:32:18
ACC_1011157,C_107449,SAVINGS,6166.19,ACTIVE,2017-09-17 13:30:18
ACC_1011158,C_107450,SAVINGS,2271.98,ACTIVE,2022-08-05 01:14:33
ACC_1011159,C_107450,CURRENT,8491.26,ACTIVE,2022-08-19 02:03:33
ACC_1011160,C_107451,CURRENT,45642.0,ACTIVE,2024-01-31 14:31:16
ACC_1011161,C_107452,BUSINESS,23061.4,ACTIVE,2019-08-17 05:48:04
ACC_1011162,C_107453,CURRENT,8380.14,ACTIVE,2024-07-04 10:53:43
ACC_1011163,C_107453,CURRENT,1979.28,DORMANT,2024-06-18 20:23:43
ACC_1011164,C_107454,SAVINGS,22461.43,ACTIVE,2017-12-20 16:06:00
ACC_1011165,C_107454,SAVINGS,42744.77,ACTIVE,2017-11-29 23:41:00
ACC_1011166,C_107454,BUSINESS,30941.16,ACTIVE,2017-12-15 06:29:00
ACC_1011167,C_107455,BUSINESS,29899.95,ACTIVE,2018-10-03 15:52:47
ACC_1011168,C_107455,SAVINGS,2754.74,ACTIVE,2018-10-07 20:17:47
ACC_1011169,C_107455,SAVINGS,19890.18,ACTIVE,2018-10-01 02:42:47
ACC_1011170,C_107456,SAVINGS,28341.34,ACTIVE,2023-02-26 22:29:32
ACC_1011171,C_107457,CURRENT,584.73,ACTIVE,2021-08-11 16:27:59
ACC_1011172,C_107457,BUSINESS,549988.55,DORMANT,2021-08-17 15:14:59
ACC_1011173,C_107458,BUSINESS,62830.21,ACTIVE,2022-12-19 12:32:17
ACC_1011174,C_107459,SAVINGS,4862.76,ACTIVE,2017-02-06 22:48:08
ACC_1011175,C_107460,BUSINESS,8123.09,ACTIVE,2023-07-01 08:09:06
ACC_1011176,C_107460,BUSINESS,242374.06,ACTIVE,2023-06-22 20:57:06
ACC_1011177,C_107461,CURRENT,2760.6,ACTIVE,2023-01-21 12:20:24
ACC_1011178,C_107461,SAVINGS,11462.73,ACTIVE,2023-01-20 17:23:24
ACC_1011179,C_107461,BUSINESS,91107.66,ACTIVE,2023-01-20 19:29:24
ACC_1011180,C_107462,SAVINGS,25741.46,ACTIVE,2024-06-15 13:56:00
ACC_1011181,C_107462,BUSINESS,40093.82,ACTIVE,2024-06-11 03:10:00
ACC_1011182,C_107463,CURRENT,1895.76,ACTIVE,2017-04-07 06:57:41
ACC_1011183,C_107464,BUSINESS,29891.25,ACTIVE,2020-04-17 23:34:09
ACC_1011184,C_107464,SAVINGS,5860.5,ACTIVE,2020-04-09 09:03:09
ACC_1011185,C_107465,SAVINGS,15531.24,ACTIVE,2021-08-18 16:29:04
ACC_1011186,C_107466,CURRENT,1502.52,ACTIVE,2020-04-04 09:10:55
ACC_1011187,C_107466,SAVINGS,450.65,ACTIVE,2020-03-13 19:14:55
ACC_1011188,C_107466,BUSINESS,87132.56,ACTIVE,2020-04-01 17:49:55
ACC_1011189,C_107467,CURRENT,4688.4,ACTIVE,2025-11-20 10:53:49
ACC_1011190,C_107468,BUSINESS,260422.05,DORMANT,2019-12-22 20:35:26
ACC_1011191,C_107469,BUSINESS,1500000.0,ACTIVE,2022-08-03 15:53:06
ACC_1011192,C_107470,BUSINESS,73145.75,ACTIVE,2025-06-28 12:41:28
ACC_1011193,C_107471,CURRENT,8518.89,ACTIVE,2024-06-17 00:41:41
ACC_1011194,C_107471,CURRENT,1387.68,ACTIVE,2024-06-11 20:12:41
ACC_1011195,C_107471,SAVINGS,2249.74,ACTIVE,2024-06-30 07:10:41
ACC_1011196,C_107472,SAVINGS,61634.17,ACTIVE,2017-03-06 21:15:26
ACC_1011197,C_107473,CURRENT,3121.47,ACTIVE,2019-10-11 22:06:46
ACC_1011198,C_107474,BUSINESS,327627.9,ACTIVE,2021-05-09 17:05:45
ACC_1011199,C_107474,CURRENT,1185.43,ACTIVE,2021-05-21 01:54:45
ACC_1011200,C_107475,CURRENT,215.74,ACTIVE,2017-12-22 08:32:16
ACC_1011201,C_107475,BUSINESS,103374.45,ACTIVE,2017-12-06 21:07:16
ACC_1011202,C_107475,BUSINESS,29609.55,ACTIVE,2017-12-01 22:15:16
ACC_1011203,C_107476,CURRENT,1402.77,ACTIVE,2022-11-10 02:19:13
ACC_1011204,C_107477,BUSINESS,45450.86,ACTIVE,2024-01-09 21:19:08
ACC_1011205,C_107477,SAVINGS,31833.97,ACTIVE,2024-01-17 05:29:08
ACC_1011206,C_107477,BUSINESS,291261.12,ACTIVE,2024-01-08 12:25:08
ACC_1011207,C_107478,CURRENT,617.28,ACTIVE,2022-11-30 16:09:48
ACC_1011208,C_107478,SAVINGS,5281.95,ACTIVE,2022-11-29 03:17:48
ACC_1011209,C_107479,BUSINESS,65584.88,ACTIVE,2020-01-10 20:45:54
ACC_1011210,C_107480,BUSINESS,17313.66,ACTIVE,2022-11-06 18:12:08
ACC_1011211,C_107481,BUSINESS,146641.37,ACTIVE,2023-11-17 17:36:32
ACC_1011212,C_107481,SAVINGS,5237.26,ACTIVE,2023-11-21 01:52:32
ACC_1011213,C_107482,CURRENT,11973.1,ACTIVE,2024-07-04 03:17:43
ACC_1011214,C_107482,CURRENT,1201.0,ACTIVE,2024-06-29 21:02:43
ACC_1011215,C_107483,BUSINESS,515789.7,ACTIVE,2019-04-24 15:12:34
ACC_1011216,C_107484,BUSINESS,101370.83,ACTIVE,2025-12-31 13:58:48
ACC_1011217,C_107485,CURRENT,334.63,ACTIVE,2022-11-28 13:49:44
ACC_1011218,C_107485,BUSINESS,27453.0,ACTIVE,2022-12-09 13:35:44
ACC_1011219,C_107486,SAVINGS,109274.65,ACTIVE,2018-03-29 17:06:28
ACC_1011220,C_107486,CURRENT,401.38,ACTIVE,2018-03-22 21:58:28
ACC_1011221,C_107487,CURRENT,3233.25,ACTIVE,2024-02-15 09:28:24
ACC_1011222,C_107487,BUSINESS,133230.08,ACTIVE,2024-02-25 02:40:24
ACC_1011223,C_107487,BUSINESS,88719.9,ACTIVE,2024-02-09 02:42:24
ACC_1011224,C_107488,BUSINESS,20090.77,ACTIVE,2022-08-18 14:09:46
ACC_1011225,C_107488,SAVINGS,2368.44,ACTIVE,2022-08-26 05:08:46
ACC_1011226,C_107489,SAVINGS,171091.94,ACTIVE,2020-04-13 00:48:30
ACC_1011227,C_107489,SAVINGS,12422.67,ACTIVE,2020-04-14 05:01:30
ACC_1011228,C_107490,SAVINGS,45189.38,ACTIVE,2023-09-08 23:56:19
ACC_1011229,C_107490,SAVINGS,6824.33,ACTIVE,2023-08-28 17:51:19
ACC_1011230,C_107491,BUSINESS,575139.8,ACTIVE,2025-03-22 01:36:08
ACC_1011231,C_107492,BUSINESS,30259.05,ACTIVE,2019-04-02 06:18:27
ACC_1011232,C_107493,CURRENT,2468.92,ACTIVE,2024-06-29 06:44:42
ACC_1011233,C_107493,CURRENT,14135.3,ACTIVE,2024-07-03 04:37:42
ACC_1011234,C_107493,SAVINGS,23248.81,ACTIVE,2024-07-06 14:12:42
ACC_1011235,C_107494,BUSINESS,49704.37,ACTIVE,2020-10-19 13:22:04
ACC_1011236,C_107495,SAVINGS,9341.22,ACTIVE,2019-11-08 16:45:23
ACC_1011237,C_107496,CURRENT,1391.24,ACTIVE,2021-03-20 00:16:55
ACC_1011238,C_107497,CURRENT,6887.19,ACTIVE,2021-09-19 02:12:20
ACC_1011239,C_107498,SAVINGS,20840.29,DORMANT,2019-03-12 11:51:53
ACC_1011240,C_107498,BUSINESS,88305.74,ACTIVE,2019-03-22 06:07:53
ACC_1011241,C_107499,SAVINGS,8182.7,ACTIVE,2021-04-16 09:15:47
ACC_1011242,C_107500,SAVINGS,15753.94,ACTIVE,2019-10-06 12:56:49
ACC_1011243,C_107501,BUSINESS,11868.73,ACTIVE,2024-03-03 04:27:57
ACC_1011244,C_107502,SAVINGS,18250.78,ACTIVE,2019-06-05 09:51:43
ACC_1011245,C_107503,CURRENT,2094.54,ACTIVE,2025-11-12 00:46:48
ACC_1011246,C_107503,SAVINGS,39564.64,ACTIVE,2025-11-29 00:33:48
ACC_1011247,C_107503,CURRENT,4348.55,ACTIVE,2025-11-21 20:41:48
ACC_1011248,C_107504,CURRENT,727.04,ACTIVE,2023-01-01 14:01:30
ACC_1011249,C_107505,CURRENT,442.4,ACTIVE,2018-08-17 09:33:52
ACC_1011250,C_107506,CURRENT,273.0,ACTIVE,2024-11-03 05:04:34
ACC_1011251,C_107507,BUSINESS,23009.9,ACTIVE,2020-08-27 14:30:20
ACC_1011252,C_107508,CURRENT,1198.69,ACTIVE,2020-06-06 12:33:20
ACC_1011253,C_107509,BUSINESS,60693.24,ACTIVE,2019-11-06 07:04:56
ACC_1011254,C_107509,SAVINGS,22883.65,ACTIVE,2019-11-18 10:55:56
ACC_1011255,C_107510,CURRENT,5959.52,ACTIVE,2022-01-21 23:46:39
ACC_1011256,C_107510,BUSINESS,86107.78,ACTIVE,2022-01-25 03:59:39
ACC_1011257,C_107511,BUSINESS,58653.97,ACTIVE,2019-11-14 04:08:41
ACC_1011258,C_107511,CURRENT,185.66,ACTIVE,2019-11-20 06:30:41
ACC_1011259,C_107512,SAVINGS,14701.24,DORMANT,2018-07-11 07:17:37
ACC_1011260,C_107513,BUSINESS,23614.33,ACTIVE,2025-04-11 19:00:44
ACC_1011261,C_107514,BUSINESS,637918.17,ACTIVE,2020-05-22 15:16:37
ACC_1011262,C_107514,SAVINGS,1117.89,ACTIVE,2020-05-01 09:45:37
ACC_1011263,C_107515,SAVINGS,5685.83,ACTIVE,2024-04-25 10:57:33
ACC_1011264,C_107515,CURRENT,1588.22,ACTIVE,2024-05-18 02:59:33
ACC_1011265,C_107515,BUSINESS,103055.48,DORMANT,2024-05-04 22:38:33
ACC_1011266,C_107516,CURRENT,858.53,ACTIVE,2023-10-09 21:31:55
ACC_1011267,C_107517,SAVINGS,12393.39,DORMANT,2023-03-03 12:27:09
ACC_1011268,C_107517,SAVINGS,10220.28,ACTIVE,2023-03-05 10:25:09
ACC_1011269,C_107518,BUSINESS,11113.46,ACTIVE,2020-09-28 08:44:33
ACC_1011270,C_107518,CURRENT,1117.98,DORMANT,2020-09-13 17:47:33
ACC_1011271,C_107518,CURRENT,4495.83,DORMANT,2020-09-16 08:45:33
ACC_1011272,C_107519,SAVINGS,3083.02,ACTIVE,2016-02-20 17:13:59
ACC_1011273,C_107519,SAVINGS,5632.88,ACTIVE,2016-02-08 21:56:59
ACC_1011274,C_107520,SAVINGS,13356.51,ACTIVE,2018-11-15 16:30:50
ACC_1011275,C_107521,SAVINGS,10260.35,ACTIVE,2022-01-18 08:07:38
ACC_1011276,C_107522,SAVINGS,7772.24,ACTIVE,2025-09-26 04:29:50
ACC_1011277,C_107522,CURRENT,4387.22,ACTIVE,2025-09-25 17:38:50
ACC_1011278,C_107522,BUSINESS,150490.48,ACTIVE,2025-09-14 15:58:50
ACC_1011279,C_107523,CURRENT,2784.47,ACTIVE,2023-05-22 14:20:50
ACC_1011280,C_107524,BUSINESS,52563.36,ACTIVE,2023-12-07 23:12:11
ACC_1011281,C_107525,BUSINESS,110521.18,ACTIVE,2020-07-07 14:28:33
ACC_1011282,C_107526,SAVINGS,6193.89,ACTIVE,2020-09-08 09:55:51
ACC_1011283,C_107526,SAVINGS,24670.36,ACTIVE,2020-08-14 18:11:51
ACC_1011284,C_107527,SAVINGS,5137.5,ACTIVE,2024-07-15 12:05:58
ACC_1011285,C_107528,BUSINESS,14315.1,ACTIVE,2019-09-29 06:41:21
ACC_1011286,C_107529,SAVINGS,1973.09,ACTIVE,2019-02-07 06:10:12
ACC_1011287,C_107529,BUSINESS,14034.82,ACTIVE,2019-02-03 05:36:12
ACC_1011288,C_107530,CURRENT,2374.52,ACTIVE,2025-07-26 05:51:16
ACC_1011289,C_107531,BUSINESS,28515.06,ACTIVE,2020-11-01 21:10:41
ACC_1011290,C_107532,SAVINGS,25548.29,ACTIVE,2021-10-06 17:05:57
ACC_1011291,C_107533,SAVINGS,13034.01,ACTIVE,2025-11-30 06:56:34
ACC_1011292,C_107534,SAVINGS,18820.12,ACTIVE,2024-08-04 19:53:48
ACC_1011293,C_107534,SAVINGS,13015.64,DORMANT,2024-09-01 18:51:48
ACC_1011294,C_107535,SAVINGS,15445.18,ACTIVE,2019-09-02 04:52:22
ACC_1011295,C_107536,SAVINGS,14160.42,ACTIVE,2023-12-04 05:11:50
ACC_1011296,C_107537,SAVINGS,1212.76,ACTIVE,2016-04-10 14:54:00
ACC_1011297,C_107538,CURRENT,12223.89,ACTIVE,2021-08-04 09:42:30
ACC_1011298,C_107539,SAVINGS,76865.75,ACTIVE,2022-09-28 11:35:16
ACC_1011299,C_107540,CURRENT,949.46,ACTIVE,2022-11-28 11:05:12
ACC_1011300,C_107540,BUSINESS,33306.54,ACTIVE,2022-11-23 04:25:12
ACC_1011301,C_107540,BUSINESS,2083.56,ACTIVE,2022-11-26 00:12:12
ACC_1011302,C_107541,SAVINGS,29986.99,ACTIVE,2019-09-17 11:52:47
ACC_1011303,C_107542,SAVINGS,12053.39,ACTIVE,2017-11-11 09:50:22
ACC_1011304,C_107543,CURRENT,3596.8,ACTIVE,2021-02-22 05:12:32
ACC_1011305,C_107544,SAVINGS,13554.18,ACTIVE,2017-06-19 21:21:06
ACC_1011306,C_107544,SAVINGS,9839.48,ACTIVE,2017-06-14 13:24:06
ACC_1011307,C_107545,CURRENT,12129.04,ACTIVE,2018-09-02 05:12:48
ACC_1011308,C_107546,CURRENT,2314.7,ACTIVE,2019-11-01 14:48:03
ACC_1011309,C_107546,SAVINGS,18560.24,ACTIVE,2019-10-21 03:55:03
ACC_1011310,C_107546,CURRENT,831.3,ACTIVE,2019-10-22 16:34:03
ACC_1011311,C_107547,CURRENT,883.55,ACTIVE,2023-02-14 19:39:52
ACC_1011312,C_107548,SAVINGS,3216.34,ACTIVE,2019-03-10 06:05:29
ACC_1011313,C_107549,SAVINGS,3194.79,ACTIVE,2021-11-19 23:09:40
ACC_1011314,C_107549,CURRENT,3086.81,ACTIVE,2021-11-16 20:39:40
ACC_1011315,C_107549,CURRENT,2755.68,ACTIVE,2021-11-19 21:06:40
ACC_1011316,C_107550,SAVINGS,2066.21,ACTIVE,2023-12-18 03:50:44
ACC_1011317,C_107551,BUSINESS,477806.41,DORMANT,2016-05-02 19:57:45
ACC_1011318,C_107552,CURRENT,393.59,ACTIVE,2025-04-10 17:36:05
ACC_1011319,C_107552,BUSINESS,102014.33,ACTIVE,2025-04-14 07:06:05
ACC_1011320,C_107553,CURRENT,1586.78,ACTIVE,2024-10-20 02:14:39
ACC_1011321,C_107554,SAVINGS,4237.07,ACTIVE,2024-11-17 01:22:20
ACC_1011322,C_107554,BUSINESS,57496.75,ACTIVE,2024-12-06 15:00:20
ACC_1011323,C_107555,CURRENT,2491.44,ACTIVE,2022-03-30 06:01:03
ACC_1011324,C_107556,CURRENT,3556.82,ACTIVE,2018-12-17 05:59:46
ACC_1011325,C_107556,CURRENT,284.79,ACTIVE,2018-12-25 06:24:46
ACC_1011326,C_107557,BUSINESS,243530.87,ACTIVE,2017-02-02 15:17:44
ACC_1011327,C_107557,BUSINESS,37484.65,ACTIVE,2017-02-27 05:44:44
ACC_1011328,C_107557,CURRENT,18436.59,ACTIVE,2017-02-26 05:23:44
ACC_1011329,C_107558,SAVINGS,9889.07,ACTIVE,2024-08-30 02:19:09
ACC_1011330,C_107558,CURRENT,151.19,ACTIVE,2024-09-02 08:20:09
ACC_1011331,C_107559,BUSINESS,176952.69,ACTIVE,2020-05-10 19:47:04
ACC_1011332,C_107560,CURRENT,2192.93,ACTIVE,2024-08-28 08:18:35
ACC_1011333,C_107561,CURRENT,6581.25,ACTIVE,2025-07-16 05:08:11
ACC_1011334,C_107562,SAVINGS,10356.82,ACTIVE,2019-11-04 05:48:22
ACC_1011335,C_107563,BUSINESS,214809.49,DORMANT,2025-06-19 22:31:25
ACC_1011336,C_107564,CURRENT,461.77,ACTIVE,2020-01-22 21:58:08
ACC_1011337,C_107565,SAVINGS,6102.85,ACTIVE,2024-01-01 18:30:16
ACC_1011338,C_107565,CURRENT,301.51,ACTIVE,2024-01-13 02:47:16
ACC_1011339,C_107566,CURRENT,444.47,ACTIVE,2020-09-25 06:39:17
ACC_1011340,C_107566,SAVINGS,10271.89,DORMANT,2020-10-06 12:56:17
ACC_1011341,C_107567,BUSINESS,489762.23,ACTIVE,2020-03-24 19:27:42
ACC_1011342,C_107568,CURRENT,4444.49,ACTIVE,2018-10-30 09:03:47
ACC_1011343,C_107568,BUSINESS,13940.53,ACTIVE,2018-11-01 00:05:47
ACC_1011344,C_107568,CURRENT,695.9,ACTIVE,2018-10-23 03:03:47
ACC_1011345,C_107569,BUSINESS,177729.66,ACTIVE,2022-01-24 16:16:48
ACC_1011346,C_107570,CURRENT,6498.84,ACTIVE,2017-05-22 21:58:20
ACC_1011347,C_107571,CURRENT,4781.7,ACTIVE,2019-07-22 17:23:29
ACC_1011348,C_107571,SAVINGS,33123.3,ACTIVE,2019-07-23 21:58:29
ACC_1011349,C_107572,BUSINESS,16523.17,ACTIVE,2022-06-28 23:22:04
ACC_1011350,C_107573,BUSINESS,13505.23,DORMANT,2024-01-16 16:14:31
ACC_1011351,C_107573,CURRENT,4439.93,ACTIVE,2024-01-21 10:43:31
ACC_1011352,C_107574,CURRENT,1127.03,ACTIVE,2018-08-06 15:09:11
ACC_1011353,C_107575,CURRENT,216.58,ACTIVE,2023-03-25 00:04:49
ACC_1011354,C_107575,BUSINESS,71032.85,ACTIVE,2023-03-13 16:34:49
ACC_1011355,C_107576,SAVINGS,9450.49,ACTIVE,2022-12-04 05:28:40
ACC_1011356,C_107576,SAVINGS,8089.84,ACTIVE,2022-11-27 00:51:40
ACC_1011357,C_107577,SAVINGS,44499.27,ACTIVE,2023-07-24 22:06:37
ACC_1011358,C_107577,BUSINESS,235045.07,ACTIVE,2023-07-31 01:49:37
ACC_1011359,C_107578,CURRENT,909.12,ACTIVE,2016-11-27 03:56:18
ACC_1011360,C_107578,CURRENT,1983.02,ACTIVE,2016-12-06 06:33:18
ACC_1011361,C_107579,CURRENT,2665.69,DORMANT,2018-04-10 21:59:59
ACC_1011362,C_107579,BUSINESS,346749.11,ACTIVE,2018-04-01 08:05:59
ACC_1011363,C_107580,CURRENT,767.56,ACTIVE,2016-08-09 11:57:56
ACC_1011364,C_107580,CURRENT,948.82,ACTIVE,2016-08-30 19:49:56
ACC_1011365,C_107581,SAVINGS,24081.07,ACTIVE,2024-08-19 23:39:35
ACC_1011366,C_107582,SAVINGS,2410.78,ACTIVE,2017-06-17 12:17:19
ACC_1011367,C_107583,SAVINGS,14388.54,ACTIVE,2024-06-12 00:04:27
ACC_1011368,C_107584,BUSINESS,80077.94,ACTIVE,2017-05-28 22:00:49
ACC_1011369,C_107584,CURRENT,1355.69,ACTIVE,2017-05-24 22:16:49
ACC_1011370,C_107585,SAVINGS,12629.97,ACTIVE,2016-10-16 00:40:34
ACC_1011371,C_107585,BUSINESS,15088.83,ACTIVE,2016-10-05 14:16:34
ACC_1011372,C_107586,SAVINGS,15233.06,ACTIVE,2021-03-13 07:26:14
ACC_1011373,C_107586,SAVINGS,10764.92,DORMANT,2021-04-03 05:23:14
ACC_1011374,C_107587,BUSINESS,140103.08,DORMANT,2020-09-21 17:01:08
ACC_1011375,C_107587,CURRENT,276.79,ACTIVE,2020-08-27 20:56:08
ACC_1011376,C_107588,SAVINGS,8980.81,ACTIVE,2020-03-15 21:12:30
ACC_1011377,C_107589,BUSINESS,49514.17,ACTIVE,2019-11-12 19:33:49
ACC_1011378,C_107589,CURRENT,351.28,ACTIVE,2019-11-12 14:47:49
ACC_1011379,C_107589,SAVINGS,3917.2,ACTIVE,2019-11-05 15:55:49
ACC_1011380,C_107590,SAVINGS,8418.18,ACTIVE,2016-11-19 14:06:17
ACC_1011381,C_107590,BUSINESS,3332.12,ACTIVE,2016-11-18 09:02:17
ACC_1011382,C_107591,BUSINESS,20529.84,DORMANT,2016-12-01 04:27:57
ACC_1011383,C_107592,SAVINGS,9266.87,ACTIVE,2022-01-01 00:05:29
ACC_1011384,C_107593,SAVINGS,28407.82,ACTIVE,2023-04-14 17:27:16
ACC_1011385,C_107593,SAVINGS,3852.56,DORMANT,2023-05-03 02:53:16
ACC_1011386,C_107593,SAVINGS,3512.63,ACTIVE,2023-04-27 15:18:16
ACC_1011387,C_107594,SAVINGS,2870.65,ACTIVE,2024-08-08 07:41:53
ACC_1011388,C_107595,SAVINGS,30495.58,ACTIVE,2024-11-06 10:07:58
ACC_1011389,C_107595,CURRENT,355.44,ACTIVE,2024-11-23 08:20:58
ACC_1011390,C_107596,BUSINESS,37840.18,ACTIVE,2018-03-08 06:42:22
ACC_1011391,C_107597,CURRENT,2410.01,ACTIVE,2021-03-02 22:41:39
ACC_1011392,C_107597,CURRENT,1527.52,ACTIVE,2021-03-25 02:33:39
ACC_1011393,C_107597,SAVINGS,23488.34,ACTIVE,2021-03-25 07:09:39
ACC_1011394,C_107598,CURRENT,1551.43,ACTIVE,2018-09-04 02:52:44
ACC_1011395,C_107598,CURRENT,4966.94,ACTIVE,2018-09-04 22:11:44
ACC_1011396,C_107599,BUSINESS,116300.61,ACTIVE,2020-08-17 14:53:45
ACC_1011397,C_107600,CURRENT,3488.2,ACTIVE,2017-01-23 00:11:02
ACC_1011398,C_107600,BUSINESS,24188.45,ACTIVE,2017-02-11 19:34:02
ACC_1011399,C_107601,SAVINGS,3161.93,ACTIVE,2018-07-31 18:12:00
ACC_1011400,C_107601,BUSINESS,60553.51,ACTIVE,2018-08-09 11:03:00
ACC_1011401,C_107602,CURRENT,1541.32,ACTIVE,2017-05-27 05:10:40
ACC_1011402,C_107603,CURRENT,1005.56,ACTIVE,2019-12-15 10:47:15
ACC_1011403,C_107603,SAVINGS,5862.59,ACTIVE,2019-12-01 20:40:15
ACC_1011404,C_107604,CURRENT,5796.13,ACTIVE,2017-08-22 12:39:50
ACC_1011405,C_107605,BUSINESS,60892.16,ACTIVE,2022-05-18 06:18:06
ACC_1011406,C_107605,CURRENT,4105.46,ACTIVE,2022-06-08 11:08:06
ACC_1011407,C_107606,CURRENT,5856.17,ACTIVE,2018-07-26 18:29:43
ACC_1011408,C_107607,SAVINGS,1768.99,ACTIVE,2016-08-04 01:04:38
ACC_1011409,C_107608,BUSINESS,34442.0,ACTIVE,2018-04-23 08:31:43
ACC_1011410,C_107609,SAVINGS,17311.49,ACTIVE,2017-03-12 06:24:31
ACC_1011411,C_107610,CURRENT,641.09,ACTIVE,2020-10-17 00:30:57
ACC_1011412,C_107611,CURRENT,416.71,ACTIVE,2024-09-27 15:52:37
ACC_1011413,C_107611,SAVINGS,77364.83,DORMANT,2024-10-12 06:28:37
ACC_1011414,C_107611,BUSINESS,96713.69,ACTIVE,2024-09-25 00:53:37
ACC_1011415,C_107612,SAVINGS,8438.26,ACTIVE,2018-08-28 16:30:04
ACC_1011416,C_107613,BUSINESS,133692.72,DORMANT,2019-02-25 05:54:53
ACC_1011417,C_107614,CURRENT,998.0,ACTIVE,2019-04-11 20:33:14
ACC_1011418,C_107614,BUSINESS,163849.35,ACTIVE,2019-04-26 16:57:14
ACC_1011419,C_107615,SAVINGS,4829.02,DORMANT,2024-09-16 01:36:07
ACC_1011420,C_107615,SAVINGS,36434.44,DORMANT,2024-09-18 07:11:07
ACC_1011421,C_107616,CURRENT,1167.19,ACTIVE,2021-09-16 18:19:59
ACC_1011422,C_107616,CURRENT,3942.11,DORMANT,2021-09-22 00:59:59
ACC_1011423,C_107617,CURRENT,603.04,ACTIVE,2023-07-03 18:46:55
ACC_1011424,C_107617,SAVINGS,3567.43,ACTIVE,2023-06-19 00:47:55
ACC_1011425,C_107618,SAVINGS,14208.17,ACTIVE,2020-11-05 09:03:20
ACC_1011426,C_107618,SAVINGS,14669.49,ACTIVE,2020-11-01 20:10:20
ACC_1011427,C_107618,BUSINESS,31493.95,ACTIVE,2020-11-12 01:34:20
ACC_1011428,C_107619,SAVINGS,11525.82,ACTIVE,2022-06-08 09:04:06
ACC_1011429,C_107619,BUSINESS,11159.24,ACTIVE,2022-06-23 01:22:06
ACC_1011430,C_107620,BUSINESS,3987.68,ACTIVE,2016-05-15 06:31:38
ACC_1011431,C_107620,CURRENT,586.14,ACTIVE,2016-04-29 06:53:38
ACC_1011432,C_107620,SAVINGS,30786.71,ACTIVE,2016-04-30 05:58:38
ACC_1011433,C_107621,BUSINESS,299230.5,ACTIVE,2024-07-25 19:48:35
ACC_1011434,C_107621,CURRENT,12147.39,ACTIVE,2024-08-02 08:52:35
ACC_1011435,C_107622,BUSINESS,174757.84,ACTIVE,2026-01-27 01:49:34
ACC_1011436,C_107623,CURRENT,2343.66,ACTIVE,2023-01-05 09:34:29
ACC_1011437,C_107624,SAVINGS,26313.14,ACTIVE,2024-06-08 04:48:32
ACC_1011438,C_107625,CURRENT,594.85,ACTIVE,2023-05-23 01:24:35
ACC_1011439,C_107626,CURRENT,15940.64,ACTIVE,2019-05-28 09:31:42
ACC_1011440,C_107627,CURRENT,2243.26,ACTIVE,2020-05-17 20:20:54
ACC_1011441,C_107628,BUSINESS,258242.99,ACTIVE,2022-03-02 17:12:49
ACC_1011442,C_107629,CURRENT,363.08,ACTIVE,2017-02-13 03:25:37
ACC_1011443,C_107629,CURRENT,1021.14,ACTIVE,2017-02-27 17:05:37
ACC_1011444,C_107630,BUSINESS,1129179.59,ACTIVE,2019-11-01 04:54:06
ACC_1011445,C_107631,CURRENT,1259.21,ACTIVE,2018-11-02 05:32:04
ACC_1011446,C_107632,SAVINGS,21195.54,ACTIVE,2019-05-01 00:29:49
ACC_1011447,C_107633,CURRENT,529.82,ACTIVE,2018-09-27 10:47:22
ACC_1011448,C_107633,BUSINESS,44021.31,ACTIVE,2018-09-17 22:06:22
ACC_1011449,C_107634,SAVINGS,3405.26,ACTIVE,2023-12-10 00:52:52
ACC_1011450,C_107634,BUSINESS,68597.75,ACTIVE,2023-11-25 23:09:52
ACC_1011451,C_107635,CURRENT,3483.59,ACTIVE,2025-10-29 22:17:49
ACC_1011452,C_107636,SAVINGS,28762.9,ACTIVE,2021-01-09 20:27:52
ACC_1011453,C_107637,SAVINGS,69469.23,ACTIVE,2022-01-13 18:52:54
ACC_1011454,C_107638,SAVINGS,14180.03,ACTIVE,2023-03-11 22:45:41
ACC_1011455,C_107638,BUSINESS,60770.27,DORMANT,2023-03-09 06:08:41
ACC_1011456,C_107639,CURRENT,1944.0,ACTIVE,2025-04-25 09:52:01
ACC_1011457,C_107640,CURRENT,1625.73,ACTIVE,2023-08-27 06:17:15
ACC_1011458,C_107641,SAVINGS,7890.94,ACTIVE,2025-09-21 08:14:53
ACC_1011459,C_107641,BUSINESS,1500000.0,ACTIVE,2025-09-24 03:44:53
ACC_1011460,C_107642,SAVINGS,2812.08,ACTIVE,2023-02-07 03:41:10
ACC_1011461,C_107642,CURRENT,3450.12,ACTIVE,2023-02-09 10:09:10
ACC_1011462,C_107643,BUSINESS,9236.07,ACTIVE,2023-11-09 02:08:05
ACC_1011463,C_107644,BUSINESS,83889.58,ACTIVE,2025-07-31 19:44:33
ACC_1011464,C_107645,CURRENT,2372.61,ACTIVE,2019-09-20 18:15:00
ACC_1011465,C_107646,BUSINESS,11017.72,ACTIVE,2021-07-06 15:49:00
ACC_1011466,C_107647,BUSINESS,7373.07,ACTIVE,2021-07-11 15:39:46
ACC_1011467,C_107648,CURRENT,2793.75,ACTIVE,2023-12-09 01:15:26
ACC_1011468,C_107648,SAVINGS,66909.67,ACTIVE,2023-12-03 00:24:26
ACC_1011469,C_107648,BUSINESS,151907.2,ACTIVE,2023-12-02 10:54:26
ACC_1011470,C_107649,CURRENT,510.1,ACTIVE,2019-12-24 02:52:35
ACC_1011471,C_107650,SAVINGS,7895.08,ACTIVE,2019-11-04 03:14:43
ACC_1011472,C_107650,CURRENT,2764.37,ACTIVE,2019-11-05 02:41:43
ACC_1011473,C_107651,SAVINGS,37761.79,ACTIVE,2018-03-17 09:22:32
ACC_1011474,C_107651,SAVINGS,5173.33,ACTIVE,2018-03-02 07:45:32
ACC_1011475,C_107652,SAVINGS,172179.21,ACTIVE,2023-04-04 04:05:52
ACC_1011476,C_107652,SAVINGS,19613.16,ACTIVE,2023-04-04 14:17:52
ACC_1011477,C_107653,SAVINGS,1963.45,ACTIVE,2017-03-18 01:06:18
ACC_1011478,C_107654,SAVINGS,75381.39,ACTIVE,2020-01-31 07:23:52
ACC_1011479,C_107654,CURRENT,753.46,ACTIVE,2020-02-02 00:11:52
ACC_1011480,C_107655,SAVINGS,16774.29,ACTIVE,2019-03-15 00:45:55
ACC_1011481,C_107655,SAVINGS,5982.89,ACTIVE,2019-03-24 09:22:55
ACC_1011482,C_107655,SAVINGS,1970.61,ACTIVE,2019-04-03 03:06:55
ACC_1011483,C_107656,BUSINESS,141690.29,ACTIVE,2022-01-01 13:22:27
ACC_1011484,C_107657,CURRENT,2579.41,ACTIVE,2025-09-19 07:50:55
ACC_1011485,C_107657,CURRENT,1313.62,ACTIVE,2025-10-03 23:38:55
ACC_1011486,C_107657,CURRENT,5111.69,ACTIVE,2025-09-30 01:13:55
ACC_1011487,C_107658,SAVINGS,10098.09,ACTIVE,2019-07-14 10:05:45
ACC_1011488,C_107658,SAVINGS,14584.83,ACTIVE,2019-07-31 19:10:45
ACC_1011489,C_107658,SAVINGS,3089.27,ACTIVE,2019-07-14 18:07:45
ACC_1011490,C_107659,CURRENT,8658.78,ACTIVE,2018-08-31 10:49:27
ACC_1011491,C_107659,BUSINESS,58307.26,ACTIVE,2018-09-20 11:31:27
ACC_1011492,C_107660,BUSINESS,54991.11,ACTIVE,2024-09-01 11:40:19
ACC_1011493,C_107661,BUSINESS,162849.35,ACTIVE,2018-08-29 11:05:01
ACC_1011494,C_107661,CURRENT,2311.78,ACTIVE,2018-09-06 06:13:01
ACC_1011495,C_107662,CURRENT,3665.75,ACTIVE,2025-08-02 19:10:17
ACC_1011496,C_107663,BUSINESS,58570.58,ACTIVE,2025-05-06 16:53:40
ACC_1011497,C_107664,SAVINGS,7594.25,ACTIVE,2017-04-30 11:40:45
ACC_1011498,C_107665,CURRENT,3363.74,ACTIVE,2024-11-16 11:53:32
ACC_1011499,C_107666,CURRENT,287.24,ACTIVE,2022-06-20 17:58:38
ACC_1011500,C_107666,SAVINGS,250000.0,ACTIVE,2022-07-09 16:09:38
ACC_1011501,C_107667,BUSINESS,11108.96,ACTIVE,2016-08-06 23:48:03
ACC_1011502,C_107668,CURRENT,631.58,ACTIVE,2023-07-02 17:25:31
ACC_1011503,C_107669,CURRENT,711.43,ACTIVE,2020-03-15 19:37:43
ACC_1011504,C_107669,CURRENT,4214.36,ACTIVE,2020-02-23 20:19:43
ACC_1011505,C_107670,CURRENT,1204.78,ACTIVE,2019-01-06 15:25:49
ACC_1011506,C_107671,BUSINESS,164732.7,ACTIVE,2025-03-21 12:37:34
ACC_1011507,C_107671,SAVINGS,28956.99,ACTIVE,2025-04-08 08:36:34
ACC_1011508,C_107672,CURRENT,2900.33,ACTIVE,2022-06-15 13:05:31
ACC_1011509,C_107672,SAVINGS,747.31,ACTIVE,2022-05-18 02:15:31
ACC_1011510,C_107672,BUSINESS,78098.25,ACTIVE,2022-06-13 02:47:31
ACC_1011511,C_107673,SAVINGS,100904.06,ACTIVE,2017-10-29 11:41:15
ACC_1011512,C_107673,BUSINESS,202249.71,ACTIVE,2017-10-25 05:52:15
ACC_1011513,C_107674,SAVINGS,9981.58,ACTIVE,2024-10-27 17:26:36
ACC_1011514,C_107674,CURRENT,2981.67,ACTIVE,2024-10-24 23:12:36
ACC_1011515,C_107674,SAVINGS,30461.14,ACTIVE,2024-10-17 15:18:36
ACC_1011516,C_107675,BUSINESS,19902.36,ACTIVE,2016-08-07 08:07:45
ACC_1011517,C_107676,CURRENT,712.3,ACTIVE,2022-04-02 05:51:51
ACC_1011518,C_107677,BUSINESS,33041.57,ACTIVE,2017-08-25 04:28:54
ACC_1011519,C_107678,CURRENT,2111.69,ACTIVE,2023-09-04 01:39:36
ACC_1011520,C_107679,CURRENT,7787.77,ACTIVE,2017-03-26 04:22:24
ACC_1011521,C_107680,CURRENT,1521.14,ACTIVE,2020-11-29 06:12:26
ACC_1011522,C_107681,SAVINGS,9640.23,ACTIVE,2022-08-09 10:22:05
ACC_1011523,C_107681,CURRENT,488.46,ACTIVE,2022-07-30 04:49:05
ACC_1011524,C_107682,BUSINESS,356465.51,ACTIVE,2025-11-18 19:59:24
ACC_1011525,C_107683,CURRENT,4197.88,ACTIVE,2021-03-14 04:54:57
ACC_1011526,C_107684,CURRENT,1801.88,ACTIVE,2021-06-06 01:43:34
ACC_1011527,C_107685,SAVINGS,34754.61,ACTIVE,2020-01-09 02:38:35
ACC_1011528,C_107685,SAVINGS,49073.29,ACTIVE,2020-01-21 06:51:35
ACC_1011529,C_107686,SAVINGS,668.15,ACTIVE,2017-05-18 19:22:39
ACC_1011530,C_107687,SAVINGS,15286.04,ACTIVE,2023-06-27 11:26:48
ACC_1011531,C_107687,CURRENT,4931.44,ACTIVE,2023-06-22 18:00:48
ACC_1011532,C_107688,SAVINGS,18401.76,ACTIVE,2025-07-29 17:13:17
ACC_1011533,C_107688,CURRENT,6346.14,ACTIVE,2025-08-16 20:56:17
ACC_1011534,C_107689,CURRENT,30466.94,ACTIVE,2024-03-07 06:40:34
ACC_1011535,C_107690,BUSINESS,421671.51,ACTIVE,2024-07-21 13:50:32
ACC_1011536,C_107691,CURRENT,4053.13,ACTIVE,2020-06-24 17:42:34
ACC_1011537,C_107692,CURRENT,6075.43,ACTIVE,2022-08-11 21:46:25
ACC_1011538,C_107693,SAVINGS,4563.7,ACTIVE,2020-08-17 01:24:48
ACC_1011539,C_107693,BUSINESS,351336.17,DORMANT,2020-08-06 12:00:48
ACC_1011540,C_107694,SAVINGS,6402.63,ACTIVE,2016-07-06 10:31:09
ACC_1011541,C_107695,CURRENT,1256.08,ACTIVE,2021-07-31 16:01:02
ACC_1011542,C_107696,CURRENT,10081.06,DORMANT,2023-10-04 18:40:23
ACC_1011543,C_107696,BUSINESS,95185.02,ACTIVE,2023-10-11 20:47:23
ACC_1011544,C_107697,BUSINESS,5375.87,ACTIVE,2020-02-16 08:27:26
ACC_1011545,C_107698,BUSINESS,20095.96,ACTIVE,2018-06-05 23:05:43
ACC_1011546,C_107699,CURRENT,605.15,ACTIVE,2023-11-25 12:10:27
ACC_1011547,C_107700,BUSINESS,7107.39,ACTIVE,2016-11-09 09:19:20
ACC_1011548,C_107701,SAVINGS,28358.32,ACTIVE,2023-11-18 01:17:52
ACC_1011549,C_107702,BUSINESS,23718.94,ACTIVE,2023-11-21 06:39:31
ACC_1011550,C_107702,SAVINGS,3628.01,ACTIVE,2023-11-28 07:18:31
ACC_1011551,C_107703,SAVINGS,5832.78,ACTIVE,2024-09-28 09:13:43
ACC_1011552,C_107704,BUSINESS,263114.81,DORMANT,2023-03-28 19:21:00
ACC_1011553,C_107705,SAVINGS,5141.6,ACTIVE,2019-03-26 01:35:08
ACC_1011554,C_107705,CURRENT,71.44,ACTIVE,2019-04-04 07:27:08
ACC_1011555,C_107706,BUSINESS,105002.67,DORMANT,2018-02-15 16:31:38
ACC_1011556,C_107707,SAVINGS,16086.73,ACTIVE,2022-05-14 16:08:38
ACC_1011557,C_107708,SAVINGS,6325.45,ACTIVE,2022-02-21 09:28:39
ACC_1011558,C_107709,BUSINESS,7407.36,ACTIVE,2022-04-27 03:28:02
ACC_1011559,C_107710,CURRENT,4040.82,ACTIVE,2016-06-16 10:18:21
ACC_1011560,C_107711,CURRENT,718.56,ACTIVE,2018-01-20 18:48:44
ACC_1011561,C_107712,CURRENT,1928.57,ACTIVE,2019-08-07 12:47:36
ACC_1011562,C_107713,BUSINESS,390624.58,ACTIVE,2023-12-05 16:33:56
ACC_1011563,C_107714,BUSINESS,33175.0,ACTIVE,2024-07-04 00:33:49
ACC_1011564,C_107715,SAVINGS,11579.02,ACTIVE,2025-06-11 10:40:31
ACC_1011565,C_107716,SAVINGS,12516.66,ACTIVE,2020-10-17 17:40:59
ACC_1011566,C_107716,CURRENT,1842.4,ACTIVE,2020-10-21 11:01:59
ACC_1011567,C_107717,SAVINGS,38410.74,ACTIVE,2023-10-15 12:38:46
ACC_1011568,C_107718,BUSINESS,66742.53,ACTIVE,2017-07-19 22:42:10
ACC_1011569,C_107719,SAVINGS,16202.59,ACTIVE,2022-11-23 04:22:18
ACC_1011570,C_107720,CURRENT,835.66,ACTIVE,2020-03-05 00:35:10
ACC_1011571,C_107721,CURRENT,9578.98,ACTIVE,2017-02-18 04:11:31
ACC_1011572,C_107722,SAVINGS,10028.24,ACTIVE,2017-07-31 18:24:05
ACC_1011573,C_107723,CURRENT,944.37,ACTIVE,2023-08-04 07:18:23
ACC_1011574,C_107724,CURRENT,1922.42,ACTIVE,2018-11-27 06:31:08
ACC_1011575,C_107724,BUSINESS,8957.95,ACTIVE,2018-10-29 08:41:08
ACC_1011576,C_107725,BUSINESS,290102.22,ACTIVE,2018-07-08 21:11:27
ACC_1011577,C_107726,CURRENT,1140.58,ACTIVE,2017-09-08 08:28:10
ACC_1011578,C_107727,CURRENT,832.99,ACTIVE,2017-09-12 06:03:36
ACC_1011579,C_107728,CURRENT,1254.62,ACTIVE,2023-10-11 03:27:42
ACC_1011580,C_107728,CURRENT,901.95,ACTIVE,2023-09-20 12:26:42
ACC_1011581,C_107729,CURRENT,855.81,ACTIVE,2026-01-11 21:48:05
ACC_1011582,C_107730,BUSINESS,371248.38,ACTIVE,2016-05-07 00:33:19
ACC_1011583,C_107730,BUSINESS,84617.86,ACTIVE,2016-04-22 12:09:19
ACC_1011584,C_107730,SAVINGS,17313.23,ACTIVE,2016-05-04 07:44:19
ACC_1011585,C_107731,BUSINESS,23077.63,ACTIVE,2024-01-12 02:59:10
ACC_1011586,C_107732,SAVINGS,18659.89,ACTIVE,2022-10-31 05:14:23
ACC_1011587,C_107733,CURRENT,618.56,ACTIVE,2022-08-28 19:06:35
ACC_1011588,C_107733,CURRENT,1270.91,ACTIVE,2022-08-29 03:48:35
ACC_1011589,C_107733,CURRENT,332.97,ACTIVE,2022-08-10 07:17:35
ACC_1011590,C_107734,CURRENT,16472.31,ACTIVE,2020-12-30 01:15:37
ACC_1011591,C_107734,BUSINESS,43840.04,ACTIVE,2021-01-07 19:16:37
ACC_1011592,C_107735,CURRENT,552.31,ACTIVE,2024-04-23 16:45:47
ACC_1011593,C_107735,SAVINGS,250000.0,DORMANT,2024-04-18 07:16:47
ACC_1011594,C_107735,SAVINGS,6359.79,ACTIVE,2024-04-01 11:17:47
ACC_1011595,C_107736,CURRENT,1081.78,ACTIVE,2017-09-07 18:41:46
ACC_1011596,C_107737,BUSINESS,87865.27,ACTIVE,2021-07-03 03:14:07
ACC_1011597,C_107738,SAVINGS,5902.59,ACTIVE,2017-02-13 03:14:30
ACC_1011598,C_107738,CURRENT,231.99,ACTIVE,2017-01-21 20:08:30
ACC_1011599,C_107738,BUSINESS,49635.93,ACTIVE,2017-01-25 01:03:30
ACC_1011600,C_107739,SAVINGS,11913.73,ACTIVE,2020-04-13 11:20:19
ACC_1011601,C_107739,CURRENT,3522.87,ACTIVE,2020-04-25 11:09:19
ACC_1011602,C_107740,SAVINGS,40251.97,ACTIVE,2023-04-27 12:54:26
ACC_1011603,C_107741,SAVINGS,37421.76,ACTIVE,2023-03-04 10:19:22
ACC_1011604,C_107741,SAVINGS,22196.72,ACTIVE,2023-02-06 09:48:22
ACC_1011605,C_107742,SAVINGS,120670.15,ACTIVE,2024-03-07 06:25:48
ACC_1011606,C_107743,CURRENT,9078.7,ACTIVE,2023-03-01 08:41:05
ACC_1011607,C_107743,CURRENT,5751.03,ACTIVE,2023-02-28 15:11:05
ACC_1011608,C_107744,SAVINGS,7913.6,ACTIVE,2020-11-25 15:27:52
ACC_1011609,C_107745,BUSINESS,250298.84,ACTIVE,2023-01-06 21:02:49
ACC_1011610,C_107746,CURRENT,1083.47,ACTIVE,2022-11-08 01:15:16
ACC_1011611,C_107746,CURRENT,783.4,ACTIVE,2022-11-09 05:04:16
ACC_1011612,C_107747,CURRENT,6967.37,ACTIVE,2019-09-29 11:49:15
ACC_1011613,C_107748,SAVINGS,28159.76,ACTIVE,2019-08-03 22:22:03
ACC_1011614,C_107749,CURRENT,860.7,ACTIVE,2020-05-21 21:55:08
ACC_1011615,C_107749,BUSINESS,22157.53,ACTIVE,2020-05-26 03:58:08
ACC_1011616,C_107750,SAVINGS,16829.59,ACTIVE,2016-12-23 07:38:46
ACC_1011617,C_107751,CURRENT,1524.78,ACTIVE,2020-06-16 10:02:39
ACC_1011618,C_107751,SAVINGS,95850.46,ACTIVE,2020-06-13 14:46:39
ACC_1011619,C_107751,SAVINGS,28322.18,DORMANT,2020-05-26 21:46:39
ACC_1011620,C_107752,CURRENT,6204.83,ACTIVE,2017-04-18 19:26:26
ACC_1011621,C_107753,CURRENT,2022.65,ACTIVE,2019-10-24 08:30:46
ACC_1011622,C_107753,BUSINESS,4517.05,ACTIVE,2019-10-20 23:27:46
ACC_1011623,C_107754,BUSINESS,179060.51,ACTIVE,2022-08-07 10:20:03
ACC_1011624,C_107755,BUSINESS,241309.31,ACTIVE,2021-12-22 14:01:34
ACC_1011625,C_107756,CURRENT,2056.25,ACTIVE,2025-12-10 04:47:52
ACC_1011626,C_107757,CURRENT,3214.38,ACTIVE,2022-12-27 10:04:48
ACC_1011627,C_107758,CURRENT,1484.55,ACTIVE,2024-08-03 18:08:39
ACC_1011628,C_107758,SAVINGS,44905.08,ACTIVE,2024-08-07 13:45:39
ACC_1011629,C_107758,CURRENT,389.36,ACTIVE,2024-08-11 22:20:39
ACC_1011630,C_107759,CURRENT,1388.31,ACTIVE,2025-07-10 23:07:11
ACC_1011631,C_107760,SAVINGS,20381.71,ACTIVE,2016-08-05 11:18:38
ACC_1011632,C_107760,BUSINESS,226863.99,ACTIVE,2016-07-23 07:01:38
ACC_1011633,C_107761,CURRENT,1813.81,ACTIVE,2023-03-08 23:48:20
ACC_1011634,C_107762,CURRENT,3666.92,ACTIVE,2025-07-05 20:21:12
ACC_1011635,C_107763,BUSINESS,1500000.0,ACTIVE,2025-09-07 00:48:05
ACC_1011636,C_107764,CURRENT,727.57,ACTIVE,2017-11-25 06:14:56
ACC_1011637,C_107764,CURRENT,583.9,ACTIVE,2017-11-11 09:16:56
ACC_1011638,C_107764,SAVINGS,9937.39,DORMANT,2017-12-04 06:19:56
ACC_1011639,C_107765,BUSINESS,1500000.0,ACTIVE,2016-03-20 03:34:37
ACC_1011640,C_107766,SAVINGS,29269.91,ACTIVE,2019-02-18 13:29:14
ACC_1011641,C_107767,BUSINESS,1500000.0,ACTIVE,2025-07-25 12:27:47
ACC_1011642,C_107768,CURRENT,741.51,ACTIVE,2021-06-24 04:28:07
ACC_1011643,C_107769,SAVINGS,5149.4,ACTIVE,2018-05-20 08:20:06
ACC_1011644,C_107770,CURRENT,10965.01,ACTIVE,2022-04-27 05:17:04
ACC_1011645,C_107771,BUSINESS,368347.36,ACTIVE,2017-12-26 04:52:51
ACC_1011646,C_107772,SAVINGS,58541.68,ACTIVE,2017-06-25 23:09:24
ACC_1011647,C_107772,BUSINESS,261608.34,ACTIVE,2017-07-06 13:50:24
ACC_1011648,C_107773,SAVINGS,12779.6,ACTIVE,2019-01-30 14:02:16
ACC_1011649,C_107773,SAVINGS,154520.3,ACTIVE,2019-02-21 02:10:16
ACC_1011650,C_107774,BUSINESS,1500000.0,ACTIVE,2020-10-09 18:54:26
ACC_1011651,C_107775,CURRENT,175.55,ACTIVE,2019-06-17 04:37:46
ACC_1011652,C_107776,SAVINGS,55824.26,ACTIVE,2022-05-01 06:19:44
ACC_1011653,C_107777,CURRENT,838.36,ACTIVE,2016-02-19 03:50:41
ACC_1011654,C_107778,BUSINESS,287990.27,ACTIVE,2017-03-12 22:48:00
ACC_1011655,C_107779,CURRENT,7061.41,ACTIVE,2022-04-05 07:48:08
ACC_1011656,C_107779,SAVINGS,25152.7,ACTIVE,2022-03-28 06:53:08
ACC_1011657,C_107780,CURRENT,1215.94,ACTIVE,2020-11-10 21:24:02
ACC_1011658,C_107781,SAVINGS,9054.28,ACTIVE,2024-07-01 19:56:46
ACC_1011659,C_107782,SAVINGS,7529.2,ACTIVE,2025-02-26 09:06:47
ACC_1011660,C_107783,CURRENT,3307.73,DORMANT,2025-09-11 13:36:50
ACC_1011661,C_107783,BUSINESS,785483.18,ACTIVE,2025-09-23 19:22:50
ACC_1011662,C_107783,CURRENT,3677.9,ACTIVE,2025-09-23 16:37:50
ACC_1011663,C_107784,SAVINGS,17795.73,ACTIVE,2016-08-02 21:18:34
ACC_1011664,C_107785,CURRENT,2916.18,ACTIVE,2021-05-02 11:24:49
ACC_1011665,C_107785,BUSINESS,54228.84,DORMANT,2021-05-25 00:55:49
ACC_1011666,C_107785,CURRENT,1272.52,ACTIVE,2021-05-30 02:49:49
ACC_1011667,C_107786,CURRENT,3750.95,ACTIVE,2017-09-03 20:39:57
ACC_1011668,C_107787,SAVINGS,8979.37,ACTIVE,2016-03-28 06:50:02
ACC_1011669,C_107788,CURRENT,5184.54,ACTIVE,2016-09-14 17:12:14
ACC_1011670,C_107789,CURRENT,2383.08,ACTIVE,2022-09-21 23:34:37
ACC_1011671,C_107790,SAVINGS,16203.95,ACTIVE,2024-04-05 15:30:08
ACC_1011672,C_107790,BUSINESS,88351.4,ACTIVE,2024-04-01 09:34:08
ACC_1011673,C_107791,SAVINGS,6676.48,ACTIVE,2019-09-05 20:29:11
ACC_1011674,C_107791,SAVINGS,5342.28,ACTIVE,2019-08-26 10:12:11
ACC_1011675,C_107792,CURRENT,2479.36,ACTIVE,2017-12-02 15:30:29
ACC_1011676,C_107792,BUSINESS,24975.0,ACTIVE,2017-11-20 21:07:29
ACC_1011677,C_107792,CURRENT,651.45,ACTIVE,2017-12-01 19:39:29
ACC_1011678,C_107793,SAVINGS,4002.39,ACTIVE,2025-01-17 07:19:44
ACC_1011679,C_107793,CURRENT,2108.3,ACTIVE,2025-01-07 00:27:44
ACC_1011680,C_107793,CURRENT,828.16,ACTIVE,2025-01-13 09:45:44
ACC_1011681,C_107794,SAVINGS,2648.11,ACTIVE,2022-10-06 10:01:08
ACC_1011682,C_107794,CURRENT,299.85,ACTIVE,2022-09-17 07:51:08
ACC_1011683,C_107795,CURRENT,2442.89,ACTIVE,2018-02-23 05:23:08
ACC_1011684,C_107796,CURRENT,4588.3,ACTIVE,2016-08-31 08:23:46
ACC_1011685,C_107796,CURRENT,6145.84,ACTIVE,2016-08-17 14:43:46
ACC_1011686,C_107796,CURRENT,694.28,ACTIVE,2016-09-01 22:23:46
ACC_1011687,C_107797,SAVINGS,2600.11,ACTIVE,2020-06-27 16:31:54
ACC_1011688,C_107798,SAVINGS,17894.08,ACTIVE,2024-01-24 22:57:21
ACC_1011689,C_107798,SAVINGS,8630.89,ACTIVE,2024-01-27 04:37:21
ACC_1011690,C_107799,CURRENT,1380.25,ACTIVE,2018-09-03 01:51:35
ACC_1011691,C_107799,BUSINESS,36946.42,ACTIVE,2018-09-05 03:38:35
ACC_1011692,C_107800,SAVINGS,35044.78,ACTIVE,2016-07-27 13:26:55
ACC_1011693,C_107801,CURRENT,1823.27,ACTIVE,2017-08-18 15:58:42
ACC_1011694,C_107802,CURRENT,5888.02,ACTIVE,2024-02-21 06:08:13
ACC_1011695,C_107803,CURRENT,944.24,ACTIVE,2018-08-09 13:11:51
ACC_1011696,C_107804,SAVINGS,13020.18,DORMANT,2018-06-17 04:35:25
ACC_1011697,C_107805,BUSINESS,265678.15,ACTIVE,2022-01-03 09:26:50
ACC_1011698,C_107806,CURRENT,17882.44,ACTIVE,2024-10-15 08:50:38
ACC_1011699,C_107806,SAVINGS,18272.13,DORMANT,2024-10-21 19:27:38
ACC_1011700,C_107807,SAVINGS,51015.25,ACTIVE,2021-09-11 03:21:53
ACC_1011701,C_107808,SAVINGS,20894.87,ACTIVE,2023-02-20 00:36:15
ACC_1011702,C_107809,BUSINESS,143179.32,ACTIVE,2024-04-19 23:13:32
ACC_1011703,C_107810,CURRENT,3473.92,ACTIVE,2024-02-19 07:46:55
ACC_1011704,C_107810,CURRENT,1381.82,ACTIVE,2024-03-03 22:16:55
ACC_1011705,C_107811,BUSINESS,33589.07,ACTIVE,2016-08-07 19:11:05
ACC_1011706,C_107812,CURRENT,6177.72,ACTIVE,2024-09-21 18:17:46
ACC_1011707,C_107812,CURRENT,1980.35,ACTIVE,2024-09-13 05:02:46
ACC_1011708,C_107813,SAVINGS,3919.32,ACTIVE,2023-11-09 04:58:37
ACC_1011709,C_107814,BUSINESS,115034.7,ACTIVE,2016-11-06 09:10:33
ACC_1011710,C_107815,CURRENT,331.03,ACTIVE,2025-07-15 17:30:59
ACC_1011711,C_107816,SAVINGS,6828.25,ACTIVE,2024-11-15 18:02:16
ACC_1011712,C_107816,BUSINESS,77639.8,ACTIVE,2024-10-31 20:29:16
ACC_1011713,C_107817,BUSINESS,190452.53,ACTIVE,2019-11-10 12:40:13
ACC_1011714,C_107817,SAVINGS,14512.7,ACTIVE,2019-11-11 23:22:13
ACC_1011715,C_107818,CURRENT,2906.91,ACTIVE,2018-08-12 14:00:23
ACC_1011716,C_107819,BUSINESS,23669.21,ACTIVE,2017-02-09 06:33:37
ACC_1011717,C_107819,CURRENT,722.48,ACTIVE,2017-02-06 01:06:37
ACC_1011718,C_107820,CURRENT,5541.14,ACTIVE,2019-12-20 13:14:25
ACC_1011719,C_107821,BUSINESS,113621.36,DORMANT,2024-02-24 19:02:52
ACC_1011720,C_107822,SAVINGS,14306.95,ACTIVE,2016-05-20 22:47:18
ACC_1011721,C_107822,SAVINGS,20971.01,ACTIVE,2016-04-27 10:50:18
ACC_1011722,C_107823,CURRENT,437.57,ACTIVE,2017-04-20 18:42:52
ACC_1011723,C_107824,SAVINGS,17129.02,ACTIVE,2018-07-07 22:47:42
ACC_1011724,C_107824,CURRENT,5563.26,ACTIVE,2018-07-04 20:46:42
ACC_1011725,C_107825,BUSINESS,125190.15,ACTIVE,2022-07-19 14:26:40
ACC_1011726,C_107826,SAVINGS,12227.34,ACTIVE,2021-10-21 15:56:22
ACC_1011727,C_107826,BUSINESS,240054.79,DORMANT,2021-10-08 13:06:22
ACC_1011728,C_107827,BUSINESS,39075.92,ACTIVE,2025-04-30 10:36:25
ACC_1011729,C_107828,SAVINGS,25883.71,ACTIVE,2019-12-09 10:40:37
ACC_1011730,C_107829,BUSINESS,5869.7,ACTIVE,2023-11-22 13:54:00
ACC_1011731,C_107829,BUSINESS,12888.78,ACTIVE,2023-10-23 05:48:00
ACC_1011732,C_107830,CURRENT,5384.57,DORMANT,2025-12-01 17:17:20
ACC_1011733,C_107831,BUSINESS,84850.71,ACTIVE,2023-02-26 01:35:26
ACC_1011734,C_107832,CURRENT,350.91,ACTIVE,2020-03-27 21:59:30
ACC_1011735,C_107833,CURRENT,1637.57,ACTIVE,2018-10-03 12:13:15
ACC_1011736,C_107834,BUSINESS,5779.93,ACTIVE,2024-02-28 11:46:54
ACC_1011737,C_107834,CURRENT,3777.02,ACTIVE,2024-02-27 06:03:54
ACC_1011738,C_107835,BUSINESS,587388.02,ACTIVE,2020-11-01 15:11:45
ACC_1011739,C_107836,SAVINGS,1203.08,ACTIVE,2016-04-20 21:16:36
ACC_1011740,C_107836,CURRENT,282.36,ACTIVE,2016-04-27 19:07:36
ACC_1011741,C_107837,CURRENT,8212.08,ACTIVE,2025-01-03 18:51:06
ACC_1011742,C_107837,CURRENT,1040.84,ACTIVE,2025-01-10 15:36:06
ACC_1011743,C_107838,SAVINGS,60004.99,ACTIVE,2025-11-05 23:30:50
ACC_1011744,C_107839,CURRENT,3352.29,ACTIVE,2022-02-20 00:43:27
ACC_1011745,C_107840,CURRENT,1700.7,ACTIVE,2021-09-12 23:58:30
ACC_1011746,C_107841,BUSINESS,113296.61,ACTIVE,2019-02-07 18:17:23
ACC_1011747,C_107842,CURRENT,2516.13,ACTIVE,2023-02-10 15:10:42
ACC_1011748,C_107843,BUSINESS,31633.9,ACTIVE,2016-07-21 08:39:20
ACC_1011749,C_107844,SAVINGS,4589.61,ACTIVE,2020-07-07 10:42:34
ACC_1011750,C_107844,CURRENT,3415.68,ACTIVE,2020-07-25 23:13:34
ACC_1011751,C_107845,CURRENT,1938.23,ACTIVE,2016-07-14 03:05:03
ACC_1011752,C_107846,BUSINESS,4921.98,DORMANT,2021-08-11 04:06:57
ACC_1011753,C_107846,CURRENT,1509.37,ACTIVE,2021-08-09 20:09:57
ACC_1011754,C_107847,BUSINESS,135507.77,DORMANT,2022-08-11 11:33:04
ACC_1011755,C_107848,BUSINESS,198901.0,ACTIVE,2023-11-19 06:34:05
ACC_1011756,C_107848,CURRENT,1637.3,ACTIVE,2023-11-04 22:51:05
ACC_1011757,C_107848,CURRENT,729.49,ACTIVE,2023-11-05 05:52:05
ACC_1011758,C_107849,CURRENT,5891.69,ACTIVE,2024-03-13 12:24:10
ACC_1011759,C_107850,CURRENT,514.25,ACTIVE,2021-02-22 09:21:14
ACC_1011760,C_107851,CURRENT,2026.75,ACTIVE,2019-11-18 00:43:49
ACC_1011761,C_107851,CURRENT,1093.09,ACTIVE,2019-11-22 18:43:49
ACC_1011762,C_107852,SAVINGS,242697.15,ACTIVE,2019-06-02 11:55:54
ACC_1011763,C_107853,CURRENT,532.2,ACTIVE,2018-01-01 18:23:49
ACC_1011764,C_107854,CURRENT,1303.5,ACTIVE,2025-03-18 00:18:14
ACC_1011765,C_107855,SAVINGS,3050.43,ACTIVE,2021-08-08 00:24:29
ACC_1011766,C_107855,SAVINGS,11142.33,ACTIVE,2021-07-26 02:34:29
ACC_1011767,C_107855,BUSINESS,23914.75,ACTIVE,2021-08-20 14:58:29
ACC_1011768,C_107856,SAVINGS,21561.78,DORMANT,2025-06-10 11:31:35
ACC_1011769,C_107857,CURRENT,2725.99,ACTIVE,2016-07-13 12:11:55
ACC_1011770,C_107857,SAVINGS,18746.18,ACTIVE,2016-07-01 09:52:55
ACC_1011771,C_107858,CURRENT,1898.83,ACTIVE,2016-11-04 16:18:17
ACC_1011772,C_107859,BUSINESS,148470.78,DORMANT,2018-04-14 21:17:20
ACC_1011773,C_107859,BUSINESS,282536.48,ACTIVE,2018-05-04 10:32:20
ACC_1011774,C_107860,SAVINGS,72101.95,ACTIVE,2024-02-20 15:49:06
ACC_1011775,C_107861,SAVINGS,2296.77,ACTIVE,2018-01-02 17:01:16
ACC_1011776,C_107862,CURRENT,1586.91,ACTIVE,2025-08-08 02:29:03
ACC_1011777,C_107863,CURRENT,1086.88,ACTIVE,2019-07-17 01:09:09
ACC_1011778,C_107864,BUSINESS,54330.59,ACTIVE,2023-10-25 12:03:29
ACC_1011779,C_107865,CURRENT,1913.15,ACTIVE,2025-04-17 05:48:27
ACC_1011780,C_107865,SAVINGS,2222.84,ACTIVE,2025-04-18 09:16:27
ACC_1011781,C_107866,SAVINGS,20685.01,ACTIVE,2020-03-17 06:37:36
ACC_1011782,C_107867,BUSINESS,137778.62,ACTIVE,2017-12-30 13:02:52
ACC_1011783,C_107867,CURRENT,331.32,ACTIVE,2017-12-27 21:40:52
ACC_1011784,C_107868,SAVINGS,1074.59,ACTIVE,2021-03-06 00:51:56
ACC_1011785,C_107869,SAVINGS,2465.69,DORMANT,2020-06-01 19:34:15
ACC_1011786,C_107870,SAVINGS,40860.4,ACTIVE,2016-11-21 01:56:26
ACC_1011787,C_107871,BUSINESS,88482.58,ACTIVE,2023-05-03 05:49:33
ACC_1011788,C_107871,SAVINGS,2868.39,ACTIVE,2023-05-07 17:15:33
ACC_1011789,C_107872,CURRENT,113.06,ACTIVE,2021-01-11 23:40:29
ACC_1011790,C_107873,SAVINGS,8594.58,ACTIVE,2025-11-06 01:48:52
ACC_1011791,C_107874,SAVINGS,5227.16,ACTIVE,2019-08-12 16:42:46
ACC_1011792,C_107875,BUSINESS,279300.79,ACTIVE,2018-05-02 22:09:22
ACC_1011793,C_107876,SAVINGS,8666.08,DORMANT,2023-12-12 09:10:28
ACC_1011794,C_107876,SAVINGS,19288.23,ACTIVE,2023-12-29 18:23:28
ACC_1011795,C_107877,CURRENT,1166.96,ACTIVE,2019-04-21 18:06:47
ACC_1011796,C_107877,CURRENT,422.32,DORMANT,2019-03-29 21:09:47
ACC_1011797,C_107877,CURRENT,2954.46,ACTIVE,2019-04-19 09:06:47
ACC_1011798,C_107878,BUSINESS,14722.54,ACTIVE,2021-07-03 22:02:31
ACC_1011799,C_107878,SAVINGS,7135.14,ACTIVE,2021-07-16 21:27:31
ACC_1011800,C_107879,BUSINESS,80757.44,ACTIVE,2017-11-02 02:29:55
ACC_1011801,C_107880,BUSINESS,27437.37,ACTIVE,2018-05-12 10:26:51
ACC_1011802,C_107881,BUSINESS,59941.38,ACTIVE,2017-11-12 23:44:02
ACC_1011803,C_107882,SAVINGS,7699.94,ACTIVE,2024-04-16 01:07:11
ACC_1011804,C_107883,SAVINGS,33582.76,ACTIVE,2016-04-22 18:39:19
ACC_1011805,C_107884,SAVINGS,8250.06,DORMANT,2022-07-05 20:01:23
ACC_1011806,C_107884,SAVINGS,6721.28,ACTIVE,2022-07-05 17:58:23
ACC_1011807,C_107885,CURRENT,11516.77,ACTIVE,2020-07-20 12:37:23
ACC_1011808,C_107886,SAVINGS,9830.88,ACTIVE,2023-10-03 23:06:15
ACC_1011809,C_107887,CURRENT,1511.75,ACTIVE,2025-02-24 05:20:34
ACC_1011810,C_107887,CURRENT,666.47,ACTIVE,2025-02-07 15:29:34
ACC_1011811,C_107888,SAVINGS,23068.81,ACTIVE,2016-04-10 09:33:25
ACC_1011812,C_107889,CURRENT,4388.66,ACTIVE,2018-11-03 13:01:37
ACC_1011813,C_107889,CURRENT,1721.47,ACTIVE,2018-11-03 16:46:37
ACC_1011814,C_107889,CURRENT,1349.87,ACTIVE,2018-11-24 15:26:37
ACC_1011815,C_107890,CURRENT,1955.9,ACTIVE,2024-04-13 16:56:32
ACC_1011816,C_107890,CURRENT,1540.97,ACTIVE,2024-04-06 03:31:32
ACC_1011817,C_107890,SAVINGS,43025.24,ACTIVE,2024-04-17 13:09:32
ACC_1011818,C_107891,CURRENT,2673.84,ACTIVE,2017-03-19 14:14:40
ACC_1011819,C_107892,CURRENT,2036.21,DORMANT,2019-01-31 20:55:32
ACC_1011820,C_107892,SAVINGS,10623.1,ACTIVE,2019-02-12 04:58:32
ACC_1011821,C_107893,CURRENT,1447.14,ACTIVE,2022-11-18 02:49:14
ACC_1011822,C_107894,SAVINGS,145010.88,ACTIVE,2021-09-03 22:49:30
ACC_1011823,C_107895,SAVINGS,22216.32,ACTIVE,2022-07-03 00:32:19
ACC_1011824,C_107896,BUSINESS,347876.82,ACTIVE,2016-12-06 00:53:54
ACC_1011825,C_107896,BUSINESS,18071.66,ACTIVE,2016-11-28 07:32:54
ACC_1011826,C_107897,CURRENT,628.44,ACTIVE,2021-06-28 23:06:41
ACC_1011827,C_107897,CURRENT,2153.66,ACTIVE,2021-06-27 16:35:41
ACC_1011828,C_107898,SAVINGS,1349.38,ACTIVE,2021-07-20 01:22:41
ACC_1011829,C_107899,CURRENT,1223.37,ACTIVE,2017-11-04 17:33:42
ACC_1011830,C_107900,CURRENT,196.38,DORMANT,2017-07-03 08:59:34
ACC_1011831,C_107900,BUSINESS,9104.75,ACTIVE,2017-07-23 04:02:34
ACC_1011832,C_107901,SAVINGS,2685.76,ACTIVE,2021-02-18 13:47:10
ACC_1011833,C_107902,SAVINGS,2147.63,ACTIVE,2025-09-28 13:28:55
ACC_1011834,C_107902,SAVINGS,2570.68,DORMANT,2025-09-30 23:16:55
ACC_1011835,C_107902,CURRENT,1369.77,ACTIVE,2025-09-24 12:29:55
ACC_1011836,C_107903,BUSINESS,48310.54,ACTIVE,2023-12-22 19:11:57
ACC_1011837,C_107903,BUSINESS,202760.05,ACTIVE,2023-12-30 06:00:57
ACC_1011838,C_107904,CURRENT,315.4,ACTIVE,2021-08-17 02:50:33
ACC_1011839,C_107905,SAVINGS,1826.02,ACTIVE,2022-10-15 18:00:19
ACC_1011840,C_107906,CURRENT,4038.33,ACTIVE,2016-09-03 23:25:24
ACC_1011841,C_107907,SAVINGS,19010.94,ACTIVE,2020-10-27 20:57:55
ACC_1011842,C_107907,CURRENT,3362.53,ACTIVE,2020-11-11 10:04:55
ACC_1011843,C_107907,CURRENT,1287.16,ACTIVE,2020-11-24 23:32:55
ACC_1011844,C_107908,BUSINESS,17919.17,ACTIVE,2018-02-21 07:09:07
ACC_1011845,C_107908,CURRENT,796.02,ACTIVE,2018-02-23 19:56:07
ACC_1011846,C_107908,SAVINGS,17307.85,ACTIVE,2018-01-30 04:54:07
ACC_1011847,C_107909,BUSINESS,396353.66,ACTIVE,2019-03-18 04:51:29
ACC_1011848,C_107909,CURRENT,771.55,ACTIVE,2019-03-14 09:18:29
ACC_1011849,C_107910,BUSINESS,85060.26,ACTIVE,2018-12-26 20:19:49
ACC_1011850,C_107910,CURRENT,505.48,ACTIVE,2018-12-19 10:16:49
ACC_1011851,C_107911,SAVINGS,3824.63,ACTIVE,2019-06-26 19:16:38
ACC_1011852,C_107912,CURRENT,1070.18,ACTIVE,2019-08-26 18:10:24
ACC_1011853,C_107913,BUSINESS,271065.98,ACTIVE,2024-07-02 03:50:10
ACC_1011854,C_107914,CURRENT,803.57,ACTIVE,2018-02-01 20:21:23
ACC_1011855,C_107915,BUSINESS,57363.7,ACTIVE,2024-01-14 13:57:53
ACC_1011856,C_107916,BUSINESS,1000.0,ACTIVE,2016-11-08 16:31:09
ACC_1011857,C_107916,SAVINGS,143728.53,ACTIVE,2016-11-23 09:23:09
ACC_1011858,C_107917,SAVINGS,100145.53,ACTIVE,2019-09-23 01:07:50
ACC_1011859,C_107918,CURRENT,3428.66,ACTIVE,2019-03-03 02:29:25
ACC_1011860,C_107919,CURRENT,2693.93,ACTIVE,2020-05-24 09:33:40
ACC_1011861,C_107920,SAVINGS,2365.94,ACTIVE,2025-04-08 09:32:29
ACC_1011862,C_107921,CURRENT,2127.58,ACTIVE,2020-02-02 02:19:11
ACC_1011863,C_107922,CURRENT,1386.82,ACTIVE,2016-03-18 03:08:33
ACC_1011864,C_107922,SAVINGS,12489.02,ACTIVE,2016-02-19 16:47:33
ACC_1011865,C_107923,CURRENT,1335.7,ACTIVE,2016-08-15 18:46:45
ACC_1011866,C_107924,SAVINGS,5411.73,ACTIVE,2023-02-24 06:27:06
ACC_1011867,C_107924,SAVINGS,17818.52,ACTIVE,2023-03-05 02:44:06
ACC_1011868,C_107925,SAVINGS,5881.1,ACTIVE,2023-12-05 13:09:30
ACC_1011869,C_107925,BUSINESS,477358.86,ACTIVE,2023-12-11 05:07:30
ACC_1011870,C_107925,SAVINGS,26638.44,ACTIVE,2023-12-10 17:44:30
ACC_1011871,C_107926,BUSINESS,156880.1,ACTIVE,2018-06-28 17:04:42
ACC_1011872,C_107926,BUSINESS,1374901.34,DORMANT,2018-06-26 05:11:42
ACC_1011873,C_107927,BUSINESS,84518.76,ACTIVE,2019-09-23 00:44:23
ACC_1011874,C_107927,SAVINGS,22356.5,ACTIVE,2019-09-03 03:09:23
ACC_1011875,C_107927,CURRENT,1081.34,ACTIVE,2019-09-15 17:31:23
ACC_1011876,C_107928,CURRENT,2113.51,ACTIVE,2024-01-21 07:57:59
ACC_1011877,C_107929,SAVINGS,14904.84,ACTIVE,2017-01-24 01:05:25
ACC_1011878,C_107930,SAVINGS,8360.27,ACTIVE,2023-03-30 13:46:17
ACC_1011879,C_107931,CURRENT,288.65,ACTIVE,2019-04-09 01:01:15
ACC_1011880,C_107931,SAVINGS,51254.06,ACTIVE,2019-04-07 07:12:15
ACC_1011881,C_107932,CURRENT,804.38,ACTIVE,2019-08-23 18:19:16
ACC_1011882,C_107932,SAVINGS,8743.85,ACTIVE,2019-08-15 15:10:16
ACC_1011883,C_107933,BUSINESS,215848.06,ACTIVE,2024-04-30 14:04:55
ACC_1011884,C_107933,SAVINGS,16715.56,ACTIVE,2024-05-05 09:56:55
ACC_1011885,C_107933,BUSINESS,97541.47,ACTIVE,2024-05-01 00:25:55
ACC_1011886,C_107934,BUSINESS,62484.42,ACTIVE,2017-12-16 14:26:19
ACC_1011887,C_107935,SAVINGS,5838.1,ACTIVE,2016-05-29 16:28:47
ACC_1011888,C_107936,BUSINESS,289005.13,DORMANT,2024-05-07 13:33:32
ACC_1011889,C_107936,CURRENT,5285.99,ACTIVE,2024-06-02 12:49:32
ACC_1011890,C_107937,CURRENT,834.22,ACTIVE,2024-07-28 14:53:17
ACC_1011891,C_107938,BUSINESS,137039.11,ACTIVE,2018-03-26 01:55:59
ACC_1011892,C_107938,CURRENT,1100.23,ACTIVE,2018-03-20 05:04:59
ACC_1011893,C_107939,CURRENT,4103.48,ACTIVE,2024-06-14 06:46:34
ACC_1011894,C_107939,BUSINESS,413881.55,DORMANT,2024-06-06 06:27:34
ACC_1011895,C_107940,BUSINESS,14631.61,ACTIVE,2016-02-21 07:56:45
ACC_1011896,C_107941,SAVINGS,30387.9,ACTIVE,2016-02-12 02:31:25
ACC_1011897,C_107942,CURRENT,2093.86,ACTIVE,2020-02-11 23:38:02
ACC_1011898,C_107943,CURRENT,508.57,ACTIVE,2020-08-14 11:39:08
ACC_1011899,C_107943,SAVINGS,75247.34,ACTIVE,2020-08-05 10:53:08
ACC_1011900,C_107943,SAVINGS,2660.19,ACTIVE,2020-08-12 23:13:08
ACC_1011901,C_107944,BUSINESS,176861.53,ACTIVE,2025-10-11 20:29:01
ACC_1011902,C_107944,CURRENT,2375.21,ACTIVE,2025-10-20 22:33:01
ACC_1011903,C_107945,BUSINESS,10244.29,DORMANT,2025-07-28 06:06:06
ACC_1011904,C_107946,BUSINESS,10585.28,ACTIVE,2018-08-24 12:45:54
ACC_1011905,C_107946,CURRENT,178.46,ACTIVE,2018-08-21 05:20:54
ACC_1011906,C_107946,CURRENT,1318.92,ACTIVE,2018-08-19 14:52:54
ACC_1011907,C_107947,CURRENT,858.82,ACTIVE,2017-10-31 08:04:41
ACC_1011908,C_107948,BUSINESS,13950.31,DORMANT,2025-08-13 11:25:46
ACC_1011909,C_107949,CURRENT,247.41,ACTIVE,2023-01-17 02:43:01
ACC_1011910,C_107949,SAVINGS,769.9,ACTIVE,2023-01-13 13:37:01
ACC_1011911,C_107950,SAVINGS,73956.29,ACTIVE,2021-12-11 17:35:59
ACC_1011912,C_107951,SAVINGS,17016.63,ACTIVE,2019-03-14 18:54:37
ACC_1011913,C_107952,CURRENT,620.16,ACTIVE,2023-01-14 01:46:05
ACC_1011914,C_107952,SAVINGS,3854.14,ACTIVE,2023-01-12 05:26:05
ACC_1011915,C_107952,CURRENT,1582.6,ACTIVE,2023-02-06 00:46:05
ACC_1011916,C_107953,BUSINESS,23427.79,ACTIVE,2019-02-25 23:07:43
ACC_1011917,C_107954,CURRENT,805.72,ACTIVE,2022-04-30 21:50:31
ACC_1011918,C_107954,CURRENT,6385.41,ACTIVE,2022-04-07 14:46:31
ACC_1011919,C_107955,CURRENT,2009.58,ACTIVE,2022-08-10 08:18:52
ACC_1011920,C_107956,SAVINGS,59220.6,ACTIVE,2020-01-18 23:46:20
ACC_1011921,C_107956,SAVINGS,9969.2,ACTIVE,2019-12-30 19:10:20
ACC_1011922,C_107957,CURRENT,14099.98,ACTIVE,2019-05-06 20:41:00
ACC_1011923,C_107958,BUSINESS,106647.57,ACTIVE,2017-02-25 23:47:47
ACC_1011924,C_107958,SAVINGS,20702.4,ACTIVE,2017-02-17 16:21:47
ACC_1011925,C_107959,CURRENT,452.02,DORMANT,2025-06-30 14:42:25
ACC_1011926,C_107960,BUSINESS,126713.28,DORMANT,2021-04-30 22:00:48
ACC_1011927,C_107961,BUSINESS,173596.17,ACTIVE,2021-06-27 14:06:42
ACC_1011928,C_107961,CURRENT,785.93,ACTIVE,2021-06-18 07:14:42
ACC_1011929,C_107962,SAVINGS,26080.21,ACTIVE,2024-06-08 23:59:05
ACC_1011930,C_107962,BUSINESS,29292.07,ACTIVE,2024-05-14 16:30:05
ACC_1011931,C_107963,BUSINESS,16390.23,DORMANT,2024-12-31 12:52:32
ACC_1011932,C_107964,SAVINGS,45212.95,ACTIVE,2019-10-01 14:37:57
ACC_1011933,C_107965,SAVINGS,14953.9,ACTIVE,2024-02-25 17:17:14
ACC_1011934,C_107965,BUSINESS,82767.19,ACTIVE,2024-03-02 04:59:14
ACC_1011935,C_107966,CURRENT,6606.64,ACTIVE,2020-11-23 08:06:22
ACC_1011936,C_107967,SAVINGS,40590.73,ACTIVE,2019-02-28 08:03:52
ACC_1011937,C_107967,SAVINGS,10551.39,ACTIVE,2019-02-21 06:29:52
ACC_1011938,C_107967,BUSINESS,7780.46,ACTIVE,2019-03-02 17:21:52
ACC_1011939,C_107968,CURRENT,2272.89,ACTIVE,2018-02-08 06:52:05
ACC_1011940,C_107969,BUSINESS,1233031.05,ACTIVE,2018-02-05 00:35:18
ACC_1011941,C_107970,CURRENT,2029.5,ACTIVE,2020-04-28 18:53:24
ACC_1011942,C_107970,BUSINESS,37448.99,ACTIVE,2020-05-22 11:57:24
ACC_1011943,C_107971,SAVINGS,87279.64,ACTIVE,2019-03-21 04:42:53
ACC_1011944,C_107972,CURRENT,239.92,ACTIVE,2023-02-09 04:41:08
ACC_1011945,C_107972,BUSINESS,132695.04,ACTIVE,2023-01-23 12:32:08
ACC_1011946,C_107973,CURRENT,776.48,DORMANT,2018-07-27 22:47:57
ACC_1011947,C_107974,BUSINESS,15507.37,ACTIVE,2025-09-29 09:15:14
ACC_1011948,C_107974,SAVINGS,34704.95,ACTIVE,2025-09-05 07:20:14
ACC_1011949,C_107974,SAVINGS,10384.29,ACTIVE,2025-09-08 12:20:14
ACC_1011950,C_107975,BUSINESS,337796.34,ACTIVE,2018-11-16 18:50:50
ACC_1011951,C_107975,CURRENT,3433.17,ACTIVE,2018-11-09 17:31:50
ACC_1011952,C_107976,CURRENT,535.71,ACTIVE,2021-01-10 17:10:00
ACC_1011953,C_107977,CURRENT,4344.54,ACTIVE,2018-07-24 19:22:15
ACC_1011954,C_107978,CURRENT,5246.63,ACTIVE,2018-01-26 16:08:45
ACC_1011955,C_107979,CURRENT,5729.4,ACTIVE,2023-04-05 00:43:20
ACC_1011956,C_107979,CURRENT,3665.44,ACTIVE,2023-03-18 04:31:20
ACC_1011957,C_107980,CURRENT,1070.69,ACTIVE,2017-06-08 08:26:14
ACC_1011958,C_107981,BUSINESS,16997.72,ACTIVE,2018-08-07 19:10:20
ACC_1011959,C_107982,SAVINGS,10444.11,ACTIVE,2025-06-25 15:51:31
ACC_1011960,C_107982,CURRENT,1525.47,ACTIVE,2025-07-02 23:24:31
ACC_1011961,C_107982,BUSINESS,387812.67,ACTIVE,2025-07-20 22:26:31
ACC_1011962,C_107983,CURRENT,2932.8,ACTIVE,2018-11-26 23:08:28
ACC_1011963,C_107984,CURRENT,2537.18,ACTIVE,2022-11-24 15:41:11
ACC_1011964,C_107985,BUSINESS,724797.31,ACTIVE,2025-08-13 14:15:19
ACC_1011965,C_107986,SAVINGS,11386.47,ACTIVE,2021-02-13 11:57:00
ACC_1011966,C_107987,BUSINESS,474041.05,ACTIVE,2018-06-29 04:09:49
ACC_1011967,C_107987,CURRENT,1059.15,ACTIVE,2018-07-11 01:03:49
ACC_1011968,C_107988,CURRENT,310.24,ACTIVE,2019-03-26 11:46:07
ACC_1011969,C_107988,CURRENT,5026.29,ACTIVE,2019-03-15 13:20:07
ACC_1011970,C_107989,BUSINESS,126952.28,ACTIVE,2018-12-03 06:52:15
ACC_1011971,C_107989,SAVINGS,15622.09,ACTIVE,2018-12-14 17:04:15
ACC_1011972,C_107990,CURRENT,3954.02,ACTIVE,2022-02-27 15:57:17
ACC_1011973,C_107991,CURRENT,1820.1,ACTIVE,2022-12-09 23:18:33
ACC_1011974,C_107992,SAVINGS,3861.21,ACTIVE,2020-11-03 04:06:45
ACC_1011975,C_107993,SAVINGS,126963.42,ACTIVE,2018-05-25 21:46:16
ACC_1011976,C_107993,CURRENT,1779.71,ACTIVE,2018-06-12 23:02:16
ACC_1011977,C_107994,SAVINGS,5301.6,ACTIVE,2021-06-01 09:54:49
ACC_1011978,C_107995,SAVINGS,5640.31,ACTIVE,2023-04-27 21:02:17
ACC_1011979,C_107995,CURRENT,4745.46,ACTIVE,2023-05-13 10:43:17
ACC_1011980,C_107995,CURRENT,5177.23,ACTIVE,2023-05-19 02:59:17
ACC_1011981,C_107996,CURRENT,1481.62,ACTIVE,2021-07-17 09:51:37
ACC_1011982,C_107996,CURRENT,1765.82,ACTIVE,2021-06-28 05:07:37
ACC_1011983,C_107996,SAVINGS,19756.69,ACTIVE,2021-06-18 22:21:37
ACC_1011984,C_107997,SAVINGS,9023.38,ACTIVE,2021-10-09 18:47:24
ACC_1011985,C_107997,SAVINGS,6358.1,ACTIVE,2021-10-22 11:42:24
ACC_1011986,C_107998,SAVINGS,26389.27,ACTIVE,2018-08-01 20:55:18
ACC_1011987,C_107999,SAVINGS,10884.92,ACTIVE,2021-06-27 19:45:22
ACC_1011988,C_108000,BUSINESS,331487.27,ACTIVE,2016-02-19 16:01:43
ACC_1011989,C_108001,SAVINGS,10472.68,ACTIVE,2025-04-30 05:27:31
ACC_1011990,C_108001,BUSINESS,162277.22,ACTIVE,2025-05-04 12:28:31
ACC_1011991,C_108001,SAVINGS,4639.33,ACTIVE,2025-05-21 23:42:31
ACC_1011992,C_108002,BUSINESS,19776.79,ACTIVE,2018-11-01 15:20:52
ACC_1011993,C_108003,CURRENT,2560.23,ACTIVE,2018-04-04 22:24:45
ACC_1011994,C_108004,BUSINESS,3508.98,ACTIVE,2020-12-12 21:34:29
ACC_1011995,C_108005,CURRENT,968.63,ACTIVE,2019-01-20 12:00:00
ACC_1011996,C_108006,SAVINGS,26588.0,ACTIVE,2019-02-03 23:40:14
ACC_1011997,C_108007,SAVINGS,26348.83,ACTIVE,2021-12-10 08:36:44
ACC_1011998,C_108007,CURRENT,4145.66,ACTIVE,2021-12-12 10:11:44
ACC_1011999,C_108008,SAVINGS,4709.38,ACTIVE,2019-03-16 14:58:42
ACC_1012000,C_108009,BUSINESS,124572.26,ACTIVE,2017-07-08 10:53:13
ACC_1012001,C_108009,BUSINESS,116241.96,ACTIVE,2017-06-26 18:26:13
ACC_1012002,C_108010,BUSINESS,6785.82,ACTIVE,2020-01-03 06:41:24
ACC_1012003,C_108011,CURRENT,5937.54,ACTIVE,2020-08-20 06:24:46
ACC_1012004,C_108011,SAVINGS,52246.94,ACTIVE,2020-08-25 01:10:46
ACC_1012005,C_108012,CURRENT,7296.23,DORMANT,2018-10-29 16:12:04
ACC_1012006,C_108013,CURRENT,5602.65,ACTIVE,2016-06-25 15:29:34
ACC_1012007,C_108014,CURRENT,1465.67,ACTIVE,2023-02-01 04:30:08
ACC_1012008,C_108015,CURRENT,953.54,ACTIVE,2017-08-01 20:20:21
ACC_1012009,C_108015,CURRENT,469.99,ACTIVE,2017-07-25 04:57:21
ACC_1012010,C_108016,BUSINESS,33316.0,ACTIVE,2025-08-15 20:51:48
ACC_1012011,C_108016,SAVINGS,17338.76,ACTIVE,2025-08-10 20:51:48
ACC_1012012,C_108017,BUSINESS,46192.23,ACTIVE,2023-10-02 06:42:30
ACC_1012013,C_108017,BUSINESS,20933.19,ACTIVE,2023-10-04 18:05:30
ACC_1012014,C_108018,CURRENT,11025.3,ACTIVE,2024-10-11 14:44:06
ACC_1012015,C_108019,SAVINGS,27690.31,ACTIVE,2020-04-08 04:09:41
ACC_1012016,C_108019,SAVINGS,19001.01,ACTIVE,2020-04-05 16:20:41
ACC_1012017,C_108020,SAVINGS,34272.15,DORMANT,2025-07-16 15:41:36
ACC_1012018,C_108020,CURRENT,11492.33,ACTIVE,2025-07-18 06:54:36
ACC_1012019,C_108020,BUSINESS,801400.46,ACTIVE,2025-07-24 22:42:36
ACC_1012020,C_108021,CURRENT,2102.5,ACTIVE,2022-04-10 03:22:35
ACC_1012021,C_108022,CURRENT,118.39,ACTIVE,2023-03-16 02:16:52
ACC_1012022,C_108023,BUSINESS,805328.03,ACTIVE,2025-06-28 20:15:57
ACC_1012023,C_108024,SAVINGS,10428.99,ACTIVE,2025-03-18 21:14:10
ACC_1012024,C_108025,CURRENT,2837.04,ACTIVE,2021-07-17 12:32:52
ACC_1012025,C_108026,SAVINGS,195225.27,ACTIVE,2023-04-04 14:46:00
ACC_1012026,C_108027,BUSINESS,17081.08,ACTIVE,2023-06-09 07:35:09
ACC_1012027,C_108028,CURRENT,1162.99,ACTIVE,2020-08-30 09:16:17
ACC_1012028,C_108029,BUSINESS,1500000.0,ACTIVE,2020-01-14 17:59:39
ACC_1012029,C_108029,SAVINGS,75133.72,DORMANT,2020-01-06 01:20:39
ACC_1012030,C_108030,BUSINESS,1187625.67,ACTIVE,2024-11-03 01:19:24
ACC_1012031,C_108030,CURRENT,2352.43,ACTIVE,2024-11-03 17:04:24
ACC_1012032,C_108031,SAVINGS,39816.86,ACTIVE,2023-07-31 09:41:22
ACC_1012033,C_108032,SAVINGS,48071.84,ACTIVE,2025-01-26 11:24:45
ACC_1012034,C_108033,BUSINESS,154762.88,ACTIVE,2017-02-23 18:20:35
ACC_1012035,C_108034,SAVINGS,7680.12,ACTIVE,2018-12-13 14:44:26
ACC_1012036,C_108035,SAVINGS,2228.9,ACTIVE,2021-09-01 20:00:09
ACC_1012037,C_108035,CURRENT,2101.66,ACTIVE,2021-08-30 03:35:09
ACC_1012038,C_108035,BUSINESS,26874.64,ACTIVE,2021-08-13 00:42:09
ACC_1012039,C_108036,BUSINESS,162756.83,ACTIVE,2020-02-03 14:22:05
ACC_1012040,C_108037,BUSINESS,33091.14,ACTIVE,2018-11-13 16:23:39
ACC_1012041,C_108038,CURRENT,2587.0,ACTIVE,2023-04-20 16:20:44
ACC_1012042,C_108038,SAVINGS,9846.45,DORMANT,2023-05-09 08:12:44
ACC_1012043,C_108039,CURRENT,409.63,ACTIVE,2021-08-28 21:17:52
ACC_1012044,C_108039,CURRENT,7774.33,ACTIVE,2021-09-12 22:44:52
ACC_1012045,C_108040,SAVINGS,13092.96,ACTIVE,2019-02-06 04:06:53
ACC_1012046,C_108041,CURRENT,789.82,ACTIVE,2023-01-08 02:46:29
ACC_1012047,C_108042,SAVINGS,250000.0,ACTIVE,2018-02-13 20:32:48
ACC_1012048,C_108043,CURRENT,1235.34,ACTIVE,2018-04-15 04:18:19
ACC_1012049,C_108044,SAVINGS,7114.25,ACTIVE,2023-12-26 00:33:03
ACC_1012050,C_108045,CURRENT,331.19,ACTIVE,2019-12-17 05:31:17
ACC_1012051,C_108045,BUSINESS,78137.99,ACTIVE,2020-01-04 18:25:17
ACC_1012052,C_108045,CURRENT,4649.18,ACTIVE,2019-12-17 20:17:17
ACC_1012053,C_108046,CURRENT,1752.24,DORMANT,2021-04-25 23:06:09
ACC_1012054,C_108046,CURRENT,529.95,ACTIVE,2021-05-03 08:35:09
ACC_1012055,C_108046,CURRENT,923.37,ACTIVE,2021-05-09 13:04:09
ACC_1012056,C_108047,CURRENT,852.82,ACTIVE,2019-07-02 14:09:14
ACC_1012057,C_108048,CURRENT,1029.42,ACTIVE,2016-01-31 19:11:40
ACC_1012058,C_108048,BUSINESS,36873.02,ACTIVE,2016-01-29 20:43:40
ACC_1012059,C_108049,BUSINESS,59254.01,ACTIVE,2022-09-17 17:51:58
ACC_1012060,C_108049,SAVINGS,3735.2,ACTIVE,2022-09-03 03:09:58
ACC_1012061,C_108050,BUSINESS,12113.26,ACTIVE,2018-08-21 03:13:32
ACC_1012062,C_108051,BUSINESS,354809.71,ACTIVE,2022-02-13 02:35:17
ACC_1012063,C_108052,SAVINGS,39664.37,DORMANT,2019-10-03 16:43:32
ACC_1012064,C_108052,BUSINESS,84742.16,ACTIVE,2019-10-25 07:01:32
ACC_1012065,C_108053,CURRENT,2936.54,DORMANT,2018-12-29 14:52:37
ACC_1012066,C_108054,CURRENT,259.38,ACTIVE,2020-09-24 12:02:15
ACC_1012067,C_108054,CURRENT,542.49,ACTIVE,2020-10-15 10:25:15
ACC_1012068,C_108055,SAVINGS,11284.15,ACTIVE,2017-09-12 02:18:49
ACC_1012069,C_108056,SAVINGS,7979.36,ACTIVE,2019-12-17 15:22:24
ACC_1012070,C_108057,SAVINGS,7212.61,ACTIVE,2025-03-27 11:33:24
ACC_1012071,C_108057,BUSINESS,142668.44,ACTIVE,2025-03-27 02:04:24
ACC_1012072,C_108058,CURRENT,820.73,ACTIVE,2017-02-15 19:52:43
ACC_1012073,C_108059,BUSINESS,582349.09,ACTIVE,2017-03-15 01:25:57
ACC_1012074,C_108059,SAVINGS,63211.53,ACTIVE,2017-03-26 15:46:57
ACC_1012075,C_108060,SAVINGS,108026.45,ACTIVE,2016-06-25 14:44:25
ACC_1012076,C_108061,SAVINGS,24820.66,ACTIVE,2023-11-28 21:26:31
ACC_1012077,C_108062,BUSINESS,15398.78,ACTIVE,2023-09-22 22:12:22
ACC_1012078,C_108062,SAVINGS,6035.4,ACTIVE,2023-10-02 03:36:22
ACC_1012079,C_108062,BUSINESS,123136.94,ACTIVE,2023-09-19 15:05:22
ACC_1012080,C_108063,CURRENT,6532.34,ACTIVE,2023-06-28 20:27:21
ACC_1012081,C_108063,CURRENT,2148.7,ACTIVE,2023-06-19 17:27:21
ACC_1012082,C_108064,SAVINGS,50551.52,ACTIVE,2025-02-12 13:29:14
ACC_1012083,C_108065,CURRENT,3787.03,ACTIVE,2021-12-05 06:13:37
ACC_1012084,C_108066,SAVINGS,14087.7,ACTIVE,2018-10-06 21:40:03
ACC_1012085,C_108066,BUSINESS,1162285.08,ACTIVE,2018-10-31 08:18:03
ACC_1012086,C_108066,SAVINGS,8809.73,ACTIVE,2018-10-06 13:52:03
ACC_1012087,C_108067,CURRENT,3494.09,ACTIVE,2017-11-09 00:50:40
ACC_1012088,C_108067,CURRENT,487.61,ACTIVE,2017-11-13 17:26:40
ACC_1012089,C_108068,BUSINESS,82987.01,ACTIVE,2024-02-19 03:39:10
ACC_1012090,C_108069,CURRENT,451.41,ACTIVE,2024-08-24 12:41:37
ACC_1012091,C_108069,CURRENT,4208.69,ACTIVE,2024-08-12 22:09:37
ACC_1012092,C_108070,BUSINESS,8450.72,ACTIVE,2020-10-24 01:04:59
ACC_1012093,C_108070,SAVINGS,82468.99,ACTIVE,2020-11-21 22:04:59
ACC_1012094,C_108071,CURRENT,6838.97,ACTIVE,2025-02-16 03:56:17
ACC_1012095,C_108072,CURRENT,8462.22,ACTIVE,2025-07-31 14:31:56
ACC_1012096,C_108072,CURRENT,412.39,ACTIVE,2025-08-13 15:47:56
ACC_1012097,C_108073,CURRENT,8239.44,ACTIVE,2016-08-11 00:00:35
ACC_1012098,C_108074,BUSINESS,1446.17,ACTIVE,2025-12-21 15:18:41
ACC_1012099,C_108075,BUSINESS,81630.41,ACTIVE,2023-05-13 02:22:42
ACC_1012100,C_108075,CURRENT,5039.48,DORMANT,2023-05-05 03:04:42
ACC_1012101,C_108076,BUSINESS,215211.03,ACTIVE,2018-10-19 19:36:32
ACC_1012102,C_108076,SAVINGS,22421.79,ACTIVE,2018-10-08 16:55:32
ACC_1012103,C_108076,CURRENT,1590.02,ACTIVE,2018-10-23 02:04:32
ACC_1012104,C_108077,BUSINESS,36155.69,ACTIVE,2023-10-18 20:56:55
ACC_1012105,C_108078,SAVINGS,1779.1,DORMANT,2023-09-28 12:17:30
ACC_1012106,C_108078,BUSINESS,78009.23,DORMANT,2023-09-15 07:31:30
ACC_1012107,C_108078,SAVINGS,36758.48,ACTIVE,2023-09-09 19:03:30
ACC_1012108,C_108079,SAVINGS,21932.71,ACTIVE,2017-07-26 05:52:27
ACC_1012109,C_108079,SAVINGS,6266.06,ACTIVE,2017-07-29 02:51:27
ACC_1012110,C_108080,SAVINGS,2851.22,ACTIVE,2025-11-28 17:16:25
ACC_1012111,C_108081,BUSINESS,3014.98,ACTIVE,2017-04-17 12:19:55
ACC_1012112,C_108081,BUSINESS,396714.77,ACTIVE,2017-04-15 18:18:55
ACC_1012113,C_108081,BUSINESS,29756.43,DORMANT,2017-04-30 00:28:55
ACC_1012114,C_108082,CURRENT,1986.54,ACTIVE,2019-09-25 00:48:17
ACC_1012115,C_108082,SAVINGS,8540.02,ACTIVE,2019-10-04 07:52:17
ACC_1012116,C_108083,CURRENT,3978.76,ACTIVE,2022-05-29 11:07:44
ACC_1012117,C_108084,SAVINGS,4484.13,DORMANT,2021-11-18 17:50:06
ACC_1012118,C_108085,BUSINESS,21876.56,ACTIVE,2017-10-29 17:52:05
ACC_1012119,C_108085,CURRENT,9336.8,ACTIVE,2017-10-26 07:09:05
ACC_1012120,C_108086,BUSINESS,27965.4,ACTIVE,2021-11-11 05:06:27
ACC_1012121,C_108087,BUSINESS,71128.12,ACTIVE,2019-01-31 03:49:10
ACC_1012122,C_108088,CURRENT,11429.75,ACTIVE,2021-04-06 13:00:21
ACC_1012123,C_108089,SAVINGS,31410.97,ACTIVE,2016-07-03 21:34:14
ACC_1012124,C_108090,BUSINESS,58964.76,ACTIVE,2020-12-24 16:54:52
ACC_1012125,C_108091,BUSINESS,17287.63,ACTIVE,2016-04-02 23:15:14
ACC_1012126,C_108092,BUSINESS,89088.7,ACTIVE,2017-04-17 08:46:42
ACC_1012127,C_108093,CURRENT,1344.52,ACTIVE,2025-07-15 09:15:14
ACC_1012128,C_108094,CURRENT,613.7,ACTIVE,2018-02-14 10:24:47
ACC_1012129,C_108095,CURRENT,3128.18,ACTIVE,2017-06-11 16:00:21
ACC_1012130,C_108096,CURRENT,1904.39,ACTIVE,2016-10-13 13:52:09
ACC_1012131,C_108096,CURRENT,11631.07,ACTIVE,2016-10-15 21:33:09
ACC_1012132,C_108097,BUSINESS,79337.9,ACTIVE,2021-10-04 20:52:16
ACC_1012133,C_108098,CURRENT,1606.84,ACTIVE,2023-06-17 13:40:43
ACC_1012134,C_108099,BUSINESS,23050.05,ACTIVE,2019-05-18 07:52:29
ACC_1012135,C_108099,CURRENT,9126.29,ACTIVE,2019-05-15 20:25:29
ACC_1012136,C_108100,CURRENT,2547.86,ACTIVE,2024-12-02 11:08:31
ACC_1012137,C_108101,CURRENT,741.4,ACTIVE,2025-06-18 02:24:21
ACC_1012138,C_108102,CURRENT,5967.32,ACTIVE,2018-07-16 05:20:09
ACC_1012139,C_108103,BUSINESS,69949.91,ACTIVE,2022-03-16 20:19:02
ACC_1012140,C_108104,CURRENT,973.03,ACTIVE,2025-08-27 03:00:22
ACC_1012141,C_108104,SAVINGS,10752.73,DORMANT,2025-08-10 18:55:22
ACC_1012142,C_108105,BUSINESS,163896.33,ACTIVE,2021-04-08 22:07:47
ACC_1012143,C_108105,CURRENT,4481.05,ACTIVE,2021-04-24 15:50:47
ACC_1012144,C_108106,BUSINESS,44477.28,ACTIVE,2021-10-07 17:43:57
ACC_1012145,C_108106,BUSINESS,1696.91,ACTIVE,2021-10-07 19:27:57
ACC_1012146,C_108107,SAVINGS,12254.65,ACTIVE,2023-03-30 04:32:08
ACC_1012147,C_108108,BUSINESS,12953.9,ACTIVE,2018-04-04 03:08:29
ACC_1012148,C_108109,CURRENT,974.73,ACTIVE,2019-05-07 04:55:30
ACC_1012149,C_108110,CURRENT,395.25,ACTIVE,2025-12-02 03:42:49
ACC_1012150,C_108111,CURRENT,784.36,ACTIVE,2021-04-05 13:59:16
ACC_1012151,C_108112,CURRENT,1746.74,ACTIVE,2016-02-19 04:06:07
ACC_1012152,C_108112,BUSINESS,35019.28,ACTIVE,2016-02-12 02:12:07
ACC_1012153,C_108113,CURRENT,7839.75,ACTIVE,2019-06-13 19:28:57
ACC_1012154,C_108114,SAVINGS,2201.35,ACTIVE,2019-05-25 13:13:36
ACC_1012155,C_108114,SAVINGS,696.41,ACTIVE,2019-05-25 04:22:36
ACC_1012156,C_108114,BUSINESS,114826.69,ACTIVE,2019-05-20 16:19:36
ACC_1012157,C_108115,CURRENT,1076.59,ACTIVE,2017-08-07 17:02:41
ACC_1012158,C_108115,BUSINESS,24706.85,ACTIVE,2017-07-30 16:50:41
ACC_1012159,C_108115,CURRENT,904.86,ACTIVE,2017-08-13 16:39:41
ACC_1012160,C_108116,BUSINESS,71795.73,ACTIVE,2021-01-18 08:51:41
ACC_1012161,C_108117,SAVINGS,8346.13,ACTIVE,2023-06-13 11:12:12
ACC_1012162,C_108117,CURRENT,1359.2,ACTIVE,2023-06-21 08:58:12
ACC_1012163,C_108118,CURRENT,3174.74,ACTIVE,2023-01-29 14:26:05
ACC_1012164,C_108118,CURRENT,3734.27,ACTIVE,2023-02-14 23:35:05
ACC_1012165,C_108119,BUSINESS,226547.06,ACTIVE,2016-03-16 12:50:55
ACC_1012166,C_108120,CURRENT,1782.83,DORMANT,2022-04-09 21:34:28
ACC_1012167,C_108121,BUSINESS,48579.63,ACTIVE,2016-09-12 01:51:13
ACC_1012168,C_108121,SAVINGS,5766.84,ACTIVE,2016-09-24 12:36:13
ACC_1012169,C_108122,CURRENT,2050.78,ACTIVE,2016-11-27 11:17:33
ACC_1012170,C_108123,CURRENT,558.22,ACTIVE,2016-03-03 07:32:28
ACC_1012171,C_108124,CURRENT,3535.26,ACTIVE,2016-03-29 11:40:00
ACC_1012172,C_108124,CURRENT,5436.48,ACTIVE,2016-03-31 16:32:00
ACC_1012173,C_108125,CURRENT,2146.74,ACTIVE,2020-07-29 01:45:53
ACC_1012174,C_108126,SAVINGS,79615.79,DORMANT,2016-03-09 23:55:43
ACC_1012175,C_108126,BUSINESS,61549.26,DORMANT,2016-02-20 05:50:43
ACC_1012176,C_108127,CURRENT,3147.59,DORMANT,2021-11-22 21:29:03
ACC_1012177,C_108127,CURRENT,559.03,ACTIVE,2021-11-03 03:57:03
ACC_1012178,C_108127,SAVINGS,94982.0,ACTIVE,2021-11-18 19:33:03
ACC_1012179,C_108128,SAVINGS,23988.03,ACTIVE,2022-03-23 06:24:00
ACC_1012180,C_108129,CURRENT,1752.1,DORMANT,2019-05-02 14:16:57
ACC_1012181,C_108129,BUSINESS,544358.17,ACTIVE,2019-05-10 16:46:57
ACC_1012182,C_108130,CURRENT,6896.32,DORMANT,2021-10-05 13:35:36
ACC_1012183,C_108131,BUSINESS,148963.36,ACTIVE,2022-09-30 15:21:20
ACC_1012184,C_108132,CURRENT,1752.1,ACTIVE,2020-11-26 20:30:29
ACC_1012185,C_108132,SAVINGS,2393.03,ACTIVE,2020-12-10 17:19:29
ACC_1012186,C_108133,CURRENT,50000.0,ACTIVE,2021-06-13 18:38:18
ACC_1012187,C_108134,CURRENT,2339.26,ACTIVE,2018-08-24 20:27:12
ACC_1012188,C_108134,CURRENT,14675.61,ACTIVE,2018-08-26 04:45:12
ACC_1012189,C_108135,CURRENT,2759.66,ACTIVE,2022-01-10 04:43:26
ACC_1012190,C_108136,BUSINESS,208331.76,ACTIVE,2020-01-10 02:22:31
ACC_1012191,C_108137,BUSINESS,14534.7,ACTIVE,2016-05-09 12:41:52
ACC_1012192,C_108137,SAVINGS,22701.97,ACTIVE,2016-04-10 13:14:52
ACC_1012193,C_108138,BUSINESS,152376.14,ACTIVE,2018-09-29 11:00:02
ACC_1012194,C_108139,CURRENT,3471.92,ACTIVE,2019-05-24 19:50:36
ACC_1012195,C_108139,CURRENT,1468.35,ACTIVE,2019-05-05 18:59:36
ACC_1012196,C_108139,BUSINESS,118409.98,ACTIVE,2019-05-13 06:36:36
ACC_1012197,C_108140,BUSINESS,15185.51,ACTIVE,2021-10-30 11:49:10
ACC_1012198,C_108140,SAVINGS,22885.64,ACTIVE,2021-10-18 02:41:10
ACC_1012199,C_108140,SAVINGS,17600.34,ACTIVE,2021-10-18 07:35:10
ACC_1012200,C_108141,SAVINGS,68204.01,ACTIVE,2019-05-17 13:10:56
ACC_1012201,C_108141,SAVINGS,14797.13,ACTIVE,2019-05-17 11:04:56
ACC_1012202,C_108142,BUSINESS,3898.68,ACTIVE,2017-01-15 17:38:52
ACC_1012203,C_108143,CURRENT,2786.79,ACTIVE,2024-01-19 12:39:52
ACC_1012204,C_108143,SAVINGS,17228.86,ACTIVE,2024-01-28 00:32:52
ACC_1012205,C_108144,CURRENT,2874.23,DORMANT,2016-06-17 09:34:32
ACC_1012206,C_108144,BUSINESS,160431.2,ACTIVE,2016-05-20 12:43:32
ACC_1012207,C_108145,CURRENT,3290.68,ACTIVE,2016-12-02 02:01:02
ACC_1012208,C_108145,SAVINGS,50826.68,ACTIVE,2016-12-03 23:52:02
ACC_1012209,C_108146,CURRENT,3000.56,ACTIVE,2022-09-11 05:24:42
ACC_1012210,C_108147,SAVINGS,82888.41,ACTIVE,2021-01-25 09:52:40
ACC_1012211,C_108147,BUSINESS,32412.02,ACTIVE,2021-02-08 08:37:40
ACC_1012212,C_108148,SAVINGS,3847.81,ACTIVE,2022-10-26 04:19:37
ACC_1012213,C_108149,SAVINGS,34030.41,ACTIVE,2024-07-05 15:05:15
ACC_1012214,C_108150,CURRENT,6500.42,ACTIVE,2022-04-03 20:40:30
ACC_1012215,C_108150,CURRENT,754.03,ACTIVE,2022-04-23 11:18:30
ACC_1012216,C_108151,BUSINESS,107989.21,ACTIVE,2021-05-20 09:09:00
ACC_1012217,C_108152,BUSINESS,375501.6,ACTIVE,2020-07-06 23:56:50
ACC_1012218,C_108153,SAVINGS,2196.41,ACTIVE,2025-01-05 16:33:35
ACC_1012219,C_108153,SAVINGS,6202.8,ACTIVE,2024-12-31 19:36:35
ACC_1012220,C_108154,CURRENT,1057.02,ACTIVE,2020-02-23 16:40:51
ACC_1012221,C_108155,CURRENT,5418.72,ACTIVE,2020-05-27 13:21:53
ACC_1012222,C_108156,CURRENT,11725.17,ACTIVE,2018-05-05 03:28:03
ACC_1012223,C_108157,CURRENT,2015.31,ACTIVE,2024-08-23 23:38:39
ACC_1012224,C_108157,SAVINGS,2225.93,ACTIVE,2024-08-21 16:33:39
ACC_1012225,C_108158,BUSINESS,52626.81,ACTIVE,2016-03-29 19:51:29
ACC_1012226,C_108158,SAVINGS,11243.33,ACTIVE,2016-03-29 18:31:29
ACC_1012227,C_108159,SAVINGS,73134.89,ACTIVE,2021-02-18 11:28:09
ACC_1012228,C_108160,SAVINGS,31454.11,ACTIVE,2016-04-23 21:34:27
ACC_1012229,C_108160,BUSINESS,74120.93,ACTIVE,2016-04-15 18:37:27
ACC_1012230,C_108161,BUSINESS,83489.74,ACTIVE,2021-03-29 06:57:21
ACC_1012231,C_108162,SAVINGS,43958.53,ACTIVE,2017-07-25 22:52:34
ACC_1012232,C_108162,SAVINGS,16642.81,ACTIVE,2017-07-17 11:59:34
ACC_1012233,C_108162,BUSINESS,31179.98,ACTIVE,2017-07-28 22:12:34
ACC_1012234,C_108163,BUSINESS,95641.49,ACTIVE,2020-06-20 17:05:45
ACC_1012235,C_108163,CURRENT,5767.86,ACTIVE,2020-06-30 02:22:45
ACC_1012236,C_108164,SAVINGS,29261.39,ACTIVE,2023-10-03 03:06:24
ACC_1012237,C_108165,CURRENT,12030.16,DORMANT,2024-05-06 09:26:27
ACC_1012238,C_108165,SAVINGS,23752.73,ACTIVE,2024-04-26 22:41:27
ACC_1012239,C_108166,CURRENT,7809.87,ACTIVE,2022-03-03 15:33:51
ACC_1012240,C_108167,CURRENT,1061.16,ACTIVE,2021-06-22 06:23:04
ACC_1012241,C_108168,BUSINESS,5780.16,ACTIVE,2023-03-31 22:43:57
ACC_1012242,C_108169,CURRENT,757.97,ACTIVE,2019-12-02 01:57:42
ACC_1012243,C_108170,SAVINGS,52639.51,ACTIVE,2023-09-16 16:59:05
ACC_1012244,C_108170,BUSINESS,272199.15,ACTIVE,2023-09-01 01:14:05
ACC_1012245,C_108171,SAVINGS,18659.02,DORMANT,2018-09-24 07:36:45
ACC_1012246,C_108172,SAVINGS,75104.03,ACTIVE,2023-08-23 13:14:20
ACC_1012247,C_108172,SAVINGS,8937.1,ACTIVE,2023-08-31 10:59:20
ACC_1012248,C_108173,CURRENT,4165.84,ACTIVE,2021-12-06 09:47:37
ACC_1012249,C_108173,CURRENT,520.97,DORMANT,2021-11-29 21:26:37
ACC_1012250,C_108174,SAVINGS,4363.68,ACTIVE,2016-05-02 10:02:41
ACC_1012251,C_108174,BUSINESS,518790.55,DORMANT,2016-04-23 12:39:41
ACC_1012252,C_108175,SAVINGS,6022.14,DORMANT,2021-02-21 01:31:33
ACC_1012253,C_108176,CURRENT,794.76,DORMANT,2022-08-14 22:29:33
ACC_1012254,C_108177,BUSINESS,34571.11,ACTIVE,2017-01-16 06:44:53
ACC_1012255,C_108178,SAVINGS,26069.42,DORMANT,2023-11-20 16:13:33
ACC_1012256,C_108179,CURRENT,586.68,ACTIVE,2018-05-09 07:30:17
ACC_1012257,C_108180,BUSINESS,22053.89,ACTIVE,2020-12-22 01:25:08
ACC_1012258,C_108181,SAVINGS,2356.37,ACTIVE,2019-06-20 09:34:41
ACC_1012259,C_108182,CURRENT,1299.41,ACTIVE,2017-12-20 19:41:35
ACC_1012260,C_108183,BUSINESS,91558.89,ACTIVE,2022-12-12 03:49:55
ACC_1012261,C_108184,CURRENT,756.28,ACTIVE,2020-01-11 06:36:21
ACC_1012262,C_108184,CURRENT,1049.7,ACTIVE,2020-01-18 01:23:21
ACC_1012263,C_108184,BUSINESS,1500000.0,ACTIVE,2019-12-30 20:52:21
ACC_1012264,C_108185,CURRENT,352.04,ACTIVE,2016-04-10 09:13:15
ACC_1012265,C_108186,SAVINGS,16924.36,ACTIVE,2020-09-25 20:39:26
ACC_1012266,C_108187,CURRENT,1287.93,ACTIVE,2022-04-27 07:42:51
ACC_1012267,C_108188,BUSINESS,39684.66,ACTIVE,2022-04-26 19:30:13
ACC_1012268,C_108189,CURRENT,3242.38,ACTIVE,2020-06-12 10:16:16
ACC_1012269,C_108189,CURRENT,6733.44,ACTIVE,2020-05-28 10:25:16
ACC_1012270,C_108190,BUSINESS,78057.2,ACTIVE,2024-09-18 04:04:47
ACC_1012271,C_108190,CURRENT,802.59,ACTIVE,2024-08-28 01:41:47
ACC_1012272,C_108190,SAVINGS,8716.58,ACTIVE,2024-09-11 17:32:47
ACC_1012273,C_108191,CURRENT,1158.62,ACTIVE,2018-03-22 13:02:19
ACC_1012274,C_108192,CURRENT,2247.01,ACTIVE,2016-12-06 04:54:43
ACC_1012275,C_108192,SAVINGS,11158.32,ACTIVE,2016-12-24 01:01:43
ACC_1012276,C_108192,CURRENT,416.38,ACTIVE,2016-12-30 04:04:43
ACC_1012277,C_108193,BUSINESS,375838.84,ACTIVE,2021-11-21 11:28:09
ACC_1012278,C_108194,SAVINGS,7984.4,ACTIVE,2020-05-11 15:13:26
ACC_1012279,C_108194,SAVINGS,33033.12,ACTIVE,2020-04-29 09:50:26
ACC_1012280,C_108195,CURRENT,465.31,ACTIVE,2025-02-17 02:50:11
ACC_1012281,C_108195,CURRENT,1837.9,DORMANT,2025-02-18 15:47:11
ACC_1012282,C_108196,SAVINGS,18205.66,ACTIVE,2017-05-12 09:45:03
ACC_1012283,C_108196,SAVINGS,16448.92,ACTIVE,2017-05-20 21:48:03
ACC_1012284,C_108197,BUSINESS,60193.27,ACTIVE,2025-09-30 04:05:54
ACC_1012285,C_108198,SAVINGS,8466.48,ACTIVE,2020-04-11 10:35:59
ACC_1012286,C_108198,CURRENT,1931.52,ACTIVE,2020-03-28 08:51:59
ACC_1012287,C_108198,CURRENT,4577.79,DORMANT,2020-03-23 22:18:59
ACC_1012288,C_108199,SAVINGS,6585.57,ACTIVE,2024-09-05 10:04:40
ACC_1012289,C_108200,CURRENT,298.29,ACTIVE,2024-02-28 07:35:42
ACC_1012290,C_108201,SAVINGS,49360.47,DORMANT,2021-02-26 11:55:41
ACC_1012291,C_108201,SAVINGS,2587.68,ACTIVE,2021-03-02 07:05:41
ACC_1012292,C_108201,BUSINESS,5340.32,ACTIVE,2021-03-10 09:03:41
ACC_1012293,C_108202,BUSINESS,45554.99,ACTIVE,2017-12-03 08:37:12
ACC_1012294,C_108202,SAVINGS,255.99,ACTIVE,2017-11-29 23:48:12
ACC_1012295,C_108203,SAVINGS,8191.6,ACTIVE,2020-11-27 09:47:15
ACC_1012296,C_108203,BUSINESS,23645.64,ACTIVE,2020-12-01 22:13:15
ACC_1012297,C_108204,BUSINESS,13349.21,ACTIVE,2020-11-21 09:59:00
ACC_1012298,C_108204,BUSINESS,52573.95,ACTIVE,2020-11-18 01:44:00
ACC_1012299,C_108205,BUSINESS,257417.74,ACTIVE,2016-08-05 13:32:02
ACC_1012300,C_108206,BUSINESS,9988.92,ACTIVE,2016-10-15 21:40:10
ACC_1012301,C_108207,BUSINESS,107680.0,ACTIVE,2021-02-14 21:48:53
ACC_1012302,C_108208,BUSINESS,3377.13,ACTIVE,2022-08-25 02:49:33
ACC_1012303,C_108209,BUSINESS,124069.92,ACTIVE,2022-07-15 18:16:23
ACC_1012304,C_108209,CURRENT,4629.35,ACTIVE,2022-07-19 02:35:23
ACC_1012305,C_108209,BUSINESS,32734.37,ACTIVE,2022-07-20 11:18:23
ACC_1012306,C_108210,BUSINESS,6358.05,ACTIVE,2020-05-16 02:52:20
ACC_1012307,C_108210,SAVINGS,1212.27,ACTIVE,2020-04-28 21:01:20
ACC_1012308,C_108211,BUSINESS,174711.01,ACTIVE,2025-11-18 21:26:59
ACC_1012309,C_108212,CURRENT,16375.95,ACTIVE,2024-07-01 10:38:50
ACC_1012310,C_108213,BUSINESS,1154550.6,ACTIVE,2018-10-10 00:02:45
ACC_1012311,C_108213,BUSINESS,16553.78,ACTIVE,2018-10-17 21:53:45
ACC_1012312,C_108213,BUSINESS,555636.89,ACTIVE,2018-10-21 14:51:45
ACC_1012313,C_108214,BUSINESS,692224.34,ACTIVE,2022-09-15 21:29:15
ACC_1012314,C_108214,BUSINESS,80373.29,ACTIVE,2022-09-04 03:06:15
ACC_1012315,C_108215,BUSINESS,52245.92,ACTIVE,2023-09-03 19:46:18
ACC_1012316,C_108216,CURRENT,1280.6,DORMANT,2019-12-15 14:04:59
ACC_1012317,C_108216,SAVINGS,8151.55,DORMANT,2019-11-27 02:12:59
ACC_1012318,C_108216,BUSINESS,86049.76,ACTIVE,2019-12-17 23:46:59
ACC_1012319,C_108217,CURRENT,4179.63,DORMANT,2018-07-03 18:44:02
ACC_1012320,C_108218,BUSINESS,4212.59,ACTIVE,2020-06-12 20:55:14
ACC_1012321,C_108218,SAVINGS,11382.8,ACTIVE,2020-06-19 00:02:14
ACC_1012322,C_108219,CURRENT,10330.43,ACTIVE,2018-07-02 09:55:51
ACC_1012323,C_108220,CURRENT,1710.3,ACTIVE,2022-11-17 14:06:30
ACC_1012324,C_108220,CURRENT,554.23,DORMANT,2022-12-11 18:36:30
ACC_1012325,C_108220,BUSINESS,13610.5,ACTIVE,2022-12-13 18:24:30
ACC_1012326,C_108221,CURRENT,2934.36,ACTIVE,2025-10-23 10:01:13
ACC_1012327,C_108222,BUSINESS,19558.18,ACTIVE,2025-11-03 08:16:15
ACC_1012328,C_108223,CURRENT,1145.87,ACTIVE,2016-10-17 06:26:10
ACC_1012329,C_108223,BUSINESS,7528.34,ACTIVE,2016-10-19 15:04:10
ACC_1012330,C_108224,SAVINGS,134341.42,ACTIVE,2019-06-12 02:50:26
ACC_1012331,C_108225,CURRENT,838.86,ACTIVE,2025-11-26 19:18:20
ACC_1012332,C_108226,CURRENT,991.83,ACTIVE,2021-01-16 09:05:42
ACC_1012333,C_108226,CURRENT,798.93,DORMANT,2020-12-28 14:02:42
ACC_1012334,C_108227,CURRENT,1090.32,ACTIVE,2024-03-13 10:29:57
ACC_1012335,C_108227,CURRENT,4694.17,ACTIVE,2024-03-10 16:08:57
ACC_1012336,C_108228,CURRENT,6437.53,ACTIVE,2024-09-11 20:27:04
ACC_1012337,C_108229,CURRENT,1959.75,ACTIVE,2020-08-21 12:51:18
ACC_1012338,C_108229,CURRENT,513.05,DORMANT,2020-08-29 03:55:18
ACC_1012339,C_108230,BUSINESS,24690.21,ACTIVE,2020-05-17 12:03:09
ACC_1012340,C_108230,CURRENT,413.42,ACTIVE,2020-05-30 18:48:09
ACC_1012341,C_108231,CURRENT,735.17,ACTIVE,2016-06-10 03:09:58
ACC_1012342,C_108231,SAVINGS,106726.82,ACTIVE,2016-06-07 07:17:58
ACC_1012343,C_108232,CURRENT,6553.32,ACTIVE,2017-03-27 05:46:44
ACC_1012344,C_108233,CURRENT,1263.96,ACTIVE,2020-07-07 13:47:00
ACC_1012345,C_108234,CURRENT,1815.47,ACTIVE,2025-07-26 23:53:40
ACC_1012346,C_108235,SAVINGS,5562.75,ACTIVE,2021-08-15 10:30:03
ACC_1012347,C_108235,BUSINESS,35512.63,ACTIVE,2021-08-05 14:40:03
ACC_1012348,C_108235,SAVINGS,2506.28,ACTIVE,2021-08-12 00:23:03
ACC_1012349,C_108236,BUSINESS,330558.18,DORMANT,2019-09-02 02:24:27
ACC_1012350,C_108237,CURRENT,5643.65,ACTIVE,2021-07-26 15:48:48
ACC_1012351,C_108237,BUSINESS,645236.02,ACTIVE,2021-07-12 06:25:48
ACC_1012352,C_108238,SAVINGS,3236.42,ACTIVE,2024-06-03 15:35:34
ACC_1012353,C_108238,CURRENT,1441.51,ACTIVE,2024-05-11 19:38:34
ACC_1012354,C_108239,CURRENT,1665.79,ACTIVE,2022-09-08 10:48:44
ACC_1012355,C_108240,SAVINGS,45078.1,ACTIVE,2021-08-04 13:37:06
ACC_1012356,C_108241,CURRENT,6761.19,ACTIVE,2021-08-28 00:20:44
ACC_1012357,C_108241,SAVINGS,12554.9,ACTIVE,2021-09-10 20:05:44
ACC_1012358,C_108242,BUSINESS,402096.62,ACTIVE,2025-10-18 06:54:12
ACC_1012359,C_108243,SAVINGS,22866.07,ACTIVE,2024-07-04 15:20:40
ACC_1012360,C_108243,SAVINGS,4221.81,ACTIVE,2024-07-11 16:57:40
ACC_1012361,C_108244,CURRENT,9692.79,ACTIVE,2022-02-22 17:31:56
ACC_1012362,C_108245,SAVINGS,66521.14,DORMANT,2022-08-28 19:54:27
ACC_1012363,C_108245,CURRENT,1332.81,ACTIVE,2022-08-27 19:55:27
ACC_1012364,C_108246,CURRENT,3382.69,ACTIVE,2018-11-16 08:28:19
ACC_1012365,C_108246,CURRENT,720.48,ACTIVE,2018-10-22 23:00:19
ACC_1012366,C_108247,CURRENT,280.15,ACTIVE,2025-04-05 16:45:16
ACC_1012367,C_108248,BUSINESS,48984.83,ACTIVE,2020-10-17 21:47:27
ACC_1012368,C_108249,CURRENT,1626.05,ACTIVE,2025-11-22 12:10:15
ACC_1012369,C_108250,SAVINGS,73604.51,ACTIVE,2024-04-02 23:40:20
ACC_1012370,C_108250,SAVINGS,81829.48,ACTIVE,2024-03-18 15:41:20
ACC_1012371,C_108251,SAVINGS,41070.12,ACTIVE,2019-05-18 02:40:58
ACC_1012372,C_108251,SAVINGS,4163.97,ACTIVE,2019-05-01 03:35:58
ACC_1012373,C_108252,SAVINGS,36627.71,ACTIVE,2018-12-16 02:35:37
ACC_1012374,C_108253,CURRENT,1561.23,ACTIVE,2023-09-16 12:02:30
ACC_1012375,C_108254,BUSINESS,137497.89,ACTIVE,2016-03-04 04:54:28
ACC_1012376,C_108254,BUSINESS,35077.65,ACTIVE,2016-02-29 04:42:28
ACC_1012377,C_108254,BUSINESS,31191.72,ACTIVE,2016-03-15 00:54:28
ACC_1012378,C_108255,CURRENT,5117.33,ACTIVE,2020-01-10 01:59:39
ACC_1012379,C_108256,SAVINGS,4921.97,ACTIVE,2024-12-30 20:12:24
ACC_1012380,C_108257,BUSINESS,181966.7,ACTIVE,2022-02-15 18:47:40
ACC_1012381,C_108258,BUSINESS,161708.8,ACTIVE,2021-06-01 05:58:31
ACC_1012382,C_108258,CURRENT,2489.92,ACTIVE,2021-05-02 22:44:31
ACC_1012383,C_108259,CURRENT,1165.65,ACTIVE,2019-09-04 01:08:59
ACC_1012384,C_108260,SAVINGS,7214.28,ACTIVE,2019-12-15 20:20:13
ACC_1012385,C_108261,CURRENT,676.91,ACTIVE,2018-05-26 00:49:47
ACC_1012386,C_108261,BUSINESS,342597.27,ACTIVE,2018-05-18 10:17:47
ACC_1012387,C_108262,SAVINGS,5778.98,ACTIVE,2020-12-04 22:27:37
ACC_1012388,C_108263,BUSINESS,33824.3,ACTIVE,2019-07-14 20:07:34
ACC_1012389,C_108263,SAVINGS,49352.19,ACTIVE,2019-07-20 07:01:34
ACC_1012390,C_108263,CURRENT,625.2,ACTIVE,2019-07-16 21:31:34
ACC_1012391,C_108264,BUSINESS,347440.86,ACTIVE,2020-12-29 08:37:40
ACC_1012392,C_108265,SAVINGS,112214.39,ACTIVE,2021-08-07 19:47:39
ACC_1012393,C_108266,BUSINESS,15832.15,ACTIVE,2019-02-26 22:33:19
ACC_1012394,C_108267,BUSINESS,6409.86,DORMANT,2020-05-20 00:47:38
ACC_1012395,C_108267,CURRENT,9363.74,ACTIVE,2020-05-20 09:15:38
ACC_1012396,C_108268,CURRENT,1246.1,ACTIVE,2019-04-09 20:52:32
ACC_1012397,C_108269,SAVINGS,9380.06,ACTIVE,2018-06-02 08:49:51
ACC_1012398,C_108269,BUSINESS,188210.89,ACTIVE,2018-05-27 08:58:51
ACC_1012399,C_108269,SAVINGS,12190.11,ACTIVE,2018-05-14 18:23:51
ACC_1012400,C_108270,BUSINESS,191189.62,ACTIVE,2024-05-08 16:03:18
ACC_1012401,C_108270,SAVINGS,1872.91,ACTIVE,2024-04-22 11:11:18
ACC_1012402,C_108271,CURRENT,965.55,ACTIVE,2019-02-11 23:39:11
ACC_1012403,C_108271,SAVINGS,7959.07,ACTIVE,2019-01-25 00:07:11
ACC_1012404,C_108272,CURRENT,897.63,ACTIVE,2021-10-04 01:03:56
ACC_1012405,C_108272,BUSINESS,426044.63,ACTIVE,2021-09-18 00:24:56
ACC_1012406,C_108272,SAVINGS,79214.59,ACTIVE,2021-10-07 11:50:56
ACC_1012407,C_108273,CURRENT,2407.2,ACTIVE,2018-11-03 18:49:50
ACC_1012408,C_108274,CURRENT,1078.43,ACTIVE,2021-06-24 03:34:06
ACC_1012409,C_108275,CURRENT,1415.72,ACTIVE,2019-10-20 05:46:12
ACC_1012410,C_108276,CURRENT,589.11,ACTIVE,2018-12-02 14:49:07
ACC_1012411,C_108277,BUSINESS,129108.03,ACTIVE,2021-01-30 02:14:47
ACC_1012412,C_108277,SAVINGS,12303.72,ACTIVE,2021-01-08 01:35:47
ACC_1012413,C_108278,SAVINGS,11617.75,ACTIVE,2016-09-11 19:41:46
ACC_1012414,C_108279,SAVINGS,4252.94,ACTIVE,2022-05-02 00:05:43
ACC_1012415,C_108280,CURRENT,687.11,ACTIVE,2020-05-24 12:09:49
ACC_1012416,C_108281,CURRENT,3604.91,ACTIVE,2017-01-08 07:47:53
ACC_1012417,C_108281,CURRENT,2689.56,ACTIVE,2016-12-24 23:47:53
ACC_1012418,C_108282,CURRENT,3815.98,ACTIVE,2024-04-06 05:05:26
ACC_1012419,C_108283,SAVINGS,8849.68,ACTIVE,2024-08-26 11:40:17
ACC_1012420,C_108283,BUSINESS,84640.28,ACTIVE,2024-09-03 18:01:17
ACC_1012421,C_108284,CURRENT,358.24,ACTIVE,2019-02-18 21:39:40
ACC_1012422,C_108284,SAVINGS,5582.4,ACTIVE,2019-03-10 22:24:40
ACC_1012423,C_108285,CURRENT,966.77,ACTIVE,2023-09-08 13:54:41
ACC_1012424,C_108286,CURRENT,364.57,ACTIVE,2021-04-17 03:09:37
ACC_1012425,C_108286,BUSINESS,22147.59,ACTIVE,2021-04-29 03:24:37
ACC_1012426,C_108287,CURRENT,1292.38,ACTIVE,2020-04-19 13:55:49
ACC_1012427,C_108287,SAVINGS,12340.44,ACTIVE,2020-05-09 05:37:49
ACC_1012428,C_108287,CURRENT,1006.11,ACTIVE,2020-04-29 09:25:49
ACC_1012429,C_108288,BUSINESS,124858.74,ACTIVE,2017-03-17 13:21:09
ACC_1012430,C_108288,SAVINGS,15408.1,ACTIVE,2017-03-21 20:37:09
ACC_1012431,C_108288,BUSINESS,263072.56,ACTIVE,2017-04-07 08:12:09
ACC_1012432,C_108289,CURRENT,586.2,ACTIVE,2019-10-19 03:10:06
ACC_1012433,C_108290,BUSINESS,10353.7,DORMANT,2020-03-24 22:32:11
ACC_1012434,C_108291,CURRENT,984.29,ACTIVE,2021-05-31 12:16:19
ACC_1012435,C_108292,SAVINGS,16166.01,ACTIVE,2018-11-18 22:36:18
ACC_1012436,C_108293,CURRENT,1386.45,ACTIVE,2024-09-28 14:33:22
ACC_1012437,C_108293,SAVINGS,38012.25,ACTIVE,2024-10-08 23:05:22
ACC_1012438,C_108294,BUSINESS,14431.96,ACTIVE,2023-08-14 17:04:29
ACC_1012439,C_108295,SAVINGS,47735.51,ACTIVE,2026-01-21 19:52:29
ACC_1012440,C_108295,BUSINESS,27281.83,ACTIVE,2026-01-27 00:21:29
ACC_1012441,C_108295,SAVINGS,1164.33,ACTIVE,2026-01-02 20:43:29
ACC_1012442,C_108296,SAVINGS,9508.93,ACTIVE,2024-01-21 17:30:34
ACC_1012443,C_108297,CURRENT,170.21,ACTIVE,2018-11-06 13:53:03
ACC_1012444,C_108298,SAVINGS,31819.52,ACTIVE,2018-02-06 10:00:30
ACC_1012445,C_108298,CURRENT,2467.68,ACTIVE,2018-02-06 09:12:30
ACC_1012446,C_108299,CURRENT,1747.99,ACTIVE,2022-01-02 22:25:08
ACC_1012447,C_108300,BUSINESS,13906.24,ACTIVE,2016-06-16 18:26:07
ACC_1012448,C_108301,BUSINESS,8882.21,ACTIVE,2025-10-25 08:07:31
ACC_1012449,C_108302,SAVINGS,24818.92,ACTIVE,2019-11-15 00:47:36
ACC_1012450,C_108303,CURRENT,1698.5,ACTIVE,2017-01-31 02:14:52
ACC_1012451,C_108304,CURRENT,5962.91,ACTIVE,2017-03-16 08:14:43
ACC_1012452,C_108304,CURRENT,882.38,ACTIVE,2017-03-23 12:25:43
ACC_1012453,C_108304,CURRENT,702.11,ACTIVE,2017-03-09 10:13:43
ACC_1012454,C_108305,SAVINGS,4886.1,ACTIVE,2017-09-14 10:29:04
ACC_1012455,C_108305,BUSINESS,1500000.0,DORMANT,2017-09-04 23:25:04
ACC_1012456,C_108305,BUSINESS,129390.42,ACTIVE,2017-09-15 02:56:04
ACC_1012457,C_108306,BUSINESS,36937.36,ACTIVE,2021-09-17 08:27:20
ACC_1012458,C_108307,CURRENT,2048.72,ACTIVE,2017-11-22 19:52:44
ACC_1012459,C_108308,CURRENT,341.77,DORMANT,2022-03-28 19:49:58
ACC_1012460,C_108309,BUSINESS,1433407.58,ACTIVE,2024-09-22 21:26:17
ACC_1012461,C_108310,CURRENT,1319.36,ACTIVE,2016-07-14 17:22:53
ACC_1012462,C_108310,CURRENT,1396.02,ACTIVE,2016-07-15 06:58:53
ACC_1012463,C_108311,CURRENT,961.39,ACTIVE,2018-11-16 12:10:58
ACC_1012464,C_108312,CURRENT,4351.16,ACTIVE,2021-09-15 01:03:59
ACC_1012465,C_108313,BUSINESS,410491.96,ACTIVE,2023-02-10 11:46:38
ACC_1012466,C_108314,SAVINGS,20555.8,ACTIVE,2020-08-17 21:31:58
ACC_1012467,C_108314,SAVINGS,17441.23,ACTIVE,2020-08-17 16:55:58
ACC_1012468,C_108314,CURRENT,3227.21,ACTIVE,2020-09-15 00:04:58
ACC_1012469,C_108315,SAVINGS,2492.14,ACTIVE,2019-05-23 21:14:15
ACC_1012470,C_108316,CURRENT,1437.12,DORMANT,2018-11-14 06:27:24
ACC_1012471,C_108317,CURRENT,298.15,ACTIVE,2020-11-02 21:54:29
ACC_1012472,C_108318,CURRENT,1461.5,ACTIVE,2020-12-24 19:03:05
ACC_1012473,C_108319,SAVINGS,8099.69,ACTIVE,2023-08-02 04:04:14
ACC_1012474,C_108319,CURRENT,1451.54,ACTIVE,2023-08-10 21:44:14
ACC_1012475,C_108320,BUSINESS,1072314.41,ACTIVE,2018-02-13 20:18:08
ACC_1012476,C_108320,CURRENT,623.97,DORMANT,2018-03-01 17:12:08
ACC_1012477,C_108320,SAVINGS,6605.21,DORMANT,2018-02-20 23:41:08
ACC_1012478,C_108321,SAVINGS,2634.23,ACTIVE,2019-04-09 01:14:32
ACC_1012479,C_108321,BUSINESS,400558.22,ACTIVE,2019-04-07 12:15:32
ACC_1012480,C_108321,SAVINGS,8874.08,ACTIVE,2019-04-03 22:55:32
ACC_1012481,C_108322,BUSINESS,736146.52,ACTIVE,2016-08-18 15:43:10
ACC_1012482,C_108323,CURRENT,1968.86,ACTIVE,2021-02-15 04:18:18
ACC_1012483,C_108323,CURRENT,1720.5,ACTIVE,2021-02-23 03:06:18
ACC_1012484,C_108324,CURRENT,1730.25,ACTIVE,2021-09-28 23:47:01
ACC_1012485,C_108325,SAVINGS,6148.99,ACTIVE,2024-11-03 20:32:06
ACC_1012486,C_108326,CURRENT,2133.92,ACTIVE,2025-09-07 00:14:55
ACC_1012487,C_108326,SAVINGS,21958.88,ACTIVE,2025-08-12 12:17:55
ACC_1012488,C_108327,SAVINGS,13648.29,ACTIVE,2022-03-17 00:11:32
ACC_1012489,C_108328,SAVINGS,7449.59,DORMANT,2021-04-13 12:59:12
ACC_1012490,C_108329,CURRENT,2514.26,ACTIVE,2022-09-05 20:01:13
ACC_1012491,C_108329,CURRENT,2255.61,ACTIVE,2022-09-15 08:32:13
ACC_1012492,C_108330,SAVINGS,13690.97,ACTIVE,2020-08-18 08:42:17
ACC_1012493,C_108330,BUSINESS,194597.32,ACTIVE,2020-08-15 17:04:17
ACC_1012494,C_108331,SAVINGS,5471.03,ACTIVE,2018-07-03 16:34:37
ACC_1012495,C_108332,BUSINESS,17946.94,ACTIVE,2016-02-06 05:29:39
ACC_1012496,C_108332,BUSINESS,14514.13,ACTIVE,2016-02-01 15:20:39
ACC_1012497,C_108333,BUSINESS,572844.3,ACTIVE,2018-10-01 23:58:45
ACC_1012498,C_108333,SAVINGS,24033.41,ACTIVE,2018-09-29 21:49:45
ACC_1012499,C_108334,BUSINESS,2109.78,DORMANT,2025-03-06 23:48:25
ACC_1012500,C_108334,SAVINGS,5758.67,ACTIVE,2025-03-24 18:43:25
ACC_1012501,C_108335,SAVINGS,8929.71,ACTIVE,2022-09-21 22:41:28
ACC_1012502,C_108336,SAVINGS,13429.45,ACTIVE,2016-01-09 11:15:49
ACC_1012503,C_108336,CURRENT,2375.27,DORMANT,2016-01-30 19:42:49
ACC_1012504,C_108336,SAVINGS,250000.0,ACTIVE,2016-01-16 06:44:49
ACC_1012505,C_108337,BUSINESS,55896.1,ACTIVE,2025-10-24 05:53:47
ACC_1012506,C_108337,CURRENT,232.95,ACTIVE,2025-11-01 09:10:47
ACC_1012507,C_108338,BUSINESS,631466.11,ACTIVE,2016-11-18 15:38:01
ACC_1012508,C_108339,CURRENT,884.78,ACTIVE,2018-09-24 04:54:45
ACC_1012509,C_108339,BUSINESS,55131.13,ACTIVE,2018-09-25 22:16:45
ACC_1012510,C_108339,SAVINGS,7805.08,ACTIVE,2018-09-17 05:26:45
ACC_1012511,C_108340,CURRENT,4680.2,ACTIVE,2019-06-18 14:54:34
ACC_1012512,C_108341,BUSINESS,18043.03,ACTIVE,2024-03-02 17:28:12
ACC_1012513,C_108342,CURRENT,11525.52,ACTIVE,2024-01-08 19:06:07
ACC_1012514,C_108343,SAVINGS,7165.33,DORMANT,2017-12-08 13:47:14
ACC_1012515,C_108344,CURRENT,823.06,ACTIVE,2019-07-20 08:39:31
ACC_1012516,C_108345,CURRENT,892.74,ACTIVE,2017-05-29 06:08:10
ACC_1012517,C_108345,BUSINESS,47712.05,ACTIVE,2017-05-29 07:12:10
ACC_1012518,C_108346,BUSINESS,69347.95,ACTIVE,2017-04-05 02:39:49
ACC_1012519,C_108347,BUSINESS,70922.34,ACTIVE,2017-03-27 19:02:00
ACC_1012520,C_108347,BUSINESS,19846.01,DORMANT,2017-03-21 14:03:00
ACC_1012521,C_108348,CURRENT,1087.74,ACTIVE,2023-03-13 03:16:52
ACC_1012522,C_108349,CURRENT,577.67,DORMANT,2024-11-20 06:58:05
ACC_1012523,C_108349,BUSINESS,281230.86,ACTIVE,2024-12-05 12:21:05
ACC_1012524,C_108350,SAVINGS,10773.52,ACTIVE,2019-03-04 01:58:30
ACC_1012525,C_108351,CURRENT,1090.69,DORMANT,2024-03-18 01:37:49
ACC_1012526,C_108351,SAVINGS,13625.86,ACTIVE,2024-03-31 10:33:49
ACC_1012527,C_108352,BUSINESS,42155.59,ACTIVE,2017-05-09 23:58:06
ACC_1012528,C_108353,SAVINGS,4986.94,ACTIVE,2019-09-15 06:41:35
ACC_1012529,C_108354,CURRENT,11655.41,ACTIVE,2016-05-23 02:44:35
ACC_1012530,C_108354,CURRENT,3495.29,ACTIVE,2016-05-04 13:35:35
ACC_1012531,C_108355,CURRENT,2049.58,ACTIVE,2016-03-13 12:20:42
ACC_1012532,C_108356,BUSINESS,282167.83,ACTIVE,2022-10-08 03:15:07
ACC_1012533,C_108356,SAVINGS,3764.42,ACTIVE,2022-10-05 23:57:07
ACC_1012534,C_108357,CURRENT,851.49,ACTIVE,2023-01-03 19:32:08
ACC_1012535,C_108357,CURRENT,3601.74,ACTIVE,2023-01-13 13:51:08
ACC_1012536,C_108358,SAVINGS,167935.35,ACTIVE,2020-04-27 16:49:23
ACC_1012537,C_108358,CURRENT,4587.85,ACTIVE,2020-05-03 16:15:23
ACC_1012538,C_108359,CURRENT,627.08,ACTIVE,2020-10-05 00:20:26
ACC_1012539,C_108360,BUSINESS,211884.99,ACTIVE,2021-04-28 21:41:40
ACC_1012540,C_108360,SAVINGS,1068.97,ACTIVE,2021-05-12 05:30:40
ACC_1012541,C_108361,BUSINESS,11439.68,ACTIVE,2018-02-06 16:15:36
ACC_1012542,C_108362,SAVINGS,42465.07,ACTIVE,2021-12-07 14:11:40
ACC_1012543,C_108363,SAVINGS,16462.24,ACTIVE,2019-12-13 13:25:26
ACC_1012544,C_108363,CURRENT,131.99,ACTIVE,2019-11-29 05:07:26
ACC_1012545,C_108363,SAVINGS,4791.33,ACTIVE,2019-11-25 14:27:26
ACC_1012546,C_108364,SAVINGS,18770.47,ACTIVE,2016-12-20 11:54:03
ACC_1012547,C_108364,CURRENT,4286.17,ACTIVE,2017-01-01 22:29:03
ACC_1012548,C_108365,CURRENT,825.19,ACTIVE,2018-07-04 22:27:35
ACC_1012549,C_108365,BUSINESS,51054.34,ACTIVE,2018-07-10 06:51:35
ACC_1012550,C_108365,BUSINESS,616581.99,ACTIVE,2018-06-16 15:49:35
ACC_1012551,C_108366,CURRENT,2615.44,ACTIVE,2022-07-29 04:29:02
ACC_1012552,C_108367,BUSINESS,334724.27,ACTIVE,2018-08-05 17:04:07
ACC_1012553,C_108368,SAVINGS,3680.92,ACTIVE,2025-06-09 22:44:52
ACC_1012554,C_108368,CURRENT,967.9,ACTIVE,2025-05-28 06:46:52
ACC_1012555,C_108368,CURRENT,3287.91,ACTIVE,2025-06-07 10:49:52
ACC_1012556,C_108369,SAVINGS,39051.86,ACTIVE,2018-04-12 04:59:03
ACC_1012557,C_108370,BUSINESS,91472.23,ACTIVE,2021-02-24 22:00:03
ACC_1012558,C_108371,CURRENT,373.12,ACTIVE,2020-06-27 12:40:25
ACC_1012559,C_108372,SAVINGS,5031.08,ACTIVE,2018-07-05 21:29:33
ACC_1012560,C_108373,BUSINESS,20852.36,ACTIVE,2025-06-08 12:07:21
ACC_1012561,C_108374,CURRENT,871.18,ACTIVE,2018-09-19 05:19:01
ACC_1012562,C_108375,CURRENT,2270.18,ACTIVE,2017-11-27 12:58:16
ACC_1012563,C_108376,CURRENT,1571.06,ACTIVE,2023-03-18 15:28:37
ACC_1012564,C_108377,CURRENT,1506.58,ACTIVE,2016-12-17 21:07:21
ACC_1012565,C_108377,CURRENT,281.36,ACTIVE,2016-12-22 04:39:21
ACC_1012566,C_108378,BUSINESS,22704.03,ACTIVE,2024-12-11 06:42:49
ACC_1012567,C_108379,CURRENT,9954.21,ACTIVE,2023-03-01 09:17:45
ACC_1012568,C_108379,SAVINGS,2024.05,ACTIVE,2023-02-20 17:52:45
ACC_1012569,C_108380,CURRENT,1245.47,ACTIVE,2025-05-04 15:27:54
ACC_1012570,C_108380,CURRENT,4860.38,ACTIVE,2025-05-18 12:15:54
ACC_1012571,C_108381,CURRENT,3460.31,ACTIVE,2017-04-01 22:55:09
ACC_1012572,C_108381,CURRENT,339.91,ACTIVE,2017-04-13 19:20:09
ACC_1012573,C_108381,CURRENT,388.19,ACTIVE,2017-04-14 19:43:09
ACC_1012574,C_108382,SAVINGS,49088.41,ACTIVE,2025-05-02 18:52:09
ACC_1012575,C_108383,CURRENT,805.07,ACTIVE,2020-03-25 07:10:11
ACC_1012576,C_108384,BUSINESS,6281.53,DORMANT,2021-09-19 06:52:13
ACC_1012577,C_108385,CURRENT,3818.6,ACTIVE,2019-09-06 07:59:18
ACC_1012578,C_108385,CURRENT,2058.83,ACTIVE,2019-09-22 07:31:18
ACC_1012579,C_108385,SAVINGS,17432.04,ACTIVE,2019-08-30 12:58:18
ACC_1012580,C_108386,BUSINESS,32836.1,DORMANT,2017-11-16 08:40:44
ACC_1012581,C_108387,CURRENT,1996.33,ACTIVE,2025-07-27 12:22:29
ACC_1012582,C_108387,BUSINESS,245847.92,ACTIVE,2025-07-31 16:11:29
ACC_1012583,C_108388,CURRENT,3698.14,ACTIVE,2020-09-20 12:28:04
ACC_1012584,C_108389,BUSINESS,331972.29,ACTIVE,2023-05-28 04:11:25
ACC_1012585,C_108390,SAVINGS,108564.39,ACTIVE,2018-08-21 21:04:57
ACC_1012586,C_108390,CURRENT,168.96,ACTIVE,2018-08-27 17:22:57
ACC_1012587,C_108391,SAVINGS,25941.49,ACTIVE,2016-09-14 23:42:43
ACC_1012588,C_108392,BUSINESS,47125.89,ACTIVE,2017-11-23 16:19:34
ACC_1012589,C_108393,SAVINGS,8223.32,ACTIVE,2022-08-21 05:31:20
ACC_1012590,C_108394,BUSINESS,26050.93,ACTIVE,2024-08-07 12:47:21
ACC_1012591,C_108395,CURRENT,2444.58,ACTIVE,2019-10-19 02:16:33
ACC_1012592,C_108395,SAVINGS,7797.12,ACTIVE,2019-10-26 15:57:33
ACC_1012593,C_108396,CURRENT,352.48,ACTIVE,2025-07-21 04:54:41
ACC_1012594,C_108396,CURRENT,4428.72,ACTIVE,2025-07-10 08:19:41
ACC_1012595,C_108397,BUSINESS,42327.79,ACTIVE,2022-01-25 21:02:04
ACC_1012596,C_108397,CURRENT,8847.94,ACTIVE,2022-02-08 01:05:04
ACC_1012597,C_108398,SAVINGS,89875.67,ACTIVE,2018-09-20 08:42:19
ACC_1012598,C_108399,SAVINGS,12059.03,ACTIVE,2017-11-12 11:08:13
ACC_1012599,C_108400,CURRENT,2498.22,ACTIVE,2020-10-29 12:08:25
ACC_1012600,C_108401,SAVINGS,44378.06,ACTIVE,2019-01-25 14:47:16
ACC_1012601,C_108402,CURRENT,3784.98,ACTIVE,2021-07-18 08:09:48
ACC_1012602,C_108403,SAVINGS,6789.63,ACTIVE,2019-03-23 07:16:19
ACC_1012603,C_108404,SAVINGS,11678.94,ACTIVE,2025-11-18 06:59:46
ACC_1012604,C_108404,SAVINGS,10717.56,ACTIVE,2025-11-24 08:28:46
ACC_1012605,C_108405,CURRENT,3131.58,DORMANT,2021-09-05 10:28:53
ACC_1012606,C_108405,SAVINGS,5980.41,DORMANT,2021-08-24 17:07:53
ACC_1012607,C_108406,SAVINGS,10627.79,ACTIVE,2023-09-30 02:48:42
ACC_1012608,C_108407,CURRENT,6921.87,ACTIVE,2021-01-17 12:58:52
ACC_1012609,C_108408,CURRENT,2397.23,ACTIVE,2024-10-02 23:40:33
ACC_1012610,C_108409,SAVINGS,15088.31,ACTIVE,2021-10-17 14:05:01
ACC_1012611,C_108410,BUSINESS,9870.07,DORMANT,2022-02-05 08:18:42
ACC_1012612,C_108411,SAVINGS,8043.79,ACTIVE,2019-02-19 01:05:12
ACC_1012613,C_108411,CURRENT,2607.58,ACTIVE,2019-02-23 12:20:12
ACC_1012614,C_108412,CURRENT,591.72,ACTIVE,2022-04-09 01:19:50
ACC_1012615,C_108412,BUSINESS,625807.88,ACTIVE,2022-04-07 07:38:50
ACC_1012616,C_108413,CURRENT,3184.15,ACTIVE,2016-12-13 16:15:50
ACC_1012617,C_108413,SAVINGS,12583.16,ACTIVE,2016-12-03 15:48:50
ACC_1012618,C_108414,BUSINESS,93940.44,ACTIVE,2022-07-27 10:30:09
ACC_1012619,C_108414,CURRENT,17582.82,DORMANT,2022-07-07 02:22:09
ACC_1012620,C_108415,SAVINGS,1507.67,ACTIVE,2026-01-14 09:58:57
ACC_1012621,C_108416,BUSINESS,108469.0,ACTIVE,2024-03-11 08:01:21
ACC_1012622,C_108417,BUSINESS,71102.51,ACTIVE,2024-01-30 22:15:06
ACC_1012623,C_108417,CURRENT,3093.75,ACTIVE,2024-02-11 13:05:06
ACC_1012624,C_108417,SAVINGS,15318.49,ACTIVE,2024-01-28 06:32:06
ACC_1012625,C_108418,BUSINESS,21791.71,ACTIVE,2020-12-31 19:47:42
ACC_1012626,C_108419,SAVINGS,14905.01,ACTIVE,2024-05-17 14:31:32
ACC_1012627,C_108420,CURRENT,3194.48,ACTIVE,2021-06-07 10:37:54
ACC_1012628,C_108420,CURRENT,2063.01,ACTIVE,2021-07-01 07:23:54
ACC_1012629,C_108421,SAVINGS,11955.7,ACTIVE,2025-04-27 03:38:05
ACC_1012630,C_108422,SAVINGS,132699.91,ACTIVE,2018-02-09 00:19:44
ACC_1012631,C_108423,BUSINESS,396821.16,ACTIVE,2025-02-11 17:55:50
ACC_1012632,C_108424,SAVINGS,31708.1,ACTIVE,2018-11-23 20:38:39
ACC_1012633,C_108425,SAVINGS,23573.05,ACTIVE,2024-03-08 01:22:04
ACC_1012634,C_108425,SAVINGS,20189.67,ACTIVE,2024-03-25 05:07:04
ACC_1012635,C_108426,SAVINGS,7357.45,ACTIVE,2018-03-12 21:08:44
ACC_1012636,C_108427,CURRENT,2053.38,ACTIVE,2018-02-21 11:02:31
ACC_1012637,C_108427,CURRENT,835.82,ACTIVE,2018-02-21 14:25:31
ACC_1012638,C_108427,SAVINGS,14420.81,ACTIVE,2018-03-08 10:16:31
ACC_1012639,C_108428,SAVINGS,60116.16,ACTIVE,2016-03-04 16:26:27
ACC_1012640,C_108429,CURRENT,1677.51,ACTIVE,2022-12-16 12:53:21
ACC_1012641,C_108429,CURRENT,6837.22,ACTIVE,2022-12-09 08:50:21
ACC_1012642,C_108430,CURRENT,6877.27,ACTIVE,2023-05-07 20:51:31
ACC_1012643,C_108430,SAVINGS,1880.66,ACTIVE,2023-05-13 21:43:31
ACC_1012644,C_108431,SAVINGS,8379.5,ACTIVE,2019-04-19 07:38:26
ACC_1012645,C_108432,BUSINESS,19460.92,ACTIVE,2016-06-13 04:37:57
ACC_1012646,C_108432,SAVINGS,10808.02,ACTIVE,2016-06-20 21:43:57
ACC_1012647,C_108432,BUSINESS,79567.36,ACTIVE,2016-06-20 03:14:57
ACC_1012648,C_108433,BUSINESS,24387.43,ACTIVE,2017-01-12 00:46:32
ACC_1012649,C_108434,BUSINESS,45888.3,ACTIVE,2021-12-09 17:54:53
ACC_1012650,C_108435,BUSINESS,18360.22,ACTIVE,2020-02-24 05:38:19
ACC_1012651,C_108436,SAVINGS,3174.54,ACTIVE,2019-10-29 10:37:52
ACC_1012652,C_108437,SAVINGS,6579.51,ACTIVE,2020-09-23 03:10:33
ACC_1012653,C_108438,BUSINESS,32398.53,ACTIVE,2017-12-04 16:28:28
ACC_1012654,C_108439,BUSINESS,29129.23,ACTIVE,2016-11-26 18:01:35
ACC_1012655,C_108440,BUSINESS,14635.78,ACTIVE,2017-05-17 19:21:21
ACC_1012656,C_108441,BUSINESS,30000.19,ACTIVE,2019-04-01 06:48:05
ACC_1012657,C_108442,CURRENT,7581.23,DORMANT,2024-06-09 17:50:18
ACC_1012658,C_108443,BUSINESS,42766.01,ACTIVE,2024-03-19 01:11:08
ACC_1012659,C_108443,BUSINESS,381183.12,ACTIVE,2024-04-03 16:04:08
ACC_1012660,C_108444,CURRENT,847.27,ACTIVE,2016-01-07 13:38:19
ACC_1012661,C_108444,SAVINGS,4433.07,DORMANT,2016-01-24 12:57:19
ACC_1012662,C_108445,CURRENT,2986.7,ACTIVE,2016-01-28 07:53:18
ACC_1012663,C_108446,SAVINGS,12482.63,DORMANT,2023-05-05 13:28:36
ACC_1012664,C_108447,CURRENT,1890.61,ACTIVE,2019-03-30 08:51:49
ACC_1012665,C_108448,CURRENT,699.73,ACTIVE,2019-06-19 17:39:04
ACC_1012666,C_108449,BUSINESS,38240.18,ACTIVE,2017-07-03 22:07:17
ACC_1012667,C_108450,CURRENT,6622.32,ACTIVE,2018-08-17 10:14:29
ACC_1012668,C_108451,BUSINESS,6803.25,ACTIVE,2021-06-10 23:37:21
ACC_1012669,C_108451,BUSINESS,97546.49,DORMANT,2021-05-25 01:33:21
ACC_1012670,C_108451,BUSINESS,19681.21,ACTIVE,2021-05-20 09:05:21
ACC_1012671,C_108452,CURRENT,980.02,ACTIVE,2016-08-18 15:37:31
ACC_1012672,C_108452,SAVINGS,1754.51,ACTIVE,2016-08-21 21:10:31
ACC_1012673,C_108453,SAVINGS,5489.62,ACTIVE,2020-07-13 16:29:48
ACC_1012674,C_108454,SAVINGS,6482.21,ACTIVE,2023-05-28 21:57:23
ACC_1012675,C_108455,BUSINESS,176479.85,ACTIVE,2017-04-09 09:07:16
ACC_1012676,C_108456,CURRENT,1175.66,ACTIVE,2022-04-05 08:08:27
ACC_1012677,C_108457,BUSINESS,51980.93,DORMANT,2021-11-16 23:22:32
ACC_1012678,C_108457,CURRENT,1222.98,ACTIVE,2021-11-19 20:39:32
ACC_1012679,C_108458,BUSINESS,18010.0,ACTIVE,2020-09-27 09:24:44
ACC_1012680,C_108458,BUSINESS,65717.78,ACTIVE,2020-09-27 19:34:44
ACC_1012681,C_108459,SAVINGS,195827.88,ACTIVE,2024-09-03 14:45:30
ACC_1012682,C_108460,SAVINGS,17792.05,ACTIVE,2021-03-22 02:04:05
ACC_1012683,C_108461,SAVINGS,4466.44,ACTIVE,2024-06-24 20:13:18
ACC_1012684,C_108461,BUSINESS,25135.58,ACTIVE,2024-07-06 23:06:18
ACC_1012685,C_108461,SAVINGS,25337.29,ACTIVE,2024-06-23 21:33:18
ACC_1012686,C_108462,CURRENT,657.74,ACTIVE,2020-08-28 08:29:16
ACC_1012687,C_108462,BUSINESS,174874.86,ACTIVE,2020-08-11 02:29:16
ACC_1012688,C_108463,SAVINGS,15705.06,ACTIVE,2021-09-19 00:22:07
ACC_1012689,C_108463,BUSINESS,40083.0,ACTIVE,2021-08-30 21:59:07
ACC_1012690,C_108464,BUSINESS,2189.64,ACTIVE,2018-06-09 19:02:11
ACC_1012691,C_108464,CURRENT,1357.58,ACTIVE,2018-06-11 19:09:11
ACC_1012692,C_108465,BUSINESS,34015.56,ACTIVE,2022-02-12 13:44:16
ACC_1012693,C_108465,BUSINESS,10321.2,ACTIVE,2022-02-10 04:48:16
ACC_1012694,C_108465,CURRENT,440.84,ACTIVE,2022-02-07 06:36:16
ACC_1012695,C_108466,BUSINESS,26732.6,DORMANT,2025-03-14 22:47:51
ACC_1012696,C_108467,CURRENT,11839.03,ACTIVE,2016-01-31 23:20:31
ACC_1012697,C_108468,BUSINESS,17722.42,ACTIVE,2020-01-04 19:21:46
ACC_1012698,C_108468,BUSINESS,489372.89,ACTIVE,2020-01-02 04:30:46
ACC_1012699,C_108469,BUSINESS,419644.81,ACTIVE,2019-05-23 20:14:38
ACC_1012700,C_108469,SAVINGS,26309.1,ACTIVE,2019-06-19 18:11:38
ACC_1012701,C_108470,BUSINESS,98617.24,ACTIVE,2016-09-24 05:09:26
ACC_1012702,C_108471,BUSINESS,156458.91,ACTIVE,2018-04-07 07:00:19
ACC_1012703,C_108472,BUSINESS,123203.35,ACTIVE,2019-12-31 23:16:15
ACC_1012704,C_108472,BUSINESS,115897.31,ACTIVE,2020-01-11 09:44:15
ACC_1012705,C_108473,CURRENT,463.8,DORMANT,2023-10-01 05:50:00
ACC_1012706,C_108474,BUSINESS,98398.07,DORMANT,2018-12-19 07:46:45
ACC_1012707,C_108474,BUSINESS,1163427.04,ACTIVE,2018-12-23 01:27:45
ACC_1012708,C_108475,SAVINGS,28893.81,ACTIVE,2021-09-25 21:49:37
ACC_1012709,C_108476,BUSINESS,186464.92,DORMANT,2023-04-13 20:38:47
ACC_1012710,C_108476,CURRENT,326.3,ACTIVE,2023-04-22 11:28:47
ACC_1012711,C_108476,BUSINESS,504068.42,ACTIVE,2023-04-23 13:44:47
ACC_1012712,C_108477,CURRENT,753.01,ACTIVE,2022-08-09 14:12:12
ACC_1012713,C_108478,CURRENT,2460.58,ACTIVE,2016-07-27 12:58:47
ACC_1012714,C_108479,CURRENT,2126.02,ACTIVE,2016-06-15 15:24:35
ACC_1012715,C_108479,SAVINGS,20808.82,ACTIVE,2016-06-22 04:18:35
ACC_1012716,C_108479,CURRENT,1091.72,ACTIVE,2016-06-19 10:33:35
ACC_1012717,C_108480,SAVINGS,20082.93,ACTIVE,2019-12-31 18:37:14
ACC_1012718,C_108481,CURRENT,2229.24,ACTIVE,2018-05-10 20:01:59
ACC_1012719,C_108482,BUSINESS,2185.79,ACTIVE,2025-04-13 00:43:53
ACC_1012720,C_108482,BUSINESS,33248.98,ACTIVE,2025-04-14 10:48:53
ACC_1012721,C_108483,BUSINESS,45000.15,DORMANT,2020-06-28 04:56:21
ACC_1012722,C_108484,BUSINESS,482300.1,ACTIVE,2020-04-08 03:40:06
ACC_1012723,C_108485,BUSINESS,332223.35,ACTIVE,2018-06-24 02:00:34
ACC_1012724,C_108486,SAVINGS,12220.22,ACTIVE,2016-03-23 09:11:26
ACC_1012725,C_108487,BUSINESS,72051.01,ACTIVE,2022-10-09 16:16:27
ACC_1012726,C_108487,SAVINGS,12118.5,ACTIVE,2022-09-30 22:29:27
ACC_1012727,C_108488,CURRENT,207.45,ACTIVE,2021-05-13 10:23:51
ACC_1012728,C_108488,CURRENT,4097.05,ACTIVE,2021-04-24 10:02:51
ACC_1012729,C_108489,SAVINGS,706.94,ACTIVE,2019-02-18 18:45:20
ACC_1012730,C_108489,CURRENT,1280.68,ACTIVE,2019-02-24 21:31:20
ACC_1012731,C_108489,CURRENT,725.43,ACTIVE,2019-03-03 19:27:20
ACC_1012732,C_108490,SAVINGS,62040.28,ACTIVE,2025-07-17 18:58:44
ACC_1012733,C_108491,SAVINGS,10752.16,ACTIVE,2021-10-17 03:34:08
ACC_1012734,C_108492,SAVINGS,5327.37,ACTIVE,2017-10-25 00:00:07
ACC_1012735,C_108493,SAVINGS,5596.21,ACTIVE,2024-10-11 19:06:21
ACC_1012736,C_108494,SAVINGS,14360.6,ACTIVE,2024-12-28 02:28:13
ACC_1012737,C_108495,CURRENT,274.13,DORMANT,2024-02-24 17:14:48
ACC_1012738,C_108495,BUSINESS,12826.89,ACTIVE,2024-02-29 05:22:48
ACC_1012739,C_108496,SAVINGS,47410.97,ACTIVE,2017-06-20 04:07:02
ACC_1012740,C_108496,SAVINGS,51642.7,ACTIVE,2017-06-23 05:21:02
ACC_1012741,C_108497,CURRENT,15368.98,ACTIVE,2023-07-19 05:57:10
ACC_1012742,C_108497,SAVINGS,11064.74,DORMANT,2023-07-13 05:57:10
ACC_1012743,C_108497,BUSINESS,53709.83,ACTIVE,2023-07-15 07:27:10
ACC_1012744,C_108498,SAVINGS,110265.25,ACTIVE,2021-09-23 12:02:11
ACC_1012745,C_108499,SAVINGS,37169.21,ACTIVE,2018-01-27 21:30:44
ACC_1012746,C_108499,BUSINESS,11148.57,ACTIVE,2018-02-11 16:00:44
ACC_1012747,C_108500,CURRENT,673.03,ACTIVE,2021-04-04 06:04:45
ACC_1012748,C_108501,CURRENT,3939.03,ACTIVE,2019-03-08 13:36:04
ACC_1012749,C_108501,SAVINGS,8452.32,DORMANT,2019-02-26 13:18:04
ACC_1012750,C_108502,CURRENT,1446.05,ACTIVE,2017-07-04 04:54:21
ACC_1012751,C_108503,BUSINESS,12193.02,ACTIVE,2024-03-18 17:49:36
ACC_1012752,C_108504,BUSINESS,90715.2,ACTIVE,2022-01-11 19:57:43
ACC_1012753,C_108504,SAVINGS,153027.82,ACTIVE,2022-01-21 00:16:43
ACC_1012754,C_108505,CURRENT,6211.81,ACTIVE,2019-12-04 16:33:03
ACC_1012755,C_108506,SAVINGS,8167.74,ACTIVE,2019-03-30 00:02:06
ACC_1012756,C_108506,SAVINGS,6877.29,ACTIVE,2019-03-16 23:30:06
ACC_1012757,C_108507,BUSINESS,109787.76,ACTIVE,2023-02-01 20:52:53
ACC_1012758,C_108508,BUSINESS,206490.38,ACTIVE,2023-09-21 03:07:23
ACC_1012759,C_108508,CURRENT,3776.16,ACTIVE,2023-09-26 09:47:23
ACC_1012760,C_108509,SAVINGS,4237.52,DORMANT,2016-08-31 06:29:51
ACC_1012761,C_108509,BUSINESS,22572.21,ACTIVE,2016-09-01 20:25:51
ACC_1012762,C_108509,BUSINESS,6064.28,ACTIVE,2016-09-04 20:06:51
ACC_1012763,C_108510,CURRENT,943.89,ACTIVE,2025-03-12 22:19:46
ACC_1012764,C_108511,SAVINGS,62531.71,ACTIVE,2023-12-29 02:01:40
ACC_1012765,C_108512,BUSINESS,1500000.0,ACTIVE,2016-03-05 08:30:42
ACC_1012766,C_108513,CURRENT,2948.18,ACTIVE,2021-10-16 20:11:02
ACC_1012767,C_108513,SAVINGS,33684.48,ACTIVE,2021-11-03 13:44:02
ACC_1012768,C_108513,SAVINGS,30138.24,ACTIVE,2021-11-06 02:56:02
ACC_1012769,C_108514,BUSINESS,137802.46,ACTIVE,2016-02-24 23:20:03
ACC_1012770,C_108515,SAVINGS,10363.57,ACTIVE,2025-12-10 04:35:43
ACC_1012771,C_108515,CURRENT,8545.57,ACTIVE,2025-12-09 21:59:43
ACC_1012772,C_108516,CURRENT,1296.44,ACTIVE,2023-06-23 05:31:57
ACC_1012773,C_108517,SAVINGS,7768.1,ACTIVE,2019-11-06 23:37:26
ACC_1012774,C_108518,CURRENT,3302.36,ACTIVE,2025-08-05 07:56:24
ACC_1012775,C_108518,BUSINESS,183219.61,ACTIVE,2025-08-13 10:28:24
ACC_1012776,C_108519,BUSINESS,11620.23,ACTIVE,2024-10-22 04:16:09
ACC_1012777,C_108520,SAVINGS,31738.61,ACTIVE,2020-12-03 21:35:49
ACC_1012778,C_108520,CURRENT,3893.2,ACTIVE,2020-12-02 02:42:49
ACC_1012779,C_108521,CURRENT,420.58,ACTIVE,2022-12-06 05:59:10
ACC_1012780,C_108522,BUSINESS,504476.41,ACTIVE,2025-08-18 06:52:03
ACC_1012781,C_108522,SAVINGS,44668.72,ACTIVE,2025-08-22 09:44:03
ACC_1012782,C_108523,CURRENT,551.49,ACTIVE,2016-03-07 15:48:46
ACC_1012783,C_108524,SAVINGS,5884.81,ACTIVE,2025-11-29 22:00:35
ACC_1012784,C_108525,BUSINESS,19413.44,ACTIVE,2019-12-27 02:17:56
ACC_1012785,C_108525,SAVINGS,26883.98,ACTIVE,2020-01-24 14:08:56
ACC_1012786,C_108526,CURRENT,11679.8,ACTIVE,2017-02-05 21:29:43
ACC_1012787,C_108527,SAVINGS,125017.61,ACTIVE,2023-09-01 12:02:45
ACC_1012788,C_108528,CURRENT,4756.04,ACTIVE,2017-09-03 08:18:36
ACC_1012789,C_108528,SAVINGS,3949.55,ACTIVE,2017-09-11 04:33:36
ACC_1012790,C_108529,SAVINGS,12927.47,ACTIVE,2018-02-16 23:39:35
ACC_1012791,C_108530,CURRENT,298.22,ACTIVE,2024-07-08 23:43:43
ACC_1012792,C_108530,SAVINGS,9660.79,ACTIVE,2024-06-15 18:03:43
ACC_1012793,C_108530,CURRENT,2687.08,ACTIVE,2024-07-02 09:56:43
ACC_1012794,C_108531,BUSINESS,67721.94,DORMANT,2016-03-31 08:25:07
ACC_1012795,C_108532,BUSINESS,165885.9,ACTIVE,2017-04-12 15:56:05
ACC_1012796,C_108532,CURRENT,4419.79,ACTIVE,2017-04-19 17:22:05
ACC_1012797,C_108533,BUSINESS,20787.41,DORMANT,2025-01-09 20:08:06
ACC_1012798,C_108533,CURRENT,2917.18,ACTIVE,2025-01-31 14:51:06
ACC_1012799,C_108533,SAVINGS,31490.85,ACTIVE,2025-01-25 13:32:06
ACC_1012800,C_108534,SAVINGS,31812.42,ACTIVE,2024-08-13 12:34:47
ACC_1012801,C_108535,SAVINGS,10298.57,ACTIVE,2016-05-10 01:31:55
ACC_1012802,C_108535,SAVINGS,6374.93,ACTIVE,2016-05-16 19:16:55
ACC_1012803,C_108536,SAVINGS,10587.03,ACTIVE,2023-07-13 10:49:05
ACC_1012804,C_108537,BUSINESS,1500000.0,ACTIVE,2019-03-31 13:52:42
ACC_1012805,C_108538,BUSINESS,24558.33,DORMANT,2024-07-10 19:34:16
ACC_1012806,C_108538,CURRENT,512.33,ACTIVE,2024-07-25 15:39:16
ACC_1012807,C_108538,BUSINESS,32059.46,ACTIVE,2024-07-05 20:32:16
ACC_1012808,C_108539,SAVINGS,16076.04,ACTIVE,2025-02-12 09:08:09
ACC_1012809,C_108539,BUSINESS,6580.3,ACTIVE,2025-02-25 06:45:09
ACC_1012810,C_108540,BUSINESS,57663.84,ACTIVE,2018-02-25 06:36:54
ACC_1012811,C_108541,CURRENT,1066.12,ACTIVE,2023-02-16 07:21:29
ACC_1012812,C_108542,BUSINESS,9141.97,DORMANT,2024-04-24 15:48:55
ACC_1012813,C_108543,CURRENT,3348.63,ACTIVE,2018-06-10 09:00:20
ACC_1012814,C_108544,CURRENT,1514.95,ACTIVE,2022-02-11 05:48:23
ACC_1012815,C_108545,BUSINESS,90399.23,ACTIVE,2019-08-11 16:00:26
ACC_1012816,C_108546,BUSINESS,353748.23,ACTIVE,2019-06-24 20:38:08
ACC_1012817,C_108547,SAVINGS,39334.59,ACTIVE,2024-03-24 19:40:59
ACC_1012818,C_108548,CURRENT,6051.69,ACTIVE,2022-07-13 00:45:40
ACC_1012819,C_108549,SAVINGS,37733.02,ACTIVE,2018-12-05 05:51:59
ACC_1012820,C_108550,CURRENT,5781.93,ACTIVE,2023-05-14 17:34:10
ACC_1012821,C_108550,CURRENT,867.78,ACTIVE,2023-05-20 12:57:10
ACC_1012822,C_108551,CURRENT,2329.38,DORMANT,2025-06-06 17:29:56
ACC_1012823,C_108551,SAVINGS,6602.15,ACTIVE,2025-06-08 08:53:56
ACC_1012824,C_108552,CURRENT,1945.28,ACTIVE,2022-02-25 14:06:21
ACC_1012825,C_108553,BUSINESS,402748.84,ACTIVE,2024-07-10 03:28:00
ACC_1012826,C_108554,SAVINGS,41357.59,ACTIVE,2016-05-22 03:34:00
ACC_1012827,C_108554,CURRENT,2491.1,ACTIVE,2016-05-20 15:35:00
ACC_1012828,C_108555,BUSINESS,25378.42,ACTIVE,2021-01-01 19:16:56
ACC_1012829,C_108555,BUSINESS,3370.56,ACTIVE,2020-12-23 08:11:56
ACC_1012830,C_108555,BUSINESS,1500000.0,ACTIVE,2020-12-07 16:50:56
ACC_1012831,C_108556,BUSINESS,31654.44,ACTIVE,2022-04-07 11:37:36
ACC_1012832,C_108557,BUSINESS,4051.94,ACTIVE,2024-06-23 05:42:28
ACC_1012833,C_108557,BUSINESS,192185.97,ACTIVE,2024-06-11 19:58:28
ACC_1012834,C_108557,CURRENT,2345.76,ACTIVE,2024-06-27 17:08:28
ACC_1012835,C_108558,SAVINGS,6262.25,ACTIVE,2023-06-26 19:47:17
ACC_1012836,C_108559,CURRENT,928.07,ACTIVE,2019-03-08 00:41:09
ACC_1012837,C_108560,CURRENT,846.11,ACTIVE,2017-03-31 04:02:38
ACC_1012838,C_108560,SAVINGS,7276.39,ACTIVE,2017-03-19 10:54:38
ACC_1012839,C_108561,CURRENT,1119.31,ACTIVE,2024-12-27 17:45:34
ACC_1012840,C_108561,SAVINGS,70834.87,ACTIVE,2025-01-11 04:12:34
ACC_1012841,C_108562,SAVINGS,16111.76,ACTIVE,2021-03-13 19:10:10
ACC_1012842,C_108562,CURRENT,2511.39,ACTIVE,2021-04-02 04:57:10
ACC_1012843,C_108563,CURRENT,2107.18,ACTIVE,2023-01-31 00:02:28
ACC_1012844,C_108564,SAVINGS,8450.77,ACTIVE,2016-09-28 22:55:08
ACC_1012845,C_108565,CURRENT,2183.27,DORMANT,2024-06-12 22:59:39
ACC_1012846,C_108566,CURRENT,4721.56,ACTIVE,2025-10-28 15:30:14
ACC_1012847,C_108567,BUSINESS,3643.46,ACTIVE,2019-03-26 04:26:26
ACC_1012848,C_108568,SAVINGS,11367.57,ACTIVE,2020-01-03 03:45:17
ACC_1012849,C_108569,CURRENT,1443.39,DORMANT,2021-08-05 18:58:44
ACC_1012850,C_108570,SAVINGS,17503.87,ACTIVE,2019-08-09 19:17:32
ACC_1012851,C_108571,CURRENT,1062.66,ACTIVE,2018-06-10 22:52:28
ACC_1012852,C_108572,CURRENT,735.59,ACTIVE,2016-10-08 13:46:49
ACC_1012853,C_108573,SAVINGS,6385.6,ACTIVE,2023-11-13 06:00:06
ACC_1012854,C_108573,SAVINGS,7473.39,ACTIVE,2023-11-28 11:45:06
ACC_1012855,C_108574,BUSINESS,118884.65,ACTIVE,2025-11-20 23:59:48
ACC_1012856,C_108575,CURRENT,652.87,DORMANT,2025-10-24 16:24:20
ACC_1012857,C_108576,SAVINGS,773.59,ACTIVE,2018-12-07 02:01:30
ACC_1012858,C_108577,SAVINGS,72682.83,ACTIVE,2016-11-03 16:27:16
ACC_1012859,C_108577,SAVINGS,13359.15,ACTIVE,2016-10-14 22:44:16
ACC_1012860,C_108578,BUSINESS,21879.31,DORMANT,2016-06-01 10:43:35
ACC_1012861,C_108579,CURRENT,7842.04,ACTIVE,2017-10-25 07:34:25
ACC_1012862,C_108579,CURRENT,540.18,ACTIVE,2017-10-17 14:00:25
ACC_1012863,C_108579,SAVINGS,1350.86,ACTIVE,2017-10-07 23:23:25
ACC_1012864,C_108580,BUSINESS,25334.58,ACTIVE,2025-09-11 04:16:30
ACC_1012865,C_108580,CURRENT,2813.73,ACTIVE,2025-09-21 02:38:30
ACC_1012866,C_108580,SAVINGS,20565.27,ACTIVE,2025-10-06 16:28:30
ACC_1012867,C_108581,BUSINESS,163743.05,ACTIVE,2023-07-14 22:25:12
ACC_1012868,C_108582,CURRENT,713.06,ACTIVE,2022-11-27 01:03:48
ACC_1012869,C_108582,CURRENT,1720.7,ACTIVE,2022-11-17 17:21:48
ACC_1012870,C_108583,CURRENT,2221.53,ACTIVE,2024-06-13 15:31:12
ACC_1012871,C_108583,CURRENT,4238.52,ACTIVE,2024-06-23 08:40:12
ACC_1012872,C_108583,SAVINGS,30997.98,ACTIVE,2024-06-25 07:11:12
ACC_1012873,C_108584,BUSINESS,15618.64,ACTIVE,2019-04-29 01:54:26
ACC_1012874,C_108584,SAVINGS,39013.73,ACTIVE,2019-04-04 19:55:26
ACC_1012875,C_108584,SAVINGS,7276.08,ACTIVE,2019-04-20 07:47:26
ACC_1012876,C_108585,SAVINGS,13799.29,ACTIVE,2022-08-29 22:51:33
ACC_1012877,C_108585,CURRENT,1479.41,ACTIVE,2022-09-08 23:38:33
ACC_1012878,C_108586,SAVINGS,49293.59,ACTIVE,2024-10-24 09:29:44
ACC_1012879,C_108587,BUSINESS,116338.82,ACTIVE,2019-01-15 21:40:53
ACC_1012880,C_108588,CURRENT,351.24,ACTIVE,2025-10-27 01:50:20
ACC_1012881,C_108589,BUSINESS,41380.95,ACTIVE,2023-09-28 23:40:24
ACC_1012882,C_108590,CURRENT,1000.1,ACTIVE,2017-04-24 21:33:49
ACC_1012883,C_108591,CURRENT,828.57,ACTIVE,2017-05-01 09:22:08
ACC_1012884,C_108592,CURRENT,348.84,ACTIVE,2016-07-30 20:16:23
ACC_1012885,C_108593,BUSINESS,318911.8,DORMANT,2016-12-11 22:02:16
ACC_1012886,C_108594,BUSINESS,6299.23,ACTIVE,2022-05-14 16:57:22
ACC_1012887,C_108595,BUSINESS,17085.71,ACTIVE,2016-07-13 16:28:12
ACC_1012888,C_108596,SAVINGS,8801.45,ACTIVE,2018-08-04 04:07:28
ACC_1012889,C_108596,SAVINGS,9656.24,ACTIVE,2018-07-30 02:39:28
ACC_1012890,C_108597,CURRENT,9755.89,ACTIVE,2024-09-05 10:10:18
ACC_1012891,C_108597,BUSINESS,41664.35,ACTIVE,2024-08-19 21:01:18
ACC_1012892,C_108598,SAVINGS,9236.51,ACTIVE,2020-04-29 18:00:23
ACC_1012893,C_108599,CURRENT,1020.44,ACTIVE,2022-07-26 19:53:23
ACC_1012894,C_108600,CURRENT,5303.68,ACTIVE,2021-07-23 11:04:00
ACC_1012895,C_108601,CURRENT,14820.4,ACTIVE,2016-07-27 21:12:36
ACC_1012896,C_108601,SAVINGS,9029.55,ACTIVE,2016-07-18 04:41:36
ACC_1012897,C_108602,BUSINESS,21557.16,ACTIVE,2021-04-23 16:30:45
ACC_1012898,C_108602,SAVINGS,1031.06,ACTIVE,2021-04-28 22:40:45
ACC_1012899,C_108603,SAVINGS,40969.43,ACTIVE,2022-06-25 19:40:14
ACC_1012900,C_108604,CURRENT,655.89,ACTIVE,2022-02-27 19:41:47
ACC_1012901,C_108605,BUSINESS,112504.09,ACTIVE,2023-12-24 12:28:12
ACC_1012902,C_108605,CURRENT,509.33,ACTIVE,2023-12-26 15:57:12
ACC_1012903,C_108606,SAVINGS,23225.09,ACTIVE,2023-08-07 02:34:13
ACC_1012904,C_108607,BUSINESS,35112.45,ACTIVE,2025-06-23 09:35:53
ACC_1012905,C_108607,SAVINGS,8335.34,ACTIVE,2025-07-07 02:20:53
ACC_1012906,C_108607,SAVINGS,51593.31,ACTIVE,2025-07-02 20:46:53
ACC_1012907,C_108608,SAVINGS,133061.54,ACTIVE,2020-06-20 20:09:36
ACC_1012908,C_108608,BUSINESS,593924.87,ACTIVE,2020-06-23 05:00:36
ACC_1012909,C_108609,CURRENT,1155.19,ACTIVE,2017-03-29 15:14:26
ACC_1012910,C_108609,CURRENT,3420.55,ACTIVE,2017-03-10 09:48:26
ACC_1012911,C_108610,SAVINGS,13162.95,ACTIVE,2020-06-12 08:43:41
ACC_1012912,C_108611,CURRENT,5140.14,ACTIVE,2024-09-28 10:53:59
ACC_1012913,C_108612,SAVINGS,14919.05,DORMANT,2019-12-27 21:45:10
ACC_1012914,C_108613,CURRENT,2168.15,ACTIVE,2021-10-24 07:16:27
ACC_1012915,C_108614,SAVINGS,33413.07,ACTIVE,2020-05-27 01:43:01
ACC_1012916,C_108614,BUSINESS,11522.11,ACTIVE,2020-06-18 00:37:01
ACC_1012917,C_108615,SAVINGS,29911.43,DORMANT,2021-06-11 21:03:29
ACC_1012918,C_108615,BUSINESS,86547.41,ACTIVE,2021-06-19 19:04:29
ACC_1012919,C_108616,CURRENT,2528.99,ACTIVE,2020-07-17 03:03:05
ACC_1012920,C_108616,CURRENT,852.09,ACTIVE,2020-07-07 17:11:05
ACC_1012921,C_108617,BUSINESS,11505.48,ACTIVE,2020-01-04 05:06:06
ACC_1012922,C_108618,BUSINESS,240611.17,ACTIVE,2022-04-25 07:17:36
ACC_1012923,C_108618,CURRENT,5081.88,ACTIVE,2022-04-16 07:38:36
ACC_1012924,C_108619,CURRENT,1180.41,ACTIVE,2018-07-28 06:33:52
ACC_1012925,C_108620,CURRENT,9860.4,ACTIVE,2018-05-13 08:36:55
ACC_1012926,C_108620,CURRENT,3342.26,ACTIVE,2018-05-09 13:29:55
ACC_1012927,C_108621,SAVINGS,47557.87,ACTIVE,2022-12-19 07:18:28
ACC_1012928,C_108622,SAVINGS,6202.02,ACTIVE,2020-03-18 14:28:05
ACC_1012929,C_108623,SAVINGS,7558.84,ACTIVE,2018-08-23 13:36:30
ACC_1012930,C_108623,CURRENT,2949.99,ACTIVE,2018-08-13 15:44:30
ACC_1012931,C_108623,CURRENT,6231.09,ACTIVE,2018-08-24 19:38:30
ACC_1012932,C_108624,SAVINGS,7850.6,ACTIVE,2018-09-02 03:07:03
ACC_1012933,C_108625,BUSINESS,18772.7,ACTIVE,2021-06-23 17:56:19
ACC_1012934,C_108626,BUSINESS,38675.53,ACTIVE,2024-10-05 02:08:01
ACC_1012935,C_108626,BUSINESS,34095.54,ACTIVE,2024-09-29 09:00:01
ACC_1012936,C_108627,CURRENT,881.28,DORMANT,2018-07-08 06:58:38
ACC_1012937,C_108627,CURRENT,20655.32,ACTIVE,2018-07-03 02:58:38
ACC_1012938,C_108628,SAVINGS,10833.01,ACTIVE,2017-12-02 16:07:24
ACC_1012939,C_108629,SAVINGS,6379.86,ACTIVE,2016-12-20 11:29:21
ACC_1012940,C_108629,BUSINESS,99151.92,ACTIVE,2016-12-23 19:43:21
ACC_1012941,C_108630,BUSINESS,76508.03,ACTIVE,2024-01-09 18:55:44
ACC_1012942,C_108631,SAVINGS,35451.3,ACTIVE,2023-02-21 13:59:12
ACC_1012943,C_108632,SAVINGS,13042.49,ACTIVE,2018-07-28 21:04:21
ACC_1012944,C_108633,SAVINGS,3378.59,DORMANT,2021-07-31 01:00:31
ACC_1012945,C_108633,CURRENT,3750.35,DORMANT,2021-07-28 20:32:31
ACC_1012946,C_108634,BUSINESS,124453.0,ACTIVE,2020-09-13 08:52:22
ACC_1012947,C_108635,BUSINESS,14130.75,ACTIVE,2018-09-30 02:07:22
ACC_1012948,C_108635,CURRENT,2895.49,ACTIVE,2018-10-03 23:41:22
ACC_1012949,C_108636,SAVINGS,16549.21,ACTIVE,2024-12-15 11:35:46
ACC_1012950,C_108637,SAVINGS,2615.32,ACTIVE,2016-07-18 19:46:01
ACC_1012951,C_108638,CURRENT,686.6,ACTIVE,2023-11-23 12:23:48
ACC_1012952,C_108638,SAVINGS,12872.12,ACTIVE,2023-12-03 10:16:48
ACC_1012953,C_108639,BUSINESS,14210.45,ACTIVE,2022-11-19 14:03:42
ACC_1012954,C_108640,BUSINESS,182486.93,ACTIVE,2019-06-07 20:02:50
ACC_1012955,C_108641,CURRENT,1210.92,ACTIVE,2018-11-13 06:23:42
ACC_1012956,C_108642,CURRENT,785.7,ACTIVE,2023-07-14 10:35:42
ACC_1012957,C_108642,SAVINGS,7314.77,ACTIVE,2023-07-28 02:04:42
ACC_1012958,C_108643,CURRENT,2495.74,ACTIVE,2019-09-20 05:18:52
ACC_1012959,C_108643,CURRENT,4245.59,ACTIVE,2019-09-19 01:12:52
ACC_1012960,C_108644,CURRENT,1991.08,ACTIVE,2025-06-06 06:24:45
ACC_1012961,C_108645,BUSINESS,8267.1,ACTIVE,2024-04-23 04:48:04
ACC_1012962,C_108646,SAVINGS,39180.94,ACTIVE,2024-01-05 02:46:50
ACC_1012963,C_108646,CURRENT,2562.24,ACTIVE,2024-01-16 08:28:50
ACC_1012964,C_108646,BUSINESS,167015.91,ACTIVE,2024-01-09 20:43:50
ACC_1012965,C_108647,SAVINGS,21186.25,ACTIVE,2024-07-26 02:39:57
ACC_1012966,C_108648,SAVINGS,20076.4,ACTIVE,2021-01-03 14:36:09
ACC_1012967,C_108649,BUSINESS,19195.49,ACTIVE,2020-06-12 15:22:34
ACC_1012968,C_108650,BUSINESS,68287.44,ACTIVE,2019-01-15 00:07:34
ACC_1012969,C_108650,CURRENT,3628.65,ACTIVE,2019-01-31 10:19:34
ACC_1012970,C_108651,SAVINGS,9825.38,ACTIVE,2021-06-11 18:07:37
ACC_1012971,C_108652,SAVINGS,65979.33,ACTIVE,2020-05-01 17:17:50
ACC_1012972,C_108653,CURRENT,3008.72,ACTIVE,2016-05-27 23:49:03
ACC_1012973,C_108654,SAVINGS,4572.5,ACTIVE,2016-03-18 23:04:58
ACC_1012974,C_108654,CURRENT,4997.42,ACTIVE,2016-03-04 17:47:58
ACC_1012975,C_108655,BUSINESS,110239.88,ACTIVE,2019-06-12 21:39:11
ACC_1012976,C_108656,SAVINGS,14599.0,ACTIVE,2019-07-27 13:12:09
ACC_1012977,C_108656,SAVINGS,8990.46,ACTIVE,2019-07-25 11:07:09
ACC_1012978,C_108657,CURRENT,1246.77,ACTIVE,2019-06-09 09:05:02
ACC_1012979,C_108657,CURRENT,2379.6,ACTIVE,2019-05-31 23:58:02
ACC_1012980,C_108658,SAVINGS,18521.53,ACTIVE,2023-10-26 19:42:28
ACC_1012981,C_108659,BUSINESS,99124.11,ACTIVE,2018-12-29 07:49:11
ACC_1012982,C_108660,CURRENT,3097.43,ACTIVE,2021-11-09 07:13:20
ACC_1012983,C_108661,BUSINESS,20554.55,ACTIVE,2016-05-27 15:11:23
ACC_1012984,C_108662,BUSINESS,243197.69,DORMANT,2024-03-11 00:31:14
ACC_1012985,C_108662,CURRENT,2931.88,ACTIVE,2024-02-21 10:48:14
ACC_1012986,C_108663,CURRENT,3110.27,ACTIVE,2025-04-07 04:41:54
ACC_1012987,C_108664,CURRENT,2269.37,ACTIVE,2022-05-19 14:59:04
ACC_1012988,C_108665,CURRENT,674.6,ACTIVE,2025-12-25 02:12:04
ACC_1012989,C_108666,CURRENT,4422.72,ACTIVE,2023-08-07 05:29:39
ACC_1012990,C_108667,BUSINESS,1406078.77,ACTIVE,2021-02-24 21:55:49
ACC_1012991,C_108667,SAVINGS,25137.06,DORMANT,2021-02-20 06:42:49
ACC_1012992,C_108668,SAVINGS,9235.67,ACTIVE,2018-12-09 13:01:57
ACC_1012993,C_108669,BUSINESS,31398.84,ACTIVE,2016-06-21 09:25:33
ACC_1012994,C_108670,CURRENT,977.01,ACTIVE,2024-08-12 07:03:33
ACC_1012995,C_108670,CURRENT,1757.28,ACTIVE,2024-07-24 23:42:33
ACC_1012996,C_108671,SAVINGS,36416.84,ACTIVE,2025-12-14 16:26:45
ACC_1012997,C_108672,SAVINGS,83824.77,ACTIVE,2021-02-21 16:45:09
ACC_1012998,C_108673,SAVINGS,51220.55,ACTIVE,2020-02-05 19:30:06
ACC_1012999,C_108674,SAVINGS,25341.13,ACTIVE,2018-05-04 08:33:00
ACC_1013000,C_108674,SAVINGS,11724.72,ACTIVE,2018-04-27 23:50:00
ACC_1013001,C_108674,BUSINESS,13071.87,ACTIVE,2018-05-12 11:19:00
ACC_1013002,C_108675,CURRENT,406.21,ACTIVE,2019-07-04 12:51:35
ACC_1013003,C_108675,CURRENT,6957.4,ACTIVE,2019-07-28 16:49:35
ACC_1013004,C_108675,CURRENT,2636.22,ACTIVE,2019-07-01 04:44:35
ACC_1013005,C_108676,BUSINESS,60487.37,ACTIVE,2019-01-23 06:55:51
ACC_1013006,C_108677,BUSINESS,382337.47,ACTIVE,2023-12-07 05:15:45
ACC_1013007,C_108677,CURRENT,2177.04,ACTIVE,2023-12-09 19:53:45
ACC_1013008,C_108678,SAVINGS,8888.53,ACTIVE,2019-01-05 17:08:37
ACC_1013009,C_108678,CURRENT,12991.58,ACTIVE,2019-02-05 02:36:37
ACC_1013010,C_108679,CURRENT,1108.47,ACTIVE,2018-10-22 09:31:33
ACC_1013011,C_108680,CURRENT,3483.71,ACTIVE,2025-01-20 00:24:00
ACC_1013012,C_108680,BUSINESS,37289.75,ACTIVE,2025-01-10 13:31:00
ACC_1013013,C_108681,BUSINESS,3913.02,ACTIVE,2018-12-03 03:27:39
ACC_1013014,C_108682,SAVINGS,1491.77,ACTIVE,2025-07-28 09:04:51
ACC_1013015,C_108683,SAVINGS,5238.69,ACTIVE,2017-01-08 12:17:23
ACC_1013016,C_108683,SAVINGS,7656.82,ACTIVE,2016-12-28 02:21:23
ACC_1013017,C_108684,SAVINGS,54977.93,ACTIVE,2022-03-22 21:59:02
ACC_1013018,C_108685,BUSINESS,1204395.08,ACTIVE,2025-12-30 12:28:32
ACC_1013019,C_108685,BUSINESS,3189.27,ACTIVE,2025-12-25 09:57:32
ACC_1013020,C_108686,CURRENT,2163.08,ACTIVE,2018-01-21 22:12:09
ACC_1013021,C_108687,SAVINGS,6460.46,ACTIVE,2022-11-05 16:22:56
ACC_1013022,C_108688,BUSINESS,1500000.0,ACTIVE,2021-01-03 23:04:03
ACC_1013023,C_108689,BUSINESS,2719.71,DORMANT,2018-06-04 09:40:29
ACC_1013024,C_108690,SAVINGS,43188.33,ACTIVE,2019-08-23 09:49:51
ACC_1013025,C_108690,CURRENT,1230.79,ACTIVE,2019-08-17 18:24:51
ACC_1013026,C_108690,SAVINGS,61816.88,ACTIVE,2019-08-21 09:14:51
ACC_1013027,C_108691,CURRENT,1971.8,ACTIVE,2025-11-30 16:40:06
ACC_1013028,C_108692,SAVINGS,5805.61,ACTIVE,2022-07-21 21:12:07
ACC_1013029,C_108693,CURRENT,574.35,ACTIVE,2022-01-30 22:59:41
ACC_1013030,C_108694,CURRENT,764.67,ACTIVE,2020-04-11 23:58:25
ACC_1013031,C_108694,SAVINGS,41436.67,ACTIVE,2020-04-12 07:34:25
ACC_1013032,C_108695,CURRENT,872.31,DORMANT,2016-09-25 22:58:34
ACC_1013033,C_108696,BUSINESS,668961.67,ACTIVE,2023-06-04 16:55:47
ACC_1013034,C_108697,CURRENT,1615.65,ACTIVE,2016-09-17 02:15:57
ACC_1013035,C_108697,SAVINGS,25179.6,ACTIVE,2016-09-14 23:24:57
ACC_1013036,C_108697,CURRENT,2812.05,ACTIVE,2016-10-06 00:34:57
ACC_1013037,C_108698,SAVINGS,30377.03,ACTIVE,2023-03-13 14:53:36
ACC_1013038,C_108699,BUSINESS,1065.1,ACTIVE,2021-12-20 10:11:48
ACC_1013039,C_108699,BUSINESS,11620.9,ACTIVE,2021-12-23 01:47:48
ACC_1013040,C_108700,CURRENT,2796.62,ACTIVE,2019-07-19 09:49:12
ACC_1013041,C_108701,SAVINGS,30728.84,ACTIVE,2023-01-08 19:41:42
ACC_1013042,C_108702,SAVINGS,37143.83,ACTIVE,2018-04-21 18:19:44
ACC_1013043,C_108703,CURRENT,478.46,ACTIVE,2020-04-05 14:06:29
ACC_1013044,C_108703,SAVINGS,11503.78,ACTIVE,2020-04-17 19:55:29
ACC_1013045,C_108704,CURRENT,6527.6,ACTIVE,2024-05-15 10:31:48
ACC_1013046,C_108704,CURRENT,2347.39,ACTIVE,2024-05-02 03:57:48
ACC_1013047,C_108705,CURRENT,1568.4,ACTIVE,2021-11-06 13:17:48
ACC_1013048,C_108705,BUSINESS,263524.35,ACTIVE,2021-11-05 09:11:48
ACC_1013049,C_108706,BUSINESS,7933.02,ACTIVE,2024-04-14 13:02:42
ACC_1013050,C_108707,CURRENT,1549.37,ACTIVE,2025-09-02 13:28:39
ACC_1013051,C_108708,BUSINESS,11795.82,ACTIVE,2017-12-15 01:03:05
ACC_1013052,C_108709,SAVINGS,26464.58,ACTIVE,2019-02-13 14:20:12
ACC_1013053,C_108709,BUSINESS,142447.84,ACTIVE,2019-02-01 00:05:12
ACC_1013054,C_108710,SAVINGS,3672.74,DORMANT,2016-02-06 15:59:41
ACC_1013055,C_108711,BUSINESS,5332.38,ACTIVE,2021-11-23 21:49:16
ACC_1013056,C_108711,SAVINGS,4539.74,ACTIVE,2021-11-17 20:06:16
ACC_1013057,C_108712,BUSINESS,12420.68,DORMANT,2022-02-11 02:33:46
ACC_1013058,C_108713,BUSINESS,22991.57,ACTIVE,2023-09-14 19:09:36
ACC_1013059,C_108713,BUSINESS,54997.1,ACTIVE,2023-09-23 20:56:36
ACC_1013060,C_108714,CURRENT,3325.34,ACTIVE,2019-05-19 13:35:28
ACC_1013061,C_108715,BUSINESS,4892.58,ACTIVE,2025-02-11 17:38:57
ACC_1013062,C_108716,SAVINGS,90910.81,ACTIVE,2024-07-11 13:49:22
ACC_1013063,C_108716,BUSINESS,203812.15,ACTIVE,2024-06-16 18:14:22
ACC_1013064,C_108717,BUSINESS,226905.65,ACTIVE,2025-03-25 13:17:08
ACC_1013065,C_108717,BUSINESS,178333.25,ACTIVE,2025-03-29 13:27:08
ACC_1013066,C_108717,BUSINESS,29547.05,ACTIVE,2025-03-11 23:45:08
ACC_1013067,C_108718,SAVINGS,10529.7,ACTIVE,2019-01-14 09:47:41
ACC_1013068,C_108719,SAVINGS,2831.36,ACTIVE,2026-01-19 19:29:09
ACC_1013069,C_108719,CURRENT,3295.53,ACTIVE,2026-01-15 01:41:09
ACC_1013070,C_108719,CURRENT,2304.25,ACTIVE,2026-01-17 13:29:09
ACC_1013071,C_108720,SAVINGS,4346.72,ACTIVE,2025-09-09 00:32:42
ACC_1013072,C_108721,BUSINESS,24618.93,ACTIVE,2021-10-09 01:12:09
ACC_1013073,C_108722,CURRENT,1934.52,ACTIVE,2021-10-18 17:15:57
ACC_1013074,C_108722,SAVINGS,16815.63,ACTIVE,2021-11-03 21:39:57
ACC_1013075,C_108723,SAVINGS,49926.81,ACTIVE,2020-03-26 23:25:10
ACC_1013076,C_108723,SAVINGS,485.08,ACTIVE,2020-03-26 21:43:10
ACC_1013077,C_108724,SAVINGS,2687.54,ACTIVE,2019-10-28 05:55:08
ACC_1013078,C_108725,SAVINGS,22165.47,ACTIVE,2018-12-14 08:49:53
ACC_1013079,C_108726,CURRENT,872.94,ACTIVE,2019-09-27 01:46:45
ACC_1013080,C_108726,CURRENT,794.29,ACTIVE,2019-09-16 11:51:45
ACC_1013081,C_108727,SAVINGS,5120.11,ACTIVE,2016-04-01 16:01:55
ACC_1013082,C_108728,CURRENT,8978.62,ACTIVE,2016-01-30 11:58:57
ACC_1013083,C_108729,BUSINESS,269803.07,ACTIVE,2022-02-27 09:18:12
ACC_1013084,C_108729,SAVINGS,23022.13,ACTIVE,2022-03-15 20:16:12
ACC_1013085,C_108730,SAVINGS,10968.15,ACTIVE,2021-06-04 03:06:19
ACC_1013086,C_108730,CURRENT,2122.36,ACTIVE,2021-06-08 16:03:19
ACC_1013087,C_108731,SAVINGS,11286.45,ACTIVE,2024-03-04 16:00:16
ACC_1013088,C_108732,CURRENT,1286.67,ACTIVE,2023-02-02 23:23:01
ACC_1013089,C_108733,SAVINGS,7939.61,ACTIVE,2019-06-03 17:55:57
ACC_1013090,C_108733,SAVINGS,9962.05,ACTIVE,2019-06-15 00:56:57
ACC_1013091,C_108734,CURRENT,611.47,ACTIVE,2017-03-23 11:02:08
ACC_1013092,C_108734,CURRENT,4256.84,DORMANT,2017-04-22 04:22:08
ACC_1013093,C_108735,CURRENT,2915.83,ACTIVE,2022-02-23 15:32:17
ACC_1013094,C_108735,SAVINGS,370.35,ACTIVE,2022-02-25 00:14:17
ACC_1013095,C_108736,BUSINESS,18499.36,ACTIVE,2017-04-09 18:16:58
ACC_1013096,C_108736,SAVINGS,9207.6,ACTIVE,2017-04-06 13:17:58
ACC_1013097,C_108737,SAVINGS,16231.24,ACTIVE,2023-12-16 15:32:49
ACC_1013098,C_108737,SAVINGS,6412.74,DORMANT,2023-12-23 14:33:49
ACC_1013099,C_108738,SAVINGS,36686.82,ACTIVE,2022-04-04 07:02:17
ACC_1013100,C_108738,SAVINGS,7570.18,ACTIVE,2022-04-26 03:32:17
ACC_1013101,C_108738,CURRENT,1060.59,ACTIVE,2022-04-19 07:08:17
ACC_1013102,C_108739,CURRENT,1052.65,ACTIVE,2017-05-17 12:44:28
ACC_1013103,C_108739,CURRENT,1398.94,ACTIVE,2017-06-03 22:24:28
ACC_1013104,C_108739,CURRENT,6592.56,ACTIVE,2017-06-09 01:17:28
ACC_1013105,C_108740,BUSINESS,609047.33,ACTIVE,2021-07-29 09:41:52
ACC_1013106,C_108741,BUSINESS,27185.59,ACTIVE,2018-10-26 23:00:09
ACC_1013107,C_108741,CURRENT,641.88,ACTIVE,2018-10-23 01:15:09
ACC_1013108,C_108742,CURRENT,213.48,ACTIVE,2024-02-18 09:02:18
ACC_1013109,C_108743,CURRENT,1662.56,ACTIVE,2017-01-28 08:42:24
ACC_1013110,C_108744,SAVINGS,50368.09,ACTIVE,2017-12-10 13:42:49
ACC_1013111,C_108745,SAVINGS,8598.37,ACTIVE,2023-04-12 13:15:01
ACC_1013112,C_108745,CURRENT,3417.97,ACTIVE,2023-03-22 04:01:01
ACC_1013113,C_108746,CURRENT,5814.05,ACTIVE,2024-10-26 14:20:32
ACC_1013114,C_108747,CURRENT,844.6,ACTIVE,2021-06-01 09:17:49
ACC_1013115,C_108747,BUSINESS,10640.7,ACTIVE,2021-05-26 12:59:49
ACC_1013116,C_108748,CURRENT,2867.02,ACTIVE,2019-11-29 21:45:38
ACC_1013117,C_108748,BUSINESS,299639.44,ACTIVE,2019-11-28 10:32:38
ACC_1013118,C_108749,CURRENT,4704.45,ACTIVE,2025-04-17 22:14:05
ACC_1013119,C_108750,BUSINESS,391621.0,ACTIVE,2021-02-13 01:06:09
ACC_1013120,C_108751,SAVINGS,32009.63,ACTIVE,2024-01-02 21:50:51
ACC_1013121,C_108752,BUSINESS,82958.4,ACTIVE,2020-08-25 05:34:09
ACC_1013122,C_108752,BUSINESS,109448.86,ACTIVE,2020-08-19 09:03:09
ACC_1013123,C_108752,CURRENT,467.89,ACTIVE,2020-08-08 00:53:09
ACC_1013124,C_108753,SAVINGS,10198.62,ACTIVE,2023-07-21 12:30:39
ACC_1013125,C_108753,BUSINESS,7170.93,ACTIVE,2023-07-01 06:34:39
ACC_1013126,C_108754,SAVINGS,5224.06,ACTIVE,2020-02-10 12:52:12
ACC_1013127,C_108754,CURRENT,574.0,ACTIVE,2020-02-14 19:06:12
ACC_1013128,C_108755,BUSINESS,11720.25,ACTIVE,2024-11-06 11:21:57
ACC_1013129,C_108756,SAVINGS,4773.07,ACTIVE,2020-12-28 03:27:34
ACC_1013130,C_108757,BUSINESS,398785.57,ACTIVE,2022-05-21 14:58:20
ACC_1013131,C_108758,CURRENT,1780.32,ACTIVE,2019-03-13 19:28:53
ACC_1013132,C_108759,SAVINGS,63464.53,ACTIVE,2023-08-04 06:01:17
ACC_1013133,C_108760,SAVINGS,8431.5,DORMANT,2018-07-11 20:17:28
ACC_1013134,C_108761,BUSINESS,57854.4,DORMANT,2024-07-22 15:42:04
ACC_1013135,C_108761,BUSINESS,6805.61,ACTIVE,2024-07-14 23:00:04
ACC_1013136,C_108761,CURRENT,5852.85,ACTIVE,2024-07-02 06:19:04
ACC_1013137,C_108762,BUSINESS,52699.01,ACTIVE,2022-03-10 17:07:53
ACC_1013138,C_108762,CURRENT,767.22,ACTIVE,2022-03-01 12:28:53
ACC_1013139,C_108763,CURRENT,8983.41,ACTIVE,2017-03-26 13:41:09
ACC_1013140,C_108764,SAVINGS,14062.76,ACTIVE,2024-06-12 18:02:33
ACC_1013141,C_108764,BUSINESS,125433.18,ACTIVE,2024-07-02 11:00:33
ACC_1013142,C_108765,BUSINESS,5220.87,ACTIVE,2020-04-29 21:54:45
ACC_1013143,C_108766,SAVINGS,11256.98,ACTIVE,2022-04-22 20:39:48
ACC_1013144,C_108767,CURRENT,1255.9,ACTIVE,2019-07-26 02:55:48
ACC_1013145,C_108767,CURRENT,1348.92,ACTIVE,2019-08-02 05:37:48
ACC_1013146,C_108768,CURRENT,447.93,ACTIVE,2024-11-18 19:34:05
ACC_1013147,C_108768,CURRENT,2504.89,ACTIVE,2024-12-06 18:37:05
ACC_1013148,C_108769,CURRENT,4170.38,ACTIVE,2024-07-24 03:32:27
ACC_1013149,C_108770,SAVINGS,40248.12,ACTIVE,2024-06-23 13:32:13
ACC_1013150,C_108770,SAVINGS,9656.18,ACTIVE,2024-06-25 14:45:13
ACC_1013151,C_108771,CURRENT,959.6,ACTIVE,2021-03-16 01:23:10
ACC_1013152,C_108771,BUSINESS,16046.6,ACTIVE,2021-03-14 20:40:10
ACC_1013153,C_108772,BUSINESS,7129.56,ACTIVE,2025-12-24 23:49:52
ACC_1013154,C_108773,BUSINESS,118939.73,ACTIVE,2017-04-15 19:49:40
ACC_1013155,C_108773,BUSINESS,1500000.0,ACTIVE,2017-04-01 05:16:40
ACC_1013156,C_108774,SAVINGS,2620.23,ACTIVE,2020-10-01 23:47:44
ACC_1013157,C_108775,CURRENT,6528.52,ACTIVE,2019-04-23 11:36:43
ACC_1013158,C_108775,CURRENT,960.76,ACTIVE,2019-04-29 11:27:43
ACC_1013159,C_108776,CURRENT,568.03,ACTIVE,2016-03-13 00:57:56
ACC_1013160,C_108777,CURRENT,3518.11,ACTIVE,2025-09-07 03:38:09
ACC_1013161,C_108778,BUSINESS,56517.16,ACTIVE,2025-09-29 07:02:01
ACC_1013162,C_108779,SAVINGS,5589.21,ACTIVE,2025-03-01 04:08:40
ACC_1013163,C_108779,CURRENT,433.37,ACTIVE,2025-03-23 12:26:40
ACC_1013164,C_108780,BUSINESS,18861.07,ACTIVE,2022-03-01 19:50:40
ACC_1013165,C_108781,SAVINGS,24443.94,ACTIVE,2024-08-06 03:06:45
ACC_1013166,C_108781,CURRENT,752.07,DORMANT,2024-08-09 07:48:45
ACC_1013167,C_108781,SAVINGS,93654.62,ACTIVE,2024-08-09 06:42:45
ACC_1013168,C_108782,BUSINESS,45275.29,ACTIVE,2019-09-08 08:21:13
ACC_1013169,C_108782,BUSINESS,38199.25,ACTIVE,2019-09-15 18:28:13
ACC_1013170,C_108783,BUSINESS,197296.36,ACTIVE,2025-01-09 09:07:09
ACC_1013171,C_108783,SAVINGS,5146.07,ACTIVE,2025-01-23 01:20:09
ACC_1013172,C_108784,BUSINESS,107133.27,ACTIVE,2017-12-21 13:33:23
ACC_1013173,C_108784,BUSINESS,511071.37,DORMANT,2018-01-08 18:39:23
ACC_1013174,C_108785,CURRENT,318.36,ACTIVE,2025-02-23 21:22:37
ACC_1013175,C_108786,CURRENT,294.49,ACTIVE,2018-05-15 10:40:34
ACC_1013176,C_108787,CURRENT,1241.19,ACTIVE,2021-11-04 00:44:01
ACC_1013177,C_108787,CURRENT,1040.11,ACTIVE,2021-11-06 01:22:01
ACC_1013178,C_108788,SAVINGS,111933.68,ACTIVE,2016-08-30 22:37:28
ACC_1013179,C_108788,BUSINESS,8776.38,ACTIVE,2016-08-29 18:39:28
ACC_1013180,C_108789,CURRENT,819.87,ACTIVE,2016-08-12 21:19:58
ACC_1013181,C_108790,SAVINGS,2525.78,ACTIVE,2021-04-22 06:26:40
ACC_1013182,C_108791,SAVINGS,69952.3,ACTIVE,2025-03-13 13:22:31
ACC_1013183,C_108791,CURRENT,820.28,DORMANT,2025-03-12 02:48:31
ACC_1013184,C_108792,BUSINESS,257792.35,DORMANT,2022-09-14 22:23:57
ACC_1013185,C_108792,CURRENT,4039.09,ACTIVE,2022-08-29 11:54:57
ACC_1013186,C_108793,CURRENT,2712.02,ACTIVE,2022-03-12 14:12:47
ACC_1013187,C_108794,SAVINGS,250000.0,ACTIVE,2022-11-17 18:00:45
ACC_1013188,C_108795,CURRENT,1210.51,ACTIVE,2017-05-16 08:27:22
ACC_1013189,C_108795,SAVINGS,18141.84,ACTIVE,2017-05-13 19:53:22
ACC_1013190,C_108795,SAVINGS,1950.55,ACTIVE,2017-05-11 07:14:22
ACC_1013191,C_108796,CURRENT,350.01,ACTIVE,2021-07-21 17:30:42
ACC_1013192,C_108797,SAVINGS,4638.76,ACTIVE,2019-10-19 20:48:58
ACC_1013193,C_108797,BUSINESS,235225.58,ACTIVE,2019-09-28 08:42:58
ACC_1013194,C_108798,CURRENT,1662.21,ACTIVE,2016-06-07 18:11:06
ACC_1013195,C_108799,SAVINGS,48612.18,ACTIVE,2018-12-01 01:59:20
ACC_1013196,C_108799,CURRENT,325.79,DORMANT,2018-11-19 03:45:20
ACC_1013197,C_108800,BUSINESS,430249.29,ACTIVE,2016-06-02 00:18:13
ACC_1013198,C_108800,BUSINESS,30951.5,ACTIVE,2016-06-10 08:45:13
ACC_1013199,C_108800,BUSINESS,734712.69,ACTIVE,2016-06-04 23:37:13
ACC_1013200,C_108801,CURRENT,4834.48,ACTIVE,2019-04-02 18:14:30
ACC_1013201,C_108802,SAVINGS,46910.72,ACTIVE,2017-12-16 00:34:33
ACC_1013202,C_108802,BUSINESS,27521.59,ACTIVE,2017-11-24 21:38:33
ACC_1013203,C_108803,BUSINESS,168671.09,ACTIVE,2022-06-21 00:34:23
ACC_1013204,C_108803,BUSINESS,133355.88,ACTIVE,2022-06-04 14:54:23
ACC_1013205,C_108804,CURRENT,96.55,ACTIVE,2016-10-07 20:24:50
ACC_1013206,C_108804,SAVINGS,77677.54,ACTIVE,2016-10-08 07:39:50
ACC_1013207,C_108804,SAVINGS,4485.35,ACTIVE,2016-10-19 05:50:50
ACC_1013208,C_108805,CURRENT,1932.12,ACTIVE,2019-04-26 06:24:42
ACC_1013209,C_108806,CURRENT,1716.75,ACTIVE,2017-04-25 13:24:28
ACC_1013210,C_108807,SAVINGS,39558.34,ACTIVE,2023-09-16 13:12:05
ACC_1013211,C_108808,BUSINESS,83141.14,ACTIVE,2020-02-14 10:27:31
ACC_1013212,C_108809,CURRENT,366.07,ACTIVE,2019-07-24 21:28:38
ACC_1013213,C_108810,BUSINESS,302159.96,ACTIVE,2017-09-08 05:22:10
ACC_1013214,C_108810,SAVINGS,5578.28,ACTIVE,2017-09-02 20:47:10
ACC_1013215,C_108810,SAVINGS,2421.12,ACTIVE,2017-09-08 13:31:10
ACC_1013216,C_108811,BUSINESS,14196.44,ACTIVE,2024-10-25 20:48:50
ACC_1013217,C_108812,CURRENT,5286.06,DORMANT,2018-10-14 01:50:40
ACC_1013218,C_108813,CURRENT,1381.44,ACTIVE,2016-11-15 18:41:12
ACC_1013219,C_108814,SAVINGS,247013.17,ACTIVE,2024-05-05 06:09:16
ACC_1013220,C_108814,CURRENT,1203.88,ACTIVE,2024-05-05 19:42:16
ACC_1013221,C_108815,CURRENT,1217.41,ACTIVE,2017-01-27 11:48:12
ACC_1013222,C_108816,SAVINGS,11949.33,ACTIVE,2022-08-05 18:36:26
ACC_1013223,C_108817,CURRENT,3607.31,ACTIVE,2019-03-22 08:34:30
ACC_1013224,C_108817,CURRENT,1121.56,ACTIVE,2019-03-24 17:13:30
ACC_1013225,C_108817,CURRENT,5663.94,ACTIVE,2019-03-20 06:19:30
ACC_1013226,C_108818,CURRENT,1539.09,ACTIVE,2019-04-24 21:42:03
ACC_1013227,C_108819,SAVINGS,26807.86,ACTIVE,2021-04-21 01:12:48
ACC_1013228,C_108819,BUSINESS,77306.65,DORMANT,2021-04-24 22:32:48
ACC_1013229,C_108820,CURRENT,1222.56,ACTIVE,2022-04-10 09:37:13
ACC_1013230,C_108821,BUSINESS,159757.02,ACTIVE,2020-08-01 22:04:56
ACC_1013231,C_108821,CURRENT,2089.59,ACTIVE,2020-08-16 08:54:56
ACC_1013232,C_108822,SAVINGS,8094.94,ACTIVE,2024-05-07 14:23:35
ACC_1013233,C_108822,SAVINGS,90607.17,DORMANT,2024-05-06 23:24:35
ACC_1013234,C_108822,SAVINGS,57404.31,ACTIVE,2024-05-04 01:57:35
ACC_1013235,C_108823,BUSINESS,387772.68,DORMANT,2020-01-21 20:36:44
ACC_1013236,C_108824,BUSINESS,29226.45,ACTIVE,2020-10-02 02:48:40
ACC_1013237,C_108824,BUSINESS,821230.92,ACTIVE,2020-09-25 14:35:40
ACC_1013238,C_108824,CURRENT,20600.59,ACTIVE,2020-10-05 05:14:40
ACC_1013239,C_108825,SAVINGS,9976.01,ACTIVE,2017-05-30 00:32:36
ACC_1013240,C_108826,SAVINGS,55194.4,ACTIVE,2019-05-25 02:19:23
ACC_1013241,C_108827,BUSINESS,700626.15,ACTIVE,2025-01-07 21:45:05
ACC_1013242,C_108828,SAVINGS,5388.1,DORMANT,2020-12-11 03:44:47
ACC_1013243,C_108828,CURRENT,310.25,ACTIVE,2021-01-03 08:43:47
ACC_1013244,C_108829,CURRENT,1592.59,ACTIVE,2024-01-11 06:20:05
ACC_1013245,C_108830,CURRENT,689.18,ACTIVE,2019-07-01 13:47:39
ACC_1013246,C_108830,SAVINGS,11638.11,ACTIVE,2019-07-06 08:55:39
ACC_1013247,C_108831,CURRENT,1829.93,ACTIVE,2016-01-29 07:43:20
ACC_1013248,C_108832,CURRENT,2780.7,ACTIVE,2023-10-02 15:26:40
ACC_1013249,C_108833,SAVINGS,44972.86,ACTIVE,2016-08-06 05:12:21
ACC_1013250,C_108833,SAVINGS,63982.8,ACTIVE,2016-08-09 09:20:21
ACC_1013251,C_108834,BUSINESS,65851.76,ACTIVE,2017-01-28 18:43:32
ACC_1013252,C_108835,SAVINGS,16518.19,ACTIVE,2025-12-26 23:48:22
ACC_1013253,C_108836,BUSINESS,22483.85,ACTIVE,2019-01-03 15:55:06
ACC_1013254,C_108837,SAVINGS,398.47,ACTIVE,2022-11-13 17:59:43
ACC_1013255,C_108838,BUSINESS,61814.52,ACTIVE,2017-05-28 14:10:30
ACC_1013256,C_108839,CURRENT,1462.52,ACTIVE,2023-09-02 23:52:01
ACC_1013257,C_108839,CURRENT,2181.36,ACTIVE,2023-08-29 11:22:01
ACC_1013258,C_108840,SAVINGS,1098.23,ACTIVE,2016-08-17 11:20:02
ACC_1013259,C_108841,SAVINGS,43909.59,DORMANT,2023-02-08 02:30:47
ACC_1013260,C_108841,BUSINESS,58403.92,ACTIVE,2023-01-28 13:44:47
ACC_1013261,C_108842,BUSINESS,18709.14,ACTIVE,2026-01-08 09:07:14
ACC_1013262,C_108842,BUSINESS,606475.72,ACTIVE,2026-01-18 07:28:14
ACC_1013263,C_108842,CURRENT,6220.17,DORMANT,2026-01-03 13:09:14
ACC_1013264,C_108843,SAVINGS,13299.48,ACTIVE,2025-05-10 09:28:50
ACC_1013265,C_108844,CURRENT,10163.17,ACTIVE,2022-01-17 10:57:25
ACC_1013266,C_108845,SAVINGS,1787.53,ACTIVE,2023-05-14 20:18:36
ACC_1013267,C_108845,CURRENT,2021.64,ACTIVE,2023-04-20 23:25:36
ACC_1013268,C_108846,SAVINGS,10034.46,ACTIVE,2016-04-27 14:15:10
ACC_1013269,C_108847,SAVINGS,1378.12,ACTIVE,2023-03-31 04:31:32
ACC_1013270,C_108847,SAVINGS,6870.1,ACTIVE,2023-04-05 08:39:32
ACC_1013271,C_108848,SAVINGS,10392.52,ACTIVE,2022-01-13 23:18:15
ACC_1013272,C_108849,CURRENT,2346.52,ACTIVE,2017-01-27 04:16:18
ACC_1013273,C_108850,CURRENT,3508.53,DORMANT,2025-10-14 16:14:28
ACC_1013274,C_108850,SAVINGS,26675.1,ACTIVE,2025-10-21 05:34:28
ACC_1013275,C_108851,CURRENT,3674.96,DORMANT,2022-01-03 09:57:42
ACC_1013276,C_108851,CURRENT,3384.33,ACTIVE,2022-01-14 09:28:42
ACC_1013277,C_108851,BUSINESS,55396.39,ACTIVE,2022-01-12 01:05:42
ACC_1013278,C_108852,SAVINGS,1256.6,ACTIVE,2018-11-15 14:37:31
ACC_1013279,C_108852,SAVINGS,179064.05,ACTIVE,2018-11-11 17:42:31
ACC_1013280,C_108852,CURRENT,1936.81,ACTIVE,2018-11-03 17:19:31
ACC_1013281,C_108853,BUSINESS,3659.48,DORMANT,2019-02-05 01:32:35
ACC_1013282,C_108853,CURRENT,1302.39,ACTIVE,2019-01-31 23:01:35
ACC_1013283,C_108853,BUSINESS,261576.31,ACTIVE,2019-01-28 06:59:35
ACC_1013284,C_108854,BUSINESS,4617.81,ACTIVE,2021-02-12 19:24:42
ACC_1013285,C_108854,BUSINESS,185002.72,DORMANT,2021-02-19 08:12:42
ACC_1013286,C_108855,SAVINGS,9784.04,ACTIVE,2017-02-10 06:32:13
ACC_1013287,C_108856,SAVINGS,103943.89,ACTIVE,2021-09-10 13:28:05
ACC_1013288,C_108856,SAVINGS,53366.41,ACTIVE,2021-08-17 22:41:05
ACC_1013289,C_108857,BUSINESS,204373.15,ACTIVE,2018-12-05 14:26:32
ACC_1013290,C_108858,SAVINGS,3494.17,ACTIVE,2020-08-12 11:29:09
ACC_1013291,C_108858,BUSINESS,5597.0,ACTIVE,2020-08-11 04:42:09
ACC_1013292,C_108858,BUSINESS,2098.16,ACTIVE,2020-08-20 23:02:09
ACC_1013293,C_108859,CURRENT,4327.38,ACTIVE,2018-01-07 07:05:29
ACC_1013294,C_108859,CURRENT,4119.55,ACTIVE,2018-01-19 02:35:29
ACC_1013295,C_108859,CURRENT,5199.09,ACTIVE,2018-01-09 18:49:29
ACC_1013296,C_108860,SAVINGS,10204.1,ACTIVE,2019-01-07 10:45:06
ACC_1013297,C_108861,SAVINGS,5709.96,ACTIVE,2021-12-13 18:07:46
ACC_1013298,C_108861,SAVINGS,11586.39,ACTIVE,2021-12-03 01:59:46
ACC_1013299,C_108862,SAVINGS,5105.06,ACTIVE,2023-01-28 07:34:14
ACC_1013300,C_108863,SAVINGS,12019.76,ACTIVE,2017-12-23 05:45:18
ACC_1013301,C_108863,BUSINESS,50476.6,ACTIVE,2018-01-04 11:58:18
ACC_1013302,C_108863,SAVINGS,24020.33,ACTIVE,2018-01-09 17:39:18
ACC_1013303,C_108864,BUSINESS,6569.04,ACTIVE,2016-10-02 10:35:11
ACC_1013304,C_108865,BUSINESS,77347.62,ACTIVE,2016-09-13 13:14:08
ACC_1013305,C_108866,CURRENT,3624.15,DORMANT,2017-04-06 10:32:56
ACC_1013306,C_108867,SAVINGS,3320.56,ACTIVE,2025-02-20 04:12:56
ACC_1013307,C_108868,CURRENT,665.9,ACTIVE,2019-03-11 09:59:52
ACC_1013308,C_108868,CURRENT,2986.08,ACTIVE,2019-03-27 20:21:52
ACC_1013309,C_108869,CURRENT,878.72,DORMANT,2020-08-16 08:29:54
ACC_1013310,C_108869,BUSINESS,293293.34,ACTIVE,2020-08-24 03:27:54
ACC_1013311,C_108870,CURRENT,1054.61,ACTIVE,2023-08-04 03:17:43
ACC_1013312,C_108871,CURRENT,2155.83,ACTIVE,2024-10-14 14:55:18
ACC_1013313,C_108872,SAVINGS,7049.5,ACTIVE,2016-06-27 01:08:06
ACC_1013314,C_108872,BUSINESS,1500000.0,ACTIVE,2016-07-07 13:52:06
ACC_1013315,C_108872,BUSINESS,268946.0,ACTIVE,2016-07-13 09:02:06
ACC_1013316,C_108873,CURRENT,528.35,ACTIVE,2024-05-13 08:03:22
ACC_1013317,C_108873,CURRENT,1410.15,ACTIVE,2024-04-28 21:21:22
ACC_1013318,C_108874,CURRENT,1850.43,ACTIVE,2020-03-28 16:33:07
ACC_1013319,C_108874,CURRENT,1946.46,ACTIVE,2020-03-27 15:29:07
ACC_1013320,C_108875,CURRENT,605.62,ACTIVE,2021-05-14 22:49:32
ACC_1013321,C_108876,SAVINGS,49883.58,ACTIVE,2016-10-29 12:02:30
ACC_1013322,C_108877,CURRENT,1744.51,ACTIVE,2025-03-23 13:31:46
ACC_1013323,C_108878,CURRENT,1386.45,ACTIVE,2016-08-28 09:47:28
ACC_1013324,C_108878,CURRENT,924.55,ACTIVE,2016-08-20 02:24:28
ACC_1013325,C_108878,CURRENT,2050.26,ACTIVE,2016-09-17 00:39:28
ACC_1013326,C_108879,CURRENT,9232.69,ACTIVE,2020-10-12 10:28:07
ACC_1013327,C_108880,BUSINESS,22009.5,DORMANT,2019-05-19 07:14:53
ACC_1013328,C_108880,CURRENT,1603.93,ACTIVE,2019-05-26 22:12:53
ACC_1013329,C_108881,CURRENT,4030.67,ACTIVE,2018-02-23 04:25:53
ACC_1013330,C_108881,SAVINGS,1796.52,ACTIVE,2018-02-27 15:30:53
ACC_1013331,C_108881,CURRENT,3106.62,ACTIVE,2018-02-02 00:52:53
ACC_1013332,C_108882,BUSINESS,793531.94,ACTIVE,2024-04-04 21:18:07
ACC_1013333,C_108882,BUSINESS,166535.63,ACTIVE,2024-03-31 19:10:07
ACC_1013334,C_108883,BUSINESS,13033.51,ACTIVE,2024-04-02 14:15:32
ACC_1013335,C_108883,CURRENT,5765.88,ACTIVE,2024-04-13 23:52:32
ACC_1013336,C_108884,SAVINGS,15165.31,ACTIVE,2023-01-20 17:24:18
ACC_1013337,C_108885,CURRENT,1795.56,ACTIVE,2022-10-09 08:45:49
ACC_1013338,C_108886,CURRENT,5300.82,ACTIVE,2020-08-28 13:03:20
ACC_1013339,C_108886,CURRENT,4603.34,ACTIVE,2020-08-29 03:55:20
ACC_1013340,C_108887,CURRENT,258.39,ACTIVE,2023-03-31 12:35:22
ACC_1013341,C_108887,CURRENT,1212.33,ACTIVE,2023-03-30 15:38:22
ACC_1013342,C_108887,SAVINGS,4494.48,ACTIVE,2023-04-17 05:36:22
ACC_1013343,C_108888,BUSINESS,40547.84,ACTIVE,2020-10-01 08:04:35
ACC_1013344,C_108889,SAVINGS,6633.24,ACTIVE,2023-06-03 22:50:49
ACC_1013345,C_108890,SAVINGS,5453.58,ACTIVE,2024-03-06 07:15:47
ACC_1013346,C_108890,BUSINESS,148609.81,ACTIVE,2024-03-07 22:35:47
ACC_1013347,C_108891,CURRENT,917.41,ACTIVE,2025-11-12 16:42:08
ACC_1013348,C_108892,SAVINGS,6743.98,ACTIVE,2019-04-26 08:18:28
ACC_1013349,C_108893,CURRENT,1920.38,ACTIVE,2019-10-16 20:55:52
ACC_1013350,C_108894,SAVINGS,8751.84,DORMANT,2017-06-05 02:27:29
ACC_1013351,C_108895,SAVINGS,10214.79,ACTIVE,2017-02-27 10:27:06
ACC_1013352,C_108896,BUSINESS,275457.35,DORMANT,2017-12-19 11:31:08
ACC_1013353,C_108897,BUSINESS,151318.31,ACTIVE,2022-12-07 20:28:41
ACC_1013354,C_108897,BUSINESS,3775.4,DORMANT,2022-12-08 17:54:41
ACC_1013355,C_108898,CURRENT,1146.57,ACTIVE,2023-05-04 17:18:21
ACC_1013356,C_108898,SAVINGS,9005.03,ACTIVE,2023-05-13 15:57:21
ACC_1013357,C_108898,CURRENT,4775.33,ACTIVE,2023-05-16 03:28:21
ACC_1013358,C_108899,BUSINESS,291643.91,ACTIVE,2022-11-04 23:48:03
ACC_1013359,C_108900,CURRENT,379.26,ACTIVE,2025-02-20 04:01:08
ACC_1013360,C_108901,SAVINGS,11663.25,ACTIVE,2019-10-25 09:08:51
ACC_1013361,C_108901,CURRENT,14345.59,ACTIVE,2019-11-01 00:33:51
ACC_1013362,C_108902,SAVINGS,3446.64,ACTIVE,2025-03-14 00:06:03
ACC_1013363,C_108902,SAVINGS,66156.69,ACTIVE,2025-03-13 23:49:03
ACC_1013364,C_108903,SAVINGS,56261.88,ACTIVE,2022-09-05 19:11:41
ACC_1013365,C_108903,BUSINESS,19303.53,ACTIVE,2022-09-08 08:28:41
ACC_1013366,C_108904,BUSINESS,63271.81,DORMANT,2025-09-21 04:21:56
ACC_1013367,C_108904,BUSINESS,141960.06,ACTIVE,2025-09-07 19:25:56
ACC_1013368,C_108905,CURRENT,4092.35,ACTIVE,2024-03-15 01:07:07
ACC_1013369,C_108906,SAVINGS,7907.09,ACTIVE,2025-08-16 00:48:51
ACC_1013370,C_108906,CURRENT,18776.42,ACTIVE,2025-08-29 01:06:51
ACC_1013371,C_108907,CURRENT,1335.63,ACTIVE,2020-01-14 22:43:14
ACC_1013372,C_108908,CURRENT,1895.14,ACTIVE,2025-06-18 00:50:41
ACC_1013373,C_108909,CURRENT,5064.02,ACTIVE,2018-06-23 11:50:13
ACC_1013374,C_108910,CURRENT,1446.68,ACTIVE,2017-12-18 15:31:41
ACC_1013375,C_108911,CURRENT,16046.2,DORMANT,2019-04-20 09:23:31
ACC_1013376,C_108912,SAVINGS,12788.92,ACTIVE,2018-07-14 10:06:34
ACC_1013377,C_108912,BUSINESS,6203.72,ACTIVE,2018-07-13 11:12:34
ACC_1013378,C_108912,CURRENT,852.93,ACTIVE,2018-07-25 22:07:34
ACC_1013379,C_108913,CURRENT,1675.54,ACTIVE,2017-06-09 07:31:11
ACC_1013380,C_108914,CURRENT,2892.85,ACTIVE,2017-01-08 06:39:36
ACC_1013381,C_108915,CURRENT,2319.79,ACTIVE,2019-08-23 10:31:00
ACC_1013382,C_108916,SAVINGS,7218.11,ACTIVE,2025-06-28 08:59:57
ACC_1013383,C_108917,CURRENT,2911.4,ACTIVE,2017-09-01 13:13:30
ACC_1013384,C_108917,SAVINGS,26885.76,ACTIVE,2017-09-05 15:03:30
ACC_1013385,C_108918,SAVINGS,20338.96,ACTIVE,2025-01-20 17:37:11
ACC_1013386,C_108919,CURRENT,729.58,ACTIVE,2017-12-15 10:58:50
ACC_1013387,C_108919,CURRENT,1410.94,ACTIVE,2017-11-25 04:52:50
ACC_1013388,C_108919,CURRENT,1993.25,ACTIVE,2017-11-23 17:08:50
ACC_1013389,C_108920,BUSINESS,296100.92,ACTIVE,2017-06-26 20:59:31
ACC_1013390,C_108920,CURRENT,1334.23,ACTIVE,2017-06-19 09:18:31
ACC_1013391,C_108920,SAVINGS,19581.73,ACTIVE,2017-06-19 11:18:31
ACC_1013392,C_108921,BUSINESS,18108.35,ACTIVE,2020-10-16 23:21:09
ACC_1013393,C_108922,BUSINESS,46763.72,ACTIVE,2017-01-20 14:49:11
ACC_1013394,C_108922,SAVINGS,21610.71,ACTIVE,2017-01-14 04:05:11
ACC_1013395,C_108923,SAVINGS,19154.27,ACTIVE,2017-10-30 23:57:10
ACC_1013396,C_108924,SAVINGS,21841.04,ACTIVE,2025-08-22 08:54:27
ACC_1013397,C_108925,BUSINESS,105781.94,ACTIVE,2016-08-28 21:46:25
ACC_1013398,C_108926,CURRENT,755.02,ACTIVE,2024-01-13 01:20:54
ACC_1013399,C_108926,CURRENT,1065.64,ACTIVE,2023-12-28 16:02:54
ACC_1013400,C_108926,SAVINGS,26120.73,ACTIVE,2024-01-02 05:36:54
ACC_1013401,C_108927,SAVINGS,15141.15,ACTIVE,2020-05-16 00:35:26
ACC_1013402,C_108927,BUSINESS,44132.76,DORMANT,2020-05-06 19:10:26
ACC_1013403,C_108928,CURRENT,6855.88,ACTIVE,2020-03-07 02:16:42
ACC_1013404,C_108929,BUSINESS,3533.03,ACTIVE,2016-09-01 06:45:55
ACC_1013405,C_108930,BUSINESS,111849.04,ACTIVE,2024-10-23 23:48:45
ACC_1013406,C_108931,BUSINESS,153688.23,ACTIVE,2023-09-01 09:25:41
ACC_1013407,C_108931,SAVINGS,4588.4,ACTIVE,2023-08-12 13:46:41
ACC_1013408,C_108931,SAVINGS,36579.64,ACTIVE,2023-08-20 23:25:41
ACC_1013409,C_108932,CURRENT,1897.95,ACTIVE,2025-03-06 14:11:03
ACC_1013410,C_108933,CURRENT,2901.25,ACTIVE,2024-08-04 03:00:37
ACC_1013411,C_108933,CURRENT,13913.46,ACTIVE,2024-07-25 17:25:37
ACC_1013412,C_108934,CURRENT,348.89,ACTIVE,2017-10-23 08:40:40
ACC_1013413,C_108935,CURRENT,2064.59,ACTIVE,2020-11-10 10:01:00
ACC_1013414,C_108935,CURRENT,2394.82,DORMANT,2020-11-23 06:40:00
ACC_1013415,C_108936,BUSINESS,43927.98,ACTIVE,2019-01-31 02:14:25
ACC_1013416,C_108937,BUSINESS,14099.86,ACTIVE,2019-11-16 19:07:39
ACC_1013417,C_108938,BUSINESS,12795.92,ACTIVE,2019-10-26 01:00:42
ACC_1013418,C_108939,SAVINGS,17733.74,ACTIVE,2016-09-22 15:55:19
ACC_1013419,C_108940,CURRENT,1100.35,ACTIVE,2016-02-25 17:03:58
ACC_1013420,C_108941,CURRENT,1749.07,ACTIVE,2016-04-30 11:38:10
ACC_1013421,C_108942,SAVINGS,1234.89,ACTIVE,2024-06-01 22:51:09
ACC_1013422,C_108943,SAVINGS,108913.44,ACTIVE,2023-02-21 16:19:27
ACC_1013423,C_108944,SAVINGS,12403.92,ACTIVE,2025-10-06 06:08:20
ACC_1013424,C_108945,CURRENT,7513.4,ACTIVE,2017-11-01 22:13:00
ACC_1013425,C_108945,SAVINGS,8385.02,ACTIVE,2017-11-30 01:39:00
ACC_1013426,C_108946,BUSINESS,2129.63,ACTIVE,2025-07-08 05:48:52
ACC_1013427,C_108946,SAVINGS,27033.95,ACTIVE,2025-07-10 04:21:52
ACC_1013428,C_108947,CURRENT,5587.96,ACTIVE,2021-11-23 02:38:17
ACC_1013429,C_108947,SAVINGS,21422.42,ACTIVE,2021-11-23 09:52:17
ACC_1013430,C_108947,BUSINESS,34332.48,ACTIVE,2021-11-15 14:57:17
ACC_1013431,C_108948,SAVINGS,21820.76,ACTIVE,2019-12-11 09:30:20
ACC_1013432,C_108948,SAVINGS,12943.19,ACTIVE,2019-11-13 18:06:20
ACC_1013433,C_108949,CURRENT,837.66,ACTIVE,2021-09-27 05:33:31
ACC_1013434,C_108950,BUSINESS,108567.61,ACTIVE,2024-09-18 00:50:20
ACC_1013435,C_108951,CURRENT,628.75,ACTIVE,2025-06-15 23:01:34
ACC_1013436,C_108952,BUSINESS,111212.58,ACTIVE,2023-05-02 20:02:15
ACC_1013437,C_108952,SAVINGS,64513.34,ACTIVE,2023-04-28 03:28:15
ACC_1013438,C_108953,CURRENT,2360.11,DORMANT,2024-12-12 00:12:53
ACC_1013439,C_108953,CURRENT,359.21,ACTIVE,2024-12-08 05:34:53
ACC_1013440,C_108954,CURRENT,514.56,ACTIVE,2017-04-04 11:25:32
ACC_1013441,C_108955,CURRENT,1579.41,ACTIVE,2024-08-15 17:58:29
ACC_1013442,C_108955,CURRENT,2232.16,ACTIVE,2024-09-02 05:19:29
ACC_1013443,C_108955,CURRENT,1209.48,ACTIVE,2024-08-18 04:12:29
ACC_1013444,C_108956,CURRENT,1154.47,ACTIVE,2023-12-01 19:37:06
ACC_1013445,C_108956,CURRENT,255.93,ACTIVE,2023-11-24 05:37:06
ACC_1013446,C_108957,CURRENT,1145.15,ACTIVE,2025-09-13 22:10:01
ACC_1013447,C_108958,CURRENT,1130.91,ACTIVE,2020-01-20 11:54:34
ACC_1013448,C_108959,CURRENT,351.39,ACTIVE,2024-07-25 00:07:00
ACC_1013449,C_108959,CURRENT,1663.07,ACTIVE,2024-07-24 02:26:00
ACC_1013450,C_108960,CURRENT,2531.99,ACTIVE,2022-01-09 12:32:11
ACC_1013451,C_108961,CURRENT,1711.05,ACTIVE,2024-06-14 07:20:29
ACC_1013452,C_108961,SAVINGS,239215.93,ACTIVE,2024-07-04 11:06:29
ACC_1013453,C_108962,CURRENT,1364.58,ACTIVE,2021-05-31 01:03:23
ACC_1013454,C_108962,CURRENT,2336.62,ACTIVE,2021-05-25 16:31:23
ACC_1013455,C_108963,BUSINESS,15406.24,ACTIVE,2021-08-27 05:47:21
ACC_1013456,C_108963,BUSINESS,366962.69,ACTIVE,2021-08-21 20:46:21
ACC_1013457,C_108964,BUSINESS,41475.2,ACTIVE,2016-08-24 00:39:59
ACC_1013458,C_108965,CURRENT,33151.93,ACTIVE,2022-05-16 03:42:35
ACC_1013459,C_108966,BUSINESS,375385.63,ACTIVE,2024-07-16 03:09:24
ACC_1013460,C_108966,CURRENT,2508.02,ACTIVE,2024-06-25 05:18:24
ACC_1013461,C_108966,SAVINGS,65226.13,ACTIVE,2024-06-27 21:57:24
ACC_1013462,C_108967,CURRENT,653.27,ACTIVE,2025-08-13 10:54:38
ACC_1013463,C_108967,BUSINESS,14615.06,ACTIVE,2025-09-06 09:23:38
ACC_1013464,C_108967,SAVINGS,3312.53,ACTIVE,2025-08-28 18:16:38
ACC_1013465,C_108968,SAVINGS,6349.59,ACTIVE,2022-05-13 12:13:10
ACC_1013466,C_108969,SAVINGS,12982.59,ACTIVE,2021-09-17 11:34:43
ACC_1013467,C_108969,SAVINGS,25253.79,ACTIVE,2021-09-29 17:07:43
ACC_1013468,C_108970,BUSINESS,95250.95,ACTIVE,2022-01-30 19:09:02
ACC_1013469,C_108970,BUSINESS,31195.67,ACTIVE,2022-02-24 19:24:02
ACC_1013470,C_108971,BUSINESS,134861.9,ACTIVE,2025-02-05 05:40:47
ACC_1013471,C_108972,SAVINGS,13963.17,ACTIVE,2016-03-22 11:52:45
ACC_1013472,C_108973,SAVINGS,8298.22,ACTIVE,2019-01-12 20:38:27
ACC_1013473,C_108973,SAVINGS,4523.33,ACTIVE,2019-01-11 05:44:27
ACC_1013474,C_108974,CURRENT,1755.07,ACTIVE,2022-07-18 20:53:07
ACC_1013475,C_108974,CURRENT,1672.86,DORMANT,2022-07-11 11:41:07
ACC_1013476,C_108975,BUSINESS,145387.53,DORMANT,2018-01-11 17:43:16
ACC_1013477,C_108976,BUSINESS,122388.21,ACTIVE,2017-11-21 20:09:08
ACC_1013478,C_108977,BUSINESS,27254.03,ACTIVE,2021-06-03 15:00:14
ACC_1013479,C_108977,CURRENT,1000.27,ACTIVE,2021-05-29 09:54:14
ACC_1013480,C_108977,BUSINESS,13489.28,DORMANT,2021-06-13 17:23:14
ACC_1013481,C_108978,SAVINGS,2980.72,ACTIVE,2018-07-14 18:50:43
ACC_1013482,C_108979,BUSINESS,13154.7,ACTIVE,2025-01-26 07:22:49
ACC_1013483,C_108980,CURRENT,1527.06,ACTIVE,2017-04-04 03:17:44
ACC_1013484,C_108981,CURRENT,463.53,ACTIVE,2022-03-27 10:46:40
ACC_1013485,C_108982,SAVINGS,30968.85,ACTIVE,2025-03-29 14:09:10
ACC_1013486,C_108983,BUSINESS,101887.55,ACTIVE,2018-03-12 20:47:26
ACC_1013487,C_108983,SAVINGS,39902.84,ACTIVE,2018-03-13 16:16:26
ACC_1013488,C_108984,SAVINGS,8150.43,ACTIVE,2018-05-19 00:37:39
ACC_1013489,C_108985,SAVINGS,4366.16,ACTIVE,2018-09-05 01:35:58
ACC_1013490,C_108986,CURRENT,1546.35,ACTIVE,2025-04-27 22:25:13
ACC_1013491,C_108987,BUSINESS,25396.6,ACTIVE,2025-03-04 18:59:42
ACC_1013492,C_108987,SAVINGS,9886.39,ACTIVE,2025-03-18 08:37:42
ACC_1013493,C_108988,CURRENT,713.6,ACTIVE,2017-10-21 05:34:09
ACC_1013494,C_108988,CURRENT,2694.47,ACTIVE,2017-11-15 10:52:09
ACC_1013495,C_108988,SAVINGS,2544.51,ACTIVE,2017-10-26 20:40:09
ACC_1013496,C_108989,BUSINESS,35551.38,ACTIVE,2024-12-12 00:22:52
ACC_1013497,C_108990,CURRENT,19698.44,ACTIVE,2020-05-22 05:36:38
ACC_1013498,C_108990,SAVINGS,4658.98,ACTIVE,2020-05-21 22:08:38
ACC_1013499,C_108991,CURRENT,999.34,ACTIVE,2022-02-17 21:25:32
ACC_1013500,C_108992,SAVINGS,1404.61,DORMANT,2019-10-21 02:20:56
ACC_1013501,C_108993,CURRENT,8548.07,ACTIVE,2023-08-07 06:35:50
ACC_1013502,C_108993,CURRENT,3742.28,ACTIVE,2023-08-17 19:27:50
ACC_1013503,C_108994,SAVINGS,17089.52,ACTIVE,2021-09-21 08:13:59
ACC_1013504,C_108994,BUSINESS,9581.4,ACTIVE,2021-09-23 03:27:59
ACC_1013505,C_108995,SAVINGS,6840.45,ACTIVE,2021-04-19 14:02:20
ACC_1013506,C_108996,SAVINGS,8955.76,DORMANT,2023-12-17 18:45:49
ACC_1013507,C_108996,SAVINGS,9996.5,ACTIVE,2023-12-20 18:30:49
ACC_1013508,C_108997,BUSINESS,24617.71,ACTIVE,2016-07-23 05:05:13
ACC_1013509,C_108998,CURRENT,7257.04,ACTIVE,2024-12-08 14:20:27
ACC_1013510,C_108998,BUSINESS,325130.87,DORMANT,2024-12-25 09:34:27
ACC_1013511,C_108999,CURRENT,4806.88,ACTIVE,2022-01-12 18:57:00
ACC_1013512,C_108999,CURRENT,3163.55,DORMANT,2022-01-28 06:43:00
ACC_1013513,C_109000,SAVINGS,10834.85,ACTIVE,2024-09-15 12:26:25
ACC_1013514,C_109001,BUSINESS,109689.72,ACTIVE,2016-09-21 10:23:10
ACC_1013515,C_109002,BUSINESS,283114.18,ACTIVE,2020-02-15 19:04:48
ACC_1013516,C_109003,BUSINESS,5179.06,ACTIVE,2018-05-27 20:24:16
ACC_1013517,C_109004,SAVINGS,3343.76,ACTIVE,2019-11-02 00:52:26
ACC_1013518,C_109004,BUSINESS,13441.39,ACTIVE,2019-11-05 01:47:26
ACC_1013519,C_109005,CURRENT,1258.82,ACTIVE,2017-03-18 22:19:41
ACC_1013520,C_109006,SAVINGS,4701.26,ACTIVE,2018-11-01 21:20:42
ACC_1013521,C_109006,SAVINGS,24575.46,ACTIVE,2018-11-01 20:38:42
ACC_1013522,C_109007,BUSINESS,734829.22,ACTIVE,2018-04-08 19:46:02
ACC_1013523,C_109007,SAVINGS,89087.45,ACTIVE,2018-04-13 12:26:02
ACC_1013524,C_109008,SAVINGS,51762.22,DORMANT,2018-11-13 17:09:26
ACC_1013525,C_109008,SAVINGS,20192.06,ACTIVE,2018-12-04 15:59:26
ACC_1013526,C_109008,BUSINESS,42804.94,ACTIVE,2018-11-12 05:07:26
ACC_1013527,C_109009,BUSINESS,470357.59,ACTIVE,2016-06-14 09:56:01
ACC_1013528,C_109010,CURRENT,5114.96,ACTIVE,2022-11-30 16:16:09
ACC_1013529,C_109011,CURRENT,7425.12,ACTIVE,2023-05-06 02:39:54
ACC_1013530,C_109012,CURRENT,1833.49,ACTIVE,2020-05-09 00:50:49
ACC_1013531,C_109013,CURRENT,1289.65,ACTIVE,2024-06-21 15:42:59
ACC_1013532,C_109014,CURRENT,2352.71,ACTIVE,2018-03-07 16:32:19
ACC_1013533,C_109015,CURRENT,2594.6,ACTIVE,2024-07-25 12:38:36
ACC_1013534,C_109016,SAVINGS,23554.16,ACTIVE,2021-03-03 23:57:40
ACC_1013535,C_109017,CURRENT,275.48,ACTIVE,2016-03-13 06:10:07
ACC_1013536,C_109017,SAVINGS,7240.52,ACTIVE,2016-02-24 03:22:07
ACC_1013537,C_109018,SAVINGS,3061.18,ACTIVE,2020-06-04 13:29:54
ACC_1013538,C_109018,CURRENT,4870.42,ACTIVE,2020-06-29 11:02:54
ACC_1013539,C_109019,SAVINGS,19061.81,ACTIVE,2024-09-22 08:35:58
ACC_1013540,C_109020,SAVINGS,1201.78,ACTIVE,2017-07-31 22:33:59
ACC_1013541,C_109020,BUSINESS,14152.69,ACTIVE,2017-08-13 06:16:59
ACC_1013542,C_109021,SAVINGS,9271.2,ACTIVE,2020-09-22 15:53:35
ACC_1013543,C_109021,SAVINGS,7345.52,ACTIVE,2020-09-21 22:57:35
ACC_1013544,C_109022,SAVINGS,38874.63,ACTIVE,2025-06-19 14:15:35
ACC_1013545,C_109023,CURRENT,1727.8,ACTIVE,2020-06-04 20:48:21
ACC_1013546,C_109023,CURRENT,2577.52,ACTIVE,2020-05-27 11:09:21
ACC_1013547,C_109024,SAVINGS,31371.68,ACTIVE,2025-08-24 08:31:19
ACC_1013548,C_109025,CURRENT,3406.53,ACTIVE,2016-04-25 13:50:38
ACC_1013549,C_109026,SAVINGS,4682.53,DORMANT,2025-03-19 09:15:05
ACC_1013550,C_109027,SAVINGS,3256.3,ACTIVE,2017-12-11 07:03:05
ACC_1013551,C_109028,SAVINGS,17760.54,ACTIVE,2019-09-28 22:24:10
ACC_1013552,C_109028,BUSINESS,34287.16,ACTIVE,2019-09-23 07:05:10
ACC_1013553,C_109029,CURRENT,1254.34,ACTIVE,2018-02-15 16:35:10
ACC_1013554,C_109030,SAVINGS,21376.46,ACTIVE,2024-11-20 13:36:45
ACC_1013555,C_109030,CURRENT,990.39,ACTIVE,2024-11-21 15:32:45
ACC_1013556,C_109031,SAVINGS,9068.27,ACTIVE,2021-01-20 10:53:43
ACC_1013557,C_109032,BUSINESS,37214.79,ACTIVE,2018-12-24 01:51:08
ACC_1013558,C_109033,SAVINGS,23827.18,ACTIVE,2016-11-13 06:57:36
ACC_1013559,C_109033,SAVINGS,23443.6,ACTIVE,2016-11-09 05:04:36
ACC_1013560,C_109034,CURRENT,283.03,ACTIVE,2023-10-02 06:02:14
ACC_1013561,C_109035,CURRENT,1380.36,ACTIVE,2017-08-31 03:21:11
ACC_1013562,C_109036,SAVINGS,4379.18,ACTIVE,2024-09-24 18:40:15
ACC_1013563,C_109037,SAVINGS,28798.81,ACTIVE,2023-10-27 06:05:43
ACC_1013564,C_109038,SAVINGS,63931.72,ACTIVE,2017-12-09 13:33:29
ACC_1013565,C_109039,CURRENT,380.32,ACTIVE,2020-02-05 04:13:04
ACC_1013566,C_109039,BUSINESS,10995.17,ACTIVE,2020-01-18 14:13:04
ACC_1013567,C_109040,BUSINESS,12496.89,DORMANT,2016-04-13 22:46:48
ACC_1013568,C_109041,BUSINESS,178643.86,ACTIVE,2016-08-11 11:46:24
ACC_1013569,C_109042,CURRENT,601.89,DORMANT,2019-10-03 00:56:13
ACC_1013570,C_109043,BUSINESS,4427.64,ACTIVE,2016-09-04 19:22:31
ACC_1013571,C_109044,BUSINESS,45222.45,ACTIVE,2016-08-20 18:02:14
ACC_1013572,C_109045,BUSINESS,1500000.0,ACTIVE,2021-04-24 10:33:49
ACC_1013573,C_109045,SAVINGS,29909.75,ACTIVE,2021-04-25 16:11:49
ACC_1013574,C_109046,CURRENT,1121.86,ACTIVE,2025-07-07 09:04:51
ACC_1013575,C_109047,CURRENT,4280.23,ACTIVE,2019-01-07 06:57:57
ACC_1013576,C_109048,SAVINGS,104304.42,ACTIVE,2020-11-24 15:34:58
ACC_1013577,C_109049,BUSINESS,28266.02,ACTIVE,2018-11-24 16:56:37
ACC_1013578,C_109050,SAVINGS,21021.17,ACTIVE,2020-03-21 08:59:32
ACC_1013579,C_109050,CURRENT,760.73,ACTIVE,2020-03-13 20:49:32
ACC_1013580,C_109051,SAVINGS,9774.05,ACTIVE,2022-03-13 10:46:43
ACC_1013581,C_109051,BUSINESS,140024.36,ACTIVE,2022-03-26 10:23:43
ACC_1013582,C_109052,SAVINGS,111428.99,ACTIVE,2021-10-30 11:03:27
ACC_1013583,C_109053,BUSINESS,197730.79,ACTIVE,2022-06-20 01:38:21
ACC_1013584,C_109053,SAVINGS,5115.89,ACTIVE,2022-07-05 03:42:21
ACC_1013585,C_109054,BUSINESS,1010802.14,ACTIVE,2019-11-28 23:53:42
ACC_1013586,C_109055,SAVINGS,8226.32,ACTIVE,2021-12-07 03:58:32
ACC_1013587,C_109055,CURRENT,811.78,ACTIVE,2021-12-06 22:44:32
ACC_1013588,C_109056,SAVINGS,13958.12,ACTIVE,2025-08-08 01:44:31
ACC_1013589,C_109057,CURRENT,2901.09,ACTIVE,2023-08-04 17:06:36
ACC_1013590,C_109057,CURRENT,3979.89,ACTIVE,2023-07-14 12:28:36
ACC_1013591,C_109058,SAVINGS,3197.14,ACTIVE,2019-01-13 11:53:44
ACC_1013592,C_109059,CURRENT,402.78,ACTIVE,2022-04-15 10:03:53
ACC_1013593,C_109060,BUSINESS,379999.07,ACTIVE,2025-06-18 03:19:47
ACC_1013594,C_109061,SAVINGS,12642.11,ACTIVE,2021-07-21 06:35:28
ACC_1013595,C_109061,SAVINGS,64575.21,ACTIVE,2021-07-16 14:39:28
ACC_1013596,C_109062,SAVINGS,19760.98,ACTIVE,2018-06-21 07:52:53
ACC_1013597,C_109062,CURRENT,2200.83,ACTIVE,2018-07-07 22:11:53
ACC_1013598,C_109063,BUSINESS,18559.07,ACTIVE,2024-11-08 03:24:19
ACC_1013599,C_109064,BUSINESS,45169.39,ACTIVE,2017-12-07 04:08:30
ACC_1013600,C_109064,CURRENT,133.31,ACTIVE,2017-12-12 05:06:30
ACC_1013601,C_109065,SAVINGS,9699.06,ACTIVE,2019-10-19 08:23:19
ACC_1013602,C_109065,SAVINGS,3243.13,ACTIVE,2019-10-14 19:19:19
ACC_1013603,C_109066,CURRENT,2744.35,ACTIVE,2021-09-08 15:40:34
ACC_1013604,C_109067,CURRENT,1777.88,ACTIVE,2023-02-03 05:17:58
ACC_1013605,C_109067,SAVINGS,72011.09,ACTIVE,2023-02-22 20:56:58
ACC_1013606,C_109068,BUSINESS,3861.9,ACTIVE,2019-06-13 13:25:57
ACC_1013607,C_109069,SAVINGS,1131.62,ACTIVE,2023-10-05 02:04:30
ACC_1013608,C_109069,SAVINGS,22616.67,ACTIVE,2023-09-27 05:00:30
ACC_1013609,C_109070,SAVINGS,5401.27,ACTIVE,2025-06-22 20:15:06
ACC_1013610,C_109071,SAVINGS,32066.47,ACTIVE,2020-02-18 18:15:06
ACC_1013611,C_109071,SAVINGS,79672.92,ACTIVE,2020-02-09 08:24:06
ACC_1013612,C_109072,CURRENT,1077.51,ACTIVE,2019-05-03 22:45:08
ACC_1013613,C_109073,CURRENT,948.62,ACTIVE,2021-03-28 16:16:20
ACC_1013614,C_109073,SAVINGS,3880.51,ACTIVE,2021-03-24 10:43:20
ACC_1013615,C_109074,CURRENT,5463.67,ACTIVE,2018-04-08 13:10:50
ACC_1013616,C_109074,SAVINGS,10429.75,ACTIVE,2018-04-02 10:57:50
ACC_1013617,C_109075,SAVINGS,6122.15,DORMANT,2016-10-04 14:40:30
ACC_1013618,C_109075,SAVINGS,5030.74,ACTIVE,2016-09-30 01:45:30
ACC_1013619,C_109076,CURRENT,1481.91,ACTIVE,2022-06-04 20:17:55
ACC_1013620,C_109076,SAVINGS,4838.87,DORMANT,2022-06-13 15:02:55
ACC_1013621,C_109077,CURRENT,1840.22,ACTIVE,2018-01-05 23:27:38
ACC_1013622,C_109077,BUSINESS,41049.97,ACTIVE,2018-01-01 16:06:38
ACC_1013623,C_109078,SAVINGS,19519.83,DORMANT,2023-03-11 12:36:39
ACC_1013624,C_109079,SAVINGS,40496.16,ACTIVE,2016-09-29 03:20:51
ACC_1013625,C_109080,CURRENT,2430.47,ACTIVE,2021-12-08 14:06:57
ACC_1013626,C_109081,CURRENT,1217.23,ACTIVE,2024-03-29 02:38:59
ACC_1013627,C_109081,BUSINESS,29837.54,ACTIVE,2024-04-06 00:21:59
ACC_1013628,C_109082,SAVINGS,9251.49,ACTIVE,2022-02-16 18:35:05
ACC_1013629,C_109083,CURRENT,2305.26,DORMANT,2017-08-23 06:33:39
ACC_1013630,C_109084,CURRENT,2649.19,ACTIVE,2024-03-25 01:08:23
ACC_1013631,C_109085,BUSINESS,20654.29,ACTIVE,2019-07-11 13:50:02
ACC_1013632,C_109085,SAVINGS,4740.4,ACTIVE,2019-07-12 11:31:02
ACC_1013633,C_109086,CURRENT,377.61,ACTIVE,2022-04-19 18:04:05
ACC_1013634,C_109087,BUSINESS,316173.93,ACTIVE,2016-12-31 11:39:26
ACC_1013635,C_109087,BUSINESS,19863.66,ACTIVE,2017-01-12 00:01:26
ACC_1013636,C_109088,SAVINGS,14499.22,ACTIVE,2020-09-06 22:09:18
ACC_1013637,C_109088,CURRENT,2758.0,ACTIVE,2020-09-17 00:10:18
ACC_1013638,C_109088,BUSINESS,98959.74,ACTIVE,2020-09-05 09:20:18
ACC_1013639,C_109089,BUSINESS,7573.47,ACTIVE,2024-03-06 23:44:51
ACC_1013640,C_109089,SAVINGS,2133.12,ACTIVE,2024-03-24 06:38:51
ACC_1013641,C_109090,BUSINESS,45456.49,ACTIVE,2020-09-14 22:04:25
ACC_1013642,C_109091,SAVINGS,30675.67,ACTIVE,2025-09-11 11:14:12
ACC_1013643,C_109091,BUSINESS,231248.75,ACTIVE,2025-08-31 02:07:12
ACC_1013644,C_109092,CURRENT,1107.26,DORMANT,2023-04-07 09:30:46
ACC_1013645,C_109093,BUSINESS,105689.23,ACTIVE,2018-08-24 10:59:36
ACC_1013646,C_109094,CURRENT,2599.33,ACTIVE,2025-01-30 07:09:03
ACC_1013647,C_109094,SAVINGS,160052.67,DORMANT,2025-01-19 04:50:03
ACC_1013648,C_109095,BUSINESS,116902.04,ACTIVE,2019-05-01 21:44:35
ACC_1013649,C_109096,CURRENT,1251.75,ACTIVE,2022-09-29 17:49:28
ACC_1013650,C_109097,BUSINESS,5686.64,ACTIVE,2017-01-25 16:47:00
ACC_1013651,C_109097,CURRENT,362.91,ACTIVE,2017-01-15 21:09:00
ACC_1013652,C_109098,BUSINESS,1000.0,ACTIVE,2022-10-25 21:28:22
ACC_1013653,C_109098,BUSINESS,9257.59,ACTIVE,2022-09-28 03:04:22
ACC_1013654,C_109098,BUSINESS,29364.23,ACTIVE,2022-10-11 02:49:22
ACC_1013655,C_109099,CURRENT,4368.55,DORMANT,2019-07-21 11:16:19
ACC_1013656,C_109100,SAVINGS,5703.4,ACTIVE,2018-01-04 01:03:12
ACC_1013657,C_109101,SAVINGS,16032.11,ACTIVE,2021-04-30 18:12:49
ACC_1013658,C_109102,BUSINESS,155175.34,ACTIVE,2017-09-23 12:18:50
ACC_1013659,C_109103,CURRENT,759.12,ACTIVE,2019-06-11 05:55:27
ACC_1013660,C_109103,CURRENT,2428.65,ACTIVE,2019-06-17 09:25:27
ACC_1013661,C_109104,SAVINGS,50335.49,ACTIVE,2021-07-05 11:43:06
ACC_1013662,C_109105,SAVINGS,20143.46,ACTIVE,2021-10-03 15:46:38
ACC_1013663,C_109106,SAVINGS,4568.03,ACTIVE,2019-07-11 10:22:34
ACC_1013664,C_109107,SAVINGS,15018.76,ACTIVE,2024-05-15 05:35:15
ACC_1013665,C_109107,CURRENT,2575.14,ACTIVE,2024-04-18 15:29:15
ACC_1013666,C_109108,BUSINESS,77249.14,ACTIVE,2018-02-01 13:17:19
ACC_1013667,C_109109,BUSINESS,44138.27,ACTIVE,2016-03-21 13:43:56
ACC_1013668,C_109109,SAVINGS,620.77,ACTIVE,2016-03-27 21:14:56
ACC_1013669,C_109110,CURRENT,6488.42,ACTIVE,2019-12-22 14:01:26
ACC_1013670,C_109111,BUSINESS,23211.84,ACTIVE,2021-04-10 20:51:03
ACC_1013671,C_109112,SAVINGS,2350.6,DORMANT,2025-12-04 16:44:31
ACC_1013672,C_109112,SAVINGS,17650.07,ACTIVE,2025-11-19 13:40:31
ACC_1013673,C_109112,SAVINGS,2645.85,ACTIVE,2025-11-10 07:25:31
ACC_1013674,C_109113,BUSINESS,378885.44,ACTIVE,2017-05-05 19:19:46
ACC_1013675,C_109113,CURRENT,806.75,ACTIVE,2017-04-17 12:06:46
ACC_1013676,C_109113,SAVINGS,119206.87,ACTIVE,2017-05-09 20:03:46
ACC_1013677,C_109114,CURRENT,1536.93,ACTIVE,2023-11-05 23:24:50
ACC_1013678,C_109115,CURRENT,2183.47,ACTIVE,2020-05-02 00:01:03
ACC_1013679,C_109116,BUSINESS,141283.99,ACTIVE,2023-09-02 15:33:20
ACC_1013680,C_109116,CURRENT,2066.12,ACTIVE,2023-08-20 12:43:20
ACC_1013681,C_109117,SAVINGS,1678.76,ACTIVE,2024-09-16 04:27:06
ACC_1013682,C_109117,CURRENT,1313.28,ACTIVE,2024-09-03 12:48:06
ACC_1013683,C_109118,BUSINESS,1080508.52,ACTIVE,2020-06-21 16:06:13
ACC_1013684,C_109119,CURRENT,2483.01,ACTIVE,2024-11-15 20:18:55
ACC_1013685,C_109120,BUSINESS,10940.5,ACTIVE,2024-10-05 15:51:29
ACC_1013686,C_109121,CURRENT,1979.24,ACTIVE,2022-07-03 04:17:31
ACC_1013687,C_109121,SAVINGS,37566.24,ACTIVE,2022-07-11 19:17:31
ACC_1013688,C_109122,CURRENT,250.39,ACTIVE,2022-07-09 07:27:23
ACC_1013689,C_109122,SAVINGS,6904.23,ACTIVE,2022-07-26 10:43:23
ACC_1013690,C_109123,SAVINGS,26854.89,ACTIVE,2025-04-08 17:14:16
ACC_1013691,C_109123,CURRENT,667.02,ACTIVE,2025-04-01 05:56:16
ACC_1013692,C_109124,CURRENT,756.03,ACTIVE,2021-11-23 07:58:49
ACC_1013693,C_109125,CURRENT,7894.84,ACTIVE,2023-06-05 13:11:05
ACC_1013694,C_109125,SAVINGS,6251.58,ACTIVE,2023-06-14 09:58:05
ACC_1013695,C_109125,SAVINGS,3690.59,ACTIVE,2023-06-20 12:18:05
ACC_1013696,C_109126,CURRENT,3370.07,ACTIVE,2024-02-11 10:29:14
ACC_1013697,C_109127,SAVINGS,83506.89,ACTIVE,2022-08-15 15:38:31
ACC_1013698,C_109127,SAVINGS,11625.81,ACTIVE,2022-08-12 21:51:31
ACC_1013699,C_109127,BUSINESS,515536.47,ACTIVE,2022-08-06 03:21:31
ACC_1013700,C_109128,SAVINGS,7484.32,ACTIVE,2017-02-02 11:17:19
ACC_1013701,C_109129,SAVINGS,10998.68,ACTIVE,2016-04-11 21:21:51
ACC_1013702,C_109130,CURRENT,202.21,ACTIVE,2025-06-16 00:51:56
ACC_1013703,C_109130,SAVINGS,20370.47,ACTIVE,2025-06-18 03:26:56
ACC_1013704,C_109131,BUSINESS,75890.62,ACTIVE,2020-08-11 19:03:26
ACC_1013705,C_109131,CURRENT,521.51,ACTIVE,2020-08-06 04:35:26
ACC_1013706,C_109132,SAVINGS,129340.31,ACTIVE,2016-03-23 06:11:19
ACC_1013707,C_109132,BUSINESS,16823.38,ACTIVE,2016-04-02 03:30:19
ACC_1013708,C_109133,CURRENT,977.05,ACTIVE,2019-10-25 04:06:54
ACC_1013709,C_109133,BUSINESS,3604.95,ACTIVE,2019-10-09 08:21:54
ACC_1013710,C_109134,CURRENT,2456.96,ACTIVE,2021-06-25 12:42:29
ACC_1013711,C_109134,SAVINGS,1353.81,ACTIVE,2021-06-22 00:50:29
ACC_1013712,C_109135,CURRENT,3131.07,ACTIVE,2016-09-04 01:39:58
ACC_1013713,C_109135,SAVINGS,11615.1,ACTIVE,2016-09-11 22:03:58
ACC_1013714,C_109136,SAVINGS,1294.95,ACTIVE,2026-01-04 12:01:33
ACC_1013715,C_109137,CURRENT,3828.16,ACTIVE,2024-03-24 15:20:38
ACC_1013716,C_109138,CURRENT,172.72,ACTIVE,2021-07-13 17:28:21
ACC_1013717,C_109139,CURRENT,1432.18,ACTIVE,2021-05-10 22:31:24
ACC_1013718,C_109139,CURRENT,643.28,ACTIVE,2021-05-10 06:22:24
ACC_1013719,C_109140,CURRENT,391.28,ACTIVE,2022-10-31 17:30:45
ACC_1013720,C_109140,CURRENT,377.44,ACTIVE,2022-11-04 11:47:45
ACC_1013721,C_109141,BUSINESS,56132.67,ACTIVE,2025-07-08 10:48:41
ACC_1013722,C_109142,CURRENT,258.79,DORMANT,2018-12-14 10:38:10
ACC_1013723,C_109142,SAVINGS,64037.76,ACTIVE,2018-12-01 03:50:10
ACC_1013724,C_109143,BUSINESS,76378.72,ACTIVE,2019-06-22 06:11:49
ACC_1013725,C_109144,SAVINGS,23848.75,ACTIVE,2022-08-02 00:00:52
ACC_1013726,C_109145,SAVINGS,9236.19,ACTIVE,2021-01-06 09:36:57
ACC_1013727,C_109146,SAVINGS,22207.91,ACTIVE,2020-05-22 16:34:52
ACC_1013728,C_109146,CURRENT,1452.25,ACTIVE,2020-05-14 03:00:52
ACC_1013729,C_109146,BUSINESS,194532.17,ACTIVE,2020-05-10 23:20:52
ACC_1013730,C_109147,SAVINGS,29842.02,ACTIVE,2022-03-17 18:22:19
ACC_1013731,C_109148,SAVINGS,8855.22,ACTIVE,2018-05-18 21:12:27
ACC_1013732,C_109148,BUSINESS,4465.46,ACTIVE,2018-05-01 01:26:27
ACC_1013733,C_109149,SAVINGS,2684.7,ACTIVE,2021-09-28 16:50:09
ACC_1013734,C_109150,BUSINESS,12692.2,DORMANT,2020-12-25 07:26:36
ACC_1013735,C_109150,SAVINGS,479.46,ACTIVE,2020-12-18 16:47:36
ACC_1013736,C_109151,BUSINESS,82758.48,ACTIVE,2024-10-12 03:52:03
ACC_1013737,C_109151,BUSINESS,747497.3,ACTIVE,2024-09-15 07:21:03
ACC_1013738,C_109151,BUSINESS,237401.0,ACTIVE,2024-10-08 13:07:03
ACC_1013739,C_109152,SAVINGS,16898.17,ACTIVE,2025-07-05 22:08:04
ACC_1013740,C_109153,SAVINGS,3751.5,ACTIVE,2024-11-02 06:46:25
ACC_1013741,C_109153,BUSINESS,101356.9,ACTIVE,2024-10-21 13:24:25
ACC_1013742,C_109153,BUSINESS,72910.3,ACTIVE,2024-11-16 09:35:25
ACC_1013743,C_109154,BUSINESS,203243.91,ACTIVE,2021-08-27 05:51:03
ACC_1013744,C_109155,CURRENT,859.66,ACTIVE,2019-01-04 15:15:49
ACC_1013745,C_109156,CURRENT,2273.48,ACTIVE,2022-05-28 23:45:45
ACC_1013746,C_109156,CURRENT,1104.53,ACTIVE,2022-05-23 02:24:45
ACC_1013747,C_109156,BUSINESS,367522.8,ACTIVE,2022-06-07 22:18:45
ACC_1013748,C_109157,BUSINESS,70965.37,ACTIVE,2022-04-05 08:16:21
ACC_1013749,C_109157,CURRENT,2767.84,ACTIVE,2022-04-03 06:35:21
ACC_1013750,C_109158,CURRENT,4521.98,ACTIVE,2024-09-01 13:44:52
ACC_1013751,C_109159,BUSINESS,47324.55,ACTIVE,2025-10-20 12:51:31
ACC_1013752,C_109159,CURRENT,6451.33,ACTIVE,2025-10-22 22:51:31
ACC_1013753,C_109160,BUSINESS,2669.98,ACTIVE,2022-03-26 01:50:10
ACC_1013754,C_109161,BUSINESS,46432.64,ACTIVE,2020-09-28 07:10:43
ACC_1013755,C_109162,CURRENT,4922.39,ACTIVE,2021-06-05 07:23:22
ACC_1013756,C_109163,SAVINGS,8806.83,ACTIVE,2022-03-18 18:38:17
ACC_1013757,C_109163,CURRENT,5932.8,ACTIVE,2022-03-12 23:17:17
ACC_1013758,C_109164,CURRENT,5177.61,ACTIVE,2019-06-13 19:10:04
ACC_1013759,C_109164,CURRENT,1787.18,ACTIVE,2019-06-12 14:01:04
ACC_1013760,C_109165,BUSINESS,55059.11,ACTIVE,2019-11-03 19:05:37
ACC_1013761,C_109165,SAVINGS,6965.23,ACTIVE,2019-11-17 09:34:37
ACC_1013762,C_109166,BUSINESS,11079.15,ACTIVE,2025-10-23 03:31:42
ACC_1013763,C_109167,BUSINESS,607924.72,ACTIVE,2021-11-13 08:08:58
ACC_1013764,C_109167,BUSINESS,29900.47,ACTIVE,2021-11-09 04:05:58
ACC_1013765,C_109167,CURRENT,1830.97,ACTIVE,2021-10-16 22:13:58
ACC_1013766,C_109168,SAVINGS,31090.5,ACTIVE,2016-08-26 10:30:29
ACC_1013767,C_109169,CURRENT,2766.09,ACTIVE,2016-05-09 19:47:13
ACC_1013768,C_109170,SAVINGS,21319.18,ACTIVE,2019-04-02 00:21:59
ACC_1013769,C_109171,CURRENT,1802.62,ACTIVE,2017-11-24 15:53:55
ACC_1013770,C_109171,CURRENT,10820.04,ACTIVE,2017-12-08 00:19:55
ACC_1013771,C_109172,CURRENT,1394.07,ACTIVE,2022-11-02 08:44:11
ACC_1013772,C_109172,SAVINGS,10154.63,ACTIVE,2022-10-25 03:41:11
ACC_1013773,C_109173,SAVINGS,2228.2,ACTIVE,2022-04-26 08:14:20
ACC_1013774,C_109173,SAVINGS,31185.07,ACTIVE,2022-04-29 10:11:20
ACC_1013775,C_109173,CURRENT,227.6,ACTIVE,2022-04-24 19:43:20
ACC_1013776,C_109174,SAVINGS,1990.86,ACTIVE,2025-04-06 10:33:41
ACC_1013777,C_109175,CURRENT,19792.57,ACTIVE,2018-09-25 08:51:26
ACC_1013778,C_109176,BUSINESS,61283.13,ACTIVE,2019-07-25 22:16:02
ACC_1013779,C_109177,CURRENT,596.65,ACTIVE,2023-10-29 23:48:42
ACC_1013780,C_109178,CURRENT,5309.99,ACTIVE,2021-05-25 20:31:34
ACC_1013781,C_109179,CURRENT,2378.28,DORMANT,2019-06-27 18:57:13
ACC_1013782,C_109180,SAVINGS,85121.25,ACTIVE,2020-07-18 21:59:41
ACC_1013783,C_109181,CURRENT,192.8,DORMANT,2024-11-03 17:36:50
ACC_1013784,C_109181,SAVINGS,3119.85,ACTIVE,2024-11-06 14:05:50
ACC_1013785,C_109181,SAVINGS,99998.63,ACTIVE,2024-11-07 15:10:50
ACC_1013786,C_109182,CURRENT,498.96,ACTIVE,2025-09-02 05:32:37
ACC_1013787,C_109182,CURRENT,2317.6,ACTIVE,2025-09-08 18:57:37
ACC_1013788,C_109183,BUSINESS,32657.14,ACTIVE,2025-02-15 01:56:20
ACC_1013789,C_109184,CURRENT,4441.31,DORMANT,2022-06-23 16:40:19
ACC_1013790,C_109184,CURRENT,259.91,ACTIVE,2022-05-29 23:46:19
ACC_1013791,C_109184,CURRENT,7025.66,ACTIVE,2022-06-17 06:01:19
ACC_1013792,C_109185,CURRENT,3094.07,ACTIVE,2024-10-03 17:05:39
ACC_1013793,C_109186,BUSINESS,6752.45,ACTIVE,2019-08-14 17:46:27
ACC_1013794,C_109187,SAVINGS,4772.53,ACTIVE,2020-08-04 01:34:25
ACC_1013795,C_109187,SAVINGS,48593.37,ACTIVE,2020-08-09 11:25:25
ACC_1013796,C_109188,SAVINGS,68923.88,ACTIVE,2023-08-14 02:58:24
ACC_1013797,C_109189,SAVINGS,3587.27,ACTIVE,2022-06-26 07:17:18
ACC_1013798,C_109190,BUSINESS,149112.4,ACTIVE,2019-07-02 08:54:00
ACC_1013799,C_109190,SAVINGS,10919.21,ACTIVE,2019-06-15 03:41:00
ACC_1013800,C_109190,BUSINESS,111572.97,ACTIVE,2019-06-12 11:12:00
ACC_1013801,C_109191,CURRENT,8268.46,ACTIVE,2021-10-03 00:11:56
ACC_1013802,C_109191,SAVINGS,21416.25,ACTIVE,2021-10-22 00:42:56
ACC_1013803,C_109192,SAVINGS,4001.93,ACTIVE,2017-08-27 13:03:24
ACC_1013804,C_109193,SAVINGS,3435.38,ACTIVE,2022-05-04 20:36:22
ACC_1013805,C_109193,BUSINESS,11365.04,ACTIVE,2022-05-19 16:49:22
ACC_1013806,C_109194,SAVINGS,8875.2,ACTIVE,2019-05-19 20:35:34
ACC_1013807,C_109195,SAVINGS,1083.84,ACTIVE,2020-11-13 01:37:21
ACC_1013808,C_109196,CURRENT,5104.61,ACTIVE,2023-09-25 12:48:25
ACC_1013809,C_109197,BUSINESS,105477.74,ACTIVE,2017-10-28 00:56:30
ACC_1013810,C_109198,CURRENT,1754.68,ACTIVE,2020-09-27 15:19:05
ACC_1013811,C_109198,CURRENT,1444.91,ACTIVE,2020-10-10 09:33:05
ACC_1013812,C_109199,SAVINGS,4737.46,ACTIVE,2018-08-15 22:51:32
ACC_1013813,C_109200,SAVINGS,6318.82,ACTIVE,2019-05-09 02:57:14
ACC_1013814,C_109200,BUSINESS,752283.0,ACTIVE,2019-06-05 22:34:14
ACC_1013815,C_109200,BUSINESS,63821.0,ACTIVE,2019-05-27 13:57:14
ACC_1013816,C_109201,SAVINGS,1078.79,ACTIVE,2017-06-14 09:46:37
ACC_1013817,C_109201,CURRENT,4837.6,ACTIVE,2017-06-06 17:18:37
ACC_1013818,C_109202,BUSINESS,254098.79,ACTIVE,2018-03-05 08:56:40
ACC_1013819,C_109203,CURRENT,667.43,ACTIVE,2020-08-19 08:34:11
ACC_1013820,C_109204,CURRENT,930.17,ACTIVE,2023-04-10 16:33:26
ACC_1013821,C_109204,CURRENT,754.05,ACTIVE,2023-04-14 23:10:26
ACC_1013822,C_109204,SAVINGS,3344.13,ACTIVE,2023-04-27 14:40:26
ACC_1013823,C_109205,SAVINGS,20330.64,ACTIVE,2016-06-21 08:42:56
ACC_1013824,C_109206,CURRENT,2375.24,ACTIVE,2022-04-17 23:52:16
ACC_1013825,C_109207,SAVINGS,124712.35,ACTIVE,2018-12-27 00:47:22
ACC_1013826,C_109207,SAVINGS,1671.4,ACTIVE,2018-12-08 11:01:22
ACC_1013827,C_109207,CURRENT,896.73,ACTIVE,2018-12-15 22:13:22
ACC_1013828,C_109208,CURRENT,2618.09,ACTIVE,2016-10-09 05:07:31
ACC_1013829,C_109209,SAVINGS,33038.39,ACTIVE,2023-04-18 11:20:46
ACC_1013830,C_109209,BUSINESS,38463.95,DORMANT,2023-04-30 16:39:46
ACC_1013831,C_109210,CURRENT,764.52,ACTIVE,2017-03-06 02:40:00
ACC_1013832,C_109210,SAVINGS,11495.07,ACTIVE,2017-03-16 10:03:00
ACC_1013833,C_109210,SAVINGS,19241.22,ACTIVE,2017-03-11 17:26:00
ACC_1013834,C_109211,CURRENT,413.78,ACTIVE,2020-08-29 05:37:30
ACC_1013835,C_109212,CURRENT,501.73,ACTIVE,2019-09-18 03:07:23
ACC_1013836,C_109213,CURRENT,2523.32,ACTIVE,2023-01-29 18:41:10
ACC_1013837,C_109213,SAVINGS,37148.7,ACTIVE,2023-01-19 23:07:10
ACC_1013838,C_109214,CURRENT,4835.82,ACTIVE,2023-01-30 18:31:51
ACC_1013839,C_109215,SAVINGS,5932.07,ACTIVE,2025-04-17 21:09:10
ACC_1013840,C_109216,SAVINGS,43008.9,ACTIVE,2022-12-03 16:36:19
ACC_1013841,C_109216,SAVINGS,5277.75,DORMANT,2022-11-21 00:21:19
ACC_1013842,C_109217,CURRENT,1942.42,ACTIVE,2018-04-29 19:56:26
ACC_1013843,C_109218,CURRENT,177.51,ACTIVE,2022-05-21 08:44:05
ACC_1013844,C_109219,BUSINESS,24645.8,ACTIVE,2016-05-20 10:41:52
ACC_1013845,C_109220,CURRENT,2233.23,ACTIVE,2021-04-11 17:34:38
ACC_1013846,C_109221,BUSINESS,30748.14,ACTIVE,2016-10-20 10:44:54
ACC_1013847,C_109221,BUSINESS,225808.5,ACTIVE,2016-10-20 17:19:54
ACC_1013848,C_109222,CURRENT,8631.68,ACTIVE,2022-03-22 06:28:12
ACC_1013849,C_109223,BUSINESS,18972.07,ACTIVE,2023-12-19 16:37:34
ACC_1013850,C_109224,CURRENT,571.91,ACTIVE,2017-06-01 12:28:01
ACC_1013851,C_109225,SAVINGS,2138.31,ACTIVE,2023-03-09 10:28:46
ACC_1013852,C_109226,SAVINGS,64813.38,ACTIVE,2021-11-01 08:10:17
ACC_1013853,C_109227,SAVINGS,19226.03,ACTIVE,2016-03-04 17:40:12
ACC_1013854,C_109227,BUSINESS,99832.56,ACTIVE,2016-03-03 09:11:12
ACC_1013855,C_109228,CURRENT,473.05,ACTIVE,2019-04-28 04:06:35
ACC_1013856,C_109228,BUSINESS,255524.06,ACTIVE,2019-04-30 18:26:35
ACC_1013857,C_109229,BUSINESS,4818.5,ACTIVE,2025-11-06 03:43:17
ACC_1013858,C_109229,BUSINESS,285260.0,ACTIVE,2025-10-26 17:56:17
ACC_1013859,C_109229,SAVINGS,157564.08,ACTIVE,2025-11-01 16:14:17
ACC_1013860,C_109230,BUSINESS,9279.57,ACTIVE,2018-07-15 16:09:49
ACC_1013861,C_109231,BUSINESS,162750.93,ACTIVE,2018-11-21 02:51:42
ACC_1013862,C_109232,BUSINESS,45723.0,ACTIVE,2017-10-11 02:42:38
ACC_1013863,C_109232,BUSINESS,9870.6,ACTIVE,2017-10-01 11:16:38
ACC_1013864,C_109232,CURRENT,9055.98,ACTIVE,2017-09-18 21:57:38
ACC_1013865,C_109233,CURRENT,1924.97,ACTIVE,2020-04-06 09:23:05
ACC_1013866,C_109234,BUSINESS,210744.77,ACTIVE,2017-04-08 22:07:33
ACC_1013867,C_109234,BUSINESS,14792.02,ACTIVE,2017-04-24 20:40:33
ACC_1013868,C_109234,BUSINESS,326871.57,DORMANT,2017-04-18 09:16:33
ACC_1013869,C_109235,SAVINGS,38714.82,ACTIVE,2023-06-09 21:18:20
ACC_1013870,C_109236,SAVINGS,11164.98,ACTIVE,2020-11-19 05:11:51
ACC_1013871,C_109236,SAVINGS,93133.66,ACTIVE,2020-12-01 13:08:51
ACC_1013872,C_109237,BUSINESS,670391.35,ACTIVE,2023-03-23 10:26:43
ACC_1013873,C_109237,BUSINESS,28214.44,ACTIVE,2023-04-01 06:12:43
ACC_1013874,C_109238,CURRENT,1027.23,DORMANT,2019-09-13 16:32:53
ACC_1013875,C_109238,BUSINESS,481799.45,ACTIVE,2019-09-29 14:22:53
ACC_1013876,C_109239,CURRENT,7571.27,ACTIVE,2023-02-20 15:14:21
ACC_1013877,C_109239,BUSINESS,3037.52,ACTIVE,2023-02-18 20:15:21
ACC_1013878,C_109240,SAVINGS,6373.84,ACTIVE,2021-11-29 22:27:40
ACC_1013879,C_109240,CURRENT,1529.33,ACTIVE,2021-11-09 05:42:40
ACC_1013880,C_109240,CURRENT,19174.44,ACTIVE,2021-11-18 19:56:40
ACC_1013881,C_109241,CURRENT,3607.42,ACTIVE,2018-10-13 04:40:48
ACC_1013882,C_109241,CURRENT,3177.18,ACTIVE,2018-10-15 03:15:48
ACC_1013883,C_109242,BUSINESS,116786.25,ACTIVE,2018-12-16 11:19:13
ACC_1013884,C_109243,SAVINGS,22037.41,ACTIVE,2017-01-26 10:24:06
ACC_1013885,C_109244,SAVINGS,36879.09,ACTIVE,2022-11-30 18:58:03
ACC_1013886,C_109245,SAVINGS,13600.23,ACTIVE,2022-11-25 03:12:28
ACC_1013887,C_109245,SAVINGS,12885.95,DORMANT,2022-12-23 22:19:28
ACC_1013888,C_109246,CURRENT,1716.75,ACTIVE,2020-04-08 10:20:39
ACC_1013889,C_109247,CURRENT,2495.49,ACTIVE,2020-01-16 08:23:41
ACC_1013890,C_109248,BUSINESS,33082.83,ACTIVE,2021-03-30 23:14:48
ACC_1013891,C_109249,SAVINGS,3508.03,ACTIVE,2016-02-25 13:29:23
ACC_1013892,C_109250,BUSINESS,40919.31,ACTIVE,2016-03-01 22:58:58
ACC_1013893,C_109251,CURRENT,694.39,ACTIVE,2018-06-12 16:41:59
ACC_1013894,C_109251,BUSINESS,347091.86,ACTIVE,2018-06-27 19:48:59
ACC_1013895,C_109252,BUSINESS,40776.11,ACTIVE,2020-07-24 08:36:23
ACC_1013896,C_109252,SAVINGS,201813.95,ACTIVE,2020-08-15 12:56:23
ACC_1013897,C_109253,SAVINGS,148750.65,ACTIVE,2022-02-04 11:53:53
ACC_1013898,C_109253,CURRENT,502.79,ACTIVE,2022-02-23 09:23:53
ACC_1013899,C_109254,SAVINGS,12358.85,ACTIVE,2019-08-18 23:44:09
ACC_1013900,C_109254,CURRENT,256.91,ACTIVE,2019-08-25 12:53:09
ACC_1013901,C_109255,CURRENT,562.76,ACTIVE,2025-12-07 06:41:32
ACC_1013902,C_109255,BUSINESS,154573.15,DORMANT,2025-12-06 00:20:32
ACC_1013903,C_109256,BUSINESS,184295.6,ACTIVE,2016-07-14 22:56:21
ACC_1013904,C_109256,SAVINGS,1880.34,ACTIVE,2016-07-02 11:11:21
ACC_1013905,C_109257,CURRENT,1671.67,ACTIVE,2016-08-03 10:11:22
ACC_1013906,C_109257,CURRENT,4491.38,ACTIVE,2016-08-03 20:55:22
ACC_1013907,C_109257,CURRENT,5170.4,ACTIVE,2016-07-05 03:10:22
ACC_1013908,C_109258,SAVINGS,12923.47,ACTIVE,2018-07-09 17:55:26
ACC_1013909,C_109258,CURRENT,7994.02,ACTIVE,2018-07-12 14:03:26
ACC_1013910,C_109258,CURRENT,1825.18,ACTIVE,2018-06-20 03:46:26
ACC_1013911,C_109259,BUSINESS,358511.59,DORMANT,2017-01-01 13:07:22
ACC_1013912,C_109260,CURRENT,961.04,ACTIVE,2016-12-24 03:15:24
ACC_1013913,C_109261,SAVINGS,22107.91,ACTIVE,2020-10-07 09:01:10
ACC_1013914,C_109261,SAVINGS,88962.09,ACTIVE,2020-10-14 14:19:10
ACC_1013915,C_109262,CURRENT,2101.38,ACTIVE,2017-08-16 13:20:56
ACC_1013916,C_109263,CURRENT,2901.52,ACTIVE,2016-05-16 07:56:05
ACC_1013917,C_109264,BUSINESS,206594.4,ACTIVE,2018-01-18 11:19:35
ACC_1013918,C_109264,SAVINGS,9991.95,ACTIVE,2018-01-29 21:41:35
ACC_1013919,C_109265,SAVINGS,30514.24,ACTIVE,2023-10-26 01:23:36
ACC_1013920,C_109266,BUSINESS,36269.58,ACTIVE,2020-02-20 13:16:08
ACC_1013921,C_109266,BUSINESS,55074.11,ACTIVE,2020-03-15 00:25:08
ACC_1013922,C_109267,SAVINGS,3522.16,ACTIVE,2016-04-30 20:24:19
ACC_1013923,C_109267,SAVINGS,3903.48,ACTIVE,2016-04-19 09:38:19
ACC_1013924,C_109268,CURRENT,7090.01,ACTIVE,2016-08-05 17:13:48
ACC_1013925,C_109269,BUSINESS,1296323.56,ACTIVE,2016-01-25 04:57:57
ACC_1013926,C_109270,SAVINGS,127227.89,ACTIVE,2018-01-02 11:45:08
ACC_1013927,C_109270,SAVINGS,50360.56,ACTIVE,2017-12-29 04:10:08
ACC_1013928,C_109271,BUSINESS,167482.16,ACTIVE,2017-06-26 01:33:41
ACC_1013929,C_109272,CURRENT,2006.1,ACTIVE,2017-01-21 14:27:52
ACC_1013930,C_109273,BUSINESS,89595.89,ACTIVE,2025-08-23 17:07:18
ACC_1013931,C_109274,BUSINESS,22975.75,ACTIVE,2024-12-18 20:23:09
ACC_1013932,C_109275,CURRENT,2911.8,ACTIVE,2024-09-09 09:04:46
ACC_1013933,C_109275,CURRENT,11077.21,ACTIVE,2024-10-01 04:42:46
ACC_1013934,C_109276,BUSINESS,18112.19,ACTIVE,2018-06-19 00:53:11
ACC_1013935,C_109276,CURRENT,1450.52,ACTIVE,2018-06-27 13:27:11
ACC_1013936,C_109277,SAVINGS,16883.29,ACTIVE,2016-12-28 21:21:15
ACC_1013937,C_109277,SAVINGS,112448.38,ACTIVE,2016-12-27 06:09:15
ACC_1013938,C_109278,CURRENT,907.02,ACTIVE,2020-12-14 03:18:11
ACC_1013939,C_109278,CURRENT,2133.84,ACTIVE,2020-12-24 21:10:11
ACC_1013940,C_109279,BUSINESS,364256.93,DORMANT,2022-04-13 01:26:52
ACC_1013941,C_109279,BUSINESS,21418.14,ACTIVE,2022-05-01 06:13:52
ACC_1013942,C_109280,CURRENT,3605.94,ACTIVE,2024-07-01 18:18:43
ACC_1013943,C_109281,SAVINGS,7220.45,ACTIVE,2024-10-10 10:31:57
ACC_1013944,C_109281,CURRENT,1914.59,ACTIVE,2024-09-29 18:24:57
ACC_1013945,C_109282,SAVINGS,250000.0,ACTIVE,2021-03-01 22:12:17
ACC_1013946,C_109282,CURRENT,820.47,ACTIVE,2021-02-23 07:40:17
ACC_1013947,C_109282,SAVINGS,146194.52,ACTIVE,2021-03-24 01:22:17
ACC_1013948,C_109283,BUSINESS,88388.05,ACTIVE,2020-03-09 07:01:45
ACC_1013949,C_109284,SAVINGS,21155.97,ACTIVE,2018-03-15 09:27:43
ACC_1013950,C_109284,BUSINESS,147062.2,ACTIVE,2018-02-16 06:23:43
ACC_1013951,C_109284,CURRENT,1518.72,ACTIVE,2018-03-01 18:32:43
ACC_1013952,C_109285,CURRENT,5754.68,ACTIVE,2018-01-30 04:54:30
ACC_1013953,C_109285,BUSINESS,328835.75,ACTIVE,2018-02-16 16:31:30
ACC_1013954,C_109286,BUSINESS,8163.67,ACTIVE,2018-07-01 06:58:15
ACC_1013955,C_109286,CURRENT,341.95,ACTIVE,2018-06-17 00:06:15
ACC_1013956,C_109287,SAVINGS,8488.71,ACTIVE,2022-11-11 01:11:12
ACC_1013957,C_109287,CURRENT,850.02,ACTIVE,2022-10-14 07:00:12
ACC_1013958,C_109288,CURRENT,486.07,ACTIVE,2018-12-30 10:15:37
ACC_1013959,C_109289,SAVINGS,5473.78,ACTIVE,2019-03-28 00:35:30
ACC_1013960,C_109290,SAVINGS,13195.39,ACTIVE,2024-12-23 00:03:41
ACC_1013961,C_109291,SAVINGS,22599.04,DORMANT,2021-07-11 14:29:16
ACC_1013962,C_109292,CURRENT,1054.34,ACTIVE,2021-09-08 20:37:17
ACC_1013963,C_109293,SAVINGS,45351.36,ACTIVE,2024-08-19 23:52:07
ACC_1013964,C_109294,SAVINGS,8074.0,ACTIVE,2020-05-18 12:41:50
ACC_1013965,C_109295,CURRENT,5871.01,ACTIVE,2019-10-20 10:15:06
ACC_1013966,C_109296,CURRENT,4085.09,ACTIVE,2016-12-13 22:28:20
ACC_1013967,C_109296,SAVINGS,10725.23,ACTIVE,2016-12-18 22:50:20
ACC_1013968,C_109296,BUSINESS,6738.46,ACTIVE,2016-12-06 22:35:20
ACC_1013969,C_109297,SAVINGS,24671.01,ACTIVE,2019-05-07 04:19:45
ACC_1013970,C_109297,SAVINGS,9123.34,ACTIVE,2019-05-14 09:42:45
ACC_1013971,C_109297,CURRENT,972.73,ACTIVE,2019-04-28 00:44:45
ACC_1013972,C_109298,SAVINGS,6413.58,ACTIVE,2022-04-04 23:27:08
ACC_1013973,C_109298,CURRENT,4233.7,ACTIVE,2022-04-01 01:06:08
ACC_1013974,C_109299,BUSINESS,331048.34,DORMANT,2018-07-16 01:17:08
ACC_1013975,C_109299,SAVINGS,13511.65,ACTIVE,2018-07-28 09:08:08
ACC_1013976,C_109299,CURRENT,333.96,ACTIVE,2018-07-05 05:05:08
ACC_1013977,C_109300,CURRENT,3438.6,ACTIVE,2019-09-18 18:08:00
ACC_1013978,C_109301,BUSINESS,452355.73,ACTIVE,2024-03-14 10:19:46
ACC_1013979,C_109301,CURRENT,2986.14,ACTIVE,2024-03-18 14:54:46
ACC_1013980,C_109302,SAVINGS,2967.53,ACTIVE,2020-04-18 02:31:48
ACC_1013981,C_109303,CURRENT,6351.66,ACTIVE,2021-12-01 09:41:00
ACC_1013982,C_109303,BUSINESS,1416577.41,ACTIVE,2021-12-06 12:09:00
ACC_1013983,C_109304,CURRENT,4631.64,ACTIVE,2017-04-29 22:35:50
ACC_1013984,C_109305,SAVINGS,5762.88,ACTIVE,2023-07-24 11:44:15
ACC_1013985,C_109306,SAVINGS,41830.46,ACTIVE,2024-03-12 14:09:25
ACC_1013986,C_109306,CURRENT,898.75,ACTIVE,2024-03-18 02:19:25
ACC_1013987,C_109307,CURRENT,1046.6,ACTIVE,2019-01-11 15:51:13
ACC_1013988,C_109307,SAVINGS,9674.29,ACTIVE,2019-01-19 09:12:13
ACC_1013989,C_109308,CURRENT,541.56,ACTIVE,2020-03-25 05:52:15
ACC_1013990,C_109308,SAVINGS,11374.41,DORMANT,2020-03-14 11:50:15
ACC_1013991,C_109309,SAVINGS,35759.0,ACTIVE,2024-04-23 23:23:13
ACC_1013992,C_109309,SAVINGS,7334.83,ACTIVE,2024-05-11 13:27:13
ACC_1013993,C_109310,CURRENT,293.55,DORMANT,2016-06-13 18:07:35
ACC_1013994,C_109311,CURRENT,254.77,ACTIVE,2022-10-04 15:52:13
ACC_1013995,C_109312,SAVINGS,4091.58,ACTIVE,2023-02-12 16:52:30
ACC_1013996,C_109313,CURRENT,3825.23,ACTIVE,2023-06-02 13:10:31
ACC_1013997,C_109314,CURRENT,6519.99,ACTIVE,2024-04-28 07:13:30
ACC_1013998,C_109315,BUSINESS,323107.98,ACTIVE,2023-05-10 09:03:50
ACC_1013999,C_109316,SAVINGS,15077.08,ACTIVE,2018-01-07 13:58:01
ACC_1014000,C_109316,BUSINESS,554040.77,ACTIVE,2017-12-27 12:02:01
ACC_1014001,C_109317,BUSINESS,1401914.72,ACTIVE,2018-03-27 03:20:13
ACC_1014002,C_109318,CURRENT,833.43,ACTIVE,2025-09-14 10:28:35
ACC_1014003,C_109318,SAVINGS,70862.56,ACTIVE,2025-09-25 08:05:35
ACC_1014004,C_109318,BUSINESS,128486.05,ACTIVE,2025-09-29 00:46:35
ACC_1014005,C_109319,CURRENT,3177.16,ACTIVE,2021-06-05 03:39:01
ACC_1014006,C_109320,SAVINGS,25157.62,ACTIVE,2025-01-06 03:36:11
ACC_1014007,C_109321,SAVINGS,10088.06,ACTIVE,2023-11-19 17:56:37
ACC_1014008,C_109321,BUSINESS,50112.68,ACTIVE,2023-12-04 11:25:37
ACC_1014009,C_109322,CURRENT,1278.24,DORMANT,2020-03-11 22:38:55
ACC_1014010,C_109323,BUSINESS,805196.93,ACTIVE,2016-05-18 05:15:41
ACC_1014011,C_109324,BUSINESS,218721.32,ACTIVE,2021-09-12 14:09:48
ACC_1014012,C_109324,SAVINGS,27362.37,ACTIVE,2021-09-19 07:45:48
ACC_1014013,C_109325,BUSINESS,26576.58,ACTIVE,2019-08-04 19:22:56
ACC_1014014,C_109325,SAVINGS,225002.77,ACTIVE,2019-07-17 01:01:56
ACC_1014015,C_109325,BUSINESS,76077.8,ACTIVE,2019-07-25 01:19:56
ACC_1014016,C_109326,CURRENT,4976.47,ACTIVE,2017-08-05 02:54:56
ACC_1014017,C_109327,BUSINESS,24877.14,ACTIVE,2022-05-14 08:06:42
ACC_1014018,C_109328,SAVINGS,11737.64,DORMANT,2021-02-03 06:27:40
ACC_1014019,C_109328,SAVINGS,461.17,ACTIVE,2021-02-07 08:19:40
ACC_1014020,C_109329,BUSINESS,65101.46,ACTIVE,2022-08-13 07:34:15
ACC_1014021,C_109329,SAVINGS,7009.9,ACTIVE,2022-08-02 22:16:15
ACC_1014022,C_109330,SAVINGS,21976.86,ACTIVE,2023-03-23 14:13:55
ACC_1014023,C_109330,CURRENT,1867.88,ACTIVE,2023-03-27 20:41:55
ACC_1014024,C_109331,SAVINGS,9186.51,ACTIVE,2021-09-07 08:14:56
ACC_1014025,C_109331,BUSINESS,4991.53,ACTIVE,2021-09-28 16:16:56
ACC_1014026,C_109332,SAVINGS,92182.66,ACTIVE,2024-09-25 13:58:27
ACC_1014027,C_109333,BUSINESS,130773.36,ACTIVE,2018-07-17 04:13:53
ACC_1014028,C_109334,CURRENT,2240.7,ACTIVE,2025-04-26 00:43:28
ACC_1014029,C_109335,BUSINESS,321656.62,ACTIVE,2026-01-10 17:29:07
ACC_1014030,C_109335,CURRENT,11718.87,ACTIVE,2025-12-21 21:38:07
ACC_1014031,C_109336,CURRENT,1676.23,ACTIVE,2019-05-06 04:34:03
ACC_1014032,C_109337,BUSINESS,297964.82,ACTIVE,2022-01-11 21:41:26
ACC_1014033,C_109338,BUSINESS,118844.6,ACTIVE,2018-09-08 16:37:40
ACC_1014034,C_109339,CURRENT,570.48,ACTIVE,2019-05-22 12:28:03
ACC_1014035,C_109340,BUSINESS,58183.86,ACTIVE,2021-12-30 19:50:34
ACC_1014036,C_109340,CURRENT,3474.34,ACTIVE,2021-12-21 10:13:34
ACC_1014037,C_109341,SAVINGS,111877.88,ACTIVE,2025-03-31 15:55:58
ACC_1014038,C_109341,SAVINGS,11165.33,ACTIVE,2025-04-07 22:09:58
ACC_1014039,C_109342,SAVINGS,162016.74,ACTIVE,2021-11-07 12:28:55
ACC_1014040,C_109342,BUSINESS,82232.32,ACTIVE,2021-12-04 16:27:55
ACC_1014041,C_109342,CURRENT,3006.12,ACTIVE,2021-11-18 11:17:55
ACC_1014042,C_109343,CURRENT,689.99,ACTIVE,2023-09-25 06:35:30
ACC_1014043,C_109343,SAVINGS,250000.0,ACTIVE,2023-09-16 11:42:30
ACC_1014044,C_109343,SAVINGS,35940.46,ACTIVE,2023-09-28 18:15:30
ACC_1014045,C_109344,CURRENT,4031.89,ACTIVE,2024-09-04 21:37:31
ACC_1014046,C_109344,SAVINGS,14229.39,ACTIVE,2024-09-06 07:27:31
ACC_1014047,C_109345,SAVINGS,17327.22,DORMANT,2025-11-04 14:44:07
ACC_1014048,C_109345,SAVINGS,18144.09,ACTIVE,2025-10-31 06:26:07
ACC_1014049,C_109346,CURRENT,1537.55,ACTIVE,2018-06-14 12:35:46
ACC_1014050,C_109347,CURRENT,1244.94,ACTIVE,2025-01-11 08:13:17
ACC_1014051,C_109348,SAVINGS,34327.39,ACTIVE,2018-02-20 03:56:36
ACC_1014052,C_109349,SAVINGS,12427.66,ACTIVE,2025-02-14 19:04:02
ACC_1014053,C_109349,CURRENT,19911.65,ACTIVE,2025-02-21 02:16:02
ACC_1014054,C_109350,SAVINGS,12539.49,ACTIVE,2021-09-24 15:20:06
ACC_1014055,C_109350,SAVINGS,10301.84,ACTIVE,2021-10-18 15:28:06
ACC_1014056,C_109351,CURRENT,846.61,ACTIVE,2018-03-10 13:06:38
ACC_1014057,C_109352,SAVINGS,854.96,ACTIVE,2017-12-15 01:56:34
ACC_1014058,C_109353,SAVINGS,21138.35,ACTIVE,2020-11-24 02:29:46
ACC_1014059,C_109354,SAVINGS,115152.46,ACTIVE,2022-09-10 17:55:43
ACC_1014060,C_109355,SAVINGS,33361.96,ACTIVE,2021-08-04 18:57:22
ACC_1014061,C_109355,BUSINESS,6941.01,ACTIVE,2021-08-02 06:48:22
ACC_1014062,C_109355,SAVINGS,40641.42,ACTIVE,2021-08-14 06:55:22
ACC_1014063,C_109356,SAVINGS,31281.16,ACTIVE,2019-01-22 10:17:41
ACC_1014064,C_109356,CURRENT,2990.98,ACTIVE,2019-01-06 03:40:41
ACC_1014065,C_109357,CURRENT,1435.0,ACTIVE,2016-08-15 23:35:56
ACC_1014066,C_109357,BUSINESS,75584.22,ACTIVE,2016-08-23 16:46:56
ACC_1014067,C_109358,SAVINGS,8922.81,ACTIVE,2022-04-14 02:53:10
ACC_1014068,C_109359,BUSINESS,305800.17,ACTIVE,2017-10-28 13:00:47
ACC_1014069,C_109359,SAVINGS,82232.29,ACTIVE,2017-10-26 15:27:47
ACC_1014070,C_109360,SAVINGS,48956.44,DORMANT,2021-06-24 09:14:14
ACC_1014071,C_109361,BUSINESS,4331.41,ACTIVE,2024-10-09 08:25:37
ACC_1014072,C_109362,BUSINESS,7011.92,ACTIVE,2016-11-19 04:27:49
ACC_1014073,C_109363,CURRENT,2834.47,ACTIVE,2019-08-11 10:49:30
ACC_1014074,C_109364,BUSINESS,50700.35,ACTIVE,2022-08-31 14:32:54
ACC_1014075,C_109365,SAVINGS,19666.71,DORMANT,2018-06-18 19:40:25
ACC_1014076,C_109366,SAVINGS,24255.21,ACTIVE,2017-02-07 00:36:18
ACC_1014077,C_109366,SAVINGS,9398.16,ACTIVE,2017-01-21 02:08:18
ACC_1014078,C_109367,CURRENT,3751.17,ACTIVE,2017-03-09 12:31:17
ACC_1014079,C_109368,SAVINGS,15004.5,ACTIVE,2021-11-13 12:49:58
ACC_1014080,C_109368,SAVINGS,8508.73,ACTIVE,2021-10-22 07:59:58
ACC_1014081,C_109369,BUSINESS,30657.59,ACTIVE,2018-07-05 12:03:48
ACC_1014082,C_109370,BUSINESS,18971.13,ACTIVE,2019-02-12 02:03:39
ACC_1014083,C_109370,BUSINESS,74104.51,ACTIVE,2019-02-21 03:30:39
ACC_1014084,C_109370,CURRENT,8458.68,ACTIVE,2019-02-18 04:47:39
ACC_1014085,C_109371,CURRENT,2258.42,ACTIVE,2024-03-04 07:22:20
ACC_1014086,C_109372,SAVINGS,82808.69,ACTIVE,2022-11-06 15:45:01
ACC_1014087,C_109372,CURRENT,7882.66,DORMANT,2022-10-22 03:36:01
ACC_1014088,C_109372,BUSINESS,40025.98,ACTIVE,2022-10-26 12:54:01
ACC_1014089,C_109373,CURRENT,721.26,ACTIVE,2024-07-27 06:30:55
ACC_1014090,C_109374,CURRENT,1258.5,ACTIVE,2019-01-29 07:43:36
ACC_1014091,C_109374,BUSINESS,11985.62,ACTIVE,2019-01-15 06:12:36
ACC_1014092,C_109375,BUSINESS,28290.15,ACTIVE,2024-01-20 12:39:55
ACC_1014093,C_109375,BUSINESS,508557.16,ACTIVE,2024-02-19 16:50:55
ACC_1014094,C_109376,CURRENT,907.33,ACTIVE,2022-07-08 14:31:19
ACC_1014095,C_109377,BUSINESS,67134.4,ACTIVE,2019-03-08 10:15:54
ACC_1014096,C_109378,SAVINGS,78131.87,DORMANT,2023-10-06 21:21:31
ACC_1014097,C_109378,SAVINGS,33139.01,DORMANT,2023-10-06 10:54:31
ACC_1014098,C_109379,CURRENT,4485.4,ACTIVE,2020-10-22 13:53:45
ACC_1014099,C_109380,SAVINGS,33458.4,ACTIVE,2017-02-16 22:54:01
ACC_1014100,C_109380,BUSINESS,1116614.06,ACTIVE,2017-02-05 03:57:01
ACC_1014101,C_109380,SAVINGS,13369.57,ACTIVE,2017-01-29 15:27:01
ACC_1014102,C_109381,BUSINESS,20172.14,ACTIVE,2019-10-06 14:16:56
ACC_1014103,C_109382,CURRENT,1304.95,ACTIVE,2022-01-20 15:01:03
ACC_1014104,C_109383,CURRENT,2628.15,ACTIVE,2017-07-05 21:55:41
ACC_1014105,C_109383,CURRENT,819.93,ACTIVE,2017-07-09 07:53:41
ACC_1014106,C_109384,SAVINGS,4163.71,ACTIVE,2017-05-24 18:25:52
ACC_1014107,C_109385,SAVINGS,10340.54,ACTIVE,2023-06-10 22:40:57
ACC_1014108,C_109386,BUSINESS,386001.57,ACTIVE,2017-06-27 13:37:11
ACC_1014109,C_109386,CURRENT,871.34,DORMANT,2017-06-11 22:39:11
ACC_1014110,C_109387,SAVINGS,6838.91,ACTIVE,2016-07-10 15:57:24
ACC_1014111,C_109388,CURRENT,3591.34,DORMANT,2021-05-19 05:13:59
ACC_1014112,C_109388,BUSINESS,35789.82,ACTIVE,2021-05-09 22:54:59
ACC_1014113,C_109388,BUSINESS,123455.28,ACTIVE,2021-05-19 06:56:59
ACC_1014114,C_109389,SAVINGS,19613.53,ACTIVE,2020-01-01 19:26:46
ACC_1014115,C_109389,SAVINGS,12303.79,ACTIVE,2020-01-24 01:52:46
ACC_1014116,C_109389,SAVINGS,13340.56,ACTIVE,2020-01-14 16:23:46
ACC_1014117,C_109390,BUSINESS,63604.09,ACTIVE,2019-07-25 20:22:38
ACC_1014118,C_109391,CURRENT,1180.67,ACTIVE,2021-04-14 07:35:15
ACC_1014119,C_109391,CURRENT,2739.25,ACTIVE,2021-04-01 03:30:15
ACC_1014120,C_109392,SAVINGS,17959.05,ACTIVE,2025-09-01 22:38:18
ACC_1014121,C_109392,BUSINESS,4208.23,ACTIVE,2025-09-19 22:02:18
ACC_1014122,C_109393,BUSINESS,27009.85,ACTIVE,2025-06-21 01:14:31
ACC_1014123,C_109393,BUSINESS,493491.89,ACTIVE,2025-06-28 16:50:31
ACC_1014124,C_109394,CURRENT,830.73,ACTIVE,2023-02-15 14:31:34
ACC_1014125,C_109395,CURRENT,2719.88,ACTIVE,2016-09-17 19:03:51
ACC_1014126,C_109395,BUSINESS,180303.94,ACTIVE,2016-09-10 23:32:51
ACC_1014127,C_109396,BUSINESS,8962.65,ACTIVE,2024-02-14 23:23:45
ACC_1014128,C_109397,CURRENT,535.25,ACTIVE,2017-10-06 12:42:54
ACC_1014129,C_109397,CURRENT,6486.06,ACTIVE,2017-09-22 00:24:54
ACC_1014130,C_109398,SAVINGS,5203.13,ACTIVE,2021-06-16 06:06:37
ACC_1014131,C_109398,SAVINGS,4902.75,ACTIVE,2021-05-30 12:50:37
ACC_1014132,C_109398,CURRENT,61.96,ACTIVE,2021-06-08 20:54:37
ACC_1014133,C_109399,SAVINGS,21030.73,ACTIVE,2019-10-30 23:48:55
ACC_1014134,C_109399,BUSINESS,22847.41,ACTIVE,2019-11-01 21:03:55
ACC_1014135,C_109400,SAVINGS,4685.93,ACTIVE,2020-03-17 15:19:17
ACC_1014136,C_109401,SAVINGS,16291.81,ACTIVE,2018-08-07 22:54:42
ACC_1014137,C_109402,CURRENT,2676.91,ACTIVE,2018-11-08 18:12:33
ACC_1014138,C_109403,BUSINESS,180657.34,ACTIVE,2023-12-27 22:41:58
ACC_1014139,C_109404,BUSINESS,86885.63,ACTIVE,2022-06-15 18:53:54
ACC_1014140,C_109405,BUSINESS,4042.84,ACTIVE,2019-03-26 05:14:42
ACC_1014141,C_109406,CURRENT,2027.61,ACTIVE,2017-09-20 10:20:57
ACC_1014142,C_109406,BUSINESS,64146.7,ACTIVE,2017-09-25 10:20:57
ACC_1014143,C_109407,SAVINGS,1918.27,DORMANT,2021-02-06 12:12:56
ACC_1014144,C_109407,SAVINGS,3164.47,ACTIVE,2021-02-24 14:46:56
ACC_1014145,C_109408,CURRENT,1826.36,ACTIVE,2018-12-18 02:26:17
ACC_1014146,C_109409,SAVINGS,8773.85,ACTIVE,2020-11-26 14:52:09
ACC_1014147,C_109410,BUSINESS,51354.48,ACTIVE,2023-12-04 21:25:56
ACC_1014148,C_109410,BUSINESS,166734.07,ACTIVE,2023-12-17 00:52:56
ACC_1014149,C_109411,CURRENT,407.31,ACTIVE,2016-10-29 10:14:41
ACC_1014150,C_109412,CURRENT,397.45,ACTIVE,2019-03-23 22:12:16
ACC_1014151,C_109412,SAVINGS,15874.15,ACTIVE,2019-03-17 00:27:16
ACC_1014152,C_109413,BUSINESS,70382.2,ACTIVE,2022-10-19 16:23:32
ACC_1014153,C_109414,SAVINGS,9472.32,ACTIVE,2024-09-14 19:42:14
ACC_1014154,C_109415,BUSINESS,1284800.94,ACTIVE,2025-11-25 23:24:23
ACC_1014155,C_109416,SAVINGS,19985.59,ACTIVE,2021-01-25 18:33:17
ACC_1014156,C_109416,SAVINGS,22665.28,ACTIVE,2021-02-07 23:06:17
ACC_1014157,C_109416,CURRENT,10680.47,ACTIVE,2021-02-10 13:16:17
ACC_1014158,C_109417,CURRENT,1039.09,ACTIVE,2023-05-27 13:44:34
ACC_1014159,C_109417,CURRENT,1548.71,ACTIVE,2023-06-05 03:58:34
ACC_1014160,C_109418,CURRENT,2783.9,ACTIVE,2019-07-15 04:08:45
ACC_1014161,C_109419,CURRENT,1706.31,ACTIVE,2021-02-26 21:27:09
ACC_1014162,C_109420,BUSINESS,251993.88,ACTIVE,2018-02-11 05:01:12
ACC_1014163,C_109420,SAVINGS,5394.92,ACTIVE,2018-02-13 07:59:12
ACC_1014164,C_109420,BUSINESS,16290.48,ACTIVE,2018-02-09 23:43:12
ACC_1014165,C_109421,BUSINESS,75125.26,ACTIVE,2021-09-30 12:04:42
ACC_1014166,C_109422,CURRENT,5740.05,ACTIVE,2022-02-19 11:59:43
ACC_1014167,C_109423,SAVINGS,15206.33,ACTIVE,2025-02-26 02:36:34
ACC_1014168,C_109423,SAVINGS,68386.53,ACTIVE,2025-03-03 21:00:34
ACC_1014169,C_109424,CURRENT,376.52,ACTIVE,2025-04-09 20:01:40
ACC_1014170,C_109424,BUSINESS,27279.15,ACTIVE,2025-04-21 00:30:40
ACC_1014171,C_109425,CURRENT,3267.28,DORMANT,2017-12-09 16:02:47
ACC_1014172,C_109426,SAVINGS,830.24,ACTIVE,2016-07-10 17:44:41
ACC_1014173,C_109427,SAVINGS,2378.36,ACTIVE,2019-02-28 21:33:57
ACC_1014174,C_109427,BUSINESS,3513.63,ACTIVE,2019-02-23 00:43:57
ACC_1014175,C_109427,CURRENT,4864.09,ACTIVE,2019-02-13 08:34:57
ACC_1014176,C_109428,BUSINESS,850106.67,ACTIVE,2016-12-03 10:43:53
ACC_1014177,C_109429,SAVINGS,4770.52,DORMANT,2026-01-19 03:38:51
ACC_1014178,C_109430,BUSINESS,72865.91,ACTIVE,2025-04-26 07:36:21
ACC_1014179,C_109430,CURRENT,1204.66,ACTIVE,2025-04-11 02:58:21
ACC_1014180,C_109431,CURRENT,2983.58,ACTIVE,2024-08-17 05:56:44
ACC_1014181,C_109431,BUSINESS,1230947.72,ACTIVE,2024-08-19 20:17:44
ACC_1014182,C_109432,CURRENT,335.8,ACTIVE,2018-02-16 09:58:13
ACC_1014183,C_109433,CURRENT,6716.49,ACTIVE,2022-05-20 21:34:01
ACC_1014184,C_109434,CURRENT,10602.08,ACTIVE,2018-10-31 12:08:30
ACC_1014185,C_109435,CURRENT,4284.47,ACTIVE,2021-11-29 19:55:01
ACC_1014186,C_109435,BUSINESS,28081.76,ACTIVE,2021-12-08 17:40:01
ACC_1014187,C_109436,CURRENT,2362.5,ACTIVE,2020-02-18 01:16:01
ACC_1014188,C_109437,CURRENT,1948.31,ACTIVE,2017-09-11 23:53:01
ACC_1014189,C_109438,SAVINGS,24013.79,DORMANT,2025-12-26 05:43:34
ACC_1014190,C_109438,BUSINESS,154778.34,ACTIVE,2025-11-29 07:43:34
ACC_1014191,C_109439,CURRENT,3011.78,ACTIVE,2018-12-05 13:40:31
ACC_1014192,C_109440,SAVINGS,4902.96,ACTIVE,2016-03-25 16:45:48
ACC_1014193,C_109440,BUSINESS,11409.67,ACTIVE,2016-03-18 16:06:48
ACC_1014194,C_109441,SAVINGS,10115.34,ACTIVE,2017-08-23 10:45:00
ACC_1014195,C_109441,CURRENT,1799.18,ACTIVE,2017-08-18 04:16:00
ACC_1014196,C_109442,BUSINESS,326018.84,ACTIVE,2020-10-29 10:27:15
ACC_1014197,C_109442,SAVINGS,61357.96,ACTIVE,2020-11-07 10:20:15
ACC_1014198,C_109443,SAVINGS,77459.85,ACTIVE,2018-06-03 21:56:04
ACC_1014199,C_109443,CURRENT,4822.15,ACTIVE,2018-06-11 03:57:04
ACC_1014200,C_109444,BUSINESS,1040424.43,ACTIVE,2019-05-20 03:13:39
ACC_1014201,C_109444,SAVINGS,70541.49,DORMANT,2019-05-07 18:53:39
ACC_1014202,C_109445,SAVINGS,9618.84,DORMANT,2025-10-09 02:33:03
ACC_1014203,C_109446,BUSINESS,303057.44,ACTIVE,2021-02-02 14:06:05
ACC_1014204,C_109447,SAVINGS,5389.71,ACTIVE,2022-04-15 19:19:03
ACC_1014205,C_109448,BUSINESS,363519.63,ACTIVE,2023-12-12 02:15:55
ACC_1014206,C_109449,CURRENT,37773.65,ACTIVE,2018-03-23 02:26:50
ACC_1014207,C_109450,BUSINESS,185701.08,ACTIVE,2019-02-17 08:41:19
ACC_1014208,C_109451,BUSINESS,92907.68,DORMANT,2023-12-23 02:19:07
ACC_1014209,C_109451,BUSINESS,5335.49,ACTIVE,2024-01-16 11:09:07
ACC_1014210,C_109452,BUSINESS,23941.63,ACTIVE,2022-06-04 13:25:56
ACC_1014211,C_109453,BUSINESS,109467.87,ACTIVE,2023-10-11 02:55:21
ACC_1014212,C_109453,SAVINGS,9570.52,ACTIVE,2023-10-20 17:45:21
ACC_1014213,C_109453,BUSINESS,74409.78,ACTIVE,2023-10-18 02:40:21
ACC_1014214,C_109454,BUSINESS,361556.3,ACTIVE,2021-05-27 03:50:08
ACC_1014215,C_109454,CURRENT,3722.52,ACTIVE,2021-05-25 13:18:08
ACC_1014216,C_109454,CURRENT,1348.97,ACTIVE,2021-05-26 03:04:08
ACC_1014217,C_109455,CURRENT,10807.39,ACTIVE,2025-06-13 15:19:50
ACC_1014218,C_109455,CURRENT,1716.77,ACTIVE,2025-06-17 09:47:50
ACC_1014219,C_109456,BUSINESS,51969.39,ACTIVE,2017-05-29 21:54:01
ACC_1014220,C_109456,BUSINESS,356209.93,DORMANT,2017-06-07 18:42:01
ACC_1014221,C_109456,BUSINESS,66393.46,ACTIVE,2017-05-27 15:28:01
ACC_1014222,C_109457,BUSINESS,50298.49,ACTIVE,2025-04-19 14:45:35
ACC_1014223,C_109457,CURRENT,1904.77,DORMANT,2025-04-22 03:00:35
ACC_1014224,C_109458,BUSINESS,357086.66,ACTIVE,2021-05-20 11:52:01
ACC_1014225,C_109459,CURRENT,3574.92,ACTIVE,2020-06-07 04:00:33
ACC_1014226,C_109460,SAVINGS,4542.93,ACTIVE,2019-01-23 20:44:33
ACC_1014227,C_109460,CURRENT,2051.59,ACTIVE,2019-01-25 23:44:33
ACC_1014228,C_109461,SAVINGS,10056.46,ACTIVE,2024-07-27 20:53:09
ACC_1014229,C_109461,CURRENT,620.55,ACTIVE,2024-08-04 06:23:09
ACC_1014230,C_109462,CURRENT,889.84,ACTIVE,2023-02-09 14:18:09
ACC_1014231,C_109463,BUSINESS,14856.7,ACTIVE,2023-05-27 05:10:13
ACC_1014232,C_109464,CURRENT,2059.44,ACTIVE,2025-04-28 13:26:13
ACC_1014233,C_109465,SAVINGS,7308.82,ACTIVE,2024-07-31 07:20:57
ACC_1014234,C_109465,BUSINESS,440933.59,ACTIVE,2024-07-25 17:55:57
ACC_1014235,C_109466,CURRENT,1824.66,ACTIVE,2025-12-08 21:38:23
ACC_1014236,C_109467,SAVINGS,40730.94,ACTIVE,2023-02-06 18:09:44
ACC_1014237,C_109467,BUSINESS,8375.18,ACTIVE,2023-01-28 20:10:44
ACC_1014238,C_109467,SAVINGS,4575.09,ACTIVE,2023-02-18 02:39:44
ACC_1014239,C_109468,SAVINGS,6398.75,ACTIVE,2024-05-04 13:55:51
ACC_1014240,C_109469,SAVINGS,2068.65,ACTIVE,2024-08-27 11:09:31
ACC_1014241,C_109470,CURRENT,18626.23,DORMANT,2018-10-24 08:29:13
ACC_1014242,C_109471,CURRENT,2687.49,ACTIVE,2021-04-17 09:45:56
ACC_1014243,C_109471,CURRENT,1897.89,ACTIVE,2021-04-04 00:52:56
ACC_1014244,C_109472,CURRENT,1141.76,ACTIVE,2017-09-05 13:40:00
ACC_1014245,C_109472,SAVINGS,2853.97,ACTIVE,2017-09-10 01:47:00
ACC_1014246,C_109473,SAVINGS,6047.05,ACTIVE,2019-06-27 19:45:44
ACC_1014247,C_109473,SAVINGS,14167.48,ACTIVE,2019-06-09 02:31:44
ACC_1014248,C_109474,SAVINGS,21358.0,ACTIVE,2017-02-01 09:54:21
ACC_1014249,C_109475,SAVINGS,43556.28,ACTIVE,2021-03-06 06:06:59
ACC_1014250,C_109475,CURRENT,2552.03,ACTIVE,2021-03-05 14:49:59
ACC_1014251,C_109475,CURRENT,4899.93,ACTIVE,2021-02-23 06:21:59
ACC_1014252,C_109476,CURRENT,525.57,ACTIVE,2025-04-29 10:10:11
ACC_1014253,C_109477,BUSINESS,1500000.0,ACTIVE,2024-01-30 18:55:13
ACC_1014254,C_109477,BUSINESS,11993.47,ACTIVE,2024-02-07 02:35:13
ACC_1014255,C_109477,BUSINESS,234755.72,ACTIVE,2024-02-12 03:46:13
ACC_1014256,C_109478,BUSINESS,73281.24,ACTIVE,2020-11-25 00:32:12
ACC_1014257,C_109479,CURRENT,1258.68,DORMANT,2017-12-18 01:00:16
ACC_1014258,C_109479,SAVINGS,61608.53,ACTIVE,2017-12-07 22:45:16
ACC_1014259,C_109480,SAVINGS,4580.72,ACTIVE,2022-01-18 08:13:39
ACC_1014260,C_109481,CURRENT,1015.08,ACTIVE,2023-05-26 13:42:36
ACC_1014261,C_109481,SAVINGS,24874.44,ACTIVE,2023-06-12 21:49:36
ACC_1014262,C_109482,CURRENT,3439.31,ACTIVE,2024-12-04 21:04:56
ACC_1014263,C_109482,CURRENT,2477.36,ACTIVE,2024-12-13 19:47:56
ACC_1014264,C_109483,CURRENT,9272.85,ACTIVE,2018-02-25 05:51:03
ACC_1014265,C_109484,CURRENT,4544.64,ACTIVE,2020-06-21 02:55:37
ACC_1014266,C_109484,CURRENT,2955.76,ACTIVE,2020-07-01 22:46:37
ACC_1014267,C_109484,SAVINGS,31864.9,ACTIVE,2020-06-13 12:03:37
ACC_1014268,C_109485,SAVINGS,8836.92,ACTIVE,2025-08-04 17:48:20
ACC_1014269,C_109485,CURRENT,1396.14,ACTIVE,2025-08-14 19:00:20
ACC_1014270,C_109486,SAVINGS,4978.61,ACTIVE,2023-05-06 14:55:19
ACC_1014271,C_109486,BUSINESS,20707.17,ACTIVE,2023-05-16 17:03:19
ACC_1014272,C_109487,CURRENT,2094.76,ACTIVE,2023-06-14 03:17:59
ACC_1014273,C_109488,CURRENT,967.19,ACTIVE,2017-08-26 17:28:51
ACC_1014274,C_109489,SAVINGS,29920.28,ACTIVE,2025-01-24 00:11:04
ACC_1014275,C_109489,SAVINGS,3804.69,ACTIVE,2025-02-03 10:57:04
ACC_1014276,C_109489,CURRENT,4317.56,ACTIVE,2025-02-01 12:32:04
ACC_1014277,C_109490,BUSINESS,154404.26,ACTIVE,2024-02-05 23:56:07
ACC_1014278,C_109490,SAVINGS,28756.04,ACTIVE,2024-02-14 11:54:07
ACC_1014279,C_109491,CURRENT,580.19,ACTIVE,2022-10-23 15:23:11
ACC_1014280,C_109492,BUSINESS,10497.64,ACTIVE,2023-10-27 07:45:04
ACC_1014281,C_109493,BUSINESS,46211.85,ACTIVE,2025-07-21 04:28:22
ACC_1014282,C_109494,CURRENT,12760.57,ACTIVE,2017-04-09 12:38:12
ACC_1014283,C_109495,SAVINGS,1573.98,ACTIVE,2018-02-12 07:08:33
ACC_1014284,C_109495,SAVINGS,83136.99,ACTIVE,2018-02-11 12:14:33
ACC_1014285,C_109495,BUSINESS,11759.92,ACTIVE,2018-02-08 08:30:33
ACC_1014286,C_109496,CURRENT,808.15,ACTIVE,2023-10-24 13:26:49
ACC_1014287,C_109497,CURRENT,3248.0,ACTIVE,2022-12-24 22:09:51
ACC_1014288,C_109497,SAVINGS,21355.33,ACTIVE,2022-12-18 15:58:51
ACC_1014289,C_109498,BUSINESS,235863.28,ACTIVE,2020-07-25 02:49:34
ACC_1014290,C_109499,CURRENT,10598.19,ACTIVE,2016-10-14 12:36:26
ACC_1014291,C_109500,SAVINGS,2832.65,DORMANT,2021-06-14 23:39:04
ACC_1014292,C_109500,BUSINESS,212642.4,ACTIVE,2021-06-04 15:56:04
ACC_1014293,C_109500,BUSINESS,22843.7,ACTIVE,2021-06-18 21:26:04
ACC_1014294,C_109501,BUSINESS,9144.69,ACTIVE,2026-01-07 17:11:59
ACC_1014295,C_109502,CURRENT,3733.81,ACTIVE,2022-05-25 22:36:31
ACC_1014296,C_109503,SAVINGS,33978.23,ACTIVE,2018-07-02 15:55:07
ACC_1014297,C_109504,CURRENT,595.18,ACTIVE,2016-04-10 17:10:42
ACC_1014298,C_109505,BUSINESS,23507.95,ACTIVE,2018-06-14 10:12:27
ACC_1014299,C_109505,CURRENT,800.01,DORMANT,2018-07-11 00:40:27
ACC_1014300,C_109506,SAVINGS,34357.26,DORMANT,2025-04-25 05:11:29
ACC_1014301,C_109507,SAVINGS,3004.35,ACTIVE,2017-03-05 12:24:03
ACC_1014302,C_109508,SAVINGS,5623.92,ACTIVE,2023-04-07 05:10:08
ACC_1014303,C_109508,CURRENT,20260.51,ACTIVE,2023-04-17 16:27:08
ACC_1014304,C_109508,BUSINESS,155313.15,ACTIVE,2023-04-19 06:17:08
ACC_1014305,C_109509,SAVINGS,2105.68,ACTIVE,2017-07-07 20:25:01
ACC_1014306,C_109509,CURRENT,549.13,ACTIVE,2017-07-20 00:07:01
ACC_1014307,C_109510,BUSINESS,31549.05,ACTIVE,2021-09-14 19:59:05
ACC_1014308,C_109511,CURRENT,2494.65,ACTIVE,2019-05-22 07:40:58
ACC_1014309,C_109512,SAVINGS,5509.34,ACTIVE,2018-11-02 13:01:49
ACC_1014310,C_109512,CURRENT,212.07,DORMANT,2018-10-11 04:21:49
ACC_1014311,C_109512,SAVINGS,2931.87,ACTIVE,2018-10-09 23:49:49
ACC_1014312,C_109513,BUSINESS,111993.03,ACTIVE,2018-05-25 16:35:39
ACC_1014313,C_109513,BUSINESS,103128.12,ACTIVE,2018-06-03 02:03:39
ACC_1014314,C_109513,BUSINESS,274142.12,ACTIVE,2018-05-30 16:50:39
ACC_1014315,C_109514,BUSINESS,26920.07,ACTIVE,2020-02-17 10:35:06
ACC_1014316,C_109514,CURRENT,731.55,ACTIVE,2020-03-13 14:22:06
ACC_1014317,C_109515,SAVINGS,21357.95,ACTIVE,2025-08-02 21:31:28
ACC_1014318,C_109515,CURRENT,1653.95,ACTIVE,2025-08-09 16:30:28
ACC_1014319,C_109516,BUSINESS,49872.84,ACTIVE,2017-03-22 10:56:32
ACC_1014320,C_109517,CURRENT,2817.79,ACTIVE,2018-07-25 14:42:38
ACC_1014321,C_109518,CURRENT,2164.69,ACTIVE,2018-02-28 16:12:29
ACC_1014322,C_109518,BUSINESS,8658.14,ACTIVE,2018-03-03 10:14:29
ACC_1014323,C_109518,BUSINESS,46316.5,ACTIVE,2018-03-02 03:01:29
ACC_1014324,C_109519,BUSINESS,89073.73,ACTIVE,2016-12-27 20:39:12
ACC_1014325,C_109519,SAVINGS,16409.08,ACTIVE,2017-01-11 17:00:12
ACC_1014326,C_109519,BUSINESS,15433.09,ACTIVE,2017-01-13 15:00:12
ACC_1014327,C_109520,CURRENT,17915.56,ACTIVE,2017-04-17 05:43:26
ACC_1014328,C_109521,BUSINESS,29653.87,ACTIVE,2018-01-07 09:06:06
ACC_1014329,C_109522,BUSINESS,777298.93,ACTIVE,2022-11-14 06:06:12
ACC_1014330,C_109522,BUSINESS,19866.52,ACTIVE,2022-10-26 12:30:12
ACC_1014331,C_109522,SAVINGS,3171.35,ACTIVE,2022-11-16 05:56:12
ACC_1014332,C_109523,SAVINGS,7707.9,DORMANT,2022-11-09 14:17:16
ACC_1014333,C_109524,CURRENT,1122.42,ACTIVE,2024-04-04 10:54:45
ACC_1014334,C_109524,SAVINGS,18454.1,ACTIVE,2024-04-08 17:01:45
ACC_1014335,C_109525,BUSINESS,185494.15,ACTIVE,2019-08-22 00:06:05
ACC_1014336,C_109526,CURRENT,483.45,ACTIVE,2024-02-08 19:56:08
ACC_1014337,C_109526,SAVINGS,6376.04,ACTIVE,2024-02-21 12:43:08
ACC_1014338,C_109527,CURRENT,803.06,ACTIVE,2025-07-12 12:01:02
ACC_1014339,C_109528,BUSINESS,100526.2,ACTIVE,2021-12-02 17:40:10
ACC_1014340,C_109528,SAVINGS,2519.91,ACTIVE,2021-11-11 11:32:10
ACC_1014341,C_109529,SAVINGS,6227.5,DORMANT,2019-02-04 22:34:27
ACC_1014342,C_109530,SAVINGS,65812.06,ACTIVE,2018-07-26 10:42:40
ACC_1014343,C_109531,CURRENT,330.05,ACTIVE,2021-08-09 05:59:30
ACC_1014344,C_109532,CURRENT,597.84,ACTIVE,2025-01-13 23:20:15
ACC_1014345,C_109532,SAVINGS,50512.05,ACTIVE,2025-01-16 23:25:15
ACC_1014346,C_109533,SAVINGS,2874.64,ACTIVE,2017-09-07 20:55:05
ACC_1014347,C_109533,CURRENT,1261.53,ACTIVE,2017-09-07 01:44:05
ACC_1014348,C_109534,CURRENT,388.08,ACTIVE,2022-05-16 16:16:56
ACC_1014349,C_109535,SAVINGS,8737.67,ACTIVE,2023-06-18 06:59:33
ACC_1014350,C_109536,CURRENT,2014.63,ACTIVE,2018-02-02 04:01:13
ACC_1014351,C_109537,CURRENT,7509.02,ACTIVE,2020-09-23 07:14:15
ACC_1014352,C_109537,CURRENT,8732.19,ACTIVE,2020-09-27 10:54:15
ACC_1014353,C_109538,BUSINESS,85841.52,ACTIVE,2018-07-05 12:46:45
ACC_1014354,C_109539,CURRENT,1517.94,ACTIVE,2016-06-14 09:32:57
ACC_1014355,C_109540,SAVINGS,7712.06,ACTIVE,2025-01-16 01:06:32
ACC_1014356,C_109540,BUSINESS,482456.01,ACTIVE,2025-02-07 09:33:32
ACC_1014357,C_109541,CURRENT,923.86,ACTIVE,2019-02-10 20:53:02
ACC_1014358,C_109542,CURRENT,13534.91,ACTIVE,2021-03-26 22:29:43
ACC_1014359,C_109543,CURRENT,2068.39,ACTIVE,2024-10-31 14:51:23
ACC_1014360,C_109543,SAVINGS,7791.93,ACTIVE,2024-10-26 06:20:23
ACC_1014361,C_109543,CURRENT,1463.17,ACTIVE,2024-10-13 21:14:23
ACC_1014362,C_109544,SAVINGS,26643.8,ACTIVE,2016-10-24 14:01:28
ACC_1014363,C_109545,CURRENT,1327.77,ACTIVE,2025-10-08 07:49:01
ACC_1014364,C_109546,CURRENT,461.05,ACTIVE,2016-10-23 02:18:53
ACC_1014365,C_109546,CURRENT,282.24,ACTIVE,2016-10-22 11:47:53
ACC_1014366,C_109547,CURRENT,937.73,ACTIVE,2021-05-01 18:49:37
ACC_1014367,C_109548,CURRENT,1645.62,ACTIVE,2018-04-21 00:36:38
ACC_1014368,C_109549,SAVINGS,27013.22,ACTIVE,2025-09-29 17:41:54
ACC_1014369,C_109549,CURRENT,1349.95,ACTIVE,2025-09-27 10:43:54
ACC_1014370,C_109550,SAVINGS,71238.46,DORMANT,2016-10-25 04:56:07
ACC_1014371,C_109551,BUSINESS,40412.67,ACTIVE,2019-10-24 14:01:35
ACC_1014372,C_109551,SAVINGS,29639.82,ACTIVE,2019-11-02 03:20:35
ACC_1014373,C_109552,SAVINGS,2381.41,DORMANT,2021-11-11 08:25:13
ACC_1014374,C_109553,SAVINGS,16397.49,DORMANT,2019-04-18 13:20:18
ACC_1014375,C_109553,SAVINGS,51231.19,ACTIVE,2019-05-04 19:24:18
ACC_1014376,C_109554,CURRENT,4881.98,ACTIVE,2017-09-13 04:01:56
ACC_1014377,C_109555,SAVINGS,3213.93,ACTIVE,2021-04-11 15:35:54
ACC_1014378,C_109556,CURRENT,7074.08,ACTIVE,2019-03-06 15:05:37
ACC_1014379,C_109557,SAVINGS,14424.14,ACTIVE,2024-12-22 22:47:41
ACC_1014380,C_109558,BUSINESS,30122.84,ACTIVE,2022-06-23 09:58:30
ACC_1014381,C_109559,SAVINGS,10868.48,ACTIVE,2023-12-12 14:14:21
ACC_1014382,C_109560,CURRENT,1100.09,ACTIVE,2018-06-30 07:15:45
ACC_1014383,C_109560,CURRENT,2927.94,ACTIVE,2018-06-11 00:36:45
ACC_1014384,C_109560,CURRENT,1655.19,ACTIVE,2018-06-05 22:48:45
ACC_1014385,C_109561,CURRENT,1288.7,ACTIVE,2017-12-18 02:42:27
ACC_1014386,C_109562,BUSINESS,25227.66,ACTIVE,2021-12-06 05:23:46
ACC_1014387,C_109563,SAVINGS,6256.86,ACTIVE,2025-07-03 21:33:11
ACC_1014388,C_109563,CURRENT,1536.63,DORMANT,2025-06-11 12:25:11
ACC_1014389,C_109563,BUSINESS,10246.31,DORMANT,2025-06-04 05:58:11
ACC_1014390,C_109564,BUSINESS,49953.75,ACTIVE,2016-08-12 13:19:22
ACC_1014391,C_109564,BUSINESS,73304.14,ACTIVE,2016-08-29 04:05:22
ACC_1014392,C_109565,CURRENT,5185.21,ACTIVE,2020-05-04 13:58:34
ACC_1014393,C_109565,SAVINGS,126106.84,ACTIVE,2020-04-28 15:06:34
ACC_1014394,C_109566,CURRENT,3599.49,ACTIVE,2021-02-21 11:47:35
ACC_1014395,C_109566,BUSINESS,242672.66,ACTIVE,2021-02-20 14:48:35
ACC_1014396,C_109567,SAVINGS,7466.18,ACTIVE,2020-09-07 02:07:31
ACC_1014397,C_109568,BUSINESS,91859.69,ACTIVE,2022-07-25 04:29:50
ACC_1014398,C_109569,CURRENT,17799.87,ACTIVE,2017-08-07 05:55:57
ACC_1014399,C_109570,SAVINGS,23826.11,ACTIVE,2017-03-23 20:51:42
ACC_1014400,C_109571,SAVINGS,56369.45,ACTIVE,2017-04-01 12:55:48
ACC_1014401,C_109572,CURRENT,700.63,ACTIVE,2019-03-13 19:44:18
ACC_1014402,C_109573,CURRENT,2602.27,ACTIVE,2020-04-28 19:38:19
ACC_1014403,C_109573,SAVINGS,39402.71,ACTIVE,2020-04-11 20:58:19
ACC_1014404,C_109574,CURRENT,5271.61,ACTIVE,2021-10-27 18:12:29
ACC_1014405,C_109575,SAVINGS,21324.41,ACTIVE,2016-11-06 19:08:34
ACC_1014406,C_109575,SAVINGS,36614.29,ACTIVE,2016-11-13 07:23:34
ACC_1014407,C_109576,BUSINESS,9591.75,ACTIVE,2017-11-10 11:42:11
ACC_1014408,C_109577,BUSINESS,12981.11,ACTIVE,2022-10-13 23:50:51
ACC_1014409,C_109578,CURRENT,6281.03,ACTIVE,2022-12-14 03:35:19
ACC_1014410,C_109578,SAVINGS,1656.92,ACTIVE,2022-12-15 15:34:19
ACC_1014411,C_109578,SAVINGS,10389.14,ACTIVE,2022-11-27 15:40:19
ACC_1014412,C_109579,SAVINGS,250000.0,ACTIVE,2018-08-25 04:53:34
ACC_1014413,C_109580,SAVINGS,16269.09,ACTIVE,2022-11-18 15:17:44
ACC_1014414,C_109580,SAVINGS,29933.2,DORMANT,2022-11-08 23:15:44
ACC_1014415,C_109581,CURRENT,495.39,ACTIVE,2022-12-15 18:52:52
ACC_1014416,C_109582,SAVINGS,29066.06,ACTIVE,2019-10-24 01:27:20
ACC_1014417,C_109583,SAVINGS,18743.3,ACTIVE,2018-07-14 12:17:06
ACC_1014418,C_109583,CURRENT,1233.09,ACTIVE,2018-07-12 01:58:06
ACC_1014419,C_109583,BUSINESS,37314.32,ACTIVE,2018-07-10 14:05:06
ACC_1014420,C_109584,SAVINGS,2522.63,ACTIVE,2024-11-09 20:26:01
ACC_1014421,C_109585,BUSINESS,8185.49,ACTIVE,2025-11-20 11:16:24
ACC_1014422,C_109586,CURRENT,3794.31,ACTIVE,2024-06-23 02:42:10
ACC_1014423,C_109587,BUSINESS,295469.17,ACTIVE,2017-10-09 04:02:16
ACC_1014424,C_109587,SAVINGS,11108.59,ACTIVE,2017-10-03 19:33:16
ACC_1014425,C_109588,CURRENT,639.2,ACTIVE,2016-10-01 22:15:38
ACC_1014426,C_109589,SAVINGS,2278.69,ACTIVE,2018-01-16 06:19:13
ACC_1014427,C_109589,CURRENT,483.91,ACTIVE,2018-01-16 16:28:13
ACC_1014428,C_109590,SAVINGS,16010.62,ACTIVE,2017-12-25 02:53:44
ACC_1014429,C_109590,BUSINESS,139179.6,ACTIVE,2017-12-20 12:18:44
ACC_1014430,C_109591,SAVINGS,7368.67,ACTIVE,2019-06-06 20:41:00
ACC_1014431,C_109592,SAVINGS,51296.13,ACTIVE,2018-06-01 23:41:34
ACC_1014432,C_109593,SAVINGS,6193.94,ACTIVE,2016-08-29 13:48:54
ACC_1014433,C_109593,CURRENT,1290.28,ACTIVE,2016-08-24 06:25:54
ACC_1014434,C_109594,SAVINGS,80772.94,ACTIVE,2016-01-15 20:11:36
ACC_1014435,C_109594,SAVINGS,4274.15,ACTIVE,2016-01-16 00:07:36
ACC_1014436,C_109595,CURRENT,2948.03,ACTIVE,2018-03-13 14:49:11
ACC_1014437,C_109596,BUSINESS,5006.06,ACTIVE,2017-02-01 05:58:47
ACC_1014438,C_109597,SAVINGS,51878.99,ACTIVE,2020-05-13 00:32:06
ACC_1014439,C_109598,SAVINGS,54190.25,ACTIVE,2024-12-17 01:43:10
ACC_1014440,C_109598,BUSINESS,189399.45,ACTIVE,2024-12-09 10:23:10
ACC_1014441,C_109598,BUSINESS,116388.4,DORMANT,2024-12-04 14:48:10
ACC_1014442,C_109599,CURRENT,1234.48,ACTIVE,2025-08-14 01:26:55
ACC_1014443,C_109600,SAVINGS,11191.15,ACTIVE,2021-04-22 10:43:13
ACC_1014444,C_109600,SAVINGS,35318.91,ACTIVE,2021-04-18 13:06:13
ACC_1014445,C_109601,CURRENT,562.17,ACTIVE,2017-09-28 14:00:35
ACC_1014446,C_109602,SAVINGS,6647.63,ACTIVE,2017-10-13 22:41:47
ACC_1014447,C_109603,CURRENT,16205.59,ACTIVE,2016-04-28 13:51:52
ACC_1014448,C_109603,CURRENT,914.51,DORMANT,2016-05-09 09:09:52
ACC_1014449,C_109604,SAVINGS,11696.57,ACTIVE,2023-04-26 13:40:49
ACC_1014450,C_109605,CURRENT,645.17,ACTIVE,2021-06-11 17:36:58
ACC_1014451,C_109606,SAVINGS,22143.05,ACTIVE,2021-04-22 19:43:21
ACC_1014452,C_109606,CURRENT,3245.09,ACTIVE,2021-04-09 06:10:21
ACC_1014453,C_109607,CURRENT,2808.11,ACTIVE,2019-06-17 05:55:32
ACC_1014454,C_109608,CURRENT,2053.65,ACTIVE,2022-04-22 16:58:31
ACC_1014455,C_109609,SAVINGS,31722.75,ACTIVE,2025-08-28 17:31:54
ACC_1014456,C_109610,SAVINGS,49014.64,ACTIVE,2020-11-23 03:32:29
ACC_1014457,C_109611,SAVINGS,54575.45,ACTIVE,2016-09-26 04:19:36
ACC_1014458,C_109612,SAVINGS,44987.83,ACTIVE,2020-07-25 15:31:58
ACC_1014459,C_109613,BUSINESS,6067.4,ACTIVE,2025-03-07 23:55:37
ACC_1014460,C_109614,SAVINGS,5140.81,DORMANT,2024-09-05 17:00:51
ACC_1014461,C_109615,BUSINESS,49442.41,ACTIVE,2017-10-08 09:24:57
ACC_1014462,C_109615,CURRENT,1039.38,ACTIVE,2017-10-10 05:13:57
ACC_1014463,C_109616,SAVINGS,4388.25,ACTIVE,2020-07-19 19:11:39
ACC_1014464,C_109617,CURRENT,139.87,DORMANT,2024-10-02 07:48:53
ACC_1014465,C_109618,CURRENT,1627.2,ACTIVE,2022-04-26 02:22:28
ACC_1014466,C_109619,BUSINESS,264761.6,ACTIVE,2024-02-06 23:40:53
ACC_1014467,C_109619,BUSINESS,46568.16,ACTIVE,2024-03-04 12:50:53
ACC_1014468,C_109620,BUSINESS,168022.48,ACTIVE,2020-07-07 12:49:06
ACC_1014469,C_109621,SAVINGS,31964.42,ACTIVE,2023-09-26 11:47:24
ACC_1014470,C_109622,BUSINESS,12839.66,ACTIVE,2025-03-04 12:51:06
ACC_1014471,C_109623,CURRENT,3053.27,ACTIVE,2020-09-19 22:28:25
ACC_1014472,C_109624,CURRENT,2478.46,DORMANT,2017-04-28 09:53:18
ACC_1014473,C_109625,BUSINESS,90095.45,ACTIVE,2017-08-04 05:23:41
ACC_1014474,C_109625,SAVINGS,1808.97,ACTIVE,2017-07-21 18:14:41
ACC_1014475,C_109626,SAVINGS,5818.55,DORMANT,2021-03-04 13:25:09
ACC_1014476,C_109627,BUSINESS,85618.99,ACTIVE,2020-09-28 13:03:04
ACC_1014477,C_109627,SAVINGS,5728.5,DORMANT,2020-09-25 21:15:04
ACC_1014478,C_109628,CURRENT,2171.56,ACTIVE,2016-09-25 21:26:26
ACC_1014479,C_109629,SAVINGS,26086.85,ACTIVE,2022-07-28 18:07:58
ACC_1014480,C_109630,SAVINGS,3682.55,ACTIVE,2025-08-20 17:49:01
ACC_1014481,C_109631,SAVINGS,13551.35,ACTIVE,2017-01-17 22:25:25
ACC_1014482,C_109632,BUSINESS,13419.95,ACTIVE,2016-07-18 10:39:30
ACC_1014483,C_109633,CURRENT,1899.24,ACTIVE,2020-03-18 04:22:37
ACC_1014484,C_109633,BUSINESS,29237.96,DORMANT,2020-03-19 22:59:37
ACC_1014485,C_109633,BUSINESS,182292.29,ACTIVE,2020-03-10 07:23:37
ACC_1014486,C_109634,CURRENT,1455.48,ACTIVE,2021-10-13 15:39:03
ACC_1014487,C_109635,CURRENT,450.27,ACTIVE,2018-08-08 14:56:13
ACC_1014488,C_109635,BUSINESS,16106.58,ACTIVE,2018-08-26 12:32:13
ACC_1014489,C_109636,BUSINESS,160036.44,DORMANT,2017-06-25 09:00:45
ACC_1014490,C_109636,BUSINESS,82046.38,ACTIVE,2017-06-22 22:23:45
ACC_1014491,C_109637,SAVINGS,2190.13,ACTIVE,2018-03-11 04:06:23
ACC_1014492,C_109638,CURRENT,1867.63,ACTIVE,2022-03-02 19:17:58
ACC_1014493,C_109639,SAVINGS,110410.98,ACTIVE,2019-11-21 12:07:09
ACC_1014494,C_109640,BUSINESS,92033.25,ACTIVE,2025-05-09 00:05:45
ACC_1014495,C_109640,SAVINGS,10840.43,ACTIVE,2025-04-23 03:02:45
ACC_1014496,C_109641,SAVINGS,11370.27,ACTIVE,2018-02-09 04:57:05
ACC_1014497,C_109641,BUSINESS,96343.26,ACTIVE,2018-03-03 21:09:05
ACC_1014498,C_109642,SAVINGS,2532.46,ACTIVE,2025-03-01 10:21:46
ACC_1014499,C_109643,BUSINESS,17435.07,ACTIVE,2019-03-18 12:28:30
ACC_1014500,C_109644,CURRENT,135.34,ACTIVE,2025-06-02 14:58:42
ACC_1014501,C_109645,BUSINESS,8268.32,ACTIVE,2020-07-08 10:26:31
ACC_1014502,C_109645,CURRENT,2241.66,DORMANT,2020-06-29 03:16:31
ACC_1014503,C_109646,CURRENT,863.69,ACTIVE,2021-11-10 18:39:38
ACC_1014504,C_109647,CURRENT,1805.46,ACTIVE,2017-11-24 14:43:42
ACC_1014505,C_109648,BUSINESS,106163.71,ACTIVE,2022-03-10 15:37:51
ACC_1014506,C_109649,BUSINESS,84649.68,ACTIVE,2020-07-02 08:18:42
ACC_1014507,C_109649,BUSINESS,1196.33,ACTIVE,2020-06-20 15:16:42
ACC_1014508,C_109650,BUSINESS,152122.2,ACTIVE,2020-02-13 00:29:57
ACC_1014509,C_109651,CURRENT,2593.43,ACTIVE,2020-03-02 17:51:17
ACC_1014510,C_109651,SAVINGS,1140.73,ACTIVE,2020-03-12 01:52:17
ACC_1014511,C_109652,SAVINGS,27210.51,ACTIVE,2017-09-26 02:37:58
ACC_1014512,C_109652,CURRENT,293.62,ACTIVE,2017-09-17 04:53:58
ACC_1014513,C_109653,CURRENT,2202.63,ACTIVE,2024-12-22 05:56:55
ACC_1014514,C_109654,SAVINGS,4312.37,ACTIVE,2023-12-30 13:07:42
ACC_1014515,C_109654,CURRENT,1208.24,ACTIVE,2024-01-02 00:15:42
ACC_1014516,C_109655,BUSINESS,82661.15,ACTIVE,2026-01-20 03:26:04
ACC_1014517,C_109655,SAVINGS,22489.34,ACTIVE,2026-01-03 21:48:04
ACC_1014518,C_109655,SAVINGS,64309.92,ACTIVE,2026-01-12 17:07:04
ACC_1014519,C_109656,SAVINGS,54702.95,ACTIVE,2022-09-10 06:53:47
ACC_1014520,C_109656,CURRENT,2537.92,DORMANT,2022-10-05 16:55:47
ACC_1014521,C_109656,SAVINGS,3122.92,ACTIVE,2022-09-26 06:25:47
ACC_1014522,C_109657,CURRENT,1381.9,ACTIVE,2023-09-02 13:16:15
ACC_1014523,C_109658,BUSINESS,57724.51,ACTIVE,2017-09-11 03:56:46
ACC_1014524,C_109658,SAVINGS,10190.37,ACTIVE,2017-09-30 07:11:46
ACC_1014525,C_109659,CURRENT,681.57,ACTIVE,2025-10-07 12:05:29
ACC_1014526,C_109660,BUSINESS,877631.71,ACTIVE,2022-08-01 07:30:26
ACC_1014527,C_109661,BUSINESS,55009.24,ACTIVE,2022-12-20 12:37:21
ACC_1014528,C_109661,CURRENT,1054.85,ACTIVE,2022-11-22 07:44:21
ACC_1014529,C_109662,CURRENT,1606.49,ACTIVE,2022-05-25 11:32:00
ACC_1014530,C_109662,CURRENT,317.24,ACTIVE,2022-04-26 16:50:00
ACC_1014531,C_109662,SAVINGS,26813.84,ACTIVE,2022-05-05 10:30:00
ACC_1014532,C_109663,CURRENT,1823.22,ACTIVE,2021-01-06 08:07:14
ACC_1014533,C_109664,SAVINGS,6245.61,ACTIVE,2017-07-07 12:46:46
ACC_1014534,C_109665,CURRENT,682.3,ACTIVE,2020-08-08 19:25:10
ACC_1014535,C_109666,SAVINGS,33512.53,ACTIVE,2023-01-25 08:15:22
ACC_1014536,C_109667,SAVINGS,17936.56,DORMANT,2017-03-30 10:42:52
ACC_1014537,C_109667,CURRENT,2569.54,ACTIVE,2017-03-22 12:44:52
ACC_1014538,C_109667,BUSINESS,69723.08,ACTIVE,2017-03-22 16:21:52
ACC_1014539,C_109668,CURRENT,2416.96,ACTIVE,2020-10-15 14:03:58
ACC_1014540,C_109669,CURRENT,4132.33,ACTIVE,2017-03-04 16:57:22
ACC_1014541,C_109670,BUSINESS,70971.74,ACTIVE,2022-02-18 22:14:54
ACC_1014542,C_109670,CURRENT,4091.11,ACTIVE,2022-02-09 15:31:54
ACC_1014543,C_109670,BUSINESS,11641.61,DORMANT,2022-02-09 05:47:54
ACC_1014544,C_109671,BUSINESS,128042.66,ACTIVE,2020-07-18 21:51:42
ACC_1014545,C_109671,CURRENT,4665.85,ACTIVE,2020-07-08 10:59:42
ACC_1014546,C_109671,SAVINGS,179.74,ACTIVE,2020-07-13 21:52:42
ACC_1014547,C_109672,CURRENT,1502.35,ACTIVE,2018-03-06 14:35:14
ACC_1014548,C_109673,CURRENT,400.83,ACTIVE,2016-05-25 23:53:11
ACC_1014549,C_109673,SAVINGS,43559.17,ACTIVE,2016-05-16 09:00:11
ACC_1014550,C_109674,CURRENT,966.13,ACTIVE,2025-09-10 00:41:29
ACC_1014551,C_109675,CURRENT,1679.43,ACTIVE,2025-08-26 22:47:03
ACC_1014552,C_109676,BUSINESS,3452.35,ACTIVE,2020-11-05 09:47:25
ACC_1014553,C_109677,BUSINESS,116883.79,ACTIVE,2021-12-23 17:47:39
ACC_1014554,C_109677,BUSINESS,195339.0,ACTIVE,2021-12-03 16:24:39
ACC_1014555,C_109677,CURRENT,1166.36,ACTIVE,2021-11-30 14:15:39
ACC_1014556,C_109678,BUSINESS,118832.38,ACTIVE,2021-10-10 06:35:01
ACC_1014557,C_109678,BUSINESS,364343.81,ACTIVE,2021-10-01 13:01:01
ACC_1014558,C_109678,CURRENT,373.34,ACTIVE,2021-10-05 06:09:01
ACC_1014559,C_109679,CURRENT,98.62,DORMANT,2022-10-18 08:17:30
ACC_1014560,C_109680,SAVINGS,121162.56,ACTIVE,2016-05-29 10:08:12
ACC_1014561,C_109681,CURRENT,1841.98,ACTIVE,2022-02-09 11:36:01
ACC_1014562,C_109681,CURRENT,4461.27,ACTIVE,2022-01-20 23:48:01
ACC_1014563,C_109682,CURRENT,657.78,ACTIVE,2022-05-18 05:46:00
ACC_1014564,C_109683,SAVINGS,43414.13,ACTIVE,2021-02-10 21:30:02
ACC_1014565,C_109684,BUSINESS,7155.4,ACTIVE,2024-05-11 14:15:24
ACC_1014566,C_109685,CURRENT,1197.81,ACTIVE,2025-11-15 01:01:36
ACC_1014567,C_109685,SAVINGS,42721.76,ACTIVE,2025-12-03 12:07:36
ACC_1014568,C_109686,BUSINESS,124615.24,DORMANT,2024-09-08 05:44:41
ACC_1014569,C_109686,CURRENT,731.47,ACTIVE,2024-09-10 04:26:41
ACC_1014570,C_109686,SAVINGS,14366.48,ACTIVE,2024-09-09 18:08:41
ACC_1014571,C_109687,CURRENT,763.96,ACTIVE,2016-09-30 05:25:34
ACC_1014572,C_109688,SAVINGS,10284.17,ACTIVE,2020-10-28 05:48:59
ACC_1014573,C_109688,CURRENT,5487.57,ACTIVE,2020-11-21 20:16:59
ACC_1014574,C_109689,BUSINESS,5828.48,ACTIVE,2020-04-01 01:44:52
ACC_1014575,C_109690,BUSINESS,54769.45,ACTIVE,2025-08-09 02:18:10
ACC_1014576,C_109690,SAVINGS,53088.99,DORMANT,2025-07-30 04:27:10
ACC_1014577,C_109691,SAVINGS,8900.41,ACTIVE,2018-12-12 20:31:12
ACC_1014578,C_109692,CURRENT,1199.78,ACTIVE,2018-11-28 00:12:22
ACC_1014579,C_109693,SAVINGS,18871.53,ACTIVE,2022-08-11 14:52:17
ACC_1014580,C_109693,BUSINESS,81040.06,ACTIVE,2022-07-26 03:16:17
ACC_1014581,C_109694,BUSINESS,34080.95,ACTIVE,2019-11-04 05:44:40
ACC_1014582,C_109694,BUSINESS,13606.52,ACTIVE,2019-11-11 01:51:40
ACC_1014583,C_109694,SAVINGS,24162.43,ACTIVE,2019-11-16 09:50:40
ACC_1014584,C_109695,BUSINESS,25213.12,ACTIVE,2021-07-25 11:22:55
ACC_1014585,C_109696,CURRENT,634.13,ACTIVE,2022-05-12 03:37:53
ACC_1014586,C_109696,CURRENT,702.7,ACTIVE,2022-04-23 10:17:53
ACC_1014587,C_109696,CURRENT,591.78,ACTIVE,2022-05-15 22:30:53
ACC_1014588,C_109697,BUSINESS,36131.15,ACTIVE,2025-09-17 00:30:05
ACC_1014589,C_109698,BUSINESS,3107.92,ACTIVE,2019-09-04 11:12:16
ACC_1014590,C_109699,BUSINESS,54203.01,ACTIVE,2022-06-26 15:12:43
ACC_1014591,C_109699,CURRENT,1169.51,ACTIVE,2022-07-12 09:52:43
ACC_1014592,C_109700,CURRENT,933.11,ACTIVE,2019-11-28 02:37:58
ACC_1014593,C_109701,SAVINGS,64883.55,ACTIVE,2019-01-12 20:01:19
ACC_1014594,C_109701,CURRENT,1617.62,ACTIVE,2019-01-28 12:50:19
ACC_1014595,C_109701,BUSINESS,127560.04,ACTIVE,2019-02-03 08:57:19
ACC_1014596,C_109702,SAVINGS,3660.86,ACTIVE,2020-10-18 02:32:38
ACC_1014597,C_109702,BUSINESS,4665.97,ACTIVE,2020-09-29 16:52:38
ACC_1014598,C_109703,SAVINGS,761.1,ACTIVE,2016-07-21 16:05:34
ACC_1014599,C_109704,SAVINGS,126190.01,ACTIVE,2016-03-12 10:17:26
ACC_1014600,C_109705,BUSINESS,155392.69,ACTIVE,2023-05-24 09:55:01
ACC_1014601,C_109705,BUSINESS,33995.05,ACTIVE,2023-06-10 13:09:01
ACC_1014602,C_109706,SAVINGS,3076.48,ACTIVE,2018-12-20 01:25:08
ACC_1014603,C_109707,CURRENT,2697.74,ACTIVE,2026-01-14 23:43:02
ACC_1014604,C_109708,SAVINGS,5708.13,ACTIVE,2022-10-17 18:33:59
ACC_1014605,C_109708,BUSINESS,18427.2,ACTIVE,2022-10-14 22:55:59
ACC_1014606,C_109709,CURRENT,2273.68,ACTIVE,2022-12-03 05:55:23
ACC_1014607,C_109709,CURRENT,4254.06,ACTIVE,2022-12-06 17:12:23
ACC_1014608,C_109709,SAVINGS,10098.93,ACTIVE,2022-12-04 03:54:23
ACC_1014609,C_109710,BUSINESS,1500000.0,ACTIVE,2019-03-08 14:59:51
ACC_1014610,C_109711,SAVINGS,12776.98,ACTIVE,2025-06-18 02:51:30
ACC_1014611,C_109712,CURRENT,3227.68,ACTIVE,2021-11-19 17:12:06
ACC_1014612,C_109713,BUSINESS,193739.98,ACTIVE,2025-02-25 14:54:04
ACC_1014613,C_109714,SAVINGS,26352.41,ACTIVE,2025-01-16 18:56:15
ACC_1014614,C_109714,CURRENT,220.79,ACTIVE,2025-01-29 01:12:15
ACC_1014615,C_109715,BUSINESS,16135.24,ACTIVE,2023-07-06 04:03:51
ACC_1014616,C_109716,BUSINESS,17358.7,ACTIVE,2020-03-17 17:47:53
ACC_1014617,C_109716,SAVINGS,49828.67,ACTIVE,2020-03-28 07:52:53
ACC_1014618,C_109717,CURRENT,4893.45,DORMANT,2026-01-02 05:36:25
ACC_1014619,C_109717,CURRENT,1442.56,ACTIVE,2026-01-20 21:23:25
ACC_1014620,C_109717,CURRENT,2227.39,DORMANT,2026-01-28 12:31:25
ACC_1014621,C_109718,CURRENT,1888.9,DORMANT,2024-12-23 11:33:59
ACC_1014622,C_109718,CURRENT,557.41,ACTIVE,2025-01-09 10:19:59
ACC_1014623,C_109718,SAVINGS,250000.0,ACTIVE,2024-12-19 16:25:59
ACC_1014624,C_109719,BUSINESS,50014.85,ACTIVE,2021-10-16 18:02:38
ACC_1014625,C_109720,BUSINESS,82093.94,ACTIVE,2021-10-28 16:49:41
ACC_1014626,C_109720,BUSINESS,58621.77,ACTIVE,2021-10-20 02:58:41
ACC_1014627,C_109721,CURRENT,1283.61,ACTIVE,2020-02-06 14:33:52
ACC_1014628,C_109722,SAVINGS,134774.59,ACTIVE,2018-04-29 19:34:46
ACC_1014629,C_109723,SAVINGS,26541.42,ACTIVE,2021-05-09 19:25:26
ACC_1014630,C_109724,BUSINESS,333905.9,ACTIVE,2020-05-16 18:22:46
ACC_1014631,C_109725,BUSINESS,19808.4,ACTIVE,2023-05-03 06:29:10
ACC_1014632,C_109725,SAVINGS,19683.27,ACTIVE,2023-05-07 16:38:10
ACC_1014633,C_109726,BUSINESS,3810.0,ACTIVE,2019-08-07 11:27:09
ACC_1014634,C_109726,CURRENT,1087.5,ACTIVE,2019-07-23 18:22:09
ACC_1014635,C_109727,BUSINESS,42641.55,ACTIVE,2020-08-22 04:47:30
ACC_1014636,C_109728,SAVINGS,15464.03,ACTIVE,2024-10-20 04:46:21
ACC_1014637,C_109729,SAVINGS,14473.89,ACTIVE,2020-04-08 06:14:36
ACC_1014638,C_109730,SAVINGS,45816.69,ACTIVE,2023-12-31 00:20:34
ACC_1014639,C_109730,SAVINGS,7498.96,DORMANT,2023-12-12 08:16:34
ACC_1014640,C_109731,CURRENT,886.26,ACTIVE,2025-08-23 02:14:09
ACC_1014641,C_109731,SAVINGS,8514.9,DORMANT,2025-09-08 13:07:09
ACC_1014642,C_109732,CURRENT,1475.75,ACTIVE,2026-01-02 00:29:44
ACC_1014643,C_109733,BUSINESS,9897.05,ACTIVE,2020-05-05 00:06:37
ACC_1014644,C_109733,BUSINESS,154343.94,ACTIVE,2020-04-24 08:01:37
ACC_1014645,C_109734,SAVINGS,113038.53,ACTIVE,2025-12-03 17:10:24
ACC_1014646,C_109734,CURRENT,1230.97,ACTIVE,2025-11-23 19:33:24
ACC_1014647,C_109735,BUSINESS,67381.34,ACTIVE,2019-09-20 00:50:55
ACC_1014648,C_109736,BUSINESS,30422.59,ACTIVE,2019-01-01 11:56:24
ACC_1014649,C_109737,SAVINGS,78996.64,ACTIVE,2020-11-02 10:22:42
ACC_1014650,C_109738,SAVINGS,8459.24,DORMANT,2019-04-05 04:27:18
ACC_1014651,C_109739,BUSINESS,4524.31,ACTIVE,2017-12-29 21:21:27
ACC_1014652,C_109739,SAVINGS,16755.41,ACTIVE,2018-01-02 02:12:27
ACC_1014653,C_109740,SAVINGS,22480.82,ACTIVE,2021-03-30 16:46:06
ACC_1014654,C_109740,SAVINGS,9823.92,DORMANT,2021-03-27 06:37:06
ACC_1014655,C_109741,BUSINESS,245739.58,ACTIVE,2022-03-18 10:34:20
ACC_1014656,C_109741,CURRENT,1810.19,ACTIVE,2022-03-15 20:00:20
ACC_1014657,C_109742,SAVINGS,38411.95,DORMANT,2024-01-19 13:30:45
ACC_1014658,C_109742,BUSINESS,111811.79,ACTIVE,2024-01-24 09:03:45
ACC_1014659,C_109743,BUSINESS,30413.59,ACTIVE,2022-06-16 12:01:26
ACC_1014660,C_109743,CURRENT,2961.48,ACTIVE,2022-07-01 10:14:26
ACC_1014661,C_109744,CURRENT,1209.24,ACTIVE,2022-09-05 18:45:47
ACC_1014662,C_109744,SAVINGS,5648.85,ACTIVE,2022-09-14 21:53:47
ACC_1014663,C_109744,CURRENT,10134.24,ACTIVE,2022-09-18 13:57:47
ACC_1014664,C_109745,SAVINGS,20389.69,ACTIVE,2016-06-07 03:23:41
ACC_1014665,C_109746,SAVINGS,9609.73,ACTIVE,2018-12-15 02:44:25
ACC_1014666,C_109746,CURRENT,516.44,ACTIVE,2018-11-17 21:36:25
ACC_1014667,C_109746,CURRENT,501.67,ACTIVE,2018-11-19 22:29:25
ACC_1014668,C_109747,CURRENT,307.17,ACTIVE,2018-06-17 03:25:34
ACC_1014669,C_109747,CURRENT,4081.18,ACTIVE,2018-06-14 23:52:34
ACC_1014670,C_109748,SAVINGS,57741.56,ACTIVE,2023-05-08 11:33:26
ACC_1014671,C_109748,CURRENT,4198.8,ACTIVE,2023-05-04 23:53:26
ACC_1014672,C_109749,CURRENT,2824.35,ACTIVE,2022-03-06 04:16:40
ACC_1014673,C_109750,SAVINGS,26525.48,ACTIVE,2024-09-28 12:21:01
ACC_1014674,C_109750,SAVINGS,8724.26,ACTIVE,2024-09-23 22:48:01
ACC_1014675,C_109751,CURRENT,1179.41,ACTIVE,2021-05-09 16:30:45
ACC_1014676,C_109752,CURRENT,3988.19,ACTIVE,2022-12-18 10:02:46
ACC_1014677,C_109752,CURRENT,538.44,DORMANT,2022-12-20 01:34:46
ACC_1014678,C_109752,SAVINGS,11783.25,ACTIVE,2022-12-12 09:07:46
ACC_1014679,C_109753,SAVINGS,128145.16,ACTIVE,2020-07-30 09:36:15
ACC_1014680,C_109753,BUSINESS,36291.98,ACTIVE,2020-07-27 18:45:15
ACC_1014681,C_109754,CURRENT,651.09,DORMANT,2020-06-03 04:25:09
ACC_1014682,C_109754,CURRENT,2264.8,ACTIVE,2020-05-27 00:05:09
ACC_1014683,C_109755,CURRENT,2120.93,DORMANT,2025-10-11 14:21:19
ACC_1014684,C_109755,CURRENT,3727.55,ACTIVE,2025-10-19 04:36:19
ACC_1014685,C_109756,BUSINESS,19261.3,ACTIVE,2025-06-05 16:39:16
ACC_1014686,C_109757,CURRENT,589.69,ACTIVE,2017-08-27 21:20:47
ACC_1014687,C_109758,CURRENT,1211.5,ACTIVE,2023-12-06 10:36:24
ACC_1014688,C_109759,BUSINESS,48649.0,ACTIVE,2016-11-17 01:52:09
ACC_1014689,C_109760,SAVINGS,67862.89,ACTIVE,2021-08-05 01:53:09
ACC_1014690,C_109761,SAVINGS,19674.07,ACTIVE,2021-12-07 08:34:07
ACC_1014691,C_109762,SAVINGS,28958.35,ACTIVE,2021-07-03 05:52:54
ACC_1014692,C_109763,SAVINGS,23186.4,ACTIVE,2022-10-28 18:33:59
ACC_1014693,C_109763,CURRENT,202.11,ACTIVE,2022-10-12 23:56:59
ACC_1014694,C_109763,SAVINGS,31217.24,ACTIVE,2022-10-30 06:13:59
ACC_1014695,C_109764,SAVINGS,31645.24,ACTIVE,2021-07-28 15:06:43
ACC_1014696,C_109765,BUSINESS,58716.71,ACTIVE,2019-10-31 20:26:45
ACC_1014697,C_109766,CURRENT,2606.59,ACTIVE,2023-02-21 15:30:10
ACC_1014698,C_109766,SAVINGS,21407.41,ACTIVE,2023-02-23 18:36:10
ACC_1014699,C_109766,BUSINESS,231924.23,ACTIVE,2023-03-14 17:32:10
ACC_1014700,C_109767,CURRENT,3923.79,ACTIVE,2020-09-25 13:03:50
ACC_1014701,C_109767,SAVINGS,17714.17,ACTIVE,2020-10-05 02:08:50
ACC_1014702,C_109768,CURRENT,7847.23,ACTIVE,2025-07-11 21:06:45
ACC_1014703,C_109768,BUSINESS,22446.8,ACTIVE,2025-06-15 15:20:45
ACC_1014704,C_109769,CURRENT,1359.68,ACTIVE,2021-10-30 08:31:16
ACC_1014705,C_109769,SAVINGS,35438.9,ACTIVE,2021-10-23 06:52:16
ACC_1014706,C_109770,BUSINESS,176445.57,ACTIVE,2021-10-21 21:29:01
ACC_1014707,C_109771,BUSINESS,67985.82,ACTIVE,2020-02-19 01:11:29
ACC_1014708,C_109771,SAVINGS,1098.5,ACTIVE,2020-02-05 05:22:29
ACC_1014709,C_109772,SAVINGS,7421.18,ACTIVE,2025-05-09 14:07:47
ACC_1014710,C_109772,SAVINGS,7071.24,ACTIVE,2025-05-16 11:03:47
ACC_1014711,C_109773,CURRENT,2841.51,ACTIVE,2017-11-03 12:05:11
ACC_1014712,C_109774,SAVINGS,10263.52,ACTIVE,2025-04-12 09:09:50
ACC_1014713,C_109774,BUSINESS,195219.34,ACTIVE,2025-04-07 06:59:50
ACC_1014714,C_109774,BUSINESS,120773.54,ACTIVE,2025-03-28 02:15:50
ACC_1014715,C_109775,SAVINGS,3343.82,ACTIVE,2017-09-20 14:00:33
ACC_1014716,C_109776,SAVINGS,7860.55,DORMANT,2018-11-01 11:18:40
ACC_1014717,C_109776,BUSINESS,612413.46,ACTIVE,2018-11-14 18:06:40
ACC_1014718,C_109777,SAVINGS,231289.84,ACTIVE,2018-04-28 07:53:17
ACC_1014719,C_109777,SAVINGS,6231.09,ACTIVE,2018-04-24 09:42:17
ACC_1014720,C_109778,SAVINGS,1320.76,ACTIVE,2024-08-06 06:30:47
ACC_1014721,C_109779,CURRENT,969.8,ACTIVE,2017-09-27 15:52:31
ACC_1014722,C_109780,BUSINESS,14112.48,ACTIVE,2019-03-06 18:03:27
ACC_1014723,C_109781,BUSINESS,54123.6,ACTIVE,2025-11-14 12:37:29
ACC_1014724,C_109782,CURRENT,1844.58,ACTIVE,2019-11-27 02:31:37
ACC_1014725,C_109783,CURRENT,894.8,ACTIVE,2019-11-15 00:41:38
ACC_1014726,C_109783,CURRENT,969.13,DORMANT,2019-12-05 08:54:38
ACC_1014727,C_109784,SAVINGS,12801.53,ACTIVE,2021-10-14 13:27:44
ACC_1014728,C_109785,CURRENT,896.83,ACTIVE,2017-05-14 13:37:30
ACC_1014729,C_109785,CURRENT,1471.51,ACTIVE,2017-04-25 11:38:30
ACC_1014730,C_109786,BUSINESS,7242.27,DORMANT,2018-07-23 18:20:29
ACC_1014731,C_109787,SAVINGS,40056.61,ACTIVE,2022-03-17 02:44:57
ACC_1014732,C_109788,SAVINGS,19638.03,ACTIVE,2022-07-12 15:07:30
ACC_1014733,C_109788,CURRENT,2032.18,ACTIVE,2022-07-16 09:45:30
ACC_1014734,C_109789,SAVINGS,11443.88,ACTIVE,2022-06-27 20:00:12
ACC_1014735,C_109789,SAVINGS,22982.81,ACTIVE,2022-06-26 01:38:12
ACC_1014736,C_109790,CURRENT,12326.03,ACTIVE,2017-05-20 11:00:34
ACC_1014737,C_109790,CURRENT,4592.91,ACTIVE,2017-05-25 03:14:34
ACC_1014738,C_109791,SAVINGS,4424.4,ACTIVE,2024-09-18 23:13:15
ACC_1014739,C_109792,BUSINESS,144728.77,ACTIVE,2024-05-04 13:05:48
ACC_1014740,C_109793,BUSINESS,43859.59,ACTIVE,2022-11-06 05:48:33
ACC_1014741,C_109794,CURRENT,43362.6,ACTIVE,2022-05-15 00:41:59
ACC_1014742,C_109794,CURRENT,863.0,ACTIVE,2022-05-01 17:37:59
ACC_1014743,C_109795,BUSINESS,126747.35,ACTIVE,2017-06-30 05:44:39
ACC_1014744,C_109795,SAVINGS,7921.68,DORMANT,2017-07-03 18:13:39
ACC_1014745,C_109796,CURRENT,4633.37,ACTIVE,2023-08-10 07:19:53
ACC_1014746,C_109797,SAVINGS,7130.3,ACTIVE,2016-08-12 20:13:16
ACC_1014747,C_109798,CURRENT,2127.06,ACTIVE,2016-01-22 09:27:04
ACC_1014748,C_109798,CURRENT,1391.74,ACTIVE,2016-02-21 01:31:04
ACC_1014749,C_109798,CURRENT,7219.49,ACTIVE,2016-02-12 22:18:04
ACC_1014750,C_109799,CURRENT,5225.02,ACTIVE,2024-11-11 17:55:04
ACC_1014751,C_109799,SAVINGS,11055.47,ACTIVE,2024-11-08 19:13:04
ACC_1014752,C_109800,BUSINESS,4726.6,ACTIVE,2025-01-03 03:37:02
ACC_1014753,C_109801,CURRENT,616.37,DORMANT,2019-08-22 20:02:31
ACC_1014754,C_109802,SAVINGS,7885.32,ACTIVE,2019-12-25 03:41:33
ACC_1014755,C_109803,CURRENT,2496.09,DORMANT,2021-06-17 13:00:00
ACC_1014756,C_109804,CURRENT,970.9,ACTIVE,2020-09-18 08:40:11
ACC_1014757,C_109805,SAVINGS,15003.72,ACTIVE,2021-07-30 04:59:05
ACC_1014758,C_109806,SAVINGS,14122.62,ACTIVE,2017-10-05 17:38:45
ACC_1014759,C_109806,CURRENT,743.15,DORMANT,2017-10-03 20:35:45
ACC_1014760,C_109807,SAVINGS,3783.35,ACTIVE,2021-09-04 12:57:56
ACC_1014761,C_109808,BUSINESS,13155.47,ACTIVE,2020-04-12 05:37:18
ACC_1014762,C_109809,SAVINGS,15965.52,ACTIVE,2022-10-08 13:42:20
ACC_1014763,C_109809,SAVINGS,8992.41,DORMANT,2022-10-17 12:27:20
ACC_1014764,C_109809,CURRENT,23393.44,ACTIVE,2022-10-05 05:44:20
ACC_1014765,C_109810,SAVINGS,33733.86,ACTIVE,2021-10-04 07:03:04
ACC_1014766,C_109810,CURRENT,5279.1,ACTIVE,2021-10-29 03:48:04
ACC_1014767,C_109810,SAVINGS,12992.58,ACTIVE,2021-10-06 18:56:04
ACC_1014768,C_109811,BUSINESS,71514.2,ACTIVE,2017-06-18 07:13:02
ACC_1014769,C_109812,SAVINGS,99423.04,ACTIVE,2018-08-20 09:08:37
ACC_1014770,C_109813,CURRENT,754.19,ACTIVE,2023-02-10 16:00:57
ACC_1014771,C_109813,SAVINGS,75479.83,ACTIVE,2023-02-22 22:40:57
ACC_1014772,C_109814,CURRENT,1599.93,ACTIVE,2024-12-31 15:30:12
ACC_1014773,C_109815,CURRENT,3828.53,ACTIVE,2016-11-01 03:25:03
ACC_1014774,C_109815,SAVINGS,2561.27,ACTIVE,2016-10-28 04:00:03
ACC_1014775,C_109816,SAVINGS,9303.96,ACTIVE,2023-05-17 09:41:22
ACC_1014776,C_109817,BUSINESS,650604.8,ACTIVE,2017-10-13 03:41:23
ACC_1014777,C_109817,SAVINGS,20901.43,ACTIVE,2017-10-04 18:22:23
ACC_1014778,C_109818,CURRENT,1127.52,ACTIVE,2025-10-26 07:02:41
ACC_1014779,C_109818,CURRENT,2169.93,ACTIVE,2025-11-01 11:13:41
ACC_1014780,C_109819,CURRENT,2311.67,ACTIVE,2018-09-06 23:19:53
ACC_1014781,C_109820,CURRENT,1431.33,DORMANT,2019-05-31 17:39:35
ACC_1014782,C_109821,CURRENT,1158.59,ACTIVE,2021-09-10 12:57:31
ACC_1014783,C_109822,CURRENT,2274.82,ACTIVE,2025-10-05 17:09:44
ACC_1014784,C_109823,BUSINESS,252115.51,ACTIVE,2025-01-02 16:46:44
ACC_1014785,C_109824,SAVINGS,32171.97,ACTIVE,2023-01-14 16:44:02
ACC_1014786,C_109824,BUSINESS,1326438.79,DORMANT,2023-01-03 18:54:02
ACC_1014787,C_109825,SAVINGS,22119.56,ACTIVE,2020-04-15 10:05:29
ACC_1014788,C_109825,SAVINGS,5552.99,ACTIVE,2020-04-27 18:37:29
ACC_1014789,C_109825,CURRENT,1462.09,ACTIVE,2020-04-14 05:40:29
ACC_1014790,C_109826,SAVINGS,20313.4,ACTIVE,2021-06-21 18:55:58
ACC_1014791,C_109827,BUSINESS,277098.26,ACTIVE,2022-03-15 23:03:01
ACC_1014792,C_109827,CURRENT,1824.08,ACTIVE,2022-03-13 09:57:01
ACC_1014793,C_109827,CURRENT,1661.64,ACTIVE,2022-04-04 22:29:01
ACC_1014794,C_109828,SAVINGS,78551.56,ACTIVE,2022-01-31 19:59:13
ACC_1014795,C_109829,BUSINESS,19918.48,ACTIVE,2018-02-07 03:24:55
ACC_1014796,C_109829,BUSINESS,494274.08,ACTIVE,2018-01-27 20:03:55
ACC_1014797,C_109829,CURRENT,5061.89,ACTIVE,2018-01-30 20:15:55
ACC_1014798,C_109830,BUSINESS,6165.88,ACTIVE,2022-03-18 13:06:47
ACC_1014799,C_109831,CURRENT,27305.11,DORMANT,2017-05-12 20:00:55
ACC_1014800,C_109831,CURRENT,362.79,ACTIVE,2017-05-08 19:07:55
ACC_1014801,C_109832,BUSINESS,600868.8,DORMANT,2018-04-19 03:16:45
ACC_1014802,C_109833,BUSINESS,335214.92,ACTIVE,2023-03-04 08:07:42
ACC_1014803,C_109834,BUSINESS,122144.91,DORMANT,2023-05-04 01:01:40
ACC_1014804,C_109834,SAVINGS,2414.79,ACTIVE,2023-05-05 01:42:40
ACC_1014805,C_109835,CURRENT,297.3,ACTIVE,2018-08-28 17:15:04
ACC_1014806,C_109835,BUSINESS,74106.74,ACTIVE,2018-08-25 05:27:04
ACC_1014807,C_109835,BUSINESS,6585.3,ACTIVE,2018-08-28 18:56:04
ACC_1014808,C_109836,CURRENT,223.65,ACTIVE,2016-10-11 13:12:41
ACC_1014809,C_109836,SAVINGS,142585.36,ACTIVE,2016-10-10 03:59:41
ACC_1014810,C_109837,BUSINESS,19482.14,ACTIVE,2020-11-07 10:03:01
ACC_1014811,C_109837,SAVINGS,24353.26,ACTIVE,2020-11-07 17:05:01
ACC_1014812,C_109837,SAVINGS,7393.23,ACTIVE,2020-10-27 19:29:01
ACC_1014813,C_109838,SAVINGS,121686.64,ACTIVE,2022-08-25 18:36:33
ACC_1014814,C_109839,SAVINGS,1940.34,ACTIVE,2024-01-04 10:44:50
ACC_1014815,C_109840,BUSINESS,1166.3,ACTIVE,2025-04-13 07:06:20
ACC_1014816,C_109841,SAVINGS,71067.12,ACTIVE,2019-12-22 22:36:43
ACC_1014817,C_109841,SAVINGS,36779.06,ACTIVE,2020-01-07 11:37:43
ACC_1014818,C_109842,CURRENT,12162.55,ACTIVE,2023-06-08 08:52:49
ACC_1014819,C_109843,CURRENT,16810.53,ACTIVE,2020-10-19 10:48:22
ACC_1014820,C_109843,CURRENT,1742.2,ACTIVE,2020-10-20 22:09:22
ACC_1014821,C_109844,CURRENT,10419.24,ACTIVE,2018-11-14 12:48:31
ACC_1014822,C_109845,SAVINGS,52314.97,ACTIVE,2019-10-06 15:26:08
ACC_1014823,C_109846,BUSINESS,4088.4,ACTIVE,2023-04-08 21:02:50
ACC_1014824,C_109847,BUSINESS,34742.28,ACTIVE,2016-03-26 18:37:45
ACC_1014825,C_109848,SAVINGS,7734.25,ACTIVE,2017-07-16 11:02:23
ACC_1014826,C_109849,SAVINGS,2392.69,ACTIVE,2017-01-22 16:33:24
ACC_1014827,C_109850,BUSINESS,18204.0,ACTIVE,2020-01-30 13:07:49
ACC_1014828,C_109851,SAVINGS,10211.64,ACTIVE,2024-09-11 11:45:55
ACC_1014829,C_109851,CURRENT,1249.63,DORMANT,2024-08-28 06:32:55
ACC_1014830,C_109851,SAVINGS,5866.02,ACTIVE,2024-08-30 10:25:55
ACC_1014831,C_109852,BUSINESS,23713.83,ACTIVE,2018-08-18 23:13:25
ACC_1014832,C_109853,SAVINGS,26087.96,ACTIVE,2020-12-03 20:49:30
ACC_1014833,C_109854,BUSINESS,411963.57,ACTIVE,2021-05-07 02:22:22
ACC_1014834,C_109854,SAVINGS,4821.39,ACTIVE,2021-04-25 14:37:22
ACC_1014835,C_109855,BUSINESS,19148.13,ACTIVE,2018-10-28 22:02:05
ACC_1014836,C_109855,BUSINESS,50322.02,ACTIVE,2018-10-07 15:40:05
ACC_1014837,C_109856,CURRENT,2984.74,ACTIVE,2025-11-05 13:36:03
ACC_1014838,C_109856,BUSINESS,39453.17,ACTIVE,2025-11-30 18:24:03
ACC_1014839,C_109857,SAVINGS,9817.64,ACTIVE,2020-10-17 06:56:25
ACC_1014840,C_109857,SAVINGS,24108.87,ACTIVE,2020-10-31 20:42:25
ACC_1014841,C_109858,CURRENT,2550.42,ACTIVE,2020-07-24 07:48:19
ACC_1014842,C_109859,BUSINESS,84496.19,ACTIVE,2018-08-17 15:39:39
ACC_1014843,C_109860,SAVINGS,15097.71,ACTIVE,2018-12-29 01:45:38
ACC_1014844,C_109861,SAVINGS,14833.66,ACTIVE,2023-10-05 03:44:47
ACC_1014845,C_109862,SAVINGS,13840.05,ACTIVE,2017-11-26 10:10:58
ACC_1014846,C_109863,CURRENT,6545.77,ACTIVE,2022-08-04 10:06:37
ACC_1014847,C_109863,BUSINESS,44351.67,ACTIVE,2022-08-23 15:41:37
ACC_1014848,C_109864,SAVINGS,12660.51,ACTIVE,2025-04-18 09:52:41
ACC_1014849,C_109864,CURRENT,2480.53,ACTIVE,2025-03-25 20:47:41
ACC_1014850,C_109865,BUSINESS,61442.34,ACTIVE,2021-09-20 04:34:17
ACC_1014851,C_109865,SAVINGS,39567.95,ACTIVE,2021-10-10 23:00:17
ACC_1014852,C_109865,BUSINESS,145391.4,ACTIVE,2021-10-06 11:43:17
ACC_1014853,C_109866,SAVINGS,6360.77,ACTIVE,2022-06-10 06:10:42
ACC_1014854,C_109867,CURRENT,1340.34,ACTIVE,2017-08-09 06:40:13
ACC_1014855,C_109868,CURRENT,1564.19,ACTIVE,2025-08-28 09:23:42
ACC_1014856,C_109868,SAVINGS,14263.44,ACTIVE,2025-08-30 07:36:42
ACC_1014857,C_109869,BUSINESS,112627.73,DORMANT,2021-08-05 08:58:23
ACC_1014858,C_109870,CURRENT,3407.24,ACTIVE,2016-12-21 13:26:59
ACC_1014859,C_109871,BUSINESS,56507.45,ACTIVE,2022-06-07 20:01:18
ACC_1014860,C_109872,CURRENT,2125.47,ACTIVE,2022-09-08 19:15:27
ACC_1014861,C_109873,CURRENT,2856.58,ACTIVE,2021-06-15 12:18:35
ACC_1014862,C_109873,CURRENT,334.27,ACTIVE,2021-06-08 22:58:35
ACC_1014863,C_109874,CURRENT,685.22,ACTIVE,2021-02-09 01:27:03
ACC_1014864,C_109875,SAVINGS,5720.26,ACTIVE,2022-08-18 07:10:56
ACC_1014865,C_109875,SAVINGS,23488.55,ACTIVE,2022-07-20 05:25:56
ACC_1014866,C_109876,CURRENT,877.21,ACTIVE,2022-07-13 17:42:04
ACC_1014867,C_109877,SAVINGS,36318.08,ACTIVE,2023-12-30 12:50:07
ACC_1014868,C_109877,CURRENT,4808.08,DORMANT,2023-12-31 04:41:07
ACC_1014869,C_109877,CURRENT,3305.22,ACTIVE,2023-11-30 13:32:07
ACC_1014870,C_109878,SAVINGS,47162.82,ACTIVE,2024-08-13 19:58:58
ACC_1014871,C_109879,BUSINESS,90565.9,ACTIVE,2023-05-18 11:39:55
ACC_1014872,C_109880,SAVINGS,20104.9,ACTIVE,2017-04-09 07:43:34
ACC_1014873,C_109880,CURRENT,731.72,ACTIVE,2017-05-04 11:17:34
ACC_1014874,C_109880,CURRENT,1098.6,ACTIVE,2017-04-26 18:52:34
ACC_1014875,C_109881,SAVINGS,8740.13,ACTIVE,2018-03-04 11:14:29
ACC_1014876,C_109882,SAVINGS,20653.04,ACTIVE,2017-05-09 18:51:05
ACC_1014877,C_109882,CURRENT,3210.74,ACTIVE,2017-05-18 00:40:05
ACC_1014878,C_109883,SAVINGS,66222.98,ACTIVE,2021-10-25 17:09:45
ACC_1014879,C_109884,SAVINGS,14850.07,ACTIVE,2022-02-10 16:19:22
ACC_1014880,C_109884,BUSINESS,120468.2,ACTIVE,2022-02-16 17:28:22
ACC_1014881,C_109885,SAVINGS,40573.29,DORMANT,2024-12-03 04:30:42
ACC_1014882,C_109885,BUSINESS,117081.84,ACTIVE,2024-12-02 02:40:42
ACC_1014883,C_109886,BUSINESS,104740.41,ACTIVE,2021-09-07 09:31:34
ACC_1014884,C_109887,CURRENT,3196.36,ACTIVE,2016-03-01 20:33:05
ACC_1014885,C_109888,BUSINESS,2560.47,ACTIVE,2018-01-15 04:55:35
ACC_1014886,C_109888,BUSINESS,31707.18,ACTIVE,2018-01-17 03:49:35
ACC_1014887,C_109889,BUSINESS,52133.28,ACTIVE,2019-01-12 08:43:27
ACC_1014888,C_109890,SAVINGS,14664.71,ACTIVE,2024-01-18 05:57:48
ACC_1014889,C_109890,CURRENT,1027.49,ACTIVE,2024-01-14 07:56:48
ACC_1014890,C_109890,BUSINESS,375034.3,ACTIVE,2024-01-23 15:34:48
ACC_1014891,C_109891,SAVINGS,9060.49,ACTIVE,2023-03-03 06:06:53
ACC_1014892,C_109892,SAVINGS,11860.66,DORMANT,2018-11-30 21:53:29
ACC_1014893,C_109893,CURRENT,1832.34,ACTIVE,2020-03-03 12:09:38
ACC_1014894,C_109894,SAVINGS,48936.08,ACTIVE,2023-01-19 18:06:09
ACC_1014895,C_109895,SAVINGS,248903.34,ACTIVE,2018-11-28 13:33:15
ACC_1014896,C_109896,BUSINESS,5559.08,DORMANT,2019-07-02 20:57:26
ACC_1014897,C_109897,BUSINESS,44303.37,ACTIVE,2021-07-25 04:06:03
ACC_1014898,C_109898,BUSINESS,20279.01,ACTIVE,2018-08-03 19:40:59
ACC_1014899,C_109899,BUSINESS,26377.61,ACTIVE,2016-10-04 21:39:33
ACC_1014900,C_109899,SAVINGS,37716.88,ACTIVE,2016-10-11 22:02:33
ACC_1014901,C_109900,SAVINGS,2721.93,DORMANT,2020-06-24 12:48:39
ACC_1014902,C_109901,CURRENT,7551.64,ACTIVE,2019-07-30 23:04:41
ACC_1014903,C_109901,CURRENT,2973.23,ACTIVE,2019-08-11 01:57:41
ACC_1014904,C_109902,CURRENT,4774.48,ACTIVE,2021-04-24 01:11:41
ACC_1014905,C_109903,SAVINGS,51677.81,ACTIVE,2020-08-12 15:32:38
ACC_1014906,C_109903,BUSINESS,8017.51,ACTIVE,2020-09-06 08:12:38
ACC_1014907,C_109904,BUSINESS,37772.63,ACTIVE,2020-04-27 19:13:47
ACC_1014908,C_109905,CURRENT,1434.23,ACTIVE,2016-01-31 15:13:17
ACC_1014909,C_109906,CURRENT,2108.71,ACTIVE,2016-06-04 08:46:53
ACC_1014910,C_109907,BUSINESS,256997.6,ACTIVE,2016-09-04 14:46:29
ACC_1014911,C_109907,BUSINESS,34751.56,ACTIVE,2016-08-26 11:29:29
ACC_1014912,C_109907,SAVINGS,20062.67,ACTIVE,2016-08-25 02:32:29
ACC_1014913,C_109908,CURRENT,2519.52,DORMANT,2023-06-04 22:17:30
ACC_1014914,C_109908,CURRENT,958.86,ACTIVE,2023-05-26 11:30:30
ACC_1014915,C_109909,BUSINESS,12784.96,ACTIVE,2020-01-06 10:04:38
ACC_1014916,C_109909,CURRENT,858.55,ACTIVE,2019-12-17 03:01:38
ACC_1014917,C_109910,CURRENT,1871.71,ACTIVE,2018-09-30 18:58:29
ACC_1014918,C_109911,CURRENT,1752.58,ACTIVE,2019-04-01 17:07:25
ACC_1014919,C_109911,BUSINESS,52358.73,ACTIVE,2019-04-13 17:04:25
ACC_1014920,C_109912,BUSINESS,8638.49,ACTIVE,2024-05-14 17:56:49
ACC_1014921,C_109912,CURRENT,7670.08,DORMANT,2024-05-02 02:35:49
ACC_1014922,C_109913,CURRENT,764.86,ACTIVE,2017-12-27 16:46:08
ACC_1014923,C_109913,SAVINGS,8366.72,ACTIVE,2017-12-28 13:07:08
ACC_1014924,C_109914,BUSINESS,67990.53,ACTIVE,2026-01-10 07:20:12
ACC_1014925,C_109914,BUSINESS,1393746.42,ACTIVE,2025-12-18 03:44:12
ACC_1014926,C_109914,SAVINGS,6168.82,ACTIVE,2025-12-31 06:05:12
ACC_1014927,C_109915,SAVINGS,8437.64,DORMANT,2024-10-29 13:22:05
ACC_1014928,C_109916,CURRENT,3076.58,ACTIVE,2020-01-04 04:37:36
ACC_1014929,C_109917,CURRENT,1297.51,ACTIVE,2023-11-21 09:28:20
ACC_1014930,C_109917,CURRENT,756.19,ACTIVE,2023-11-18 11:01:20
ACC_1014931,C_109917,BUSINESS,43457.63,ACTIVE,2023-12-10 21:37:20
ACC_1014932,C_109918,BUSINESS,37258.09,ACTIVE,2024-12-15 09:44:41
ACC_1014933,C_109919,BUSINESS,112432.09,ACTIVE,2022-07-07 17:00:48
ACC_1014934,C_109920,BUSINESS,164493.4,ACTIVE,2025-12-24 04:55:24
ACC_1014935,C_109920,BUSINESS,66009.6,ACTIVE,2026-01-03 17:33:24
ACC_1014936,C_109921,CURRENT,4564.98,ACTIVE,2018-03-29 11:26:55
ACC_1014937,C_109921,SAVINGS,2749.18,ACTIVE,2018-03-20 01:58:55
ACC_1014938,C_109922,BUSINESS,37060.43,ACTIVE,2018-01-29 15:14:38
ACC_1014939,C_109922,BUSINESS,158018.95,ACTIVE,2018-01-11 14:31:38
ACC_1014940,C_109922,SAVINGS,7843.52,ACTIVE,2018-01-29 15:20:38
ACC_1014941,C_109923,CURRENT,4943.18,ACTIVE,2021-07-29 01:27:45
ACC_1014942,C_109923,CURRENT,3666.96,ACTIVE,2021-08-27 02:26:45
ACC_1014943,C_109924,SAVINGS,13968.08,ACTIVE,2023-10-26 04:38:22
ACC_1014944,C_109925,SAVINGS,14755.09,ACTIVE,2019-11-20 05:22:33
ACC_1014945,C_109926,BUSINESS,768376.74,ACTIVE,2024-07-08 22:26:18
ACC_1014946,C_109927,BUSINESS,54994.4,ACTIVE,2024-03-29 21:54:54
ACC_1014947,C_109928,BUSINESS,375051.81,ACTIVE,2016-07-21 08:48:41
ACC_1014948,C_109929,SAVINGS,23541.34,ACTIVE,2025-06-01 19:08:30
ACC_1014949,C_109929,SAVINGS,39432.8,ACTIVE,2025-06-07 20:12:30
ACC_1014950,C_109930,CURRENT,2785.36,ACTIVE,2020-02-23 00:26:57
ACC_1014951,C_109931,BUSINESS,90016.28,ACTIVE,2024-03-24 14:13:55
ACC_1014952,C_109931,SAVINGS,61003.23,ACTIVE,2024-04-01 00:55:55
ACC_1014953,C_109931,CURRENT,1656.67,DORMANT,2024-03-09 17:31:55
ACC_1014954,C_109932,CURRENT,468.01,ACTIVE,2016-05-03 18:51:44
ACC_1014955,C_109933,SAVINGS,2008.32,ACTIVE,2019-05-12 01:36:13
ACC_1014956,C_109933,CURRENT,31996.43,ACTIVE,2019-05-15 14:20:13
ACC_1014957,C_109934,CURRENT,4747.29,ACTIVE,2022-09-28 03:50:23
ACC_1014958,C_109935,BUSINESS,105086.29,ACTIVE,2019-02-25 03:23:18
ACC_1014959,C_109936,SAVINGS,18899.63,DORMANT,2019-07-19 14:42:52
ACC_1014960,C_109937,SAVINGS,44091.5,ACTIVE,2016-04-17 05:29:24
ACC_1014961,C_109938,BUSINESS,65487.88,ACTIVE,2021-09-08 17:27:10
ACC_1014962,C_109939,SAVINGS,24007.18,ACTIVE,2016-11-29 07:43:03
ACC_1014963,C_109939,BUSINESS,50098.61,ACTIVE,2016-12-13 05:51:03
ACC_1014964,C_109940,SAVINGS,41300.82,ACTIVE,2019-06-22 10:58:45
ACC_1014965,C_109941,CURRENT,794.46,ACTIVE,2018-01-01 10:01:03
ACC_1014966,C_109942,BUSINESS,110630.24,ACTIVE,2024-03-06 10:37:02
ACC_1014967,C_109942,CURRENT,2845.34,ACTIVE,2024-03-02 01:54:02
ACC_1014968,C_109942,SAVINGS,17940.35,ACTIVE,2024-02-24 02:07:02
ACC_1014969,C_109943,SAVINGS,31235.4,ACTIVE,2024-11-29 14:38:18
ACC_1014970,C_109944,BUSINESS,43637.45,DORMANT,2018-10-17 03:19:12
ACC_1014971,C_109944,BUSINESS,35441.8,ACTIVE,2018-10-14 19:02:12
ACC_1014972,C_109944,BUSINESS,46653.94,DORMANT,2018-09-28 02:13:12
ACC_1014973,C_109945,SAVINGS,6219.41,ACTIVE,2024-02-13 20:39:38
ACC_1014974,C_109946,BUSINESS,9926.74,ACTIVE,2017-02-04 22:37:33
ACC_1014975,C_109946,BUSINESS,84165.84,ACTIVE,2017-01-27 02:56:33
ACC_1014976,C_109947,CURRENT,762.38,ACTIVE,2022-06-15 15:02:07
ACC_1014977,C_109948,SAVINGS,1287.0,DORMANT,2022-04-18 17:58:35
ACC_1014978,C_109949,CURRENT,7338.39,ACTIVE,2022-10-27 01:21:26
ACC_1014979,C_109950,BUSINESS,27847.85,ACTIVE,2020-01-14 01:12:10
ACC_1014980,C_109950,CURRENT,2270.15,ACTIVE,2019-12-25 04:06:10
ACC_1014981,C_109951,CURRENT,1713.81,ACTIVE,2022-07-06 06:41:13
ACC_1014982,C_109952,CURRENT,1651.22,ACTIVE,2018-07-15 11:34:20
ACC_1014983,C_109953,CURRENT,1114.54,ACTIVE,2025-09-03 13:56:44
ACC_1014984,C_109953,CURRENT,3124.34,ACTIVE,2025-08-17 20:06:44
ACC_1014985,C_109954,BUSINESS,9658.59,ACTIVE,2016-02-29 17:23:21
ACC_1014986,C_109954,CURRENT,3107.52,ACTIVE,2016-02-28 06:08:21
ACC_1014987,C_109954,CURRENT,985.06,ACTIVE,2016-02-27 06:08:21
ACC_1014988,C_109955,SAVINGS,64603.89,ACTIVE,2025-09-18 19:06:22
ACC_1014989,C_109955,CURRENT,573.96,ACTIVE,2025-08-31 23:21:22
ACC_1014990,C_109956,SAVINGS,5258.28,ACTIVE,2017-04-17 23:37:10
ACC_1014991,C_109957,SAVINGS,11776.18,DORMANT,2017-12-12 14:02:53
ACC_1014992,C_109957,CURRENT,818.08,ACTIVE,2017-11-25 01:07:53
ACC_1014993,C_109958,CURRENT,2038.22,ACTIVE,2021-02-12 18:07:59
ACC_1014994,C_109959,BUSINESS,48229.99,ACTIVE,2016-10-29 21:33:41
ACC_1014995,C_109959,CURRENT,1981.68,ACTIVE,2016-10-09 11:43:41
ACC_1014996,C_109960,BUSINESS,13310.75,ACTIVE,2022-02-24 16:34:03
ACC_1014997,C_109961,SAVINGS,1046.21,ACTIVE,2020-09-10 19:38:13
ACC_1014998,C_109962,CURRENT,1672.61,ACTIVE,2022-11-01 19:31:06
ACC_1014999,C_109963,SAVINGS,44071.74,ACTIVE,2025-09-04 17:55:50
ACC_1015000,C_109964,BUSINESS,25918.57,ACTIVE,2022-10-26 20:13:20
ACC_1015001,C_109965,BUSINESS,176969.76,ACTIVE,2017-01-25 19:48:15
ACC_1015002,C_109966,BUSINESS,31653.8,ACTIVE,2022-08-23 06:25:02
ACC_1015003,C_109967,CURRENT,910.67,DORMANT,2019-07-11 01:56:18
ACC_1015004,C_109967,BUSINESS,122534.39,ACTIVE,2019-07-07 23:10:18
ACC_1015005,C_109968,SAVINGS,250000.0,ACTIVE,2021-08-01 18:32:44
ACC_1015006,C_109969,CURRENT,10120.42,ACTIVE,2025-08-21 23:44:33
ACC_1015007,C_109969,BUSINESS,122817.46,ACTIVE,2025-09-06 06:11:33
ACC_1015008,C_109970,BUSINESS,98134.42,ACTIVE,2020-09-25 20:28:08
ACC_1015009,C_109971,BUSINESS,266966.37,ACTIVE,2022-01-22 02:18:53
ACC_1015010,C_109971,BUSINESS,4006.41,DORMANT,2022-02-04 00:06:53
ACC_1015011,C_109972,SAVINGS,14185.57,DORMANT,2019-03-13 13:34:26
ACC_1015012,C_109972,CURRENT,5697.98,ACTIVE,2019-03-13 05:29:26
ACC_1015013,C_109973,CURRENT,1602.8,ACTIVE,2017-04-15 02:59:58
ACC_1015014,C_109973,CURRENT,179.38,ACTIVE,2017-04-19 08:56:58
ACC_1015015,C_109974,SAVINGS,27000.92,ACTIVE,2022-01-25 00:47:13
ACC_1015016,C_109975,CURRENT,11386.62,ACTIVE,2022-05-27 09:13:55
ACC_1015017,C_109976,SAVINGS,104986.91,ACTIVE,2021-07-04 06:03:32
ACC_1015018,C_109977,CURRENT,1017.3,ACTIVE,2024-10-30 17:07:44
ACC_1015019,C_109978,SAVINGS,2827.84,ACTIVE,2022-06-10 13:43:13
ACC_1015020,C_109979,CURRENT,1273.83,ACTIVE,2024-08-29 01:31:16
ACC_1015021,C_109979,SAVINGS,7039.41,ACTIVE,2024-08-29 04:29:16
ACC_1015022,C_109980,CURRENT,3034.81,ACTIVE,2022-08-22 10:09:52
ACC_1015023,C_109981,SAVINGS,42402.67,ACTIVE,2016-12-08 02:28:44
ACC_1015024,C_109982,CURRENT,4180.3,ACTIVE,2025-08-24 10:44:55
ACC_1015025,C_109983,CURRENT,998.14,ACTIVE,2020-07-14 22:50:15
ACC_1015026,C_109983,CURRENT,6153.46,ACTIVE,2020-07-08 23:36:15
ACC_1015027,C_109984,CURRENT,1169.8,ACTIVE,2021-10-24 23:36:28
ACC_1015028,C_109984,CURRENT,7202.53,ACTIVE,2021-10-07 19:13:28
ACC_1015029,C_109984,CURRENT,1387.47,ACTIVE,2021-10-31 05:40:28
ACC_1015030,C_109985,CURRENT,286.53,ACTIVE,2022-08-09 02:02:54
ACC_1015031,C_109986,BUSINESS,260342.21,ACTIVE,2017-01-17 10:45:40
ACC_1015032,C_109987,CURRENT,878.1,ACTIVE,2021-11-02 20:08:18
ACC_1015033,C_109987,CURRENT,1466.04,DORMANT,2021-11-24 10:40:18
ACC_1015034,C_109987,CURRENT,9995.16,ACTIVE,2021-11-26 04:56:18
ACC_1015035,C_109988,BUSINESS,7312.99,ACTIVE,2018-04-09 21:40:59
ACC_1015036,C_109989,BUSINESS,18812.69,ACTIVE,2016-10-04 00:45:22
ACC_1015037,C_109989,SAVINGS,66131.16,DORMANT,2016-11-01 17:08:22
ACC_1015038,C_109990,CURRENT,494.26,ACTIVE,2022-09-22 00:36:08
ACC_1015039,C_109991,CURRENT,1528.09,ACTIVE,2022-05-01 10:44:06
ACC_1015040,C_109992,CURRENT,2632.56,ACTIVE,2016-10-10 11:02:35
ACC_1015041,C_109993,BUSINESS,31216.37,ACTIVE,2017-11-28 11:53:06
ACC_1015042,C_109994,CURRENT,1780.49,ACTIVE,2019-07-23 16:08:44
ACC_1015043,C_109995,SAVINGS,6987.3,ACTIVE,2018-01-21 21:14:21
ACC_1015044,C_109995,BUSINESS,10371.98,ACTIVE,2018-02-04 06:05:21
ACC_1015045,C_109996,SAVINGS,11744.23,ACTIVE,2024-01-09 11:24:06
ACC_1015046,C_109996,BUSINESS,27407.69,ACTIVE,2024-01-18 23:46:06
ACC_1015047,C_109997,CURRENT,807.12,ACTIVE,2018-03-27 05:52:55
ACC_1015048,C_109997,CURRENT,4299.91,ACTIVE,2018-03-10 10:33:55
ACC_1015049,C_109998,SAVINGS,4537.27,ACTIVE,2024-08-31 17:12:39
ACC_1015050,C_109998,CURRENT,2475.66,ACTIVE,2024-09-04 05:52:39
ACC_1015051,C_109998,CURRENT,2543.23,ACTIVE,2024-08-15 12:25:39
ACC_1015052,C_109999,SAVINGS,2806.52,ACTIVE,2019-08-24 19:47:53
