beneficiary_id,account_id,beneficiary_account_id,created_at,status
B_100000,ACC_1000001,ACC_1000963,2016-05-02 14:51:03,APPROVED
B_100001,ACC_1000003,ACC_1007579,2016-05-19 15:52:03,APPROVED
B_100002,ACC_1000003,ACC_1007517,2016-05-27 15:52:03,APPROVED
B_100003,ACC_1000003,ACC_1014003,2016-05-23 15:52:03,APPROVED
B_100004,ACC_1000008,ACC_1012669,2019-04-15 17:22:18,APPROVED
B_100005,ACC_1000008,ACC_1012914,2019-04-21 17:22:18,APPROVED
B_100006,ACC_1000009,ACC_1013161,2018-05-27 00:47:13,APPROVED
B_100007,ACC_1000009,ACC_1000659,2018-06-01 00:47:13,APPROVED
B_100008,ACC_1000009,ACC_1003605,2018-05-31 00:47:13,APPROVED
B_100009,ACC_1000013,ACC_1004924,2022-08-13 09:58:55,APPROVED
B_100010,ACC_1000013,ACC_1000795,2022-08-16 09:58:55,APPROVED
B_100011,ACC_1000016,ACC_1007341,2022-03-28 23:17:04,APPROVED
B_100012,ACC_1000020,ACC_1010206,2022-01-01 12:34:14,APPROVED
B_100013,ACC_1000020,ACC_1011865,2021-12-26 12:34:14,APPROVED
B_100014,ACC_1000020,ACC_1004658,2022-01-01 12:34:14,APPROVED
B_100015,ACC_1000023,ACC_1004557,2025-02-18 12:35:46,APPROVED
B_100016,ACC_1000023,ACC_1003486,2025-02-16 12:35:46,APPROVED
B_100017,ACC_1000024,ACC_1010677,2025-03-13 09:13:11,APPROVED
B_100018,ACC_1000024,ACC_1007123,2025-03-05 09:13:11,APPROVED
B_100019,ACC_1000024,ACC_1010398,2025-03-08 09:13:11,APPROVED
B_100020,ACC_1000027,ACC_1001209,2022-09-04 12:51:04,APPROVED
B_100021,ACC_1000027,ACC_1009702,2022-09-07 12:51:04,APPROVED
B_100022,ACC_1000027,ACC_1008656,2022-09-01 12:51:04,APPROVED
B_100023,ACC_1000033,ACC_1008564,2023-04-05 07:19:59,APPROVED
B_100024,ACC_1000033,ACC_1000600,2023-04-09 07:19:59,APPROVED
B_100025,ACC_1000033,ACC_1005469,2023-04-10 07:19:59,APPROVED
B_100026,ACC_1000034,ACC_1007142,2023-04-26 06:58:59,APPROVED
B_100027,ACC_1000034,ACC_1008793,2023-04-27 06:58:59,APPROVED
B_100028,ACC_1000034,ACC_1014038,2023-04-22 06:58:59,APPROVED
B_100029,ACC_1000035,ACC_1010037,2017-08-18 19:45:36,APPROVED
B_100030,ACC_1000035,ACC_1008246,2017-08-11 19:45:36,APPROVED
B_100031,ACC_1000040,ACC_1001008,2020-04-14 21:25:42,APPROVED
B_100032,ACC_1000041,ACC_1007098,2017-10-17 10:50:50,APPROVED
B_100033,ACC_1000044,ACC_1010157,2021-09-02 23:29:15,APPROVED
B_100034,ACC_1000044,ACC_1007518,2021-08-29 23:29:15,PENDING
B_100035,ACC_1000044,ACC_1007872,2021-09-03 23:29:15,APPROVED
B_100036,ACC_1000045,ACC_1010694,2021-09-02 14:13:15,APPROVED
B_100037,ACC_1000045,ACC_1002192,2021-09-01 14:13:15,APPROVED
B_100038,ACC_1000048,ACC_1012026,2021-12-15 16:13:07,APPROVED
B_100039,ACC_1000048,ACC_1003229,2021-12-16 16:13:07,APPROVED
B_100040,ACC_1000048,ACC_1014566,2021-12-14 16:13:07,APPROVED
B_100041,ACC_1000049,ACC_1012106,2021-11-30 07:09:07,APPROVED
B_100042,ACC_1000049,ACC_1010759,2021-11-21 07:09:07,APPROVED
B_100043,ACC_1000049,ACC_1005978,2021-11-26 07:09:07,APPROVED
B_100044,ACC_1000050,ACC_1008049,2023-05-01 06:26:21,APPROVED
B_100045,ACC_1000050,ACC_1013729,2023-05-06 06:26:21,APPROVED
B_100046,ACC_1000050,ACC_1008429,2023-05-04 06:26:21,APPROVED
B_100047,ACC_1000054,ACC_1014870,2025-02-03 01:11:37,APPROVED
B_100048,ACC_1000055,ACC_1003503,2017-05-26 17:26:49,APPROVED
B_100049,ACC_1000057,ACC_1001662,2025-05-19 02:59:25,APPROVED
B_100050,ACC_1000057,ACC_1008845,2025-05-15 02:59:25,APPROVED
B_100051,ACC_1000059,ACC_1012860,2022-04-08 20:58:30,APPROVED
B_100052,ACC_1000059,ACC_1003617,2022-04-05 20:58:30,APPROVED
B_100053,ACC_1000061,ACC_1007613,2023-09-21 05:28:06,APPROVED
B_100054,ACC_1000061,ACC_1006136,2023-09-28 05:28:06,APPROVED
B_100055,ACC_1000070,ACC_1003702,2024-05-27 22:42:25,APPROVED
B_100056,ACC_1000070,ACC_1006503,2024-05-26 22:42:25,APPROVED
B_100057,ACC_1000073,ACC_1001644,2023-06-21 22:49:15,APPROVED
B_100058,ACC_1000073,ACC_1007929,2023-06-24 22:49:15,APPROVED
B_100059,ACC_1000075,ACC_1014314,2019-04-08 20:43:09,APPROVED
B_100060,ACC_1000076,ACC_1000036,2019-04-10 21:32:09,APPROVED
B_100061,ACC_1000076,ACC_1011382,2019-04-05 21:32:09,APPROVED
B_100062,ACC_1000076,ACC_1004417,2019-04-09 21:32:09,APPROVED
B_100063,ACC_1000078,ACC_1007552,2024-06-23 02:58:04,APPROVED
B_100064,ACC_1000078,ACC_1011530,2024-06-17 02:58:04,APPROVED
B_100065,ACC_1000080,ACC_1013595,2021-08-14 11:35:03,APPROVED
B_100066,ACC_1000080,ACC_1007176,2021-08-12 11:35:03,APPROVED
B_100067,ACC_1000080,ACC_1007934,2021-08-11 11:35:03,APPROVED
B_100068,ACC_1000081,ACC_1010796,2023-11-28 08:46:29,APPROVED
B_100069,ACC_1000082,ACC_1013433,2023-11-02 20:47:29,APPROVED
B_100070,ACC_1000083,ACC_1005391,2021-03-26 06:24:16,APPROVED
B_100071,ACC_1000083,ACC_1002566,2021-04-03 06:24:16,APPROVED
B_100072,ACC_1000083,ACC_1008650,2021-04-03 06:24:16,APPROVED
B_100073,ACC_1000084,ACC_1001114,2026-01-30 20:48:42,APPROVED
B_100074,ACC_1000084,ACC_1012495,2026-02-04 20:48:42,APPROVED
B_100075,ACC_1000084,ACC_1009923,2026-02-01 20:48:42,APPROVED
B_100076,ACC_1000085,ACC_1006531,2026-01-23 17:25:42,APPROVED
B_100077,ACC_1000085,ACC_1002415,2026-01-22 17:25:42,APPROVED
B_100078,ACC_1000086,ACC_1014509,2026-01-28 02:02:42,APPROVED
B_100079,ACC_1000086,ACC_1011182,2026-01-27 02:02:42,APPROVED
B_100080,ACC_1000089,ACC_1009706,2018-08-22 05:26:34,APPROVED
B_100081,ACC_1000089,ACC_1006072,2018-08-27 05:26:34,APPROVED
B_100082,ACC_1000090,ACC_1014092,2018-08-26 23:42:34,APPROVED
B_100083,ACC_1000090,ACC_1000670,2018-08-27 23:42:34,APPROVED
B_100084,ACC_1000090,ACC_1001385,2018-08-29 23:42:34,APPROVED
B_100085,ACC_1000092,ACC_1012083,2022-07-29 04:53:40,APPROVED
B_100086,ACC_1000094,ACC_1003609,2022-03-17 02:01:49,APPROVED
B_100087,ACC_1000094,ACC_1003705,2022-03-14 02:01:49,APPROVED
B_100088,ACC_1000094,ACC_1008806,2022-03-11 02:01:49,APPROVED
B_100089,ACC_1000097,ACC_1008336,2023-09-19 17:06:14,APPROVED
B_100090,ACC_1000097,ACC_1011282,2023-09-16 17:06:14,APPROVED
B_100091,ACC_1000097,ACC_1014832,2023-09-12 17:06:14,APPROVED
B_100092,ACC_1000099,ACC_1009694,2017-07-20 22:11:35,APPROVED
B_100093,ACC_1000100,ACC_1009188,2025-12-07 07:51:12,APPROVED
B_100094,ACC_1000101,ACC_1001499,2019-12-12 04:52:49,APPROVED
B_100095,ACC_1000101,ACC_1006894,2019-12-07 04:52:49,PENDING
B_100096,ACC_1000101,ACC_1001864,2019-12-07 04:52:49,APPROVED
B_100097,ACC_1000104,ACC_1006382,2024-08-25 06:22:51,APPROVED
B_100098,ACC_1000104,ACC_1008108,2024-08-26 06:22:51,APPROVED
B_100099,ACC_1000105,ACC_1009882,2019-07-17 06:28:08,APPROVED
B_100100,ACC_1000105,ACC_1011240,2019-07-19 06:28:08,APPROVED
B_100101,ACC_1000106,ACC_1007544,2022-09-18 20:04:13,APPROVED
B_100102,ACC_1000107,ACC_1006250,2022-09-22 18:28:13,APPROVED
B_100103,ACC_1000108,ACC_1001843,2024-10-16 05:03:43,APPROVED
B_100104,ACC_1000109,ACC_1015017,2025-07-23 23:56:37,APPROVED
B_100105,ACC_1000109,ACC_1010378,2025-07-27 23:56:37,APPROVED
B_100106,ACC_1000109,ACC_1002457,2025-07-22 23:56:37,APPROVED
B_100107,ACC_1000111,ACC_1002706,2018-01-18 08:16:46,APPROVED
B_100108,ACC_1000114,ACC_1011881,2020-04-21 01:44:52,APPROVED
B_100109,ACC_1000115,ACC_1008325,2019-11-11 22:16:55,APPROVED
B_100110,ACC_1000117,ACC_1010999,2020-08-08 08:29:18,APPROVED
B_100111,ACC_1000117,ACC_1005603,2020-08-15 08:29:18,APPROVED
B_100112,ACC_1000119,ACC_1001772,2021-12-19 10:56:56,APPROVED
B_100113,ACC_1000119,ACC_1008020,2021-12-23 10:56:56,APPROVED
B_100114,ACC_1000120,ACC_1003796,2017-06-13 23:09:42,APPROVED
B_100115,ACC_1000120,ACC_1005028,2017-06-13 23:09:42,APPROVED
B_100116,ACC_1000120,ACC_1001012,2017-06-15 23:09:42,APPROVED
B_100117,ACC_1000122,ACC_1005553,2017-05-30 12:19:42,APPROVED
B_100118,ACC_1000123,ACC_1007445,2024-08-04 17:53:05,APPROVED
B_100119,ACC_1000123,ACC_1002053,2024-08-04 17:53:05,APPROVED
B_100120,ACC_1000127,ACC_1001719,2021-07-24 19:46:06,APPROVED
B_100121,ACC_1000128,ACC_1010701,2021-07-14 01:19:06,APPROVED
B_100122,ACC_1000128,ACC_1008778,2021-07-16 01:19:06,APPROVED
B_100123,ACC_1000129,ACC_1001671,2018-12-03 09:19:36,APPROVED
B_100124,ACC_1000129,ACC_1002316,2018-12-10 09:19:36,APPROVED
B_100125,ACC_1000129,ACC_1013603,2018-12-09 09:19:36,APPROVED
B_100126,ACC_1000134,ACC_1001738,2018-06-06 04:25:07,APPROVED
B_100127,ACC_1000135,ACC_1013283,2018-05-21 22:25:07,APPROVED
B_100128,ACC_1000136,ACC_1013767,2021-02-24 20:54:12,APPROVED
B_100129,ACC_1000138,ACC_1007269,2016-11-18 05:10:55,APPROVED
B_100130,ACC_1000138,ACC_1013894,2016-11-14 05:10:55,APPROVED
B_100131,ACC_1000138,ACC_1009661,2016-11-14 05:10:55,APPROVED
B_100132,ACC_1000139,ACC_1003796,2017-09-08 20:37:59,APPROVED
B_100133,ACC_1000139,ACC_1006571,2017-09-04 20:37:59,PENDING
B_100134,ACC_1000139,ACC_1011572,2017-09-01 20:37:59,APPROVED
B_100135,ACC_1000141,ACC_1009341,2017-06-23 15:53:53,APPROVED
B_100136,ACC_1000141,ACC_1006670,2017-06-26 15:53:53,APPROVED
B_100137,ACC_1000141,ACC_1014525,2017-06-21 15:53:53,APPROVED
B_100138,ACC_1000143,ACC_1004596,2020-11-10 12:03:07,APPROVED
B_100139,ACC_1000145,ACC_1014613,2020-11-26 12:49:42,APPROVED
B_100140,ACC_1000145,ACC_1003331,2020-11-28 12:49:42,APPROVED
B_100141,ACC_1000145,ACC_1002829,2020-12-03 12:49:42,APPROVED
B_100142,ACC_1000146,ACC_1000405,2020-12-22 04:32:42,APPROVED
B_100143,ACC_1000150,ACC_1003453,2023-01-03 01:01:58,APPROVED
B_100144,ACC_1000150,ACC_1005591,2023-01-01 01:01:58,APPROVED
B_100145,ACC_1000153,ACC_1003185,2017-02-02 10:11:51,APPROVED
B_100146,ACC_1000153,ACC_1002199,2017-01-25 10:11:51,APPROVED
B_100147,ACC_1000158,ACC_1006173,2022-03-10 01:29:01,APPROVED
B_100148,ACC_1000158,ACC_1010633,2022-03-03 01:29:01,APPROVED
B_100149,ACC_1000158,ACC_1012898,2022-03-12 01:29:01,APPROVED
B_100150,ACC_1000165,ACC_1011086,2019-06-08 08:27:14,APPROVED
B_100151,ACC_1000165,ACC_1010355,2019-06-13 08:27:14,APPROVED
B_100152,ACC_1000166,ACC_1004059,2022-01-08 19:21:08,APPROVED
B_100153,ACC_1000168,ACC_1004431,2022-01-09 17:02:08,APPROVED
B_100154,ACC_1000168,ACC_1003095,2022-01-10 17:02:08,APPROVED
B_100155,ACC_1000168,ACC_1008791,2022-01-10 17:02:08,APPROVED
B_100156,ACC_1000169,ACC_1012946,2017-08-18 12:41:13,APPROVED
B_100157,ACC_1000173,ACC_1000121,2025-08-19 04:43:35,APPROVED
B_100158,ACC_1000173,ACC_1008765,2025-08-16 04:43:35,APPROVED
B_100159,ACC_1000173,ACC_1004532,2025-08-20 04:43:35,APPROVED
B_100160,ACC_1000178,ACC_1008980,2020-02-20 08:58:04,APPROVED
B_100161,ACC_1000178,ACC_1002096,2020-02-19 08:58:04,APPROVED
B_100162,ACC_1000178,ACC_1002682,2020-02-19 08:58:04,APPROVED
B_100163,ACC_1000181,ACC_1008619,2019-11-12 03:14:35,APPROVED
B_100164,ACC_1000181,ACC_1001798,2019-11-19 03:14:35,APPROVED
B_100165,ACC_1000186,ACC_1010386,2016-07-03 21:05:53,APPROVED
B_100166,ACC_1000186,ACC_1008282,2016-07-03 21:05:53,APPROVED
B_100167,ACC_1000187,ACC_1012199,2016-06-23 22:17:53,APPROVED
B_100168,ACC_1000187,ACC_1011973,2016-06-23 22:17:53,APPROVED
B_100169,ACC_1000187,ACC_1013060,2016-06-21 22:17:53,APPROVED
B_100170,ACC_1000188,ACC_1003955,2016-07-09 08:48:53,APPROVED
B_100171,ACC_1000188,ACC_1001447,2016-07-08 08:48:53,APPROVED
B_100172,ACC_1000188,ACC_1008997,2016-07-05 08:48:53,PENDING
B_100173,ACC_1000191,ACC_1010907,2018-06-18 12:31:35,APPROVED
B_100174,ACC_1000191,ACC_1000730,2018-06-16 12:31:35,APPROVED
B_100175,ACC_1000199,ACC_1003166,2018-01-05 11:08:42,APPROVED
B_100176,ACC_1000199,ACC_1010742,2017-12-27 11:08:42,APPROVED
B_100177,ACC_1000206,ACC_1001288,2023-10-10 20:56:50,APPROVED
B_100178,ACC_1000209,ACC_1008454,2022-03-17 06:39:22,APPROVED
B_100179,ACC_1000210,ACC_1004360,2017-05-02 19:15:14,APPROVED
B_100180,ACC_1000210,ACC_1011982,2017-04-27 19:15:14,APPROVED
B_100181,ACC_1000210,ACC_1001916,2017-04-25 19:15:14,APPROVED
B_100182,ACC_1000211,ACC_1003854,2017-05-02 07:07:14,APPROVED
B_100183,ACC_1000211,ACC_1002306,2017-04-25 07:07:14,APPROVED
B_100184,ACC_1000214,ACC_1002629,2017-10-16 07:14:03,APPROVED
B_100185,ACC_1000214,ACC_1007022,2017-10-17 07:14:03,APPROVED
B_100186,ACC_1000214,ACC_1014871,2017-10-19 07:14:03,APPROVED
B_100187,ACC_1000219,ACC_1002913,2020-03-19 10:43:58,APPROVED
B_100188,ACC_1000221,ACC_1014582,2023-12-26 03:28:59,APPROVED
B_100189,ACC_1000221,ACC_1002081,2023-12-24 03:28:59,APPROVED
B_100190,ACC_1000221,ACC_1002389,2023-12-25 03:28:59,APPROVED
B_100191,ACC_1000223,ACC_1001108,2016-05-16 22:45:26,APPROVED
B_100192,ACC_1000223,ACC_1000868,2016-05-11 22:45:26,APPROVED
B_100193,ACC_1000223,ACC_1007660,2016-05-11 22:45:26,APPROVED
B_100194,ACC_1000227,ACC_1002684,2023-08-18 12:04:43,APPROVED
B_100195,ACC_1000228,ACC_1012445,2018-04-28 00:27:27,APPROVED
B_100196,ACC_1000232,ACC_1011219,2020-11-15 07:45:36,APPROVED
B_100197,ACC_1000233,ACC_1010723,2020-11-12 10:23:36,APPROVED
B_100198,ACC_1000240,ACC_1003515,2025-12-25 23:27:09,APPROVED
B_100199,ACC_1000240,ACC_1001910,2025-12-26 23:27:09,APPROVED
B_100200,ACC_1000240,ACC_1013994,2025-12-23 23:27:09,APPROVED
B_100201,ACC_1000241,ACC_1010282,2025-12-21 16:20:09,APPROVED
B_100202,ACC_1000241,ACC_1011039,2025-12-20 16:20:09,APPROVED
B_100203,ACC_1000241,ACC_1011255,2025-12-21 16:20:09,PENDING
B_100204,ACC_1000242,ACC_1012653,2024-12-21 22:57:02,APPROVED
B_100205,ACC_1000242,ACC_1005416,2024-12-22 22:57:02,APPROVED
B_100206,ACC_1000242,ACC_1005285,2024-12-28 22:57:02,APPROVED
B_100207,ACC_1000244,ACC_1007578,2020-03-01 21:40:07,APPROVED
B_100208,ACC_1000244,ACC_1008565,2020-02-29 21:40:07,APPROVED
B_100209,ACC_1000244,ACC_1012454,2020-03-08 21:40:07,APPROVED
B_100210,ACC_1000251,ACC_1002487,2024-11-20 08:18:11,APPROVED
B_100211,ACC_1000251,ACC_1002609,2024-11-18 08:18:11,APPROVED
B_100212,ACC_1000251,ACC_1009606,2024-11-18 08:18:11,APPROVED
B_100213,ACC_1000253,ACC_1011880,2023-04-26 02:13:34,APPROVED
B_100214,ACC_1000254,ACC_1007564,2019-11-28 20:46:16,APPROVED
B_100215,ACC_1000254,ACC_1007953,2019-12-03 20:46:16,APPROVED
B_100216,ACC_1000258,ACC_1006535,2024-07-05 15:46:41,APPROVED
B_100217,ACC_1000260,ACC_1014349,2025-10-27 16:03:08,PENDING
B_100218,ACC_1000260,ACC_1004224,2025-10-27 16:03:08,APPROVED
B_100219,ACC_1000260,ACC_1000945,2025-10-30 16:03:08,APPROVED
B_100220,ACC_1000262,ACC_1013218,2025-11-17 05:14:08,APPROVED
B_100221,ACC_1000262,ACC_1004027,2025-11-21 05:14:08,APPROVED
B_100222,ACC_1000263,ACC_1003895,2025-08-27 10:15:21,APPROVED
B_100223,ACC_1000263,ACC_1005181,2025-08-23 10:15:21,APPROVED
B_100224,ACC_1000266,ACC_1005322,2020-05-12 00:04:16,APPROVED
B_100225,ACC_1000266,ACC_1014710,2020-05-12 00:04:16,APPROVED
B_100226,ACC_1000266,ACC_1002271,2020-05-10 00:04:16,APPROVED
B_100227,ACC_1000270,ACC_1002840,2018-12-06 20:05:06,APPROVED
B_100228,ACC_1000270,ACC_1000574,2018-12-04 20:05:06,APPROVED
B_100229,ACC_1000271,ACC_1004986,2018-11-18 20:54:06,APPROVED
B_100230,ACC_1000271,ACC_1008919,2018-11-23 20:54:06,APPROVED
B_100231,ACC_1000280,ACC_1001938,2016-07-14 22:54:38,APPROVED
B_100232,ACC_1000280,ACC_1007277,2016-07-16 22:54:38,APPROVED
B_100233,ACC_1000281,ACC_1010408,2016-07-14 03:42:38,APPROVED
B_100234,ACC_1000283,ACC_1002368,2024-07-24 22:44:23,APPROVED
B_100235,ACC_1000285,ACC_1002095,2021-04-16 21:44:22,APPROVED
B_100236,ACC_1000285,ACC_1010585,2021-04-08 21:44:22,APPROVED
B_100237,ACC_1000285,ACC_1005075,2021-04-10 21:44:22,PENDING
B_100238,ACC_1000287,ACC_1010275,2018-04-01 06:31:32,APPROVED
B_100239,ACC_1000292,ACC_1014963,2019-12-27 10:33:46,APPROVED
B_100240,ACC_1000292,ACC_1009214,2019-12-31 10:33:46,APPROVED
B_100241,ACC_1000292,ACC_1010466,2020-01-04 10:33:46,APPROVED
B_100242,ACC_1000296,ACC_1006732,2024-10-09 09:09:22,APPROVED
B_100243,ACC_1000296,ACC_1009577,2024-10-06 09:09:22,APPROVED
B_100244,ACC_1000296,ACC_1005270,2024-10-09 09:09:22,APPROVED
B_100245,ACC_1000298,ACC_1007265,2018-11-06 23:03:49,APPROVED
B_100246,ACC_1000298,ACC_1005110,2018-11-05 23:03:49,APPROVED
B_100247,ACC_1000298,ACC_1006784,2018-11-12 23:03:49,APPROVED
B_100248,ACC_1000301,ACC_1010970,2019-06-08 18:33:04,APPROVED
B_100249,ACC_1000301,ACC_1009329,2019-06-08 18:33:04,APPROVED
B_100250,ACC_1000303,ACC_1001052,2019-05-25 03:30:04,APPROVED
B_100251,ACC_1000303,ACC_1005057,2019-05-24 03:30:04,APPROVED
B_100252,ACC_1000305,ACC_1004132,2018-09-08 14:09:12,APPROVED
B_100253,ACC_1000305,ACC_1007665,2018-09-10 14:09:12,APPROVED
B_100254,ACC_1000305,ACC_1013471,2018-09-09 14:09:12,PENDING
B_100255,ACC_1000306,ACC_1002886,2017-01-25 17:38:37,APPROVED
B_100256,ACC_1000306,ACC_1014749,2017-01-25 17:38:37,APPROVED
B_100257,ACC_1000306,ACC_1010725,2017-01-20 17:38:37,APPROVED
B_100258,ACC_1000308,ACC_1012507,2017-01-23 01:07:37,APPROVED
B_100259,ACC_1000314,ACC_1009652,2017-12-21 01:15:49,APPROVED
B_100260,ACC_1000314,ACC_1010693,2017-12-23 01:15:49,APPROVED
B_100261,ACC_1000315,ACC_1002552,2017-11-29 13:54:49,APPROVED
B_100262,ACC_1000315,ACC_1008076,2017-12-08 13:54:49,APPROVED
B_100263,ACC_1000321,ACC_1007419,2019-01-05 00:02:09,APPROVED
B_100264,ACC_1000322,ACC_1009001,2018-10-19 13:20:52,APPROVED
B_100265,ACC_1000322,ACC_1009980,2018-10-23 13:20:52,APPROVED
B_100266,ACC_1000323,ACC_1010372,2018-11-04 09:39:52,APPROVED
B_100267,ACC_1000325,ACC_1004886,2016-08-30 18:10:37,APPROVED
B_100268,ACC_1000327,ACC_1000909,2018-03-23 09:21:56,APPROVED
B_100269,ACC_1000327,ACC_1002586,2018-04-01 09:21:56,APPROVED
B_100270,ACC_1000328,ACC_1000342,2017-05-21 05:28:04,APPROVED
B_100271,ACC_1000329,ACC_1000882,2020-07-16 13:00:26,APPROVED
B_100272,ACC_1000329,ACC_1008768,2020-07-08 13:00:26,APPROVED
B_100273,ACC_1000329,ACC_1012654,2020-07-09 13:00:26,APPROVED
B_100274,ACC_1000330,ACC_1008378,2017-08-28 09:49:27,APPROVED
B_100275,ACC_1000330,ACC_1005763,2017-08-26 09:49:27,APPROVED
B_100276,ACC_1000330,ACC_1002870,2017-08-26 09:49:27,APPROVED
B_100277,ACC_1000331,ACC_1002394,2022-01-26 05:18:05,PENDING
B_100278,ACC_1000333,ACC_1011742,2016-08-22 18:15:43,APPROVED
B_100279,ACC_1000336,ACC_1003842,2019-09-02 07:23:01,APPROVED
B_100280,ACC_1000336,ACC_1002833,2019-09-05 07:23:01,APPROVED
B_100281,ACC_1000337,ACC_1000285,2023-08-19 16:38:19,APPROVED
B_100282,ACC_1000337,ACC_1002494,2023-08-17 16:38:19,APPROVED
B_100283,ACC_1000341,ACC_1012903,2024-09-17 13:13:58,APPROVED
B_100284,ACC_1000343,ACC_1011012,2017-04-25 10:15:58,APPROVED
B_100285,ACC_1000343,ACC_1002227,2017-04-26 10:15:58,APPROVED
B_100286,ACC_1000343,ACC_1008982,2017-04-26 10:15:58,APPROVED
B_100287,ACC_1000348,ACC_1004893,2021-08-21 08:51:00,APPROVED
B_100288,ACC_1000348,ACC_1001028,2021-08-22 08:51:00,APPROVED
B_100289,ACC_1000348,ACC_1001824,2021-08-23 08:51:00,APPROVED
B_100290,ACC_1000351,ACC_1008531,2021-03-28 14:36:12,APPROVED
B_100291,ACC_1000352,ACC_1001683,2021-03-14 05:37:12,APPROVED
B_100292,ACC_1000352,ACC_1003476,2021-03-19 05:37:12,APPROVED
B_100293,ACC_1000352,ACC_1004512,2021-03-18 05:37:12,APPROVED
B_100294,ACC_1000353,ACC_1006119,2018-04-05 05:37:22,APPROVED
B_100295,ACC_1000353,ACC_1005416,2018-03-29 05:37:22,APPROVED
B_100296,ACC_1000353,ACC_1003153,2018-04-04 05:37:22,APPROVED
B_100297,ACC_1000354,ACC_1006997,2018-02-16 09:49:10,APPROVED
B_100298,ACC_1000354,ACC_1012370,2018-02-14 09:49:10,APPROVED
B_100299,ACC_1000357,ACC_1012304,2019-06-25 04:02:54,APPROVED
B_100300,ACC_1000357,ACC_1006958,2019-07-02 04:02:54,APPROVED
B_100301,ACC_1000359,ACC_1014199,2018-07-08 21:19:47,PENDING
B_100302,ACC_1000359,ACC_1002005,2018-07-13 21:19:47,APPROVED
B_100303,ACC_1000361,ACC_1007334,2018-07-03 05:46:47,APPROVED
B_100304,ACC_1000362,ACC_1002185,2023-07-01 04:25:07,APPROVED
B_100305,ACC_1000362,ACC_1003843,2023-07-04 04:25:07,APPROVED
B_100306,ACC_1000362,ACC_1005217,2023-06-27 04:25:07,APPROVED
B_100307,ACC_1000366,ACC_1010349,2021-01-08 16:23:32,APPROVED
B_100308,ACC_1000366,ACC_1012078,2021-01-12 16:23:32,APPROVED
B_100309,ACC_1000366,ACC_1005027,2021-01-12 16:23:32,APPROVED
B_100310,ACC_1000367,ACC_1001453,2021-01-10 00:24:32,APPROVED
B_100311,ACC_1000367,ACC_1008485,2021-01-12 00:24:32,APPROVED
B_100312,ACC_1000367,ACC_1008186,2021-01-10 00:24:32,APPROVED
B_100313,ACC_1000370,ACC_1002912,2020-10-13 03:50:38,APPROVED
B_100314,ACC_1000374,ACC_1010387,2020-04-26 09:14:36,APPROVED
B_100315,ACC_1000374,ACC_1000158,2020-04-29 09:14:36,APPROVED
B_100316,ACC_1000375,ACC_1014492,2020-04-15 13:52:36,APPROVED
B_100317,ACC_1000375,ACC_1004787,2020-04-11 13:52:36,APPROVED
B_100318,ACC_1000376,ACC_1007104,2016-05-01 10:41:47,APPROVED
B_100319,ACC_1000378,ACC_1001654,2016-06-12 19:01:15,APPROVED
B_100320,ACC_1000378,ACC_1014549,2016-06-19 19:01:15,APPROVED
B_100321,ACC_1000378,ACC_1010154,2016-06-17 19:01:15,APPROVED
B_100322,ACC_1000380,ACC_1010273,2019-04-30 12:36:32,APPROVED
B_100323,ACC_1000380,ACC_1004493,2019-04-27 12:36:32,APPROVED
B_100324,ACC_1000380,ACC_1000323,2019-04-24 12:36:32,APPROVED
B_100325,ACC_1000381,ACC_1013491,2019-04-10 01:51:32,APPROVED
B_100326,ACC_1000381,ACC_1002342,2019-04-04 01:51:32,APPROVED
B_100327,ACC_1000382,ACC_1013246,2017-09-11 10:20:41,APPROVED
B_100328,ACC_1000383,ACC_1013787,2018-01-19 14:19:30,APPROVED
B_100329,ACC_1000383,ACC_1005569,2018-01-19 14:19:30,APPROVED
B_100330,ACC_1000383,ACC_1008967,2018-01-17 14:19:30,APPROVED
B_100331,ACC_1000384,ACC_1012963,2024-11-12 20:35:42,APPROVED
B_100332,ACC_1000384,ACC_1005843,2024-11-06 20:35:42,APPROVED
B_100333,ACC_1000384,ACC_1000685,2024-11-12 20:35:42,APPROVED
B_100334,ACC_1000386,ACC_1011257,2018-04-29 10:41:28,APPROVED
B_100335,ACC_1000389,ACC_1006568,2018-10-08 05:17:02,APPROVED
B_100336,ACC_1000391,ACC_1002040,2016-08-08 19:53:51,APPROVED
B_100337,ACC_1000391,ACC_1003890,2016-08-09 19:53:51,APPROVED
B_100338,ACC_1000391,ACC_1011928,2016-08-12 19:53:51,APPROVED
B_100339,ACC_1000392,ACC_1010799,2018-08-21 16:29:46,APPROVED
B_100340,ACC_1000392,ACC_1010453,2018-08-27 16:29:46,APPROVED
B_100341,ACC_1000396,ACC_1006700,2022-03-07 22:23:44,APPROVED
B_100342,ACC_1000397,ACC_1008772,2024-08-29 03:53:56,APPROVED
B_100343,ACC_1000397,ACC_1003351,2024-09-02 03:53:56,APPROVED
B_100344,ACC_1000397,ACC_1005749,2024-08-27 03:53:56,APPROVED
B_100345,ACC_1000398,ACC_1002288,2021-03-11 17:04:16,APPROVED
B_100346,ACC_1000398,ACC_1012186,2021-03-09 17:04:16,APPROVED
B_100347,ACC_1000403,ACC_1009648,2023-09-18 21:40:06,APPROVED
B_100348,ACC_1000403,ACC_1014973,2023-09-18 21:40:06,APPROVED
B_100349,ACC_1000403,ACC_1004897,2023-09-20 21:40:06,APPROVED
B_100350,ACC_1000404,ACC_1013400,2016-02-19 02:59:23,APPROVED
B_100351,ACC_1000411,ACC_1003467,2019-12-11 18:14:18,APPROVED
B_100352,ACC_1000411,ACC_1006258,2019-12-06 18:14:18,APPROVED
B_100353,ACC_1000412,ACC_1011107,2019-12-14 21:52:18,APPROVED
B_100354,ACC_1000412,ACC_1013971,2019-12-18 21:52:18,APPROVED
B_100355,ACC_1000413,ACC_1007297,2023-02-24 06:03:05,APPROVED
B_100356,ACC_1000413,ACC_1008325,2023-02-20 06:03:05,APPROVED
B_100357,ACC_1000414,ACC_1008871,2023-02-28 03:01:05,APPROVED
B_100358,ACC_1000414,ACC_1000816,2023-03-09 03:01:05,APPROVED
B_100359,ACC_1000414,ACC_1010864,2023-03-09 03:01:05,APPROVED
B_100360,ACC_1000417,ACC_1009106,2022-08-20 16:12:16,APPROVED
B_100361,ACC_1000419,ACC_1006869,2020-04-28 21:22:46,APPROVED
B_100362,ACC_1000419,ACC_1010479,2020-04-26 21:22:46,APPROVED
B_100363,ACC_1000420,ACC_1000443,2024-08-06 23:15:18,APPROVED
B_100364,ACC_1000421,ACC_1005294,2017-03-08 01:48:22,APPROVED
B_100365,ACC_1000425,ACC_1002060,2023-10-06 05:01:43,APPROVED
B_100366,ACC_1000427,ACC_1004709,2022-09-04 21:24:08,APPROVED
B_100367,ACC_1000427,ACC_1003836,2022-09-11 21:24:08,APPROVED
B_100368,ACC_1000429,ACC_1013018,2023-11-18 07:36:46,APPROVED
B_100369,ACC_1000431,ACC_1012399,2023-11-05 08:55:46,APPROVED
B_100370,ACC_1000431,ACC_1001539,2023-10-29 08:55:46,APPROVED
B_100371,ACC_1000431,ACC_1010474,2023-11-03 08:55:46,APPROVED
B_100372,ACC_1000433,ACC_1013805,2022-06-02 19:37:28,APPROVED
B_100373,ACC_1000439,ACC_1014005,2017-01-09 21:08:55,APPROVED
B_100374,ACC_1000439,ACC_1010685,2017-01-11 21:08:55,APPROVED
B_100375,ACC_1000442,ACC_1004042,2016-05-08 14:34:37,APPROVED
B_100376,ACC_1000442,ACC_1012718,2016-05-15 14:34:37,APPROVED
B_100377,ACC_1000443,ACC_1013857,2016-05-16 19:40:37,APPROVED
B_100378,ACC_1000443,ACC_1009617,2016-05-10 19:40:37,APPROVED
B_100379,ACC_1000446,ACC_1009078,2018-10-14 11:38:12,APPROVED
B_100380,ACC_1000447,ACC_1006530,2023-02-10 20:36:56,APPROVED
B_100381,ACC_1000447,ACC_1007634,2023-02-12 20:36:56,APPROVED
B_100382,ACC_1000447,ACC_1000806,2023-02-11 20:36:56,APPROVED
B_100383,ACC_1000450,ACC_1011753,2019-07-19 21:36:06,APPROVED
B_100384,ACC_1000456,ACC_1004540,2023-01-09 05:21:06,APPROVED
B_100385,ACC_1000456,ACC_1010123,2023-01-09 05:21:06,APPROVED
B_100386,ACC_1000456,ACC_1013424,2023-01-10 05:21:06,APPROVED
B_100387,ACC_1000462,ACC_1005640,2024-05-31 22:08:01,APPROVED
B_100388,ACC_1000462,ACC_1013685,2024-06-07 22:08:01,APPROVED
B_100389,ACC_1000462,ACC_1005018,2024-06-03 22:08:01,APPROVED
B_100390,ACC_1000464,ACC_1010341,2016-05-30 06:01:27,APPROVED
B_100391,ACC_1000465,ACC_1010660,2024-01-23 10:20:08,APPROVED
B_100392,ACC_1000465,ACC_1003175,2024-01-24 10:20:08,APPROVED
B_100393,ACC_1000468,ACC_1004678,2022-07-06 02:23:01,APPROVED
B_100394,ACC_1000468,ACC_1013111,2022-07-08 02:23:01,APPROVED
B_100395,ACC_1000469,ACC_1014290,2023-12-14 13:14:52,APPROVED
B_100396,ACC_1000469,ACC_1000967,2023-12-14 13:14:52,APPROVED
B_100397,ACC_1000473,ACC_1011032,2023-02-25 02:45:32,APPROVED
B_100398,ACC_1000473,ACC_1002322,2023-02-23 02:45:32,APPROVED
B_100399,ACC_1000473,ACC_1002208,2023-02-19 02:45:32,APPROVED
B_100400,ACC_1000475,ACC_1003591,2022-03-09 07:55:30,APPROVED
B_100401,ACC_1000476,ACC_1009986,2020-04-01 11:43:34,APPROVED
B_100402,ACC_1000476,ACC_1002152,2020-04-04 11:43:34,APPROVED
B_100403,ACC_1000482,ACC_1014915,2024-06-12 18:13:40,APPROVED
B_100404,ACC_1000482,ACC_1000962,2024-06-17 18:13:40,APPROVED
B_100405,ACC_1000482,ACC_1004361,2024-06-18 18:13:40,APPROVED
B_100406,ACC_1000483,ACC_1006615,2022-08-19 20:06:55,APPROVED
B_100407,ACC_1000483,ACC_1005018,2022-08-13 20:06:55,APPROVED
B_100408,ACC_1000483,ACC_1004250,2022-08-13 20:06:55,APPROVED
B_100409,ACC_1000486,ACC_1013628,2019-05-01 11:18:34,APPROVED
B_100410,ACC_1000486,ACC_1003020,2019-05-04 11:18:34,APPROVED
B_100411,ACC_1000487,ACC_1011878,2022-01-08 02:17:21,APPROVED
B_100412,ACC_1000487,ACC_1011614,2022-01-07 02:17:21,APPROVED
B_100413,ACC_1000487,ACC_1006798,2022-01-06 02:17:21,PENDING
B_100414,ACC_1000488,ACC_1013671,2024-08-30 06:18:27,APPROVED
B_100415,ACC_1000488,ACC_1001939,2024-09-03 06:18:27,APPROVED
B_100416,ACC_1000488,ACC_1009862,2024-08-27 06:18:27,APPROVED
B_100417,ACC_1000493,ACC_1003038,2018-04-23 03:53:25,APPROVED
B_100418,ACC_1000494,ACC_1014966,2018-04-29 10:31:25,APPROVED
B_100419,ACC_1000498,ACC_1010969,2025-04-24 13:57:20,APPROVED
B_100420,ACC_1000498,ACC_1013665,2025-04-24 13:57:20,APPROVED
B_100421,ACC_1000498,ACC_1007940,2025-04-24 13:57:20,APPROVED
B_100422,ACC_1000501,ACC_1014215,2020-03-15 21:01:38,APPROVED
B_100423,ACC_1000501,ACC_1009221,2020-03-16 21:01:38,APPROVED
B_100424,ACC_1000502,ACC_1001897,2020-03-07 17:02:38,APPROVED
B_100425,ACC_1000503,ACC_1002250,2025-09-14 20:37:50,APPROVED
B_100426,ACC_1000511,ACC_1009494,2023-06-19 02:02:59,APPROVED
B_100427,ACC_1000514,ACC_1003677,2016-12-24 19:59:42,APPROVED
B_100428,ACC_1000514,ACC_1007572,2016-12-21 19:59:42,APPROVED
B_100429,ACC_1000515,ACC_1009442,2019-01-05 21:48:08,PENDING
B_100430,ACC_1000515,ACC_1006712,2019-01-01 21:48:08,APPROVED
B_100431,ACC_1000516,ACC_1003308,2024-09-25 00:20:18,APPROVED
B_100432,ACC_1000516,ACC_1005206,2024-09-20 00:20:18,APPROVED
B_100433,ACC_1000517,ACC_1005473,2024-09-08 13:37:18,APPROVED
B_100434,ACC_1000517,ACC_1002866,2024-09-09 13:37:18,APPROVED
B_100435,ACC_1000518,ACC_1001213,2020-01-29 23:34:35,APPROVED
B_100436,ACC_1000518,ACC_1003156,2020-01-31 23:34:35,APPROVED
B_100437,ACC_1000519,ACC_1014934,2019-06-19 04:36:56,APPROVED
B_100438,ACC_1000519,ACC_1008576,2019-06-21 04:36:56,APPROVED
B_100439,ACC_1000519,ACC_1009830,2019-06-21 04:36:56,APPROVED
B_100440,ACC_1000521,ACC_1010216,2020-01-14 07:30:36,APPROVED
B_100441,ACC_1000521,ACC_1005372,2020-01-13 07:30:36,APPROVED
B_100442,ACC_1000521,ACC_1014487,2020-01-14 07:30:36,APPROVED
B_100443,ACC_1000528,ACC_1004168,2020-10-28 01:26:30,APPROVED
B_100444,ACC_1000528,ACC_1012851,2020-11-03 01:26:30,APPROVED
B_100445,ACC_1000528,ACC_1007050,2020-11-02 01:26:30,PENDING
B_100446,ACC_1000530,ACC_1003698,2019-03-31 09:26:42,APPROVED
B_100447,ACC_1000530,ACC_1000617,2019-03-28 09:26:42,APPROVED
B_100448,ACC_1000533,ACC_1011001,2019-02-09 04:09:48,APPROVED
B_100449,ACC_1000533,ACC_1008370,2019-02-02 04:09:48,APPROVED
B_100450,ACC_1000535,ACC_1003318,2016-09-08 03:17:18,APPROVED
B_100451,ACC_1000535,ACC_1012851,2016-09-12 03:17:18,APPROVED
B_100452,ACC_1000536,ACC_1013953,2024-05-13 02:49:46,APPROVED
B_100453,ACC_1000537,ACC_1007679,2024-05-06 16:07:46,APPROVED
B_100454,ACC_1000537,ACC_1000228,2024-05-04 16:07:46,APPROVED
B_100455,ACC_1000537,ACC_1000492,2024-05-09 16:07:46,APPROVED
B_100456,ACC_1000539,ACC_1006788,2022-12-29 20:31:06,APPROVED
B_100457,ACC_1000539,ACC_1009089,2022-12-24 20:31:06,PENDING
B_100458,ACC_1000547,ACC_1013070,2019-06-19 22:09:22,APPROVED
B_100459,ACC_1000548,ACC_1008418,2019-06-19 00:54:22,APPROVED
B_100460,ACC_1000548,ACC_1007103,2019-06-19 00:54:22,APPROVED
B_100461,ACC_1000550,ACC_1005045,2019-08-29 14:52:34,APPROVED
B_100462,ACC_1000550,ACC_1002889,2019-09-05 14:52:34,APPROVED
B_100463,ACC_1000550,ACC_1006896,2019-09-01 14:52:34,APPROVED
B_100464,ACC_1000554,ACC_1001401,2024-03-27 18:34:44,APPROVED
B_100465,ACC_1000554,ACC_1005462,2024-03-23 18:34:44,APPROVED
B_100466,ACC_1000557,ACC_1014648,2016-11-30 02:00:41,APPROVED
B_100467,ACC_1000559,ACC_1003281,2019-09-27 03:40:01,APPROVED
B_100468,ACC_1000561,ACC_1009910,2016-02-11 16:09:07,APPROVED
B_100469,ACC_1000561,ACC_1000936,2016-02-08 16:09:07,APPROVED
B_100470,ACC_1000561,ACC_1013100,2016-02-07 16:09:07,APPROVED
B_100471,ACC_1000562,ACC_1006216,2018-05-18 06:30:11,APPROVED
B_100472,ACC_1000563,ACC_1013775,2021-04-22 09:56:26,APPROVED
B_100473,ACC_1000566,ACC_1008120,2024-06-15 21:22:15,APPROVED
B_100474,ACC_1000567,ACC_1014999,2025-06-14 13:14:38,APPROVED
B_100475,ACC_1000567,ACC_1008391,2025-06-14 13:14:38,APPROVED
B_100476,ACC_1000574,ACC_1013535,2019-08-15 20:30:23,APPROVED
B_100477,ACC_1000577,ACC_1009104,2022-06-02 18:21:21,APPROVED
B_100478,ACC_1000577,ACC_1010583,2022-05-29 18:21:21,APPROVED
B_100479,ACC_1000581,ACC_1003131,2022-01-16 01:34:11,APPROVED
B_100480,ACC_1000582,ACC_1002292,2020-07-28 19:57:15,APPROVED
B_100481,ACC_1000584,ACC_1009696,2017-03-04 15:28:58,APPROVED
B_100482,ACC_1000585,ACC_1002753,2022-11-12 14:43:14,APPROVED
B_100483,ACC_1000587,ACC_1014998,2021-10-29 06:26:49,APPROVED
B_100484,ACC_1000587,ACC_1004179,2021-10-28 06:26:49,APPROVED
B_100485,ACC_1000587,ACC_1006302,2021-10-21 06:26:49,APPROVED
B_100486,ACC_1000588,ACC_1014564,2017-12-30 10:13:05,APPROVED
B_100487,ACC_1000588,ACC_1013837,2018-01-03 10:13:05,APPROVED
B_100488,ACC_1000588,ACC_1003426,2017-12-30 10:13:05,APPROVED
B_100489,ACC_1000589,ACC_1012555,2020-03-05 19:03:06,APPROVED
B_100490,ACC_1000591,ACC_1009339,2022-10-03 02:50:31,APPROVED
B_100491,ACC_1000591,ACC_1009257,2022-10-03 02:50:31,APPROVED
B_100492,ACC_1000591,ACC_1002258,2022-09-28 02:50:31,APPROVED
B_100493,ACC_1000593,ACC_1013039,2024-06-08 21:39:27,APPROVED
B_100494,ACC_1000593,ACC_1002198,2024-06-05 21:39:27,APPROVED
B_100495,ACC_1000596,ACC_1002790,2025-01-14 10:39:17,APPROVED
B_100496,ACC_1000596,ACC_1013934,2025-01-19 10:39:17,APPROVED
B_100497,ACC_1000596,ACC_1005865,2025-01-19 10:39:17,APPROVED
B_100498,ACC_1000598,ACC_1004240,2023-06-28 05:59:31,APPROVED
B_100499,ACC_1000598,ACC_1011301,2023-06-26 05:59:31,APPROVED
B_100500,ACC_1000598,ACC_1013424,2023-07-01 05:59:31,APPROVED
B_100501,ACC_1000608,ACC_1006960,2016-09-04 17:25:22,APPROVED
B_100502,ACC_1000608,ACC_1008924,2016-09-13 17:25:22,APPROVED
B_100503,ACC_1000609,ACC_1012344,2024-09-21 02:31:19,APPROVED
B_100504,ACC_1000609,ACC_1005138,2024-09-23 02:31:19,APPROVED
B_100505,ACC_1000609,ACC_1010207,2024-09-27 02:31:19,APPROVED
B_100506,ACC_1000612,ACC_1010256,2020-04-07 02:41:45,APPROVED
B_100507,ACC_1000612,ACC_1011247,2020-04-05 02:41:45,APPROVED
B_100508,ACC_1000612,ACC_1012486,2020-04-07 02:41:45,APPROVED
B_100509,ACC_1000613,ACC_1012293,2017-07-15 16:46:22,APPROVED
B_100510,ACC_1000613,ACC_1012232,2017-07-09 16:46:22,APPROVED
B_100511,ACC_1000615,ACC_1008040,2021-02-17 16:02:35,PENDING
B_100512,ACC_1000615,ACC_1005541,2021-02-22 16:02:35,APPROVED
B_100513,ACC_1000616,ACC_1006600,2021-02-19 08:33:35,PENDING
B_100514,ACC_1000616,ACC_1009060,2021-02-28 08:33:35,APPROVED
B_100515,ACC_1000617,ACC_1003696,2021-03-14 19:37:35,APPROVED
B_100516,ACC_1000617,ACC_1008986,2021-03-14 19:37:35,APPROVED
B_100517,ACC_1000617,ACC_1011311,2021-03-09 19:37:35,APPROVED
B_100518,ACC_1000619,ACC_1007550,2024-07-06 07:12:37,APPROVED
B_100519,ACC_1000621,ACC_1005685,2020-04-18 14:44:48,APPROVED
B_100520,ACC_1000626,ACC_1004195,2023-12-11 08:40:38,APPROVED
B_100521,ACC_1000631,ACC_1001034,2024-03-06 04:44:16,APPROVED
B_100522,ACC_1000631,ACC_1012311,2024-03-07 04:44:16,APPROVED
B_100523,ACC_1000633,ACC_1003794,2026-01-11 13:42:14,APPROVED
B_100524,ACC_1000633,ACC_1012385,2026-01-12 13:42:14,APPROVED
B_100525,ACC_1000637,ACC_1005021,2024-03-06 17:13:06,APPROVED
B_100526,ACC_1000637,ACC_1004910,2024-03-10 17:13:06,APPROVED
B_100527,ACC_1000637,ACC_1003668,2024-03-14 17:13:06,APPROVED
B_100528,ACC_1000641,ACC_1013665,2019-08-05 08:15:00,APPROVED
B_100529,ACC_1000641,ACC_1014483,2019-08-09 08:15:00,APPROVED
B_100530,ACC_1000641,ACC_1004353,2019-08-05 08:15:00,APPROVED
B_100531,ACC_1000642,ACC_1006860,2023-08-06 22:49:01,APPROVED
B_100532,ACC_1000648,ACC_1011092,2024-12-21 09:53:54,APPROVED
B_100533,ACC_1000649,ACC_1007087,2016-09-08 19:35:58,APPROVED
B_100534,ACC_1000649,ACC_1006288,2016-09-09 19:35:58,APPROVED
B_100535,ACC_1000649,ACC_1002523,2016-09-08 19:35:58,APPROVED
B_100536,ACC_1000651,ACC_1011798,2025-01-11 19:53:50,APPROVED
B_100537,ACC_1000651,ACC_1013182,2025-01-09 19:53:50,APPROVED
B_100538,ACC_1000652,ACC_1010673,2024-01-20 01:34:56,APPROVED
B_100539,ACC_1000653,ACC_1009648,2024-02-14 22:49:56,APPROVED
B_100540,ACC_1000653,ACC_1003850,2024-02-12 22:49:56,APPROVED
B_100541,ACC_1000653,ACC_1014116,2024-02-06 22:49:56,APPROVED
B_100542,ACC_1000655,ACC_1014997,2021-02-13 02:21:10,APPROVED
B_100543,ACC_1000655,ACC_1004533,2021-02-19 02:21:10,APPROVED
B_100544,ACC_1000655,ACC_1001732,2021-02-13 02:21:10,APPROVED
B_100545,ACC_1000663,ACC_1006113,2023-08-18 22:42:49,APPROVED
B_100546,ACC_1000664,ACC_1012433,2020-01-13 18:03:19,APPROVED
B_100547,ACC_1000664,ACC_1008813,2020-01-14 18:03:19,APPROVED
B_100548,ACC_1000664,ACC_1001690,2020-01-13 18:03:19,APPROVED
B_100549,ACC_1000668,ACC_1000551,2025-07-07 11:50:30,APPROVED
B_100550,ACC_1000668,ACC_1009978,2025-06-30 11:50:30,APPROVED
B_100551,ACC_1000668,ACC_1009133,2025-07-06 11:50:30,APPROVED
B_100552,ACC_1000671,ACC_1007603,2022-12-21 03:03:27,APPROVED
B_100553,ACC_1000674,ACC_1002807,2023-02-25 21:48:46,APPROVED
B_100554,ACC_1000674,ACC_1008930,2023-02-20 21:48:46,APPROVED
B_100555,ACC_1000681,ACC_1009919,2018-07-15 04:38:39,PENDING
B_100556,ACC_1000685,ACC_1008520,2024-09-23 16:54:13,PENDING
B_100557,ACC_1000685,ACC_1001367,2024-09-19 16:54:13,APPROVED
B_100558,ACC_1000685,ACC_1005799,2024-09-24 16:54:13,APPROVED
B_100559,ACC_1000686,ACC_1003238,2024-09-24 10:53:13,APPROVED
B_100560,ACC_1000688,ACC_1007422,2025-06-13 07:51:01,APPROVED
B_100561,ACC_1000689,ACC_1003851,2025-05-23 22:43:01,PENDING
B_100562,ACC_1000689,ACC_1008360,2025-05-27 22:43:01,APPROVED
B_100563,ACC_1000689,ACC_1005034,2025-05-25 22:43:01,APPROVED
B_100564,ACC_1000692,ACC_1013037,2016-04-15 16:18:11,APPROVED
B_100565,ACC_1000692,ACC_1014555,2016-04-13 16:18:11,APPROVED
B_100566,ACC_1000693,ACC_1004433,2018-12-11 12:11:29,APPROVED
B_100567,ACC_1000693,ACC_1012516,2018-12-13 12:11:29,APPROVED
B_100568,ACC_1000693,ACC_1012843,2018-12-08 12:11:29,APPROVED
B_100569,ACC_1000696,ACC_1004989,2022-11-08 12:28:58,APPROVED
B_100570,ACC_1000701,ACC_1010298,2022-09-18 19:30:53,APPROVED
B_100571,ACC_1000701,ACC_1008869,2022-09-20 19:30:53,APPROVED
B_100572,ACC_1000701,ACC_1008798,2022-09-19 19:30:53,APPROVED
B_100573,ACC_1000703,ACC_1006216,2023-04-15 16:36:41,APPROVED
B_100574,ACC_1000704,ACC_1004833,2023-05-04 16:20:41,APPROVED
B_100575,ACC_1000706,ACC_1007947,2023-07-31 17:31:16,APPROVED
B_100576,ACC_1000706,ACC_1014488,2023-08-04 17:31:16,APPROVED
B_100577,ACC_1000706,ACC_1005545,2023-07-30 17:31:16,APPROVED
B_100578,ACC_1000710,ACC_1011010,2017-03-10 18:50:53,PENDING
B_100579,ACC_1000712,ACC_1005480,2018-10-23 09:24:55,APPROVED
B_100580,ACC_1000712,ACC_1011257,2018-10-24 09:24:55,APPROVED
B_100581,ACC_1000712,ACC_1013941,2018-10-22 09:24:55,PENDING
B_100582,ACC_1000716,ACC_1009425,2026-01-12 19:53:00,APPROVED
B_100583,ACC_1000721,ACC_1012368,2022-05-20 08:33:22,APPROVED
B_100584,ACC_1000721,ACC_1008198,2022-05-20 08:33:22,APPROVED
B_100585,ACC_1000722,ACC_1004298,2023-07-18 18:21:42,APPROVED
B_100586,ACC_1000722,ACC_1004426,2023-07-14 18:21:42,APPROVED
B_100587,ACC_1000722,ACC_1011341,2023-07-14 18:21:42,APPROVED
B_100588,ACC_1000723,ACC_1002199,2023-11-29 11:28:57,APPROVED
B_100589,ACC_1000723,ACC_1000051,2023-12-02 11:28:57,APPROVED
B_100590,ACC_1000723,ACC_1010041,2023-12-02 11:28:57,APPROVED
B_100591,ACC_1000726,ACC_1013018,2023-05-12 11:29:53,APPROVED
B_100592,ACC_1000726,ACC_1007139,2023-05-08 11:29:53,APPROVED
B_100593,ACC_1000733,ACC_1014617,2023-08-24 21:10:59,APPROVED
B_100594,ACC_1000733,ACC_1000858,2023-08-23 21:10:59,APPROVED
B_100595,ACC_1000733,ACC_1010582,2023-08-23 21:10:59,APPROVED
B_100596,ACC_1000736,ACC_1012559,2018-12-18 06:47:17,APPROVED
B_100597,ACC_1000736,ACC_1014555,2018-12-13 06:47:17,APPROVED
B_100598,ACC_1000742,ACC_1009228,2021-09-16 07:36:43,APPROVED
B_100599,ACC_1000742,ACC_1014984,2021-09-11 07:36:43,APPROVED
B_100600,ACC_1000742,ACC_1008721,2021-09-13 07:36:43,APPROVED
B_100601,ACC_1000744,ACC_1000643,2023-08-28 20:15:16,APPROVED
B_100602,ACC_1000744,ACC_1001091,2023-08-23 20:15:16,APPROVED
B_100603,ACC_1000745,ACC_1014972,2023-09-04 22:56:16,APPROVED
B_100604,ACC_1000745,ACC_1002524,2023-09-01 22:56:16,APPROVED
B_100605,ACC_1000748,ACC_1012575,2021-11-16 17:42:42,APPROVED
B_100606,ACC_1000749,ACC_1014862,2023-05-21 00:28:45,APPROVED
B_100607,ACC_1000749,ACC_1001951,2023-05-19 00:28:45,APPROVED
B_100608,ACC_1000751,ACC_1010943,2023-08-29 06:21:15,PENDING
B_100609,ACC_1000751,ACC_1009335,2023-08-27 06:21:15,APPROVED
B_100610,ACC_1000755,ACC_1003032,2025-09-13 23:34:08,APPROVED
B_100611,ACC_1000755,ACC_1009984,2025-09-19 23:34:08,APPROVED
B_100612,ACC_1000761,ACC_1013763,2016-01-12 03:07:56,APPROVED
B_100613,ACC_1000766,ACC_1006184,2018-01-11 04:08:23,APPROVED
B_100614,ACC_1000766,ACC_1011043,2018-01-11 04:08:23,APPROVED
B_100615,ACC_1000766,ACC_1010225,2018-01-16 04:08:23,APPROVED
B_100616,ACC_1000767,ACC_1001584,2018-12-16 02:44:04,APPROVED
B_100617,ACC_1000767,ACC_1011539,2018-12-17 02:44:04,APPROVED
B_100618,ACC_1000767,ACC_1008475,2018-12-17 02:44:04,APPROVED
B_100619,ACC_1000770,ACC_1010840,2018-02-06 00:16:03,APPROVED
B_100620,ACC_1000770,ACC_1002362,2018-02-06 00:16:03,APPROVED
B_100621,ACC_1000773,ACC_1002351,2021-08-02 20:11:55,APPROVED
B_100622,ACC_1000774,ACC_1011467,2021-07-16 08:00:55,APPROVED
B_100623,ACC_1000777,ACC_1003404,2021-03-19 20:16:33,APPROVED
B_100624,ACC_1000778,ACC_1002071,2018-09-15 22:29:31,APPROVED
B_100625,ACC_1000778,ACC_1009963,2018-09-16 22:29:31,APPROVED
B_100626,ACC_1000778,ACC_1002364,2018-09-09 22:29:31,APPROVED
B_100627,ACC_1000781,ACC_1009952,2025-02-27 16:28:10,APPROVED
B_100628,ACC_1000781,ACC_1012823,2025-02-28 16:28:10,APPROVED
B_100629,ACC_1000784,ACC_1000637,2024-11-19 14:28:02,APPROVED
B_100630,ACC_1000784,ACC_1012738,2024-11-22 14:28:02,APPROVED
B_100631,ACC_1000784,ACC_1001606,2024-11-24 14:28:02,APPROVED
B_100632,ACC_1000786,ACC_1005487,2025-02-24 09:34:59,APPROVED
B_100633,ACC_1000786,ACC_1005785,2025-02-27 09:34:59,APPROVED
B_100634,ACC_1000791,ACC_1004893,2018-08-21 03:43:48,APPROVED
B_100635,ACC_1000792,ACC_1005629,2018-08-15 02:15:48,APPROVED
B_100636,ACC_1000793,ACC_1002342,2024-10-17 00:43:20,APPROVED
B_100637,ACC_1000795,ACC_1010307,2024-08-25 19:05:51,APPROVED
B_100638,ACC_1000796,ACC_1001628,2024-04-27 00:23:47,APPROVED
B_100639,ACC_1000797,ACC_1014328,2022-02-14 08:28:05,APPROVED
B_100640,ACC_1000797,ACC_1014338,2022-02-18 08:28:05,APPROVED
B_100641,ACC_1000797,ACC_1014732,2022-02-19 08:28:05,APPROVED
B_100642,ACC_1000799,ACC_1009133,2025-01-27 02:01:38,APPROVED
B_100643,ACC_1000799,ACC_1006822,2025-01-27 02:01:38,APPROVED
B_100644,ACC_1000800,ACC_1000258,2025-02-24 18:13:45,APPROVED
B_100645,ACC_1000800,ACC_1006881,2025-03-03 18:13:45,APPROVED
B_100646,ACC_1000800,ACC_1007090,2025-03-04 18:13:45,APPROVED
B_100647,ACC_1000801,ACC_1004965,2016-02-21 12:01:18,PENDING
B_100648,ACC_1000801,ACC_1013433,2016-02-24 12:01:18,APPROVED
B_100649,ACC_1000801,ACC_1005542,2016-02-18 12:01:18,APPROVED
B_100650,ACC_1000802,ACC_1002384,2017-11-16 06:01:11,APPROVED
B_100651,ACC_1000804,ACC_1009750,2017-04-20 05:48:18,APPROVED
B_100652,ACC_1000804,ACC_1007109,2017-04-18 05:48:18,APPROVED
B_100653,ACC_1000804,ACC_1003842,2017-04-26 05:48:18,APPROVED
B_100654,ACC_1000806,ACC_1001349,2024-03-11 06:08:55,APPROVED
B_100655,ACC_1000806,ACC_1013725,2024-03-10 06:08:55,APPROVED
B_100656,ACC_1000807,ACC_1003762,2025-01-02 03:41:45,APPROVED
B_100657,ACC_1000808,ACC_1000981,2017-09-13 18:10:25,APPROVED
B_100658,ACC_1000811,ACC_1007156,2025-03-15 17:16:34,APPROVED
B_100659,ACC_1000811,ACC_1000599,2025-03-08 17:16:34,APPROVED
B_100660,ACC_1000812,ACC_1011617,2025-04-08 01:29:34,APPROVED
B_100661,ACC_1000812,ACC_1001353,2025-04-05 01:29:34,APPROVED
B_100662,ACC_1000813,ACC_1007501,2025-03-17 08:59:34,APPROVED
B_100663,ACC_1000813,ACC_1013779,2025-03-22 08:59:34,APPROVED
B_100664,ACC_1000813,ACC_1008759,2025-03-16 08:59:34,APPROVED
B_100665,ACC_1000816,ACC_1004131,2021-06-11 10:10:52,APPROVED
B_100666,ACC_1000816,ACC_1001788,2021-06-14 10:10:52,APPROVED
B_100667,ACC_1000822,ACC_1009211,2020-02-04 18:54:19,APPROVED
B_100668,ACC_1000822,ACC_1012999,2020-02-06 18:54:19,PENDING
B_100669,ACC_1000823,ACC_1000003,2018-03-08 17:49:58,APPROVED
B_100670,ACC_1000824,ACC_1001739,2018-03-02 20:00:58,APPROVED
B_100671,ACC_1000824,ACC_1006313,2018-03-03 20:00:58,APPROVED
B_100672,ACC_1000827,ACC_1005936,2023-05-28 18:38:22,APPROVED
B_100673,ACC_1000831,ACC_1000006,2020-06-11 14:33:15,APPROVED
B_100674,ACC_1000831,ACC_1000766,2020-06-07 14:33:15,APPROVED
B_100675,ACC_1000831,ACC_1007139,2020-06-12 14:33:15,APPROVED
B_100676,ACC_1000834,ACC_1004761,2019-06-17 22:39:15,APPROVED
B_100677,ACC_1000834,ACC_1009657,2019-06-24 22:39:15,APPROVED
B_100678,ACC_1000834,ACC_1013366,2019-06-20 22:39:15,APPROVED
B_100679,ACC_1000835,ACC_1000547,2023-01-14 12:56:48,APPROVED
B_100680,ACC_1000835,ACC_1009255,2023-01-14 12:56:48,APPROVED
B_100681,ACC_1000838,ACC_1008994,2023-12-09 12:05:57,APPROVED
B_100682,ACC_1000838,ACC_1003741,2023-12-09 12:05:57,APPROVED
B_100683,ACC_1000838,ACC_1014293,2023-12-03 12:05:57,APPROVED
B_100684,ACC_1000840,ACC_1008649,2023-11-29 13:39:57,APPROVED
B_100685,ACC_1000841,ACC_1007478,2022-01-07 07:11:32,APPROVED
B_100686,ACC_1000841,ACC_1013257,2022-01-05 07:11:32,APPROVED
B_100687,ACC_1000843,ACC_1004964,2024-08-31 03:53:20,APPROVED
B_100688,ACC_1000845,ACC_1010206,2021-10-24 09:06:05,PENDING
B_100689,ACC_1000847,ACC_1011722,2021-10-30 02:56:05,APPROVED
B_100690,ACC_1000848,ACC_1001401,2023-10-04 15:13:50,APPROVED
B_100691,ACC_1000849,ACC_1007809,2020-01-22 19:27:01,APPROVED
B_100692,ACC_1000850,ACC_1012891,2020-01-19 09:17:01,APPROVED
B_100693,ACC_1000850,ACC_1013894,2020-01-17 09:17:01,APPROVED
B_100694,ACC_1000850,ACC_1000353,2020-01-16 09:17:01,APPROVED
B_100695,ACC_1000851,ACC_1007369,2020-01-25 21:17:01,APPROVED
B_100696,ACC_1000852,ACC_1011804,2017-02-14 22:53:14,APPROVED
B_100697,ACC_1000852,ACC_1009144,2017-02-12 22:53:14,APPROVED
B_100698,ACC_1000856,ACC_1002808,2022-05-29 21:18:45,APPROVED
B_100699,ACC_1000856,ACC_1005030,2022-06-04 21:18:45,APPROVED
B_100700,ACC_1000857,ACC_1003402,2022-05-17 23:13:45,APPROVED
B_100701,ACC_1000857,ACC_1004658,2022-05-15 23:13:45,APPROVED
B_100702,ACC_1000857,ACC_1014786,2022-05-19 23:13:45,APPROVED
B_100703,ACC_1000863,ACC_1003411,2022-05-08 14:11:39,APPROVED
B_100704,ACC_1000865,ACC_1001716,2016-05-08 10:22:53,APPROVED
B_100705,ACC_1000865,ACC_1004644,2016-05-11 10:22:53,APPROVED
B_100706,ACC_1000866,ACC_1001353,2018-05-02 00:56:37,APPROVED
B_100707,ACC_1000866,ACC_1000287,2018-04-26 00:56:37,PENDING
B_100708,ACC_1000866,ACC_1014765,2018-05-01 00:56:37,PENDING
B_100709,ACC_1000871,ACC_1009058,2023-07-06 07:06:54,APPROVED
B_100710,ACC_1000871,ACC_1012360,2023-06-29 07:06:54,APPROVED
B_100711,ACC_1000872,ACC_1012494,2023-06-20 23:11:54,APPROVED
B_100712,ACC_1000873,ACC_1000140,2021-12-23 17:55:17,APPROVED
B_100713,ACC_1000873,ACC_1003965,2021-12-29 17:55:17,APPROVED
B_100714,ACC_1000873,ACC_1005327,2021-12-29 17:55:17,PENDING
B_100715,ACC_1000877,ACC_1004214,2025-03-21 23:25:22,APPROVED
B_100716,ACC_1000877,ACC_1006423,2025-03-28 23:25:22,APPROVED
B_100717,ACC_1000879,ACC_1003711,2024-04-08 04:51:56,APPROVED
B_100718,ACC_1000880,ACC_1001412,2019-08-03 16:16:26,APPROVED
B_100719,ACC_1000881,ACC_1002228,2019-07-22 08:48:26,APPROVED
B_100720,ACC_1000881,ACC_1001387,2019-07-14 08:48:26,APPROVED
B_100721,ACC_1000881,ACC_1007661,2019-07-16 08:48:26,APPROVED
B_100722,ACC_1000885,ACC_1014709,2017-11-03 01:45:34,APPROVED
B_100723,ACC_1000886,ACC_1006614,2017-11-01 13:23:34,APPROVED
B_100724,ACC_1000889,ACC_1008762,2022-11-26 18:30:44,PENDING
B_100725,ACC_1000889,ACC_1008536,2022-11-20 18:30:44,APPROVED
B_100726,ACC_1000896,ACC_1009185,2021-02-24 00:42:39,APPROVED
B_100727,ACC_1000900,ACC_1004841,2017-05-05 11:20:42,APPROVED
B_100728,ACC_1000900,ACC_1003533,2017-05-04 11:20:42,APPROVED
B_100729,ACC_1000900,ACC_1010838,2017-05-03 11:20:42,APPROVED
B_100730,ACC_1000907,ACC_1009925,2025-10-18 01:25:52,APPROVED
B_100731,ACC_1000907,ACC_1004911,2025-10-17 01:25:52,APPROVED
B_100732,ACC_1000907,ACC_1013332,2025-10-16 01:25:52,APPROVED
B_100733,ACC_1000908,ACC_1006715,2021-01-31 19:07:51,APPROVED
B_100734,ACC_1000908,ACC_1014721,2021-01-30 19:07:51,APPROVED
B_100735,ACC_1000912,ACC_1006779,2021-02-08 14:43:59,APPROVED
B_100736,ACC_1000912,ACC_1002516,2021-02-11 14:43:59,APPROVED
B_100737,ACC_1000912,ACC_1009045,2021-02-12 14:43:59,APPROVED
B_100738,ACC_1000914,ACC_1008931,2016-08-26 01:41:47,APPROVED
B_100739,ACC_1000914,ACC_1013920,2016-08-23 01:41:47,APPROVED
B_100740,ACC_1000915,ACC_1008038,2022-10-19 16:30:57,APPROVED
B_100741,ACC_1000916,ACC_1013195,2022-11-26 08:57:43,APPROVED
B_100742,ACC_1000916,ACC_1000746,2022-11-17 08:57:43,APPROVED
B_100743,ACC_1000919,ACC_1005254,2019-09-17 03:11:21,APPROVED
B_100744,ACC_1000921,ACC_1000743,2019-09-26 20:11:21,APPROVED
B_100745,ACC_1000921,ACC_1013119,2019-09-26 20:11:21,APPROVED
B_100746,ACC_1000924,ACC_1002163,2019-08-09 19:26:14,APPROVED
B_100747,ACC_1000925,ACC_1007543,2021-11-20 16:56:18,APPROVED
B_100748,ACC_1000927,ACC_1006324,2016-03-06 01:24:27,APPROVED
B_100749,ACC_1000927,ACC_1014654,2016-03-09 01:24:27,APPROVED
B_100750,ACC_1000927,ACC_1013339,2016-03-11 01:24:27,APPROVED
B_100751,ACC_1000929,ACC_1001241,2019-10-06 04:14:14,APPROVED
B_100752,ACC_1000929,ACC_1002059,2019-10-10 04:14:14,APPROVED
B_100753,ACC_1000929,ACC_1008415,2019-10-03 04:14:14,APPROVED
B_100754,ACC_1000930,ACC_1003668,2019-10-12 00:15:14,APPROVED
B_100755,ACC_1000930,ACC_1006588,2019-10-12 00:15:14,APPROVED
B_100756,ACC_1000930,ACC_1013789,2019-10-16 00:15:14,APPROVED
B_100757,ACC_1000931,ACC_1007126,2019-10-24 09:20:16,APPROVED
B_100758,ACC_1000933,ACC_1011096,2025-10-09 13:49:27,APPROVED
B_100759,ACC_1000933,ACC_1008939,2025-10-03 13:49:27,PENDING
B_100760,ACC_1000933,ACC_1007301,2025-10-07 13:49:27,APPROVED
B_100761,ACC_1000938,ACC_1010420,2018-04-21 21:02:17,APPROVED
B_100762,ACC_1000938,ACC_1002014,2018-04-26 21:02:17,APPROVED
B_100763,ACC_1000940,ACC_1000772,2024-04-02 12:15:52,APPROVED
B_100764,ACC_1000940,ACC_1009316,2024-04-04 12:15:52,APPROVED
B_100765,ACC_1000940,ACC_1003079,2024-04-04 12:15:52,APPROVED
B_100766,ACC_1000941,ACC_1002909,2024-04-04 07:19:52,APPROVED
B_100767,ACC_1000941,ACC_1000398,2024-03-26 07:19:52,APPROVED
B_100768,ACC_1000941,ACC_1006345,2024-03-29 07:19:52,APPROVED
B_100769,ACC_1000942,ACC_1006850,2025-09-25 19:47:04,APPROVED
B_100770,ACC_1000943,ACC_1000399,2016-07-30 04:52:13,APPROVED
B_100771,ACC_1000947,ACC_1003663,2025-01-08 22:59:48,APPROVED
B_100772,ACC_1000947,ACC_1010208,2025-01-17 22:59:48,APPROVED
B_100773,ACC_1000947,ACC_1011567,2025-01-17 22:59:48,APPROVED
B_100774,ACC_1000949,ACC_1006308,2023-12-04 02:47:56,APPROVED
B_100775,ACC_1000950,ACC_1001044,2021-03-28 17:18:21,APPROVED
B_100776,ACC_1000952,ACC_1002797,2018-07-24 10:41:57,APPROVED
B_100777,ACC_1000952,ACC_1013904,2018-07-19 10:41:57,APPROVED
B_100778,ACC_1000952,ACC_1007354,2018-07-20 10:41:57,APPROVED
B_100779,ACC_1000953,ACC_1000266,2018-07-15 09:23:57,APPROVED
B_100780,ACC_1000953,ACC_1005058,2018-07-18 09:23:57,APPROVED
B_100781,ACC_1000953,ACC_1009102,2018-07-17 09:23:57,APPROVED
B_100782,ACC_1000955,ACC_1010954,2019-09-04 09:03:12,APPROVED
B_100783,ACC_1000955,ACC_1007369,2019-09-05 09:03:12,APPROVED
B_100784,ACC_1000955,ACC_1007928,2019-09-06 09:03:12,APPROVED
B_100785,ACC_1000959,ACC_1001491,2021-06-18 15:09:27,APPROVED
B_100786,ACC_1000960,ACC_1009476,2019-12-02 11:04:32,PENDING
B_100787,ACC_1000960,ACC_1005289,2019-12-03 11:04:32,PENDING
B_100788,ACC_1000962,ACC_1006131,2019-11-30 05:34:32,APPROVED
B_100789,ACC_1000966,ACC_1008317,2023-09-17 16:39:52,APPROVED
B_100790,ACC_1000966,ACC_1013876,2023-09-16 16:39:52,PENDING
B_100791,ACC_1000967,ACC_1003663,2023-10-04 16:44:52,APPROVED
B_100792,ACC_1000968,ACC_1004169,2025-12-23 10:36:42,APPROVED
B_100793,ACC_1000970,ACC_1007857,2022-12-18 06:20:30,APPROVED
B_100794,ACC_1000974,ACC_1003096,2020-03-21 16:06:03,APPROVED
B_100795,ACC_1000974,ACC_1005306,2020-03-16 16:06:03,APPROVED
B_100796,ACC_1000974,ACC_1006863,2020-03-17 16:06:03,APPROVED
B_100797,ACC_1000976,ACC_1001304,2018-09-15 16:56:05,APPROVED
B_100798,ACC_1000976,ACC_1009587,2018-09-10 16:56:05,APPROVED
B_100799,ACC_1000984,ACC_1006589,2021-11-30 06:31:43,APPROVED
B_100800,ACC_1000984,ACC_1008086,2021-11-25 06:31:43,APPROVED
B_100801,ACC_1000985,ACC_1000486,2021-11-28 09:00:43,APPROVED
B_100802,ACC_1000985,ACC_1004475,2021-11-26 09:00:43,APPROVED
B_100803,ACC_1000985,ACC_1002246,2021-11-23 09:00:43,APPROVED
B_100804,ACC_1000986,ACC_1009651,2024-12-29 23:24:13,APPROVED
B_100805,ACC_1000989,ACC_1012289,2023-06-09 14:08:20,APPROVED
B_100806,ACC_1000990,ACC_1000985,2023-05-25 23:06:20,APPROVED
B_100807,ACC_1000990,ACC_1001266,2023-05-25 23:06:20,APPROVED
B_100808,ACC_1000990,ACC_1010567,2023-05-26 23:06:20,APPROVED
B_100809,ACC_1000993,ACC_1000941,2021-12-24 02:15:17,APPROVED
B_100810,ACC_1001001,ACC_1002379,2025-01-12 03:12:27,APPROVED
B_100811,ACC_1001001,ACC_1005567,2025-01-13 03:12:27,APPROVED
B_100812,ACC_1001001,ACC_1003017,2025-01-13 03:12:27,APPROVED
B_100813,ACC_1001004,ACC_1004795,2019-03-17 00:53:16,APPROVED
B_100814,ACC_1001004,ACC_1002695,2019-03-12 00:53:16,APPROVED
B_100815,ACC_1001004,ACC_1014478,2019-03-09 00:53:16,APPROVED
B_100816,ACC_1001006,ACC_1006286,2019-04-25 06:44:04,APPROVED
B_100817,ACC_1001006,ACC_1007897,2019-04-24 06:44:04,APPROVED
B_100818,ACC_1001007,ACC_1003991,2019-05-06 20:13:04,APPROVED
B_100819,ACC_1001007,ACC_1007083,2019-05-11 20:13:04,APPROVED
B_100820,ACC_1001008,ACC_1008576,2019-05-13 06:30:04,APPROVED
B_100821,ACC_1001009,ACC_1005446,2024-09-18 19:57:29,APPROVED
B_100822,ACC_1001009,ACC_1005291,2024-09-11 19:57:29,APPROVED
B_100823,ACC_1001011,ACC_1000671,2016-10-07 10:30:07,APPROVED
B_100824,ACC_1001011,ACC_1007858,2016-10-06 10:30:07,APPROVED
B_100825,ACC_1001011,ACC_1007328,2016-10-06 10:30:07,APPROVED
B_100826,ACC_1001013,ACC_1006443,2023-04-02 05:06:54,APPROVED
B_100827,ACC_1001013,ACC_1012126,2023-04-01 05:06:54,APPROVED
B_100828,ACC_1001015,ACC_1005074,2020-06-25 04:14:02,APPROVED
B_100829,ACC_1001015,ACC_1003632,2020-06-24 04:14:02,PENDING
B_100830,ACC_1001017,ACC_1011952,2020-05-29 21:03:02,APPROVED
B_100831,ACC_1001020,ACC_1006623,2025-03-18 23:39:05,APPROVED
B_100832,ACC_1001020,ACC_1014852,2025-03-16 23:39:05,APPROVED
B_100833,ACC_1001022,ACC_1002924,2023-05-05 12:04:03,APPROVED
B_100834,ACC_1001022,ACC_1014723,2023-05-05 12:04:03,APPROVED
B_100835,ACC_1001022,ACC_1003837,2023-05-12 12:04:03,APPROVED
B_100836,ACC_1001024,ACC_1013459,2017-03-28 04:36:36,APPROVED
B_100837,ACC_1001027,ACC_1010400,2022-01-23 13:50:31,APPROVED
B_100838,ACC_1001038,ACC_1014243,2017-08-21 13:08:55,APPROVED
B_100839,ACC_1001038,ACC_1003713,2017-08-21 13:08:55,APPROVED
B_100840,ACC_1001038,ACC_1014714,2017-08-24 13:08:55,APPROVED
B_100841,ACC_1001040,ACC_1001384,2024-12-01 00:30:03,APPROVED
B_100842,ACC_1001040,ACC_1013626,2024-12-02 00:30:03,APPROVED
B_100843,ACC_1001040,ACC_1001119,2024-12-03 00:30:03,APPROVED
B_100844,ACC_1001045,ACC_1003131,2022-09-15 01:23:13,APPROVED
B_100845,ACC_1001045,ACC_1002104,2022-09-21 01:23:13,APPROVED
B_100846,ACC_1001045,ACC_1006201,2022-09-14 01:23:13,APPROVED
B_100847,ACC_1001046,ACC_1009976,2022-05-01 19:53:45,APPROVED
B_100848,ACC_1001051,ACC_1013157,2018-11-10 03:34:16,APPROVED
B_100849,ACC_1001051,ACC_1010578,2018-11-09 03:34:16,APPROVED
B_100850,ACC_1001053,ACC_1012579,2019-09-19 22:29:35,APPROVED
B_100851,ACC_1001053,ACC_1002827,2019-09-15 22:29:35,APPROVED
B_100852,ACC_1001054,ACC_1001255,2019-10-01 17:38:35,APPROVED
B_100853,ACC_1001054,ACC_1005717,2019-09-27 17:38:35,APPROVED
B_100854,ACC_1001055,ACC_1013847,2025-12-30 01:43:09,APPROVED
B_100855,ACC_1001055,ACC_1000863,2025-12-31 01:43:09,APPROVED
B_100856,ACC_1001055,ACC_1002580,2025-12-31 01:43:09,APPROVED
B_100857,ACC_1001057,ACC_1004171,2021-03-24 00:06:37,APPROVED
B_100858,ACC_1001061,ACC_1014806,2026-01-10 02:46:44,APPROVED
B_100859,ACC_1001061,ACC_1011663,2026-01-08 02:46:44,APPROVED
B_100860,ACC_1001064,ACC_1009725,2017-01-06 22:20:02,APPROVED
B_100861,ACC_1001064,ACC_1006544,2016-12-31 22:20:02,APPROVED
B_100862,ACC_1001064,ACC_1004650,2017-01-05 22:20:02,PENDING
B_100863,ACC_1001066,ACC_1005676,2018-09-23 15:34:47,APPROVED
B_100864,ACC_1001072,ACC_1003536,2024-07-02 07:03:21,APPROVED
B_100865,ACC_1001072,ACC_1004926,2024-06-28 07:03:21,APPROVED
B_100866,ACC_1001072,ACC_1011092,2024-07-02 07:03:21,APPROVED
B_100867,ACC_1001074,ACC_1012154,2024-04-09 13:58:44,APPROVED
B_100868,ACC_1001074,ACC_1002628,2024-04-10 13:58:44,APPROVED
B_100869,ACC_1001074,ACC_1013082,2024-04-08 13:58:44,APPROVED
B_100870,ACC_1001075,ACC_1005436,2022-04-22 22:57:22,APPROVED
B_100871,ACC_1001075,ACC_1005903,2022-04-25 22:57:22,APPROVED
B_100872,ACC_1001076,ACC_1002024,2024-05-07 13:04:17,APPROVED
B_100873,ACC_1001076,ACC_1012242,2024-05-13 13:04:17,APPROVED
B_100874,ACC_1001076,ACC_1011887,2024-05-10 13:04:17,APPROVED
B_100875,ACC_1001077,ACC_1014078,2020-10-22 09:33:25,APPROVED
B_100876,ACC_1001080,ACC_1014181,2021-05-06 10:03:57,APPROVED
B_100877,ACC_1001080,ACC_1010023,2021-05-12 10:03:57,APPROVED
B_100878,ACC_1001080,ACC_1000141,2021-05-09 10:03:57,APPROVED
B_100879,ACC_1001082,ACC_1008572,2023-10-19 22:09:21,APPROVED
B_100880,ACC_1001082,ACC_1011161,2023-10-23 22:09:21,APPROVED
B_100881,ACC_1001082,ACC_1006871,2023-10-18 22:09:21,APPROVED
B_100882,ACC_1001084,ACC_1007130,2023-02-19 06:07:34,APPROVED
B_100883,ACC_1001089,ACC_1012666,2017-09-07 12:29:24,APPROVED
B_100884,ACC_1001091,ACC_1001339,2023-10-20 17:05:17,APPROVED
B_100885,ACC_1001091,ACC_1008834,2023-10-25 17:05:17,PENDING
B_100886,ACC_1001093,ACC_1005808,2023-12-20 03:35:46,APPROVED
B_100887,ACC_1001097,ACC_1011833,2016-07-13 12:10:34,APPROVED
B_100888,ACC_1001098,ACC_1010350,2022-11-16 22:54:58,APPROVED
B_100889,ACC_1001101,ACC_1007341,2021-10-12 05:49:26,APPROVED
B_100890,ACC_1001101,ACC_1004405,2021-10-11 05:49:26,APPROVED
B_100891,ACC_1001101,ACC_1007352,2021-10-20 05:49:26,APPROVED
B_100892,ACC_1001109,ACC_1012602,2024-07-08 06:09:07,APPROVED
B_100893,ACC_1001111,ACC_1003408,2019-06-27 20:50:24,APPROVED
B_100894,ACC_1001111,ACC_1008857,2019-06-27 20:50:24,APPROVED
B_100895,ACC_1001112,ACC_1008929,2019-05-30 00:28:24,APPROVED
B_100896,ACC_1001112,ACC_1005475,2019-06-04 00:28:24,APPROVED
B_100897,ACC_1001112,ACC_1012809,2019-06-01 00:28:24,APPROVED
B_100898,ACC_1001114,ACC_1000947,2023-04-18 03:49:39,APPROVED
B_100899,ACC_1001114,ACC_1003766,2023-04-18 03:49:39,APPROVED
B_100900,ACC_1001114,ACC_1009404,2023-04-20 03:49:39,APPROVED
B_100901,ACC_1001115,ACC_1011840,2022-08-09 02:05:38,APPROVED
B_100902,ACC_1001115,ACC_1001071,2022-08-12 02:05:38,APPROVED
B_100903,ACC_1001118,ACC_1002155,2020-01-10 12:00:45,APPROVED
B_100904,ACC_1001118,ACC_1004539,2020-01-04 12:00:45,APPROVED
B_100905,ACC_1001118,ACC_1013065,2020-01-05 12:00:45,APPROVED
B_100906,ACC_1001125,ACC_1012580,2017-11-19 03:12:44,APPROVED
B_100907,ACC_1001125,ACC_1008240,2017-11-20 03:12:44,APPROVED
B_100908,ACC_1001129,ACC_1013937,2021-12-07 18:52:12,APPROVED
B_100909,ACC_1001129,ACC_1002621,2021-12-06 18:52:12,APPROVED
B_100910,ACC_1001130,ACC_1000815,2021-12-04 04:51:12,APPROVED
B_100911,ACC_1001130,ACC_1005548,2021-12-02 04:51:12,APPROVED
B_100912,ACC_1001131,ACC_1001775,2016-11-29 07:16:00,APPROVED
B_100913,ACC_1001131,ACC_1014148,2016-11-24 07:16:00,APPROVED
B_100914,ACC_1001131,ACC_1006667,2016-11-29 07:16:00,APPROVED
B_100915,ACC_1001132,ACC_1009412,2016-10-02 12:06:57,APPROVED
B_100916,ACC_1001137,ACC_1014966,2018-06-30 16:13:26,APPROVED
B_100917,ACC_1001137,ACC_1004295,2018-07-06 16:13:26,APPROVED
B_100918,ACC_1001137,ACC_1014533,2018-07-03 16:13:26,APPROVED
B_100919,ACC_1001141,ACC_1000701,2020-10-09 21:50:05,APPROVED
B_100920,ACC_1001141,ACC_1014627,2020-10-13 21:50:05,APPROVED
B_100921,ACC_1001141,ACC_1003080,2020-10-14 21:50:05,APPROVED
B_100922,ACC_1001143,ACC_1014480,2021-11-25 05:20:54,APPROVED
B_100923,ACC_1001146,ACC_1011504,2017-04-08 23:11:52,APPROVED
B_100924,ACC_1001146,ACC_1010190,2017-04-05 23:11:52,APPROVED
B_100925,ACC_1001146,ACC_1001138,2017-04-14 23:11:52,APPROVED
B_100926,ACC_1001147,ACC_1007785,2022-08-26 14:04:12,APPROVED
B_100927,ACC_1001147,ACC_1003990,2022-08-19 14:04:12,APPROVED
B_100928,ACC_1001149,ACC_1012758,2022-10-16 02:47:31,APPROVED
B_100929,ACC_1001149,ACC_1000137,2022-10-11 02:47:31,APPROVED
B_100930,ACC_1001149,ACC_1013898,2022-10-16 02:47:31,APPROVED
B_100931,ACC_1001150,ACC_1011955,2022-11-14 09:47:31,APPROVED
B_100932,ACC_1001150,ACC_1002688,2022-11-08 09:47:31,APPROVED
B_100933,ACC_1001150,ACC_1012666,2022-11-07 09:47:31,APPROVED
B_100934,ACC_1001151,ACC_1006947,2022-10-11 11:31:31,APPROVED
B_100935,ACC_1001156,ACC_1003009,2025-02-20 05:13:48,APPROVED
B_100936,ACC_1001156,ACC_1002125,2025-02-23 05:13:48,APPROVED
B_100937,ACC_1001159,ACC_1001816,2019-07-22 09:14:57,APPROVED
B_100938,ACC_1001160,ACC_1001303,2021-05-02 11:34:38,APPROVED
B_100939,ACC_1001160,ACC_1012335,2021-04-29 11:34:38,APPROVED
B_100940,ACC_1001162,ACC_1012470,2022-12-06 00:52:37,APPROVED
B_100941,ACC_1001162,ACC_1000095,2022-12-05 00:52:37,APPROVED
B_100942,ACC_1001162,ACC_1005656,2022-12-08 00:52:37,APPROVED
B_100943,ACC_1001163,ACC_1003469,2022-08-18 16:56:45,APPROVED
B_100944,ACC_1001163,ACC_1010636,2022-08-17 16:56:45,APPROVED
B_100945,ACC_1001163,ACC_1012629,2022-08-14 16:56:45,APPROVED
B_100946,ACC_1001165,ACC_1012438,2022-08-16 10:41:45,APPROVED
B_100947,ACC_1001166,ACC_1011078,2023-06-29 19:20:31,APPROVED
B_100948,ACC_1001166,ACC_1012548,2023-06-29 19:20:31,APPROVED
B_100949,ACC_1001167,ACC_1006229,2019-11-12 20:21:53,APPROVED
B_100950,ACC_1001167,ACC_1011307,2019-11-09 20:21:53,PENDING
B_100951,ACC_1001169,ACC_1003691,2020-10-15 00:49:26,APPROVED
B_100952,ACC_1001169,ACC_1011980,2020-10-14 00:49:26,APPROVED
B_100953,ACC_1001175,ACC_1000212,2020-02-23 20:22:26,APPROVED
B_100954,ACC_1001175,ACC_1005421,2020-03-03 20:22:26,APPROVED
B_100955,ACC_1001175,ACC_1004195,2020-02-29 20:22:26,APPROVED
B_100956,ACC_1001177,ACC_1006377,2022-06-05 13:30:07,APPROVED
B_100957,ACC_1001177,ACC_1012104,2022-06-08 13:30:07,APPROVED
B_100958,ACC_1001180,ACC_1008537,2022-02-20 19:40:31,APPROVED
B_100959,ACC_1001180,ACC_1010388,2022-02-22 19:40:31,APPROVED
B_100960,ACC_1001180,ACC_1007802,2022-02-20 19:40:31,APPROVED
B_100961,ACC_1001185,ACC_1010346,2018-09-30 17:14:42,APPROVED
B_100962,ACC_1001185,ACC_1012582,2018-09-26 17:14:42,APPROVED
B_100963,ACC_1001185,ACC_1003731,2018-09-28 17:14:42,APPROVED
B_100964,ACC_1001191,ACC_1001981,2016-06-27 02:28:15,APPROVED
B_100965,ACC_1001193,ACC_1001446,2023-03-29 06:02:15,APPROVED
B_100966,ACC_1001194,ACC_1011424,2023-04-11 22:24:15,PENDING
B_100967,ACC_1001194,ACC_1011242,2023-04-09 22:24:15,APPROVED
B_100968,ACC_1001194,ACC_1008999,2023-04-12 22:24:15,APPROVED
B_100969,ACC_1001199,ACC_1009667,2025-09-17 10:49:44,APPROVED
B_100970,ACC_1001199,ACC_1000640,2025-09-21 10:49:44,APPROVED
B_100971,ACC_1001202,ACC_1013728,2022-10-22 20:37:02,APPROVED
B_100972,ACC_1001207,ACC_1003361,2025-06-30 09:30:50,APPROVED
B_100973,ACC_1001207,ACC_1012914,2025-07-01 09:30:50,APPROVED
B_100974,ACC_1001208,ACC_1010998,2025-06-25 06:27:50,APPROVED
B_100975,ACC_1001211,ACC_1007615,2023-02-18 09:04:37,APPROVED
B_100976,ACC_1001212,ACC_1004549,2024-01-17 21:14:09,APPROVED
B_100977,ACC_1001212,ACC_1010641,2024-01-09 21:14:09,APPROVED
B_100978,ACC_1001216,ACC_1010821,2025-05-21 15:27:02,APPROVED
B_100979,ACC_1001216,ACC_1012771,2025-05-27 15:27:02,APPROVED
B_100980,ACC_1001216,ACC_1014668,2025-05-22 15:27:02,APPROVED
B_100981,ACC_1001218,ACC_1011411,2023-11-25 09:06:39,APPROVED
B_100982,ACC_1001218,ACC_1003482,2023-11-25 09:06:39,APPROVED
B_100983,ACC_1001218,ACC_1002413,2023-11-18 09:06:39,APPROVED
B_100984,ACC_1001222,ACC_1013111,2025-09-03 09:55:20,PENDING
B_100985,ACC_1001222,ACC_1009036,2025-08-29 09:55:20,APPROVED
B_100986,ACC_1001223,ACC_1014616,2019-04-17 06:16:54,APPROVED
B_100987,ACC_1001223,ACC_1010407,2019-04-15 06:16:54,APPROVED
B_100988,ACC_1001225,ACC_1011265,2016-12-23 16:57:32,PENDING
B_100989,ACC_1001225,ACC_1012595,2016-12-25 16:57:32,APPROVED
B_100990,ACC_1001225,ACC_1006257,2016-12-30 16:57:32,APPROVED
B_100991,ACC_1001228,ACC_1003490,2022-10-08 18:46:44,APPROVED
B_100992,ACC_1001228,ACC_1014207,2022-10-11 18:46:44,APPROVED
B_100993,ACC_1001228,ACC_1013687,2022-10-04 18:46:44,APPROVED
B_100994,ACC_1001232,ACC_1014138,2018-12-13 11:58:04,APPROVED
B_100995,ACC_1001238,ACC_1002918,2018-05-13 20:42:39,APPROVED
B_100996,ACC_1001238,ACC_1008761,2018-05-08 20:42:39,APPROVED
B_100997,ACC_1001239,ACC_1003843,2018-04-24 14:57:39,APPROVED
B_100998,ACC_1001239,ACC_1013461,2018-04-24 14:57:39,APPROVED
B_100999,ACC_1001239,ACC_1009913,2018-04-24 14:57:39,APPROVED
B_101000,ACC_1001240,ACC_1001001,2016-02-06 00:20:05,APPROVED
B_101001,ACC_1001240,ACC_1013787,2016-02-10 00:20:05,APPROVED
B_101002,ACC_1001246,ACC_1014656,2022-10-04 22:17:09,APPROVED
B_101003,ACC_1001246,ACC_1013155,2022-10-11 22:17:09,APPROVED
B_101004,ACC_1001247,ACC_1000339,2018-05-17 04:23:56,APPROVED
B_101005,ACC_1001247,ACC_1009188,2018-05-17 04:23:56,APPROVED
B_101006,ACC_1001248,ACC_1000733,2024-04-25 12:55:25,APPROVED
B_101007,ACC_1001248,ACC_1013782,2024-04-29 12:55:25,APPROVED
B_101008,ACC_1001249,ACC_1005080,2020-05-18 08:08:47,APPROVED
B_101009,ACC_1001249,ACC_1011317,2020-05-14 08:08:47,APPROVED
B_101010,ACC_1001249,ACC_1010004,2020-05-10 08:08:47,APPROVED
B_101011,ACC_1001250,ACC_1010824,2018-02-18 00:54:19,APPROVED
B_101012,ACC_1001252,ACC_1010765,2017-10-04 08:55:02,APPROVED
B_101013,ACC_1001252,ACC_1008497,2017-10-05 08:55:02,APPROVED
B_101014,ACC_1001254,ACC_1008229,2016-11-22 22:20:30,APPROVED
B_101015,ACC_1001254,ACC_1010619,2016-11-18 22:20:30,APPROVED
B_101016,ACC_1001254,ACC_1003410,2016-11-23 22:20:30,APPROVED
B_101017,ACC_1001255,ACC_1009975,2025-03-05 00:18:31,APPROVED
B_101018,ACC_1001255,ACC_1012103,2025-03-06 00:18:31,APPROVED
B_101019,ACC_1001255,ACC_1011608,2025-03-01 00:18:31,APPROVED
B_101020,ACC_1001260,ACC_1009990,2021-03-26 21:28:56,APPROVED
B_101021,ACC_1001260,ACC_1001040,2021-03-24 21:28:56,APPROVED
B_101022,ACC_1001260,ACC_1011272,2021-03-18 21:28:56,APPROVED
B_101023,ACC_1001261,ACC_1001062,2023-11-01 22:43:53,APPROVED
B_101024,ACC_1001261,ACC_1003476,2023-10-24 22:43:53,APPROVED
B_101025,ACC_1001261,ACC_1005716,2023-10-30 22:43:53,APPROVED
B_101026,ACC_1001263,ACC_1006116,2025-09-20 00:19:33,APPROVED
B_101027,ACC_1001263,ACC_1006125,2025-09-14 00:19:33,APPROVED
B_101028,ACC_1001263,ACC_1001133,2025-09-12 00:19:33,PENDING
B_101029,ACC_1001264,ACC_1014892,2017-11-28 09:37:58,APPROVED
B_101030,ACC_1001264,ACC_1013875,2017-11-27 09:37:58,APPROVED
B_101031,ACC_1001264,ACC_1005756,2017-11-25 09:37:58,APPROVED
B_101032,ACC_1001267,ACC_1012543,2022-01-09 17:22:32,APPROVED
B_101033,ACC_1001267,ACC_1005363,2022-01-10 17:22:32,APPROVED
B_101034,ACC_1001269,ACC_1012647,2021-08-02 07:00:18,APPROVED
B_101035,ACC_1001269,ACC_1013638,2021-08-04 07:00:18,APPROVED
B_101036,ACC_1001269,ACC_1001431,2021-08-03 07:00:18,APPROVED
B_101037,ACC_1001271,ACC_1003691,2021-04-27 20:55:08,PENDING
B_101038,ACC_1001271,ACC_1006354,2021-04-27 20:55:08,APPROVED
B_101039,ACC_1001275,ACC_1001928,2021-08-16 09:18:25,APPROVED
B_101040,ACC_1001275,ACC_1012726,2021-08-13 09:18:25,APPROVED
B_101041,ACC_1001276,ACC_1009169,2018-12-24 00:13:58,APPROVED
B_101042,ACC_1001276,ACC_1001452,2018-12-29 00:13:58,APPROVED
B_101043,ACC_1001281,ACC_1002868,2024-12-26 14:24:37,APPROVED
B_101044,ACC_1001281,ACC_1001713,2024-12-30 14:24:37,APPROVED
B_101045,ACC_1001282,ACC_1013375,2021-09-27 11:14:16,APPROVED
B_101046,ACC_1001282,ACC_1010003,2021-09-24 11:14:16,APPROVED
B_101047,ACC_1001283,ACC_1012963,2024-04-03 17:42:54,APPROVED
B_101048,ACC_1001285,ACC_1013629,2024-08-23 13:20:23,APPROVED
B_101049,ACC_1001288,ACC_1011112,2016-10-26 10:21:12,APPROVED
B_101050,ACC_1001289,ACC_1010295,2016-07-10 14:31:18,APPROVED
B_101051,ACC_1001289,ACC_1009997,2016-07-02 14:31:18,APPROVED
B_101052,ACC_1001289,ACC_1011259,2016-07-07 14:31:18,APPROVED
B_101053,ACC_1001292,ACC_1014573,2026-01-16 10:00:22,APPROVED
B_101054,ACC_1001295,ACC_1009951,2023-05-14 17:02:39,APPROVED
B_101055,ACC_1001295,ACC_1004305,2023-05-19 17:02:39,APPROVED
B_101056,ACC_1001297,ACC_1013153,2021-11-12 20:38:22,APPROVED
B_101057,ACC_1001299,ACC_1012835,2025-06-19 02:28:47,APPROVED
B_101058,ACC_1001299,ACC_1001724,2025-06-18 02:28:47,APPROVED
B_101059,ACC_1001300,ACC_1011928,2024-04-10 13:57:23,APPROVED
B_101060,ACC_1001300,ACC_1006898,2024-04-15 13:57:23,APPROVED
B_101061,ACC_1001300,ACC_1013208,2024-04-10 13:57:23,APPROVED
B_101062,ACC_1001301,ACC_1001697,2024-04-22 20:30:23,APPROVED
B_101063,ACC_1001301,ACC_1001390,2024-04-20 20:30:23,APPROVED
B_101064,ACC_1001301,ACC_1012428,2024-04-23 20:30:23,APPROVED
B_101065,ACC_1001304,ACC_1000452,2019-04-13 01:55:13,APPROVED
B_101066,ACC_1001306,ACC_1007625,2022-09-03 04:41:05,APPROVED
B_101067,ACC_1001309,ACC_1003741,2021-11-02 20:40:55,APPROVED
B_101068,ACC_1001309,ACC_1004453,2021-11-10 20:40:55,APPROVED
B_101069,ACC_1001309,ACC_1012729,2021-11-10 20:40:55,APPROVED
B_101070,ACC_1001313,ACC_1012101,2020-03-29 01:15:28,APPROVED
B_101071,ACC_1001314,ACC_1004872,2020-03-27 06:09:28,APPROVED
B_101072,ACC_1001314,ACC_1009720,2020-03-19 06:09:28,APPROVED
B_101073,ACC_1001316,ACC_1007441,2018-02-08 19:29:47,APPROVED
B_101074,ACC_1001316,ACC_1012975,2018-02-07 19:29:47,APPROVED
B_101075,ACC_1001316,ACC_1002248,2018-02-16 19:29:47,APPROVED
B_101076,ACC_1001318,ACC_1001378,2019-07-06 09:35:55,APPROVED
B_101077,ACC_1001319,ACC_1008266,2019-07-23 09:46:55,APPROVED
B_101078,ACC_1001319,ACC_1014932,2019-07-21 09:46:55,APPROVED
B_101079,ACC_1001319,ACC_1011236,2019-07-23 09:46:55,APPROVED
B_101080,ACC_1001320,ACC_1012502,2023-03-09 00:34:55,APPROVED
B_101081,ACC_1001320,ACC_1013382,2023-03-12 00:34:55,APPROVED
B_101082,ACC_1001326,ACC_1005035,2019-06-26 11:19:37,PENDING
B_101083,ACC_1001328,ACC_1006485,2022-06-28 13:34:47,APPROVED
B_101084,ACC_1001328,ACC_1008887,2022-07-02 13:34:47,APPROVED
B_101085,ACC_1001333,ACC_1007004,2016-09-13 05:27:20,APPROVED
B_101086,ACC_1001333,ACC_1012435,2016-09-11 05:27:20,PENDING
B_101087,ACC_1001333,ACC_1000418,2016-09-15 05:27:20,APPROVED
B_101088,ACC_1001336,ACC_1014686,2021-09-21 02:52:09,APPROVED
B_101089,ACC_1001336,ACC_1007883,2021-09-21 02:52:09,APPROVED
B_101090,ACC_1001338,ACC_1007248,2020-08-15 12:26:59,APPROVED
B_101091,ACC_1001338,ACC_1013580,2020-08-14 12:26:59,APPROVED
B_101092,ACC_1001340,ACC_1014241,2019-06-25 12:22:21,APPROVED
B_101093,ACC_1001340,ACC_1001475,2019-06-22 12:22:21,APPROVED
B_101094,ACC_1001341,ACC_1013793,2017-12-01 01:58:33,APPROVED
B_101095,ACC_1001341,ACC_1011151,2017-11-28 01:58:33,APPROVED
B_101096,ACC_1001345,ACC_1013478,2023-01-04 12:23:52,APPROVED
B_101097,ACC_1001345,ACC_1013193,2023-01-02 12:23:52,APPROVED
B_101098,ACC_1001345,ACC_1014333,2022-12-30 12:23:52,APPROVED
B_101099,ACC_1001346,ACC_1012745,2018-05-31 03:20:17,APPROVED
B_101100,ACC_1001346,ACC_1002112,2018-05-25 03:20:17,APPROVED
B_101101,ACC_1001349,ACC_1006192,2019-12-01 05:54:32,APPROVED
B_101102,ACC_1001350,ACC_1004285,2022-10-10 22:42:31,APPROVED
B_101103,ACC_1001353,ACC_1010904,2024-09-08 23:05:25,APPROVED
B_101104,ACC_1001356,ACC_1013832,2024-08-10 19:34:08,APPROVED
B_101105,ACC_1001356,ACC_1000445,2024-08-04 19:34:08,APPROVED
B_101106,ACC_1001356,ACC_1005619,2024-08-03 19:34:08,APPROVED
B_101107,ACC_1001361,ACC_1005806,2024-10-16 06:12:16,APPROVED
B_101108,ACC_1001361,ACC_1014433,2024-10-24 06:12:16,APPROVED
B_101109,ACC_1001361,ACC_1002472,2024-10-25 06:12:16,APPROVED
B_101110,ACC_1001362,ACC_1012926,2020-10-27 05:30:12,APPROVED
B_101111,ACC_1001362,ACC_1000549,2020-11-03 05:30:12,APPROVED
B_101112,ACC_1001362,ACC_1005103,2020-11-04 05:30:12,APPROVED
B_101113,ACC_1001364,ACC_1003207,2020-09-26 15:21:04,APPROVED
B_101114,ACC_1001364,ACC_1006200,2020-09-26 15:21:04,APPROVED
B_101115,ACC_1001364,ACC_1013141,2020-09-27 15:21:04,PENDING
B_101116,ACC_1001366,ACC_1009779,2020-10-17 08:32:37,APPROVED
B_101117,ACC_1001366,ACC_1007093,2020-10-18 08:32:37,APPROVED
B_101118,ACC_1001369,ACC_1000085,2025-05-19 00:19:54,APPROVED
B_101119,ACC_1001376,ACC_1003138,2023-03-10 16:57:42,APPROVED
B_101120,ACC_1001380,ACC_1002133,2022-02-10 03:26:07,APPROVED
B_101121,ACC_1001382,ACC_1008376,2018-04-16 14:15:18,APPROVED
B_101122,ACC_1001382,ACC_1003247,2018-04-17 14:15:18,APPROVED
B_101123,ACC_1001383,ACC_1013242,2018-05-03 22:01:18,APPROVED
B_101124,ACC_1001383,ACC_1014909,2018-04-25 22:01:18,APPROVED
B_101125,ACC_1001383,ACC_1002015,2018-04-27 22:01:18,APPROVED
B_101126,ACC_1001390,ACC_1011413,2016-07-13 04:09:50,APPROVED
B_101127,ACC_1001397,ACC_1013865,2018-11-01 06:20:20,APPROVED
B_101128,ACC_1001397,ACC_1006378,2018-10-27 06:20:20,APPROVED
B_101129,ACC_1001398,ACC_1012094,2018-10-23 01:41:20,APPROVED
B_101130,ACC_1001398,ACC_1013598,2018-10-23 01:41:20,APPROVED
B_101131,ACC_1001398,ACC_1000600,2018-10-27 01:41:20,APPROVED
B_101132,ACC_1001403,ACC_1012932,2020-07-12 10:23:57,APPROVED
B_101133,ACC_1001406,ACC_1001242,2020-01-10 10:06:49,APPROVED
B_101134,ACC_1001407,ACC_1006676,2020-01-16 20:28:49,APPROVED
B_101135,ACC_1001407,ACC_1012446,2020-01-15 20:28:49,APPROVED
B_101136,ACC_1001411,ACC_1011271,2020-02-13 06:46:37,APPROVED
B_101137,ACC_1001411,ACC_1008539,2020-02-05 06:46:37,PENDING
B_101138,ACC_1001413,ACC_1004257,2024-09-06 13:37:34,APPROVED
B_101139,ACC_1001413,ACC_1009100,2024-09-09 13:37:34,APPROVED
B_101140,ACC_1001414,ACC_1007804,2019-03-26 19:18:13,APPROVED
B_101141,ACC_1001419,ACC_1008119,2022-03-27 04:53:58,APPROVED
B_101142,ACC_1001419,ACC_1011169,2022-03-28 04:53:58,APPROVED
B_101143,ACC_1001419,ACC_1008388,2022-03-31 04:53:58,APPROVED
B_101144,ACC_1001422,ACC_1003693,2017-06-18 03:46:31,APPROVED
B_101145,ACC_1001423,ACC_1003212,2020-10-22 09:22:10,APPROVED
B_101146,ACC_1001424,ACC_1010850,2017-08-18 18:13:44,PENDING
B_101147,ACC_1001424,ACC_1014002,2017-08-24 18:13:44,APPROVED
B_101148,ACC_1001425,ACC_1000039,2017-08-27 12:32:44,APPROVED
B_101149,ACC_1001425,ACC_1007689,2017-08-21 12:32:44,PENDING
B_101150,ACC_1001425,ACC_1004922,2017-08-20 12:32:44,APPROVED
B_101151,ACC_1001431,ACC_1007527,2025-10-16 01:42:03,APPROVED
B_101152,ACC_1001431,ACC_1012949,2025-10-12 01:42:03,APPROVED
B_101153,ACC_1001431,ACC_1003399,2025-10-19 01:42:03,APPROVED
B_101154,ACC_1001432,ACC_1012773,2025-10-04 04:07:03,APPROVED
B_101155,ACC_1001435,ACC_1005156,2025-12-14 10:25:30,APPROVED
B_101156,ACC_1001438,ACC_1003336,2023-01-01 03:11:53,APPROVED
B_101157,ACC_1001438,ACC_1011428,2023-01-02 03:11:53,APPROVED
B_101158,ACC_1001441,ACC_1000271,2018-07-08 20:54:02,APPROVED
B_101159,ACC_1001441,ACC_1013008,2018-07-03 20:54:02,APPROVED
B_101160,ACC_1001449,ACC_1000953,2018-04-25 16:23:28,APPROVED
B_101161,ACC_1001449,ACC_1002947,2018-04-23 16:23:28,APPROVED
B_101162,ACC_1001451,ACC_1001765,2018-06-01 04:59:22,APPROVED
B_101163,ACC_1001451,ACC_1001436,2018-06-01 04:59:22,APPROVED
B_101164,ACC_1001451,ACC_1014698,2018-06-06 04:59:22,APPROVED
B_101165,ACC_1001453,ACC_1004179,2023-05-05 10:01:57,APPROVED
B_101166,ACC_1001453,ACC_1014621,2023-05-06 10:01:57,APPROVED
B_101167,ACC_1001454,ACC_1007953,2023-04-28 02:04:57,APPROVED
B_101168,ACC_1001454,ACC_1005134,2023-04-19 02:04:57,APPROVED
B_101169,ACC_1001454,ACC_1001447,2023-04-19 02:04:57,APPROVED
B_101170,ACC_1001455,ACC_1002573,2017-03-20 00:42:18,APPROVED
B_101171,ACC_1001455,ACC_1004950,2017-03-24 00:42:18,APPROVED
B_101172,ACC_1001455,ACC_1002201,2017-03-24 00:42:18,APPROVED
B_101173,ACC_1001457,ACC_1012785,2019-10-28 22:19:33,APPROVED
B_101174,ACC_1001459,ACC_1005964,2019-10-30 08:52:33,APPROVED
B_101175,ACC_1001459,ACC_1010936,2019-10-29 08:52:33,APPROVED
B_101176,ACC_1001461,ACC_1010425,2018-10-06 04:27:53,APPROVED
B_101177,ACC_1001461,ACC_1005012,2018-10-06 04:27:53,APPROVED
B_101178,ACC_1001464,ACC_1003516,2023-04-03 02:35:48,APPROVED
B_101179,ACC_1001464,ACC_1001465,2023-04-04 02:35:48,APPROVED
B_101180,ACC_1001464,ACC_1001090,2023-03-29 02:35:48,APPROVED
B_101181,ACC_1001465,ACC_1006025,2023-04-08 12:55:31,PENDING
B_101182,ACC_1001465,ACC_1003107,2023-03-31 12:55:31,APPROVED
B_101183,ACC_1001467,ACC_1008520,2019-10-04 03:40:42,APPROVED
B_101184,ACC_1001467,ACC_1006422,2019-10-07 03:40:42,APPROVED
B_101185,ACC_1001467,ACC_1014551,2019-10-09 03:40:42,APPROVED
B_101186,ACC_1001468,ACC_1006119,2024-02-17 17:33:56,APPROVED
B_101187,ACC_1001470,ACC_1014675,2024-02-11 13:02:56,APPROVED
B_101188,ACC_1001470,ACC_1005959,2024-02-13 13:02:56,APPROVED
B_101189,ACC_1001477,ACC_1001855,2016-11-27 04:57:57,APPROVED
B_101190,ACC_1001477,ACC_1005407,2016-11-18 04:57:57,APPROVED
B_101191,ACC_1001483,ACC_1007785,2017-09-08 01:35:53,APPROVED
B_101192,ACC_1001483,ACC_1002350,2017-09-08 01:35:53,APPROVED
B_101193,ACC_1001484,ACC_1002596,2017-01-29 12:26:42,APPROVED
B_101194,ACC_1001490,ACC_1010513,2017-04-26 08:14:29,APPROVED
B_101195,ACC_1001490,ACC_1007326,2017-04-29 08:14:29,APPROVED
B_101196,ACC_1001490,ACC_1007740,2017-04-22 08:14:29,APPROVED
B_101197,ACC_1001493,ACC_1007419,2016-02-23 13:16:22,APPROVED
B_101198,ACC_1001493,ACC_1006357,2016-02-27 13:16:22,APPROVED
B_101199,ACC_1001494,ACC_1011578,2016-03-03 16:14:22,APPROVED
B_101200,ACC_1001494,ACC_1011674,2016-03-05 16:14:22,APPROVED
B_101201,ACC_1001497,ACC_1002589,2020-02-20 22:38:28,APPROVED
B_101202,ACC_1001497,ACC_1004614,2020-02-24 22:38:28,APPROVED
B_101203,ACC_1001498,ACC_1000634,2021-02-23 06:04:45,APPROVED
B_101204,ACC_1001498,ACC_1000513,2021-02-25 06:04:45,APPROVED
B_101205,ACC_1001502,ACC_1003724,2025-11-23 09:05:57,APPROVED
B_101206,ACC_1001502,ACC_1014038,2025-11-19 09:05:57,APPROVED
B_101207,ACC_1001504,ACC_1000984,2024-12-05 20:34:45,APPROVED
B_101208,ACC_1001505,ACC_1012181,2022-11-02 06:13:09,APPROVED
B_101209,ACC_1001505,ACC_1008765,2022-10-27 06:13:09,APPROVED
B_101210,ACC_1001505,ACC_1010893,2022-10-25 06:13:09,APPROVED
B_101211,ACC_1001506,ACC_1014766,2022-11-07 05:00:09,PENDING
B_101212,ACC_1001506,ACC_1012219,2022-10-29 05:00:09,APPROVED
B_101213,ACC_1001507,ACC_1001196,2025-05-29 15:28:45,APPROVED
B_101214,ACC_1001512,ACC_1012509,2022-08-25 17:00:02,APPROVED
B_101215,ACC_1001512,ACC_1011087,2022-08-27 17:00:02,PENDING
B_101216,ACC_1001512,ACC_1007196,2022-08-27 17:00:02,APPROVED
B_101217,ACC_1001514,ACC_1010213,2016-02-08 13:54:57,APPROVED
B_101218,ACC_1001514,ACC_1003837,2016-02-08 13:54:57,APPROVED
B_101219,ACC_1001514,ACC_1007294,2016-02-15 13:54:57,APPROVED
B_101220,ACC_1001515,ACC_1003775,2025-01-18 21:44:55,APPROVED
B_101221,ACC_1001515,ACC_1010403,2025-01-12 21:44:55,APPROVED
B_101222,ACC_1001520,ACC_1003470,2025-10-16 22:05:04,APPROVED
B_101223,ACC_1001530,ACC_1009606,2023-05-16 02:21:26,APPROVED
B_101224,ACC_1001532,ACC_1005040,2023-10-08 04:08:19,APPROVED
B_101225,ACC_1001532,ACC_1005544,2023-10-02 04:08:19,APPROVED
B_101226,ACC_1001532,ACC_1009954,2023-10-08 04:08:19,APPROVED
B_101227,ACC_1001533,ACC_1007786,2020-05-12 22:26:13,APPROVED
B_101228,ACC_1001533,ACC_1007400,2020-05-16 22:26:13,APPROVED
B_101229,ACC_1001533,ACC_1009440,2020-05-14 22:26:13,APPROVED
B_101230,ACC_1001541,ACC_1010078,2023-10-31 04:32:04,APPROVED
B_101231,ACC_1001541,ACC_1009529,2023-10-29 04:32:04,APPROVED
B_101232,ACC_1001541,ACC_1007143,2023-11-03 04:32:04,APPROVED
B_101233,ACC_1001542,ACC_1001904,2023-05-18 21:54:10,APPROVED
B_101234,ACC_1001542,ACC_1003090,2023-05-24 21:54:10,APPROVED
B_101235,ACC_1001542,ACC_1011759,2023-05-23 21:54:10,PENDING
B_101236,ACC_1001546,ACC_1003149,2018-09-26 06:27:14,APPROVED
B_101237,ACC_1001546,ACC_1007755,2018-10-01 06:27:14,APPROVED
B_101238,ACC_1001546,ACC_1004585,2018-09-23 06:27:14,APPROVED
B_101239,ACC_1001549,ACC_1007858,2019-03-04 13:53:41,APPROVED
B_101240,ACC_1001549,ACC_1001270,2019-03-06 13:53:41,APPROVED
B_101241,ACC_1001549,ACC_1006017,2019-03-09 13:53:41,APPROVED
B_101242,ACC_1001551,ACC_1004633,2018-03-25 07:15:57,APPROVED
B_101243,ACC_1001551,ACC_1002939,2018-03-22 07:15:57,APPROVED
B_101244,ACC_1001553,ACC_1002383,2018-04-05 04:26:57,PENDING
B_101245,ACC_1001553,ACC_1007029,2018-04-03 04:26:57,APPROVED
B_101246,ACC_1001560,ACC_1000646,2025-11-06 03:00:40,APPROVED
B_101247,ACC_1001563,ACC_1010639,2025-07-21 19:12:36,APPROVED
B_101248,ACC_1001566,ACC_1005952,2024-04-17 09:47:04,APPROVED
B_101249,ACC_1001571,ACC_1004434,2017-02-07 19:30:41,APPROVED
B_101250,ACC_1001571,ACC_1003406,2017-02-09 19:30:41,APPROVED
B_101251,ACC_1001571,ACC_1014045,2017-02-05 19:30:41,APPROVED
B_101252,ACC_1001574,ACC_1009628,2020-10-14 22:34:14,APPROVED
B_101253,ACC_1001574,ACC_1007407,2020-10-12 22:34:14,APPROVED
B_101254,ACC_1001574,ACC_1005906,2020-10-13 22:34:14,APPROVED
B_101255,ACC_1001576,ACC_1004711,2023-06-19 12:24:40,APPROVED
B_101256,ACC_1001576,ACC_1014693,2023-06-18 12:24:40,APPROVED
B_101257,ACC_1001576,ACC_1007630,2023-06-19 12:24:40,APPROVED
B_101258,ACC_1001577,ACC_1014410,2024-09-02 13:32:38,APPROVED
B_101259,ACC_1001577,ACC_1005689,2024-08-26 13:32:38,APPROVED
B_101260,ACC_1001577,ACC_1003794,2024-08-29 13:32:38,APPROVED
B_101261,ACC_1001580,ACC_1000181,2016-01-21 22:52:49,APPROVED
B_101262,ACC_1001583,ACC_1007862,2022-01-08 17:43:32,APPROVED
B_101263,ACC_1001583,ACC_1011879,2022-01-04 17:43:32,APPROVED
B_101264,ACC_1001583,ACC_1001275,2022-01-06 17:43:32,APPROVED
B_101265,ACC_1001585,ACC_1004815,2017-03-30 19:06:04,APPROVED
B_101266,ACC_1001585,ACC_1007877,2017-03-31 19:06:04,APPROVED
B_101267,ACC_1001587,ACC_1005396,2016-05-23 12:43:12,APPROVED
B_101268,ACC_1001589,ACC_1006891,2023-10-02 09:11:39,APPROVED
B_101269,ACC_1001592,ACC_1009991,2024-09-07 13:34:15,APPROVED
B_101270,ACC_1001594,ACC_1004830,2017-03-05 20:47:21,APPROVED
B_101271,ACC_1001594,ACC_1010046,2017-03-08 20:47:21,APPROVED
B_101272,ACC_1001594,ACC_1001508,2017-03-06 20:47:21,APPROVED
B_101273,ACC_1001596,ACC_1005362,2019-02-19 09:44:49,PENDING
B_101274,ACC_1001596,ACC_1013655,2019-02-24 09:44:49,APPROVED
B_101275,ACC_1001596,ACC_1001818,2019-02-24 09:44:49,APPROVED
B_101276,ACC_1001597,ACC_1003466,2019-02-23 02:51:49,APPROVED
B_101277,ACC_1001597,ACC_1003853,2019-03-02 02:51:49,APPROVED
B_101278,ACC_1001598,ACC_1014085,2018-09-02 06:17:28,APPROVED
B_101279,ACC_1001598,ACC_1001144,2018-08-30 06:17:28,APPROVED
B_101280,ACC_1001598,ACC_1000815,2018-09-04 06:17:28,APPROVED
B_101281,ACC_1001599,ACC_1000221,2020-02-26 11:24:53,APPROVED
B_101282,ACC_1001601,ACC_1010902,2022-10-31 02:34:07,APPROVED
B_101283,ACC_1001601,ACC_1005736,2022-11-02 02:34:07,APPROVED
B_101284,ACC_1001602,ACC_1012068,2022-11-19 20:33:07,APPROVED
B_101285,ACC_1001605,ACC_1011326,2025-12-20 21:43:21,APPROVED
B_101286,ACC_1001605,ACC_1006659,2025-12-24 21:43:21,APPROVED
B_101287,ACC_1001610,ACC_1012817,2016-12-04 17:37:01,APPROVED
B_101288,ACC_1001611,ACC_1010056,2016-07-28 08:07:15,APPROVED
B_101289,ACC_1001611,ACC_1012164,2016-07-31 08:07:15,APPROVED
B_101290,ACC_1001611,ACC_1005094,2016-08-01 08:07:15,PENDING
B_101291,ACC_1001613,ACC_1009452,2023-11-03 00:41:39,APPROVED
B_101292,ACC_1001613,ACC_1005519,2023-11-01 00:41:39,APPROVED
B_101293,ACC_1001613,ACC_1011896,2023-11-07 00:41:39,APPROVED
B_101294,ACC_1001619,ACC_1013661,2018-12-16 07:34:48,APPROVED
B_101295,ACC_1001619,ACC_1010692,2018-12-12 07:34:48,APPROVED
B_101296,ACC_1001622,ACC_1011438,2020-03-28 13:56:00,APPROVED
B_101297,ACC_1001622,ACC_1009254,2020-03-19 13:56:00,APPROVED
B_101298,ACC_1001622,ACC_1002662,2020-03-25 13:56:00,APPROVED
B_101299,ACC_1001623,ACC_1010558,2020-03-02 11:22:00,APPROVED
B_101300,ACC_1001623,ACC_1003053,2020-02-28 11:22:00,APPROVED
B_101301,ACC_1001625,ACC_1014005,2023-01-13 22:06:44,APPROVED
B_101302,ACC_1001626,ACC_1011290,2025-11-04 06:02:09,APPROVED
B_101303,ACC_1001626,ACC_1008080,2025-11-04 06:02:09,APPROVED
B_101304,ACC_1001626,ACC_1000560,2025-11-05 06:02:09,APPROVED
B_101305,ACC_1001627,ACC_1008953,2018-07-22 03:00:21,APPROVED
B_101306,ACC_1001627,ACC_1001498,2018-07-21 03:00:21,APPROVED
B_101307,ACC_1001630,ACC_1008122,2024-03-20 13:19:06,APPROVED
B_101308,ACC_1001630,ACC_1005148,2024-03-24 13:19:06,APPROVED
B_101309,ACC_1001633,ACC_1004187,2020-10-25 16:25:45,APPROVED
B_101310,ACC_1001637,ACC_1007090,2024-05-06 12:05:13,APPROVED
B_101311,ACC_1001637,ACC_1014859,2024-05-01 12:05:13,APPROVED
B_101312,ACC_1001640,ACC_1003536,2017-03-23 20:46:47,APPROVED
B_101313,ACC_1001640,ACC_1005163,2017-03-19 20:46:47,APPROVED
B_101314,ACC_1001640,ACC_1009036,2017-03-22 20:46:47,APPROVED
B_101315,ACC_1001643,ACC_1007801,2026-01-06 00:35:33,APPROVED
B_101316,ACC_1001646,ACC_1002897,2020-01-31 20:47:15,APPROVED
B_101317,ACC_1001646,ACC_1001797,2020-02-05 20:47:15,APPROVED
B_101318,ACC_1001647,ACC_1004681,2020-10-29 09:13:09,APPROVED
B_101319,ACC_1001647,ACC_1008116,2020-10-27 09:13:09,APPROVED
B_101320,ACC_1001647,ACC_1014764,2020-10-28 09:13:09,APPROVED
B_101321,ACC_1001650,ACC_1003181,2017-07-01 22:58:18,APPROVED
B_101322,ACC_1001650,ACC_1000979,2017-07-07 22:58:18,APPROVED
B_101323,ACC_1001650,ACC_1008584,2017-07-07 22:58:18,APPROVED
B_101324,ACC_1001656,ACC_1004038,2023-12-10 13:58:33,APPROVED
B_101325,ACC_1001656,ACC_1004987,2023-12-09 13:58:33,APPROVED
B_101326,ACC_1001656,ACC_1004451,2023-12-10 13:58:33,APPROVED
B_101327,ACC_1001657,ACC_1013781,2023-12-12 04:49:33,APPROVED
B_101328,ACC_1001662,ACC_1001011,2021-05-10 09:41:59,APPROVED
B_101329,ACC_1001662,ACC_1006887,2021-05-18 09:41:59,APPROVED
B_101330,ACC_1001663,ACC_1004542,2016-10-03 14:27:27,APPROVED
B_101331,ACC_1001663,ACC_1013620,2016-10-06 14:27:27,APPROVED
B_101332,ACC_1001663,ACC_1011700,2016-10-08 14:27:27,APPROVED
B_101333,ACC_1001667,ACC_1005994,2019-02-25 17:27:50,APPROVED
B_101334,ACC_1001668,ACC_1000657,2024-05-31 09:45:47,APPROVED
B_101335,ACC_1001668,ACC_1000605,2024-05-27 09:45:47,APPROVED
B_101336,ACC_1001670,ACC_1000433,2025-04-22 22:37:08,APPROVED
B_101337,ACC_1001670,ACC_1008665,2025-04-21 22:37:08,APPROVED
B_101338,ACC_1001670,ACC_1010119,2025-04-24 22:37:08,APPROVED
B_101339,ACC_1001673,ACC_1011032,2016-12-10 10:37:20,APPROVED
B_101340,ACC_1001674,ACC_1012846,2022-09-24 20:14:58,APPROVED
B_101341,ACC_1001677,ACC_1013388,2022-06-22 01:39:49,APPROVED
B_101342,ACC_1001682,ACC_1005130,2016-05-04 18:22:42,APPROVED
B_101343,ACC_1001682,ACC_1010534,2016-04-30 18:22:42,APPROVED
B_101344,ACC_1001683,ACC_1002960,2021-03-22 14:45:02,PENDING
B_101345,ACC_1001683,ACC_1007414,2021-03-20 14:45:02,APPROVED
B_101346,ACC_1001687,ACC_1012487,2019-05-05 03:08:07,APPROVED
B_101347,ACC_1001687,ACC_1000466,2019-05-02 03:08:07,APPROVED
B_101348,ACC_1001689,ACC_1014020,2019-08-09 22:42:45,APPROVED
B_101349,ACC_1001693,ACC_1005510,2025-07-18 19:30:31,APPROVED
B_101350,ACC_1001694,ACC_1006514,2023-09-04 18:15:13,APPROVED
B_101351,ACC_1001694,ACC_1004774,2023-09-07 18:15:13,APPROVED
B_101352,ACC_1001694,ACC_1002393,2023-09-07 18:15:13,APPROVED
B_101353,ACC_1001695,ACC_1004953,2017-03-22 13:36:57,APPROVED
B_101354,ACC_1001695,ACC_1014918,2017-03-24 13:36:57,APPROVED
B_101355,ACC_1001696,ACC_1010856,2023-08-04 05:30:15,APPROVED
B_101356,ACC_1001699,ACC_1001452,2024-03-31 05:28:41,APPROVED
B_101357,ACC_1001701,ACC_1003063,2017-08-27 00:15:34,APPROVED
B_101358,ACC_1001701,ACC_1014021,2017-08-26 00:15:34,APPROVED
B_101359,ACC_1001701,ACC_1003520,2017-08-29 00:15:34,APPROVED
B_101360,ACC_1001704,ACC_1001630,2019-02-14 12:58:53,PENDING
B_101361,ACC_1001707,ACC_1004148,2022-06-16 05:39:05,APPROVED
B_101362,ACC_1001707,ACC_1011575,2022-06-18 05:39:05,APPROVED
B_101363,ACC_1001709,ACC_1000146,2023-01-04 11:43:55,APPROVED
B_101364,ACC_1001717,ACC_1011493,2018-01-20 06:16:18,PENDING
B_101365,ACC_1001717,ACC_1002366,2018-01-17 06:16:18,APPROVED
B_101366,ACC_1001718,ACC_1011105,2025-07-04 16:59:43,APPROVED
B_101367,ACC_1001719,ACC_1003531,2021-09-15 17:42:43,APPROVED
B_101368,ACC_1001719,ACC_1009634,2021-09-11 17:42:43,APPROVED
B_101369,ACC_1001724,ACC_1001187,2020-09-28 12:52:41,APPROVED
B_101370,ACC_1001726,ACC_1003394,2022-06-13 03:38:23,APPROVED
B_101371,ACC_1001726,ACC_1013142,2022-06-17 03:38:23,APPROVED
B_101372,ACC_1001729,ACC_1011693,2024-01-20 01:09:58,APPROVED
B_101373,ACC_1001730,ACC_1012121,2019-08-27 18:15:07,APPROVED
B_101374,ACC_1001732,ACC_1014917,2022-06-12 11:53:22,APPROVED
B_101375,ACC_1001732,ACC_1004523,2022-06-07 11:53:22,APPROVED
B_101376,ACC_1001732,ACC_1001628,2022-06-07 11:53:22,APPROVED
B_101377,ACC_1001743,ACC_1013736,2022-10-25 22:46:48,APPROVED
B_101378,ACC_1001744,ACC_1003944,2022-01-19 21:59:19,APPROVED
B_101379,ACC_1001744,ACC_1004456,2022-01-21 21:59:19,APPROVED
B_101380,ACC_1001744,ACC_1004845,2022-01-19 21:59:19,APPROVED
B_101381,ACC_1001747,ACC_1012086,2022-04-05 03:00:09,APPROVED
B_101382,ACC_1001747,ACC_1004179,2022-03-28 03:00:09,APPROVED
B_101383,ACC_1001747,ACC_1003357,2022-04-04 03:00:09,APPROVED
B_101384,ACC_1001749,ACC_1013735,2024-02-16 16:59:41,APPROVED
B_101385,ACC_1001751,ACC_1014445,2020-04-29 05:37:50,APPROVED
B_101386,ACC_1001751,ACC_1010514,2020-05-03 05:37:50,APPROVED
B_101387,ACC_1001753,ACC_1013525,2025-02-24 22:00:54,APPROVED
B_101388,ACC_1001754,ACC_1003471,2025-02-08 20:00:54,APPROVED
B_101389,ACC_1001754,ACC_1003642,2025-02-09 20:00:54,APPROVED
B_101390,ACC_1001756,ACC_1007821,2019-09-13 23:53:13,APPROVED
B_101391,ACC_1001756,ACC_1012078,2019-09-11 23:53:13,APPROVED
B_101392,ACC_1001756,ACC_1001960,2019-09-09 23:53:13,APPROVED
B_101393,ACC_1001757,ACC_1000683,2019-03-04 16:28:59,APPROVED
B_101394,ACC_1001757,ACC_1007033,2019-02-28 16:28:59,APPROVED
B_101395,ACC_1001763,ACC_1014186,2025-08-19 18:47:45,APPROVED
B_101396,ACC_1001763,ACC_1010239,2025-08-18 18:47:45,APPROVED
B_101397,ACC_1001763,ACC_1004169,2025-08-16 18:47:45,APPROVED
B_101398,ACC_1001764,ACC_1002360,2016-07-10 19:08:02,APPROVED
B_101399,ACC_1001769,ACC_1008610,2019-09-30 01:34:34,APPROVED
B_101400,ACC_1001769,ACC_1008202,2019-09-24 01:34:34,APPROVED
B_101401,ACC_1001769,ACC_1011507,2019-09-29 01:34:34,APPROVED
B_101402,ACC_1001773,ACC_1010952,2022-05-03 18:22:28,APPROVED
B_101403,ACC_1001773,ACC_1009164,2022-05-08 18:22:28,APPROVED
B_101404,ACC_1001775,ACC_1012074,2021-12-22 01:19:41,APPROVED
B_101405,ACC_1001775,ACC_1000422,2021-12-20 01:19:41,APPROVED
B_101406,ACC_1001775,ACC_1005836,2021-12-18 01:19:41,APPROVED
B_101407,ACC_1001777,ACC_1007604,2018-07-07 19:38:23,APPROVED
B_101408,ACC_1001777,ACC_1013133,2018-07-07 19:38:23,APPROVED
B_101409,ACC_1001784,ACC_1011298,2020-07-18 12:06:53,APPROVED
B_101410,ACC_1001784,ACC_1013088,2020-07-21 12:06:53,APPROVED
B_101411,ACC_1001784,ACC_1009526,2020-07-17 12:06:53,APPROVED
B_101412,ACC_1001786,ACC_1004813,2023-04-29 16:22:49,APPROVED
B_101413,ACC_1001786,ACC_1004547,2023-04-29 16:22:49,APPROVED
B_101414,ACC_1001792,ACC_1007676,2025-12-09 18:56:09,APPROVED
B_101415,ACC_1001792,ACC_1005297,2025-12-08 18:56:09,APPROVED
B_101416,ACC_1001795,ACC_1004915,2017-02-08 14:24:26,APPROVED
B_101417,ACC_1001795,ACC_1006931,2017-02-04 14:24:26,APPROVED
B_101418,ACC_1001797,ACC_1004207,2023-06-23 14:51:25,APPROVED
B_101419,ACC_1001797,ACC_1011205,2023-06-27 14:51:25,APPROVED
B_101420,ACC_1001797,ACC_1007097,2023-06-23 14:51:25,APPROVED
B_101421,ACC_1001799,ACC_1010509,2025-09-14 16:41:09,APPROVED
B_101422,ACC_1001799,ACC_1002181,2025-09-15 16:41:09,APPROVED
B_101423,ACC_1001799,ACC_1012669,2025-09-13 16:41:09,APPROVED
B_101424,ACC_1001801,ACC_1014740,2019-01-25 09:13:03,APPROVED
B_101425,ACC_1001802,ACC_1015012,2019-01-15 16:07:03,APPROVED
B_101426,ACC_1001802,ACC_1001051,2019-01-13 16:07:03,APPROVED
B_101427,ACC_1001803,ACC_1007827,2023-12-01 02:39:53,APPROVED
B_101428,ACC_1001803,ACC_1009313,2023-12-03 02:39:53,APPROVED
B_101429,ACC_1001805,ACC_1014560,2017-11-17 12:17:19,APPROVED
B_101430,ACC_1001805,ACC_1002778,2017-11-10 12:17:19,APPROVED
B_101431,ACC_1001805,ACC_1007649,2017-11-15 12:17:19,APPROVED
B_101432,ACC_1001806,ACC_1003526,2025-04-22 08:01:35,APPROVED
B_101433,ACC_1001806,ACC_1005820,2025-04-26 08:01:35,PENDING
B_101434,ACC_1001809,ACC_1005732,2019-12-31 18:16:21,APPROVED
B_101435,ACC_1001809,ACC_1002620,2020-01-07 18:16:21,APPROVED
B_101436,ACC_1001810,ACC_1014203,2022-06-01 02:45:03,APPROVED
B_101437,ACC_1001810,ACC_1006769,2022-05-28 02:45:03,APPROVED
B_101438,ACC_1001811,ACC_1015005,2022-05-04 18:27:03,APPROVED
B_101439,ACC_1001811,ACC_1010543,2022-05-02 18:27:03,APPROVED
B_101440,ACC_1001814,ACC_1001135,2025-05-31 12:07:24,APPROVED
B_101441,ACC_1001814,ACC_1007429,2025-05-30 12:07:24,APPROVED
B_101442,ACC_1001816,ACC_1005554,2024-08-23 23:44:30,APPROVED
B_101443,ACC_1001816,ACC_1012642,2024-08-24 23:44:30,APPROVED
B_101444,ACC_1001816,ACC_1003840,2024-08-23 23:44:30,APPROVED
B_101445,ACC_1001817,ACC_1003143,2024-08-24 22:40:30,APPROVED
B_101446,ACC_1001819,ACC_1014975,2017-07-03 09:33:21,APPROVED
B_101447,ACC_1001819,ACC_1007467,2017-06-29 09:33:21,APPROVED
B_101448,ACC_1001819,ACC_1012930,2017-06-25 09:33:21,APPROVED
B_101449,ACC_1001822,ACC_1013314,2025-04-18 03:18:46,APPROVED
B_101450,ACC_1001829,ACC_1011384,2019-04-06 08:06:18,APPROVED
B_101451,ACC_1001829,ACC_1001758,2019-04-08 08:06:18,APPROVED
B_101452,ACC_1001829,ACC_1000723,2019-04-05 08:06:18,PENDING
B_101453,ACC_1001830,ACC_1012351,2025-01-23 01:26:28,PENDING
B_101454,ACC_1001831,ACC_1013212,2020-06-03 22:48:04,APPROVED
B_101455,ACC_1001832,ACC_1006536,2024-02-22 15:54:16,APPROVED
B_101456,ACC_1001832,ACC_1009056,2024-02-22 15:54:16,APPROVED
B_101457,ACC_1001832,ACC_1006733,2024-02-22 15:54:16,APPROVED
B_101458,ACC_1001836,ACC_1010135,2024-11-07 19:48:55,APPROVED
B_101459,ACC_1001836,ACC_1007078,2024-11-02 19:48:55,APPROVED
B_101460,ACC_1001836,ACC_1002124,2024-11-02 19:48:55,APPROVED
B_101461,ACC_1001837,ACC_1003455,2022-07-04 15:17:30,APPROVED
B_101462,ACC_1001837,ACC_1003040,2022-07-05 15:17:30,APPROVED
B_101463,ACC_1001837,ACC_1000735,2022-07-09 15:17:30,APPROVED
B_101464,ACC_1001838,ACC_1010555,2022-07-21 20:26:30,APPROVED
B_101465,ACC_1001840,ACC_1014218,2019-08-24 09:47:47,APPROVED
B_101466,ACC_1001841,ACC_1007631,2019-08-22 08:01:47,PENDING
B_101467,ACC_1001842,ACC_1014520,2019-09-11 21:35:47,APPROVED
B_101468,ACC_1001842,ACC_1008467,2019-09-16 21:35:47,APPROVED
B_101469,ACC_1001842,ACC_1002537,2019-09-13 21:35:47,APPROVED
B_101470,ACC_1001849,ACC_1000603,2018-02-06 00:04:58,APPROVED
B_101471,ACC_1001849,ACC_1003478,2018-02-09 00:04:58,APPROVED
B_101472,ACC_1001849,ACC_1000941,2018-02-08 00:04:58,APPROVED
B_101473,ACC_1001851,ACC_1004476,2022-12-16 08:54:29,PENDING
B_101474,ACC_1001851,ACC_1012922,2022-12-20 08:54:29,APPROVED
B_101475,ACC_1001855,ACC_1002743,2022-06-30 16:04:20,APPROVED
B_101476,ACC_1001855,ACC_1011829,2022-06-24 16:04:20,APPROVED
B_101477,ACC_1001855,ACC_1004967,2022-06-26 16:04:20,APPROVED
B_101478,ACC_1001858,ACC_1013598,2017-04-18 22:14:05,APPROVED
B_101479,ACC_1001858,ACC_1003774,2017-04-09 22:14:05,PENDING
B_101480,ACC_1001868,ACC_1014065,2020-03-01 20:20:29,APPROVED
B_101481,ACC_1001868,ACC_1010798,2020-02-27 20:20:29,APPROVED
B_101482,ACC_1001868,ACC_1011803,2020-02-28 20:20:29,APPROVED
B_101483,ACC_1001872,ACC_1003187,2018-11-02 01:03:36,APPROVED
B_101484,ACC_1001873,ACC_1010685,2018-11-11 13:04:36,APPROVED
B_101485,ACC_1001873,ACC_1014810,2018-11-08 13:04:36,APPROVED
B_101486,ACC_1001873,ACC_1008520,2018-11-06 13:04:36,APPROVED
B_101487,ACC_1001876,ACC_1007297,2018-09-08 16:22:08,APPROVED
B_101488,ACC_1001877,ACC_1001105,2023-11-04 06:53:48,APPROVED
B_101489,ACC_1001877,ACC_1014416,2023-11-12 06:53:48,APPROVED
B_101490,ACC_1001877,ACC_1008665,2023-11-09 06:53:48,APPROVED
B_101491,ACC_1001879,ACC_1004784,2023-11-28 06:18:48,APPROVED
B_101492,ACC_1001882,ACC_1005942,2019-12-02 11:04:46,APPROVED
B_101493,ACC_1001882,ACC_1004614,2019-12-06 11:04:46,APPROVED
B_101494,ACC_1001889,ACC_1007576,2024-09-07 22:42:46,APPROVED
B_101495,ACC_1001889,ACC_1001118,2024-09-04 22:42:46,APPROVED
B_101496,ACC_1001889,ACC_1012792,2024-09-06 22:42:46,APPROVED
B_101497,ACC_1001891,ACC_1002308,2021-04-03 13:11:43,APPROVED
B_101498,ACC_1001891,ACC_1006883,2021-04-02 13:11:43,APPROVED
B_101499,ACC_1001892,ACC_1005760,2021-04-14 15:53:43,APPROVED
B_101500,ACC_1001892,ACC_1009428,2021-04-14 15:53:43,APPROVED
B_101501,ACC_1001892,ACC_1004372,2021-04-07 15:53:43,APPROVED
B_101502,ACC_1001893,ACC_1000991,2016-09-08 10:30:05,APPROVED
B_101503,ACC_1001894,ACC_1006786,2016-09-18 13:34:05,APPROVED
B_101504,ACC_1001894,ACC_1012667,2016-09-14 13:34:05,APPROVED
B_101505,ACC_1001894,ACC_1012447,2016-09-22 13:34:05,APPROVED
B_101506,ACC_1001896,ACC_1014657,2017-04-30 15:09:59,APPROVED
B_101507,ACC_1001897,ACC_1008842,2017-04-24 09:06:59,APPROVED
B_101508,ACC_1001901,ACC_1006615,2019-12-13 00:03:28,APPROVED
B_101509,ACC_1001901,ACC_1007155,2019-12-14 00:03:28,APPROVED
B_101510,ACC_1001901,ACC_1007059,2019-12-16 00:03:28,APPROVED
B_101511,ACC_1001903,ACC_1012538,2020-03-14 23:21:41,APPROVED
B_101512,ACC_1001903,ACC_1013759,2020-03-21 23:21:41,APPROVED
B_101513,ACC_1001904,ACC_1001306,2019-10-10 20:20:35,APPROVED
B_101514,ACC_1001904,ACC_1012943,2019-10-10 20:20:35,APPROVED
B_101515,ACC_1001904,ACC_1010393,2019-10-19 20:20:35,APPROVED
B_101516,ACC_1001908,ACC_1002615,2021-09-25 16:58:16,APPROVED
B_101517,ACC_1001908,ACC_1009108,2021-09-19 16:58:16,APPROVED
B_101518,ACC_1001908,ACC_1007740,2021-09-17 16:58:16,APPROVED
B_101519,ACC_1001909,ACC_1013517,2017-09-23 02:56:30,APPROVED
B_101520,ACC_1001909,ACC_1011752,2017-10-02 02:56:30,APPROVED
B_101521,ACC_1001910,ACC_1011937,2017-10-12 21:20:30,APPROVED
B_101522,ACC_1001910,ACC_1011608,2017-10-07 21:20:30,APPROVED
B_101523,ACC_1001910,ACC_1000279,2017-10-09 21:20:30,APPROVED
B_101524,ACC_1001911,ACC_1004319,2024-12-21 08:58:21,APPROVED
B_101525,ACC_1001911,ACC_1014646,2024-12-22 08:58:21,APPROVED
B_101526,ACC_1001914,ACC_1002705,2022-07-09 04:52:12,APPROVED
B_101527,ACC_1001914,ACC_1010653,2022-07-07 04:52:12,APPROVED
B_101528,ACC_1001914,ACC_1008764,2022-07-03 04:52:12,APPROVED
B_101529,ACC_1001918,ACC_1009127,2023-05-24 11:15:39,APPROVED
B_101530,ACC_1001920,ACC_1004318,2019-07-15 21:15:41,APPROVED
B_101531,ACC_1001920,ACC_1003480,2019-07-12 21:15:41,APPROVED
B_101532,ACC_1001920,ACC_1000901,2019-07-15 21:15:41,APPROVED
B_101533,ACC_1001926,ACC_1003346,2017-06-06 10:22:46,APPROVED
B_101534,ACC_1001928,ACC_1002161,2018-02-15 18:18:54,PENDING
B_101535,ACC_1001932,ACC_1012924,2021-11-17 13:35:18,APPROVED
B_101536,ACC_1001932,ACC_1009188,2021-11-23 13:35:18,APPROVED
B_101537,ACC_1001932,ACC_1010071,2021-11-22 13:35:18,APPROVED
B_101538,ACC_1001936,ACC_1000922,2018-12-01 02:08:11,APPROVED
B_101539,ACC_1001945,ACC_1007747,2017-07-21 23:55:53,APPROVED
B_101540,ACC_1001947,ACC_1010078,2024-04-20 21:07:06,APPROVED
B_101541,ACC_1001947,ACC_1007131,2024-04-20 21:07:06,APPROVED
B_101542,ACC_1001949,ACC_1000564,2025-12-05 03:22:34,APPROVED
B_101543,ACC_1001949,ACC_1011334,2025-12-07 03:22:34,APPROVED
B_101544,ACC_1001953,ACC_1012450,2021-06-11 04:01:20,APPROVED
B_101545,ACC_1001957,ACC_1000768,2025-08-19 08:42:29,APPROVED
B_101546,ACC_1001958,ACC_1014395,2021-01-10 21:11:51,APPROVED
B_101547,ACC_1001958,ACC_1013930,2021-01-17 21:11:51,APPROVED
B_101548,ACC_1001961,ACC_1003065,2017-07-03 18:22:33,APPROVED
B_101549,ACC_1001963,ACC_1000880,2020-06-27 09:24:59,APPROVED
B_101550,ACC_1001963,ACC_1008133,2020-06-22 09:24:59,APPROVED
B_101551,ACC_1001963,ACC_1002340,2020-06-28 09:24:59,APPROVED
B_101552,ACC_1001965,ACC_1002246,2016-03-19 08:03:48,APPROVED
B_101553,ACC_1001973,ACC_1002695,2016-04-14 00:51:47,APPROVED
B_101554,ACC_1001973,ACC_1012675,2016-04-18 00:51:47,APPROVED
B_101555,ACC_1001973,ACC_1006676,2016-04-12 00:51:47,APPROVED
B_101556,ACC_1001976,ACC_1001571,2016-12-18 18:17:22,APPROVED
B_101557,ACC_1001976,ACC_1007566,2016-12-20 18:17:22,APPROVED
B_101558,ACC_1001976,ACC_1005666,2016-12-16 18:17:22,APPROVED
B_101559,ACC_1001977,ACC_1010448,2021-11-25 21:20:50,APPROVED
B_101560,ACC_1001977,ACC_1000519,2021-11-28 21:20:50,APPROVED
B_101561,ACC_1001977,ACC_1001105,2021-12-01 21:20:50,APPROVED
B_101562,ACC_1001982,ACC_1012056,2016-03-11 08:14:05,APPROVED
B_101563,ACC_1001982,ACC_1011784,2016-03-07 08:14:05,APPROVED
B_101564,ACC_1001983,ACC_1000077,2021-08-05 00:26:56,APPROVED
B_101565,ACC_1001984,ACC_1003965,2019-05-01 07:08:51,APPROVED
B_101566,ACC_1001984,ACC_1001391,2019-05-10 07:08:51,APPROVED
B_101567,ACC_1001984,ACC_1003939,2019-05-08 07:08:51,APPROVED
B_101568,ACC_1001985,ACC_1011789,2019-05-09 11:03:51,PENDING
B_101569,ACC_1001991,ACC_1006832,2021-05-10 19:01:28,APPROVED
B_101570,ACC_1001991,ACC_1008680,2021-05-07 19:01:28,APPROVED
B_101571,ACC_1001992,ACC_1014962,2017-02-23 00:28:29,APPROVED
B_101572,ACC_1001992,ACC_1002307,2017-02-22 00:28:29,APPROVED
B_101573,ACC_1001994,ACC_1008692,2023-02-24 18:40:51,APPROVED
B_101574,ACC_1001994,ACC_1004483,2023-02-16 18:40:51,APPROVED
B_101575,ACC_1001997,ACC_1013415,2018-11-22 03:34:46,APPROVED
B_101576,ACC_1001997,ACC_1013127,2018-11-27 03:34:46,APPROVED
B_101577,ACC_1001998,ACC_1002084,2018-11-25 14:13:46,APPROVED
B_101578,ACC_1001998,ACC_1010401,2018-11-19 14:13:46,APPROVED
B_101579,ACC_1002001,ACC_1002150,2025-01-30 06:19:25,APPROVED
B_101580,ACC_1002001,ACC_1004720,2025-02-03 06:19:25,APPROVED
B_101581,ACC_1002001,ACC_1014780,2025-01-27 06:19:25,APPROVED
B_101582,ACC_1002005,ACC_1008509,2024-07-25 15:16:14,APPROVED
B_101583,ACC_1002005,ACC_1005933,2024-07-21 15:16:14,APPROVED
B_101584,ACC_1002005,ACC_1011167,2024-07-24 15:16:14,APPROVED
B_101585,ACC_1002009,ACC_1004924,2023-07-17 06:24:49,APPROVED
B_101586,ACC_1002012,ACC_1013055,2016-07-16 10:00:46,APPROVED
B_101587,ACC_1002013,ACC_1002122,2020-03-11 20:25:59,APPROVED
B_101588,ACC_1002013,ACC_1007108,2020-03-14 20:25:59,APPROVED
B_101589,ACC_1002013,ACC_1004378,2020-03-20 20:25:59,APPROVED
B_101590,ACC_1002014,ACC_1003294,2025-07-15 21:54:53,APPROVED
B_101591,ACC_1002020,ACC_1001127,2024-07-22 03:55:35,APPROVED
B_101592,ACC_1002020,ACC_1005049,2024-07-22 03:55:35,APPROVED
B_101593,ACC_1002020,ACC_1014782,2024-07-21 03:55:35,APPROVED
B_101594,ACC_1002025,ACC_1005547,2023-03-23 23:13:26,APPROVED
B_101595,ACC_1002026,ACC_1009997,2023-04-11 08:01:26,APPROVED
B_101596,ACC_1002026,ACC_1011532,2023-04-09 08:01:26,APPROVED
B_101597,ACC_1002026,ACC_1001993,2023-04-08 08:01:26,APPROVED
B_101598,ACC_1002031,ACC_1000458,2021-02-07 02:11:29,APPROVED
B_101599,ACC_1002031,ACC_1008105,2021-02-12 02:11:29,APPROVED
B_101600,ACC_1002032,ACC_1012776,2021-02-02 03:49:29,APPROVED
B_101601,ACC_1002032,ACC_1011155,2021-02-04 03:49:29,APPROVED
B_101602,ACC_1002032,ACC_1006927,2021-02-03 03:49:29,PENDING
B_101603,ACC_1002034,ACC_1004158,2018-05-29 07:04:04,APPROVED
B_101604,ACC_1002034,ACC_1009389,2018-05-26 07:04:04,APPROVED
B_101605,ACC_1002034,ACC_1011969,2018-05-30 07:04:04,APPROVED
B_101606,ACC_1002035,ACC_1000916,2018-05-27 18:24:04,APPROVED
B_101607,ACC_1002035,ACC_1012434,2018-05-25 18:24:04,APPROVED
B_101608,ACC_1002037,ACC_1012486,2019-09-04 07:01:15,APPROVED
B_101609,ACC_1002037,ACC_1011305,2019-09-01 07:01:15,APPROVED
B_101610,ACC_1002037,ACC_1008832,2019-09-09 07:01:15,APPROVED
B_101611,ACC_1002042,ACC_1002935,2020-07-09 11:50:32,APPROVED
B_101612,ACC_1002042,ACC_1007717,2020-07-10 11:50:32,APPROVED
B_101613,ACC_1002042,ACC_1009699,2020-07-02 11:50:32,APPROVED
B_101614,ACC_1002045,ACC_1011289,2017-01-12 22:51:37,APPROVED
B_101615,ACC_1002046,ACC_1009276,2017-02-11 06:29:37,APPROVED
B_101616,ACC_1002046,ACC_1006557,2017-02-03 06:29:37,APPROVED
B_101617,ACC_1002046,ACC_1008807,2017-02-12 06:29:37,APPROVED
B_101618,ACC_1002047,ACC_1015036,2025-12-09 19:32:53,APPROVED
B_101619,ACC_1002047,ACC_1002131,2025-12-11 19:32:53,APPROVED
B_101620,ACC_1002047,ACC_1007497,2025-12-08 19:32:53,APPROVED
B_101621,ACC_1002049,ACC_1000831,2021-04-24 17:10:07,APPROVED
B_101622,ACC_1002049,ACC_1002176,2021-04-23 17:10:07,APPROVED
B_101623,ACC_1002049,ACC_1006500,2021-04-26 17:10:07,APPROVED
B_101624,ACC_1002052,ACC_1011541,2025-11-10 12:12:32,APPROVED
B_101625,ACC_1002052,ACC_1004184,2025-11-12 12:12:32,APPROVED
B_101626,ACC_1002052,ACC_1012887,2025-11-13 12:12:32,APPROVED
B_101627,ACC_1002053,ACC_1009780,2022-11-30 00:05:11,APPROVED
B_101628,ACC_1002053,ACC_1014721,2022-11-27 00:05:11,APPROVED
B_101629,ACC_1002053,ACC_1012969,2022-11-28 00:05:11,APPROVED
B_101630,ACC_1002056,ACC_1004778,2016-06-06 07:06:12,APPROVED
B_101631,ACC_1002056,ACC_1000549,2016-06-04 07:06:12,APPROVED
B_101632,ACC_1002056,ACC_1011295,2016-06-01 07:06:12,APPROVED
B_101633,ACC_1002057,ACC_1009264,2024-04-21 15:00:31,PENDING
B_101634,ACC_1002058,ACC_1008202,2024-04-09 13:51:31,APPROVED
B_101635,ACC_1002059,ACC_1002260,2021-07-10 15:13:17,PENDING
B_101636,ACC_1002061,ACC_1015003,2017-05-09 05:27:39,APPROVED
B_101637,ACC_1002061,ACC_1014480,2017-05-04 05:27:39,APPROVED
B_101638,ACC_1002061,ACC_1006282,2017-05-06 05:27:39,APPROVED
B_101639,ACC_1002064,ACC_1015043,2020-02-21 13:39:57,APPROVED
B_101640,ACC_1002064,ACC_1001004,2020-02-24 13:39:57,APPROVED
B_101641,ACC_1002065,ACC_1006053,2020-02-14 07:19:57,APPROVED
B_101642,ACC_1002065,ACC_1009195,2020-02-06 07:19:57,APPROVED
B_101643,ACC_1002066,ACC_1006299,2024-01-14 08:42:12,APPROVED
B_101644,ACC_1002066,ACC_1006510,2024-01-16 08:42:12,APPROVED
B_101645,ACC_1002067,ACC_1002662,2019-03-22 17:35:02,APPROVED
B_101646,ACC_1002070,ACC_1005370,2019-06-01 21:16:19,APPROVED
B_101647,ACC_1002070,ACC_1005168,2019-06-09 21:16:19,APPROVED
B_101648,ACC_1002074,ACC_1013529,2024-03-01 01:52:19,APPROVED
B_101649,ACC_1002078,ACC_1005343,2018-06-08 06:27:31,APPROVED
B_101650,ACC_1002078,ACC_1010638,2018-06-05 06:27:31,APPROVED
B_101651,ACC_1002079,ACC_1007658,2019-04-17 09:46:40,APPROVED
B_101652,ACC_1002079,ACC_1007911,2019-04-17 09:46:40,APPROVED
B_101653,ACC_1002079,ACC_1014669,2019-04-21 09:46:40,APPROVED
B_101654,ACC_1002081,ACC_1001816,2023-03-17 06:58:01,APPROVED
B_101655,ACC_1002087,ACC_1014850,2021-01-25 20:56:00,APPROVED
B_101656,ACC_1002087,ACC_1000654,2021-01-26 20:56:00,APPROVED
B_101657,ACC_1002088,ACC_1012624,2024-09-07 04:11:08,APPROVED
B_101658,ACC_1002089,ACC_1002365,2017-07-06 22:13:41,APPROVED
B_101659,ACC_1002090,ACC_1008844,2025-09-23 21:47:35,APPROVED
B_101660,ACC_1002090,ACC_1010493,2025-09-21 21:47:35,PENDING
B_101661,ACC_1002090,ACC_1000051,2025-09-26 21:47:35,APPROVED
B_101662,ACC_1002091,ACC_1007603,2019-03-07 12:19:44,APPROVED
B_101663,ACC_1002095,ACC_1005860,2018-01-10 21:07:55,APPROVED
B_101664,ACC_1002098,ACC_1013430,2022-11-16 12:18:14,APPROVED
B_101665,ACC_1002100,ACC_1010534,2017-11-14 15:42:00,APPROVED
B_101666,ACC_1002100,ACC_1013170,2017-11-10 15:42:00,APPROVED
B_101667,ACC_1002100,ACC_1004623,2017-11-15 15:42:00,APPROVED
B_101668,ACC_1002101,ACC_1004836,2018-05-29 04:08:47,APPROVED
B_101669,ACC_1002101,ACC_1009237,2018-05-31 04:08:47,APPROVED
B_101670,ACC_1002101,ACC_1014625,2018-06-05 04:08:47,APPROVED
B_101671,ACC_1002102,ACC_1003694,2018-05-22 04:40:47,APPROVED
B_101672,ACC_1002102,ACC_1005327,2018-05-24 04:40:47,APPROVED
B_101673,ACC_1002102,ACC_1006340,2018-05-28 04:40:47,APPROVED
B_101674,ACC_1002107,ACC_1012340,2017-05-19 07:55:57,APPROVED
B_101675,ACC_1002107,ACC_1005174,2017-05-19 07:55:57,APPROVED
B_101676,ACC_1002114,ACC_1003190,2021-07-22 09:58:37,APPROVED
B_101677,ACC_1002114,ACC_1007752,2021-07-19 09:58:37,APPROVED
B_101678,ACC_1002115,ACC_1013578,2018-12-22 09:00:19,APPROVED
B_101679,ACC_1002115,ACC_1003005,2018-12-19 09:00:19,APPROVED
B_101680,ACC_1002117,ACC_1015009,2024-06-01 05:06:49,APPROVED
B_101681,ACC_1002117,ACC_1001761,2024-05-28 05:06:49,APPROVED
B_101682,ACC_1002120,ACC_1006393,2021-10-29 18:32:34,APPROVED
B_101683,ACC_1002120,ACC_1014567,2021-10-29 18:32:34,APPROVED
B_101684,ACC_1002122,ACC_1004520,2023-07-22 19:03:27,APPROVED
B_101685,ACC_1002122,ACC_1009514,2023-07-18 19:03:27,APPROVED
B_101686,ACC_1002123,ACC_1012673,2024-12-09 23:02:15,APPROVED
B_101687,ACC_1002129,ACC_1014335,2019-03-05 10:09:34,APPROVED
B_101688,ACC_1002129,ACC_1002125,2019-03-07 10:09:34,APPROVED
B_101689,ACC_1002129,ACC_1008992,2019-03-01 10:09:34,APPROVED
B_101690,ACC_1002131,ACC_1013948,2021-05-22 05:25:13,APPROVED
B_101691,ACC_1002131,ACC_1006149,2021-05-19 05:25:13,PENDING
B_101692,ACC_1002131,ACC_1002152,2021-05-25 05:25:13,APPROVED
B_101693,ACC_1002135,ACC_1006904,2020-08-08 08:06:40,APPROVED
B_101694,ACC_1002135,ACC_1001747,2020-08-08 08:06:40,APPROVED
B_101695,ACC_1002141,ACC_1010647,2021-12-31 02:35:49,APPROVED
B_101696,ACC_1002141,ACC_1012273,2022-01-02 02:35:49,APPROVED
B_101697,ACC_1002142,ACC_1005510,2024-09-09 12:01:35,APPROVED
B_101698,ACC_1002142,ACC_1009473,2024-09-10 12:01:35,APPROVED
B_101699,ACC_1002142,ACC_1000633,2024-09-05 12:01:35,APPROVED
B_101700,ACC_1002144,ACC_1012473,2024-12-10 23:09:45,APPROVED
B_101701,ACC_1002144,ACC_1004729,2024-12-06 23:09:45,APPROVED
B_101702,ACC_1002144,ACC_1014311,2024-12-04 23:09:45,APPROVED
B_101703,ACC_1002145,ACC_1006547,2019-10-23 09:11:10,APPROVED
B_101704,ACC_1002146,ACC_1013717,2019-10-11 01:34:10,APPROVED
B_101705,ACC_1002146,ACC_1004305,2019-10-09 01:34:10,APPROVED
B_101706,ACC_1002148,ACC_1003825,2024-07-25 11:39:43,APPROVED
B_101707,ACC_1002153,ACC_1001939,2021-05-14 21:14:20,APPROVED
B_101708,ACC_1002153,ACC_1003099,2021-05-17 21:14:20,APPROVED
B_101709,ACC_1002156,ACC_1006477,2024-08-18 02:09:32,APPROVED
B_101710,ACC_1002156,ACC_1009564,2024-08-15 02:09:32,APPROVED
B_101711,ACC_1002159,ACC_1012828,2020-02-25 23:31:28,APPROVED
B_101712,ACC_1002159,ACC_1014707,2020-02-28 23:31:28,APPROVED
B_101713,ACC_1002159,ACC_1002712,2020-02-23 23:31:28,APPROVED
B_101714,ACC_1002167,ACC_1009194,2025-11-24 21:14:29,APPROVED
B_101715,ACC_1002167,ACC_1012991,2025-11-21 21:14:29,PENDING
B_101716,ACC_1002168,ACC_1012018,2022-07-01 13:14:50,APPROVED
B_101717,ACC_1002175,ACC_1001598,2017-08-04 05:58:24,APPROVED
B_101718,ACC_1002175,ACC_1011774,2017-08-05 05:58:24,APPROVED
B_101719,ACC_1002175,ACC_1003975,2017-08-11 05:58:24,APPROVED
B_101720,ACC_1002177,ACC_1014880,2024-03-17 23:36:18,APPROVED
B_101721,ACC_1002177,ACC_1009808,2024-03-14 23:36:18,APPROVED
B_101722,ACC_1002177,ACC_1014699,2024-03-18 23:36:18,APPROVED
B_101723,ACC_1002178,ACC_1006668,2024-06-03 17:54:14,APPROVED
B_101724,ACC_1002181,ACC_1008028,2025-06-10 00:41:39,APPROVED
B_101725,ACC_1002181,ACC_1011442,2025-06-15 00:41:39,APPROVED
B_101726,ACC_1002181,ACC_1010428,2025-06-12 00:41:39,APPROVED
B_101727,ACC_1002182,ACC_1001996,2019-02-24 22:58:10,APPROVED
B_101728,ACC_1002182,ACC_1003731,2019-02-23 22:58:10,APPROVED
B_101729,ACC_1002183,ACC_1010930,2019-02-28 06:24:10,APPROVED
B_101730,ACC_1002184,ACC_1009930,2017-10-09 23:17:18,APPROVED
B_101731,ACC_1002184,ACC_1005670,2017-10-09 23:17:18,APPROVED
B_101732,ACC_1002184,ACC_1014356,2017-10-14 23:17:18,APPROVED
B_101733,ACC_1002186,ACC_1010690,2019-05-19 21:05:59,APPROVED
B_101734,ACC_1002191,ACC_1008132,2018-07-16 17:47:14,APPROVED
B_101735,ACC_1002192,ACC_1002108,2020-12-17 18:56:36,APPROVED
B_101736,ACC_1002192,ACC_1003037,2020-12-20 18:56:36,APPROVED
B_101737,ACC_1002194,ACC_1006063,2022-02-08 06:47:37,PENDING
B_101738,ACC_1002199,ACC_1000537,2022-08-02 10:13:45,APPROVED
B_101739,ACC_1002203,ACC_1000335,2023-02-02 18:06:54,APPROVED
B_101740,ACC_1002203,ACC_1012042,2023-01-30 18:06:54,APPROVED
B_101741,ACC_1002203,ACC_1011518,2023-02-06 18:06:54,APPROVED
B_101742,ACC_1002204,ACC_1014482,2024-05-24 01:03:09,APPROVED
B_101743,ACC_1002204,ACC_1003110,2024-05-25 01:03:09,APPROVED
B_101744,ACC_1002204,ACC_1007458,2024-05-26 01:03:09,APPROVED
B_101745,ACC_1002207,ACC_1006823,2016-10-06 04:05:16,APPROVED
B_101746,ACC_1002207,ACC_1009047,2016-10-02 04:05:16,APPROVED
B_101747,ACC_1002207,ACC_1014705,2016-10-05 04:05:16,APPROVED
B_101748,ACC_1002208,ACC_1008995,2019-05-18 13:41:54,APPROVED
B_101749,ACC_1002208,ACC_1011006,2019-05-11 13:41:54,APPROVED
B_101750,ACC_1002208,ACC_1005971,2019-05-14 13:41:54,APPROVED
B_101751,ACC_1002210,ACC_1012234,2018-01-23 12:55:28,APPROVED
B_101752,ACC_1002210,ACC_1004041,2018-01-23 12:55:28,APPROVED
B_101753,ACC_1002210,ACC_1007672,2018-01-23 12:55:28,APPROVED
B_101754,ACC_1002211,ACC_1011408,2022-10-06 18:47:32,APPROVED
B_101755,ACC_1002211,ACC_1002685,2022-10-10 18:47:32,APPROVED
B_101756,ACC_1002212,ACC_1006504,2022-01-16 12:41:16,APPROVED
B_101757,ACC_1002217,ACC_1001176,2018-11-12 13:27:28,APPROVED
B_101758,ACC_1002217,ACC_1009641,2018-11-10 13:27:28,APPROVED
B_101759,ACC_1002218,ACC_1014750,2022-08-17 00:31:42,APPROVED
B_101760,ACC_1002219,ACC_1011513,2022-08-26 20:53:42,APPROVED
B_101761,ACC_1002221,ACC_1008569,2025-04-16 20:01:46,APPROVED
B_101762,ACC_1002224,ACC_1005088,2025-10-04 20:08:31,APPROVED
B_101763,ACC_1002224,ACC_1006877,2025-10-01 20:08:31,APPROVED
B_101764,ACC_1002224,ACC_1006550,2025-10-01 20:08:31,APPROVED
B_101765,ACC_1002226,ACC_1002266,2023-06-24 16:15:19,APPROVED
B_101766,ACC_1002226,ACC_1004788,2023-06-26 16:15:19,APPROVED
B_101767,ACC_1002226,ACC_1012253,2023-06-29 16:15:19,APPROVED
B_101768,ACC_1002230,ACC_1004982,2025-05-01 05:18:45,APPROVED
B_101769,ACC_1002231,ACC_1000747,2020-05-12 10:29:58,APPROVED
B_101770,ACC_1002233,ACC_1014558,2021-01-05 07:10:30,APPROVED
B_101771,ACC_1002233,ACC_1002277,2021-01-05 07:10:30,APPROVED
B_101772,ACC_1002235,ACC_1009898,2018-06-18 06:42:28,APPROVED
B_101773,ACC_1002235,ACC_1003754,2018-06-13 06:42:28,APPROVED
B_101774,ACC_1002244,ACC_1011864,2021-09-21 20:26:08,APPROVED
B_101775,ACC_1002245,ACC_1001380,2021-10-06 05:33:08,APPROVED
B_101776,ACC_1002250,ACC_1003350,2025-03-03 13:50:47,APPROVED
B_101777,ACC_1002250,ACC_1000608,2025-02-28 13:50:47,APPROVED
B_101778,ACC_1002251,ACC_1004455,2025-03-02 21:12:47,APPROVED
B_101779,ACC_1002252,ACC_1003995,2025-02-19 05:24:47,APPROVED
B_101780,ACC_1002252,ACC_1006725,2025-02-18 05:24:47,APPROVED
B_101781,ACC_1002256,ACC_1002708,2018-08-25 00:39:23,APPROVED
B_101782,ACC_1002257,ACC_1003487,2024-10-23 21:58:32,APPROVED
B_101783,ACC_1002262,ACC_1003963,2024-08-25 01:35:19,APPROVED
B_101784,ACC_1002262,ACC_1003785,2024-08-19 01:35:19,APPROVED
B_101785,ACC_1002262,ACC_1005650,2024-08-25 01:35:19,APPROVED
B_101786,ACC_1002264,ACC_1002785,2025-01-14 07:04:38,PENDING
B_101787,ACC_1002266,ACC_1014948,2022-08-15 16:47:27,APPROVED
B_101788,ACC_1002267,ACC_1007822,2022-10-17 04:23:46,APPROVED
B_101789,ACC_1002267,ACC_1010222,2022-10-26 04:23:46,APPROVED
B_101790,ACC_1002268,ACC_1004902,2020-07-28 15:20:55,APPROVED
B_101791,ACC_1002268,ACC_1011222,2020-07-28 15:20:55,APPROVED
B_101792,ACC_1002271,ACC_1000797,2017-02-02 07:46:24,APPROVED
B_101793,ACC_1002271,ACC_1011126,2017-01-25 07:46:24,APPROVED
B_101794,ACC_1002273,ACC_1010617,2016-10-30 20:14:35,APPROVED
B_101795,ACC_1002273,ACC_1001041,2016-10-28 20:14:35,APPROVED
B_101796,ACC_1002273,ACC_1007359,2016-10-29 20:14:35,APPROVED
B_101797,ACC_1002274,ACC_1008858,2017-10-23 00:39:06,APPROVED
B_101798,ACC_1002274,ACC_1004598,2017-10-22 00:39:06,APPROVED
B_101799,ACC_1002277,ACC_1013848,2025-04-05 12:00:20,APPROVED
B_101800,ACC_1002277,ACC_1002995,2025-04-06 12:00:20,APPROVED
B_101801,ACC_1002278,ACC_1006918,2017-04-25 12:38:31,APPROVED
B_101802,ACC_1002282,ACC_1005713,2017-05-22 04:58:14,APPROVED
B_101803,ACC_1002282,ACC_1012515,2017-05-26 04:58:14,APPROVED
B_101804,ACC_1002282,ACC_1010411,2017-05-29 04:58:14,APPROVED
B_101805,ACC_1002283,ACC_1006689,2016-07-12 10:36:45,APPROVED
B_101806,ACC_1002283,ACC_1001933,2016-07-16 10:36:45,APPROVED
B_101807,ACC_1002283,ACC_1011632,2016-07-17 10:36:45,APPROVED
B_101808,ACC_1002285,ACC_1008180,2019-08-15 21:20:57,APPROVED
B_101809,ACC_1002285,ACC_1008326,2019-08-17 21:20:57,APPROVED
B_101810,ACC_1002285,ACC_1005307,2019-08-19 21:20:57,APPROVED
B_101811,ACC_1002286,ACC_1010743,2021-07-25 03:06:03,APPROVED
B_101812,ACC_1002286,ACC_1013669,2021-07-24 03:06:03,APPROVED
B_101813,ACC_1002286,ACC_1005172,2021-07-23 03:06:03,APPROVED
B_101814,ACC_1002287,ACC_1012380,2021-07-09 13:01:03,APPROVED
B_101815,ACC_1002288,ACC_1009972,2024-11-20 00:15:23,APPROVED
B_101816,ACC_1002288,ACC_1012767,2024-11-13 00:15:23,APPROVED
B_101817,ACC_1002288,ACC_1007304,2024-11-17 00:15:23,APPROVED
B_101818,ACC_1002290,ACC_1014583,2019-06-18 04:17:49,APPROVED
B_101819,ACC_1002290,ACC_1013934,2019-06-19 04:17:49,APPROVED
B_101820,ACC_1002292,ACC_1005279,2024-01-07 07:09:47,APPROVED
B_101821,ACC_1002296,ACC_1010193,2020-03-10 12:55:05,APPROVED
B_101822,ACC_1002296,ACC_1012210,2020-03-08 12:55:05,APPROVED
B_101823,ACC_1002297,ACC_1003108,2020-04-06 00:08:05,APPROVED
B_101824,ACC_1002299,ACC_1007237,2023-09-09 23:33:21,PENDING
B_101825,ACC_1002299,ACC_1008115,2023-09-09 23:33:21,APPROVED
B_101826,ACC_1002299,ACC_1008576,2023-09-16 23:33:21,APPROVED
B_101827,ACC_1002300,ACC_1004728,2023-09-06 02:44:21,APPROVED
B_101828,ACC_1002302,ACC_1011542,2018-07-17 04:49:03,APPROVED
B_101829,ACC_1002302,ACC_1001414,2018-07-11 04:49:03,APPROVED
B_101830,ACC_1002302,ACC_1010880,2018-07-17 04:49:03,APPROVED
B_101831,ACC_1002306,ACC_1003699,2017-04-03 11:34:22,APPROVED
B_101832,ACC_1002307,ACC_1014630,2017-04-12 11:04:22,APPROVED
B_101833,ACC_1002307,ACC_1011541,2017-04-16 11:04:22,APPROVED
B_101834,ACC_1002308,ACC_1001441,2017-04-11 13:55:22,APPROVED
B_101835,ACC_1002308,ACC_1004426,2017-04-03 13:55:22,APPROVED
B_101836,ACC_1002311,ACC_1012057,2016-08-30 16:57:50,PENDING
B_101837,ACC_1002311,ACC_1013957,2016-08-28 16:57:50,APPROVED
B_101838,ACC_1002311,ACC_1005372,2016-08-24 16:57:50,APPROVED
B_101839,ACC_1002312,ACC_1010991,2016-09-11 08:59:50,APPROVED
B_101840,ACC_1002312,ACC_1001226,2016-09-12 08:59:50,PENDING
B_101841,ACC_1002312,ACC_1007545,2016-09-05 08:59:50,APPROVED
B_101842,ACC_1002314,ACC_1009369,2019-10-22 20:56:26,APPROVED
B_101843,ACC_1002315,ACC_1013807,2017-08-22 19:46:12,APPROVED
B_101844,ACC_1002315,ACC_1001645,2017-08-25 19:46:12,APPROVED
B_101845,ACC_1002315,ACC_1012260,2017-08-18 19:46:12,APPROVED
B_101846,ACC_1002316,ACC_1001376,2017-09-07 10:07:12,APPROVED
B_101847,ACC_1002316,ACC_1005728,2017-09-10 10:07:12,APPROVED
B_101848,ACC_1002318,ACC_1010455,2020-03-28 20:18:57,APPROVED
B_101849,ACC_1002326,ACC_1003615,2025-12-12 14:37:55,APPROVED
B_101850,ACC_1002328,ACC_1004538,2021-04-07 06:33:05,APPROVED
B_101851,ACC_1002329,ACC_1006841,2018-05-15 17:26:24,APPROVED
B_101852,ACC_1002329,ACC_1009901,2018-05-14 17:26:24,APPROVED
B_101853,ACC_1002329,ACC_1007486,2018-05-14 17:26:24,APPROVED
B_101854,ACC_1002336,ACC_1002423,2020-07-15 22:20:15,APPROVED
B_101855,ACC_1002337,ACC_1009345,2019-08-25 11:25:20,APPROVED
B_101856,ACC_1002338,ACC_1009256,2016-10-27 16:13:19,APPROVED
B_101857,ACC_1002339,ACC_1007841,2016-10-07 21:18:19,APPROVED
B_101858,ACC_1002340,ACC_1010915,2016-10-05 20:57:19,APPROVED
B_101859,ACC_1002340,ACC_1009799,2016-10-09 20:57:19,APPROVED
B_101860,ACC_1002340,ACC_1005968,2016-10-09 20:57:19,APPROVED
B_101861,ACC_1002341,ACC_1014003,2018-06-29 14:23:52,APPROVED
B_101862,ACC_1002341,ACC_1007467,2018-06-28 14:23:52,APPROVED
B_101863,ACC_1002341,ACC_1001284,2018-07-01 14:23:52,APPROVED
B_101864,ACC_1002350,ACC_1003114,2016-05-05 16:48:34,APPROVED
B_101865,ACC_1002350,ACC_1000005,2016-05-12 16:48:34,APPROVED
B_101866,ACC_1002351,ACC_1006364,2020-12-08 15:37:19,APPROVED
B_101867,ACC_1002351,ACC_1013835,2020-12-10 15:37:19,APPROVED
B_101868,ACC_1002352,ACC_1012255,2020-12-04 21:48:19,APPROVED
B_101869,ACC_1002352,ACC_1008203,2020-12-03 21:48:19,APPROVED
B_101870,ACC_1002353,ACC_1008642,2017-06-30 06:33:31,APPROVED
B_101871,ACC_1002353,ACC_1013425,2017-06-27 06:33:31,APPROVED
B_101872,ACC_1002357,ACC_1012820,2022-06-21 22:56:36,APPROVED
B_101873,ACC_1002357,ACC_1010155,2022-06-20 22:56:36,APPROVED
B_101874,ACC_1002358,ACC_1005967,2024-11-23 10:05:11,APPROVED
B_101875,ACC_1002358,ACC_1012092,2024-11-21 10:05:11,APPROVED
B_101876,ACC_1002363,ACC_1002531,2018-03-06 13:58:36,APPROVED
B_101877,ACC_1002363,ACC_1012165,2018-03-05 13:58:36,APPROVED
B_101878,ACC_1002364,ACC_1006408,2018-02-18 01:40:36,APPROVED
B_101879,ACC_1002366,ACC_1006829,2018-11-04 06:58:50,APPROVED
B_101880,ACC_1002366,ACC_1002720,2018-11-11 06:58:50,APPROVED
B_101881,ACC_1002366,ACC_1010175,2018-11-05 06:58:50,APPROVED
B_101882,ACC_1002368,ACC_1009363,2023-08-19 06:11:54,APPROVED
B_101883,ACC_1002371,ACC_1002250,2020-03-06 04:15:36,APPROVED
B_101884,ACC_1002372,ACC_1009992,2021-04-24 15:53:28,APPROVED
B_101885,ACC_1002372,ACC_1007428,2021-04-27 15:53:28,APPROVED
B_101886,ACC_1002374,ACC_1011057,2021-04-25 06:36:28,APPROVED
B_101887,ACC_1002374,ACC_1009431,2021-04-23 06:36:28,APPROVED
B_101888,ACC_1002374,ACC_1011407,2021-04-23 06:36:28,APPROVED
B_101889,ACC_1002375,ACC_1000331,2024-06-25 23:54:16,APPROVED
B_101890,ACC_1002378,ACC_1005883,2025-03-18 18:59:26,APPROVED
B_101891,ACC_1002378,ACC_1011694,2025-03-15 18:59:26,APPROVED
B_101892,ACC_1002378,ACC_1012949,2025-03-19 18:59:26,APPROVED
B_101893,ACC_1002379,ACC_1004315,2019-02-15 07:21:52,APPROVED
B_101894,ACC_1002379,ACC_1003308,2019-02-12 07:21:52,APPROVED
B_101895,ACC_1002379,ACC_1012013,2019-02-12 07:21:52,APPROVED
B_101896,ACC_1002382,ACC_1007275,2020-10-04 04:03:31,APPROVED
B_101897,ACC_1002382,ACC_1004499,2020-10-07 04:03:31,APPROVED
B_101898,ACC_1002383,ACC_1012527,2022-12-07 14:11:10,APPROVED
B_101899,ACC_1002383,ACC_1006187,2022-12-05 14:11:10,APPROVED
B_101900,ACC_1002384,ACC_1002199,2017-06-18 08:55:19,APPROVED
B_101901,ACC_1002384,ACC_1003086,2017-06-15 08:55:19,APPROVED
B_101902,ACC_1002390,ACC_1003077,2024-09-20 00:13:23,APPROVED
B_101903,ACC_1002391,ACC_1013547,2024-09-22 22:15:23,APPROVED
B_101904,ACC_1002402,ACC_1010509,2021-02-19 02:36:49,APPROVED
B_101905,ACC_1002404,ACC_1001005,2020-11-29 06:02:55,APPROVED
B_101906,ACC_1002406,ACC_1005910,2022-06-02 19:20:58,APPROVED
B_101907,ACC_1002408,ACC_1014778,2020-01-22 18:39:43,APPROVED
B_101908,ACC_1002408,ACC_1002936,2020-01-27 18:39:43,APPROVED
B_101909,ACC_1002409,ACC_1009399,2020-10-01 18:43:04,APPROVED
B_101910,ACC_1002409,ACC_1012724,2020-10-07 18:43:04,APPROVED
B_101911,ACC_1002414,ACC_1009527,2017-09-24 22:05:45,APPROVED
B_101912,ACC_1002415,ACC_1008480,2017-10-09 14:03:45,APPROVED
B_101913,ACC_1002419,ACC_1013325,2017-11-21 01:45:39,APPROVED
B_101914,ACC_1002419,ACC_1012070,2017-11-25 01:45:39,APPROVED
B_101915,ACC_1002419,ACC_1007246,2017-11-19 01:45:39,APPROVED
B_101916,ACC_1002421,ACC_1001764,2021-10-26 10:59:30,APPROVED
B_101917,ACC_1002421,ACC_1013458,2021-10-21 10:59:30,PENDING
B_101918,ACC_1002421,ACC_1004622,2021-10-27 10:59:30,APPROVED
B_101919,ACC_1002424,ACC_1005932,2019-05-29 11:34:14,APPROVED
B_101920,ACC_1002424,ACC_1000822,2019-05-27 11:34:14,APPROVED
B_101921,ACC_1002426,ACC_1014948,2025-07-12 02:35:13,APPROVED
B_101922,ACC_1002427,ACC_1012702,2021-07-15 19:35:57,APPROVED
B_101923,ACC_1002427,ACC_1005595,2021-07-13 19:35:57,APPROVED
B_101924,ACC_1002427,ACC_1003407,2021-07-15 19:35:57,APPROVED
B_101925,ACC_1002429,ACC_1014190,2016-06-01 06:33:49,PENDING
B_101926,ACC_1002430,ACC_1004420,2020-03-08 10:37:20,APPROVED
B_101927,ACC_1002430,ACC_1005921,2020-03-11 10:37:20,APPROVED
B_101928,ACC_1002431,ACC_1012685,2020-03-11 23:02:20,PENDING
B_101929,ACC_1002434,ACC_1002607,2024-05-18 15:10:20,APPROVED
B_101930,ACC_1002435,ACC_1001548,2021-06-07 04:26:14,APPROVED
B_101931,ACC_1002436,ACC_1010322,2021-06-02 09:13:14,APPROVED
B_101932,ACC_1002439,ACC_1005866,2025-01-22 00:19:53,PENDING
B_101933,ACC_1002439,ACC_1011948,2025-01-20 00:19:53,APPROVED
B_101934,ACC_1002439,ACC_1010940,2025-01-22 00:19:53,APPROVED
B_101935,ACC_1002441,ACC_1008534,2022-02-23 06:39:02,APPROVED
B_101936,ACC_1002441,ACC_1012303,2022-02-24 06:39:02,APPROVED
B_101937,ACC_1002447,ACC_1002773,2024-07-22 00:43:55,APPROVED
B_101938,ACC_1002447,ACC_1006889,2024-07-16 00:43:55,APPROVED
B_101939,ACC_1002447,ACC_1013041,2024-07-15 00:43:55,APPROVED
B_101940,ACC_1002450,ACC_1003004,2021-08-22 00:00:22,APPROVED
B_101941,ACC_1002455,ACC_1012167,2023-03-12 12:13:59,APPROVED
B_101942,ACC_1002455,ACC_1002609,2023-03-18 12:13:59,APPROVED
B_101943,ACC_1002459,ACC_1002883,2023-12-05 11:00:23,APPROVED
B_101944,ACC_1002459,ACC_1008334,2023-11-28 11:00:23,APPROVED
B_101945,ACC_1002461,ACC_1008125,2021-06-01 00:48:39,APPROVED
B_101946,ACC_1002464,ACC_1010226,2018-10-13 08:45:05,APPROVED
B_101947,ACC_1002467,ACC_1004179,2024-11-04 11:04:40,APPROVED
B_101948,ACC_1002469,ACC_1012425,2018-11-17 04:50:23,APPROVED
B_101949,ACC_1002469,ACC_1008336,2018-11-17 04:50:23,APPROVED
B_101950,ACC_1002472,ACC_1011778,2018-11-16 06:22:26,APPROVED
B_101951,ACC_1002474,ACC_1005284,2016-04-03 01:07:15,APPROVED
B_101952,ACC_1002474,ACC_1000479,2016-04-08 01:07:15,APPROVED
B_101953,ACC_1002476,ACC_1012432,2022-05-04 02:47:25,APPROVED
B_101954,ACC_1002476,ACC_1008634,2022-05-03 02:47:25,APPROVED
B_101955,ACC_1002476,ACC_1014180,2022-05-04 02:47:25,APPROVED
B_101956,ACC_1002479,ACC_1013088,2022-05-10 17:09:50,APPROVED
B_101957,ACC_1002479,ACC_1003241,2022-05-12 17:09:50,APPROVED
B_101958,ACC_1002495,ACC_1012349,2024-07-16 23:39:54,APPROVED
B_101959,ACC_1002495,ACC_1012030,2024-07-19 23:39:54,APPROVED
B_101960,ACC_1002495,ACC_1008926,2024-07-18 23:39:54,APPROVED
B_101961,ACC_1002500,ACC_1009801,2019-10-11 23:30:52,APPROVED
B_101962,ACC_1002507,ACC_1012972,2016-08-14 18:03:20,APPROVED
B_101963,ACC_1002507,ACC_1004223,2016-08-16 18:03:20,APPROVED
B_101964,ACC_1002507,ACC_1007980,2016-08-17 18:03:20,APPROVED
B_101965,ACC_1002508,ACC_1007737,2016-08-11 06:50:20,APPROVED
B_101966,ACC_1002509,ACC_1004254,2018-01-22 14:07:30,APPROVED
B_101967,ACC_1002511,ACC_1001980,2024-07-06 14:45:41,APPROVED
B_101968,ACC_1002511,ACC_1005955,2024-07-11 14:45:41,APPROVED
B_101969,ACC_1002513,ACC_1010325,2018-06-26 00:50:23,APPROVED
B_101970,ACC_1002513,ACC_1014610,2018-06-29 00:50:23,APPROVED
B_101971,ACC_1002514,ACC_1010468,2022-11-29 07:11:13,APPROVED
B_101972,ACC_1002514,ACC_1013931,2022-12-01 07:11:13,APPROVED
B_101973,ACC_1002514,ACC_1010584,2022-11-23 07:11:13,APPROVED
B_101974,ACC_1002515,ACC_1010607,2022-12-22 13:45:13,APPROVED
B_101975,ACC_1002525,ACC_1008292,2016-11-24 23:15:48,APPROVED
B_101976,ACC_1002538,ACC_1005456,2016-03-28 19:25:49,APPROVED
B_101977,ACC_1002538,ACC_1007714,2016-03-31 19:25:49,APPROVED
B_101978,ACC_1002538,ACC_1012474,2016-03-26 19:25:49,APPROVED
B_101979,ACC_1002540,ACC_1014503,2024-08-23 05:55:56,APPROVED
B_101980,ACC_1002540,ACC_1005513,2024-08-14 05:55:56,APPROVED
B_101981,ACC_1002541,ACC_1001029,2024-08-09 16:33:56,APPROVED
B_101982,ACC_1002541,ACC_1000160,2024-08-03 16:33:56,APPROVED
B_101983,ACC_1002541,ACC_1002590,2024-08-03 16:33:56,APPROVED
B_101984,ACC_1002543,ACC_1005777,2017-08-03 01:05:49,APPROVED
B_101985,ACC_1002543,ACC_1013616,2017-08-08 01:05:49,APPROVED
B_101986,ACC_1002543,ACC_1006670,2017-07-31 01:05:49,APPROVED
B_101987,ACC_1002544,ACC_1010039,2017-08-10 10:25:49,APPROVED
B_101988,ACC_1002544,ACC_1004934,2017-08-02 10:25:49,APPROVED
B_101989,ACC_1002548,ACC_1000363,2016-07-04 09:15:31,APPROVED
B_101990,ACC_1002548,ACC_1005380,2016-06-30 09:15:31,APPROVED
B_101991,ACC_1002549,ACC_1011093,2020-08-05 13:45:59,PENDING
B_101992,ACC_1002550,ACC_1004111,2020-08-24 20:20:35,APPROVED
B_101993,ACC_1002550,ACC_1010782,2020-08-25 20:20:35,APPROVED
B_101994,ACC_1002550,ACC_1004780,2020-08-28 20:20:35,APPROVED
B_101995,ACC_1002552,ACC_1003025,2020-08-12 03:01:35,APPROVED
B_101996,ACC_1002552,ACC_1006862,2020-08-13 03:01:35,APPROVED
B_101997,ACC_1002555,ACC_1008025,2024-11-27 08:00:29,APPROVED
B_101998,ACC_1002555,ACC_1004175,2024-11-24 08:00:29,APPROVED
B_101999,ACC_1002555,ACC_1013998,2024-11-28 08:00:29,APPROVED
B_102000,ACC_1002559,ACC_1004654,2025-08-02 22:52:23,APPROVED
B_102001,ACC_1002559,ACC_1001854,2025-08-05 22:52:23,APPROVED
B_102002,ACC_1002559,ACC_1013470,2025-08-01 22:52:23,APPROVED
B_102003,ACC_1002561,ACC_1005071,2025-01-11 11:25:57,APPROVED
B_102004,ACC_1002561,ACC_1004464,2025-01-13 11:25:57,APPROVED
B_102005,ACC_1002561,ACC_1004947,2025-01-17 11:25:57,APPROVED
B_102006,ACC_1002562,ACC_1007208,2017-06-20 19:56:41,APPROVED
B_102007,ACC_1002562,ACC_1004185,2017-06-22 19:56:41,APPROVED
B_102008,ACC_1002562,ACC_1007534,2017-06-27 19:56:41,PENDING
B_102009,ACC_1002564,ACC_1005347,2021-09-19 01:22:59,APPROVED
B_102010,ACC_1002564,ACC_1005558,2021-09-18 01:22:59,APPROVED
B_102011,ACC_1002564,ACC_1005744,2021-09-21 01:22:59,APPROVED
B_102012,ACC_1002566,ACC_1013494,2017-07-14 01:22:52,APPROVED
B_102013,ACC_1002566,ACC_1005657,2017-07-20 01:22:52,APPROVED
B_102014,ACC_1002566,ACC_1005382,2017-07-20 01:22:52,APPROVED
B_102015,ACC_1002567,ACC_1014238,2017-07-18 07:32:52,APPROVED
B_102016,ACC_1002567,ACC_1009121,2017-07-22 07:32:52,APPROVED
B_102017,ACC_1002567,ACC_1002993,2017-07-20 07:32:52,APPROVED
B_102018,ACC_1002568,ACC_1005530,2018-05-23 05:58:14,PENDING
B_102019,ACC_1002568,ACC_1012902,2018-05-21 05:58:14,APPROVED
B_102020,ACC_1002568,ACC_1013923,2018-05-20 05:58:14,APPROVED
B_102021,ACC_1002569,ACC_1006002,2018-06-20 14:14:14,APPROVED
B_102022,ACC_1002572,ACC_1010121,2018-12-15 22:31:34,APPROVED
B_102023,ACC_1002572,ACC_1009961,2018-12-12 22:31:34,APPROVED
B_102024,ACC_1002573,ACC_1014837,2018-12-20 05:07:34,APPROVED
B_102025,ACC_1002573,ACC_1003607,2018-12-25 05:07:34,APPROVED
B_102026,ACC_1002577,ACC_1008004,2019-05-17 09:41:49,APPROVED
B_102027,ACC_1002578,ACC_1011918,2019-06-08 06:58:49,APPROVED
B_102028,ACC_1002581,ACC_1001450,2021-03-28 04:51:47,APPROVED
B_102029,ACC_1002581,ACC_1010445,2021-03-22 04:51:47,APPROVED
B_102030,ACC_1002581,ACC_1003785,2021-03-27 04:51:47,APPROVED
B_102031,ACC_1002583,ACC_1008724,2020-11-13 18:17:31,APPROVED
B_102032,ACC_1002583,ACC_1012591,2020-11-13 18:17:31,APPROVED
B_102033,ACC_1002583,ACC_1008592,2020-11-08 18:17:31,APPROVED
B_102034,ACC_1002587,ACC_1003986,2024-12-29 01:44:32,APPROVED
B_102035,ACC_1002587,ACC_1007773,2024-12-29 01:44:32,APPROVED
B_102036,ACC_1002590,ACC_1005415,2018-01-25 14:44:24,APPROVED
B_102037,ACC_1002590,ACC_1013319,2018-01-29 14:44:24,APPROVED
B_102038,ACC_1002590,ACC_1006430,2018-02-03 14:44:24,APPROVED
B_102039,ACC_1002592,ACC_1006823,2016-06-28 12:42:55,APPROVED
B_102040,ACC_1002593,ACC_1007875,2025-06-21 15:59:15,APPROVED
B_102041,ACC_1002593,ACC_1001019,2025-06-18 15:59:15,APPROVED
B_102042,ACC_1002594,ACC_1003999,2023-11-25 05:11:47,APPROVED
B_102043,ACC_1002594,ACC_1004489,2023-11-22 05:11:47,APPROVED
B_102044,ACC_1002595,ACC_1001157,2023-11-12 20:14:47,APPROVED
B_102045,ACC_1002595,ACC_1006631,2023-11-18 20:14:47,APPROVED
B_102046,ACC_1002595,ACC_1004748,2023-11-10 20:14:47,APPROVED
B_102047,ACC_1002596,ACC_1000524,2023-07-16 21:48:39,APPROVED
B_102048,ACC_1002596,ACC_1001745,2023-07-15 21:48:39,APPROVED
B_102049,ACC_1002599,ACC_1009240,2016-06-06 09:41:34,APPROVED
B_102050,ACC_1002599,ACC_1002867,2016-06-05 09:41:34,APPROVED
B_102051,ACC_1002599,ACC_1005776,2016-06-09 09:41:34,APPROVED
B_102052,ACC_1002601,ACC_1003282,2016-11-28 12:38:04,APPROVED
B_102053,ACC_1002602,ACC_1009044,2023-04-28 19:35:07,APPROVED
B_102054,ACC_1002602,ACC_1010317,2023-05-02 19:35:07,APPROVED
B_102055,ACC_1002602,ACC_1012590,2023-05-03 19:35:07,APPROVED
B_102056,ACC_1002606,ACC_1002331,2017-10-02 23:35:48,APPROVED
B_102057,ACC_1002606,ACC_1012504,2017-10-05 23:35:48,APPROVED
B_102058,ACC_1002609,ACC_1008288,2021-06-28 12:03:37,APPROVED
B_102059,ACC_1002610,ACC_1008931,2022-09-04 01:01:56,APPROVED
B_102060,ACC_1002610,ACC_1012927,2022-08-30 01:01:56,APPROVED
B_102061,ACC_1002610,ACC_1008292,2022-08-30 01:01:56,APPROVED
B_102062,ACC_1002613,ACC_1006022,2024-12-05 13:56:11,APPROVED
B_102063,ACC_1002619,ACC_1004441,2022-04-17 02:14:10,APPROVED
B_102064,ACC_1002619,ACC_1011042,2022-04-14 02:14:10,APPROVED
B_102065,ACC_1002623,ACC_1003887,2023-11-04 23:48:36,APPROVED
B_102066,ACC_1002624,ACC_1001449,2019-11-12 18:56:17,APPROVED
B_102067,ACC_1002624,ACC_1014958,2019-11-13 18:56:17,APPROVED
B_102068,ACC_1002624,ACC_1008516,2019-11-07 18:56:17,APPROVED
B_102069,ACC_1002625,ACC_1008813,2024-11-30 08:43:02,APPROVED
B_102070,ACC_1002627,ACC_1014456,2024-07-30 21:24:41,APPROVED
B_102071,ACC_1002631,ACC_1005644,2024-06-16 14:32:20,APPROVED
B_102072,ACC_1002631,ACC_1004923,2024-06-10 14:32:20,APPROVED
B_102073,ACC_1002631,ACC_1013305,2024-06-12 14:32:20,APPROVED
B_102074,ACC_1002638,ACC_1007787,2020-08-28 21:40:39,PENDING
B_102075,ACC_1002638,ACC_1003945,2020-08-23 21:40:39,APPROVED
B_102076,ACC_1002638,ACC_1011233,2020-08-28 21:40:39,APPROVED
B_102077,ACC_1002640,ACC_1000763,2022-10-29 03:48:43,APPROVED
B_102078,ACC_1002640,ACC_1012656,2022-10-24 03:48:43,APPROVED
B_102079,ACC_1002646,ACC_1001378,2022-08-23 21:53:45,APPROVED
B_102080,ACC_1002648,ACC_1000490,2024-12-22 09:48:50,APPROVED
B_102081,ACC_1002648,ACC_1003613,2024-12-14 09:48:50,APPROVED
B_102082,ACC_1002651,ACC_1011102,2025-10-30 12:11:03,PENDING
B_102083,ACC_1002652,ACC_1001182,2020-05-30 12:03:27,APPROVED
B_102084,ACC_1002653,ACC_1005481,2019-04-08 19:32:25,APPROVED
B_102085,ACC_1002653,ACC_1009631,2019-04-15 19:32:25,APPROVED
B_102086,ACC_1002653,ACC_1011912,2019-04-10 19:32:25,APPROVED
B_102087,ACC_1002654,ACC_1007683,2019-04-28 06:38:25,APPROVED
B_102088,ACC_1002654,ACC_1003301,2019-04-22 06:38:25,APPROVED
B_102089,ACC_1002657,ACC_1008874,2023-04-05 18:27:28,APPROVED
B_102090,ACC_1002659,ACC_1006438,2017-04-15 00:57:10,APPROVED
B_102091,ACC_1002659,ACC_1005749,2017-04-15 00:57:10,APPROVED
B_102092,ACC_1002659,ACC_1006476,2017-04-14 00:57:10,APPROVED
B_102093,ACC_1002663,ACC_1004113,2023-07-17 16:40:20,APPROVED
B_102094,ACC_1002664,ACC_1008223,2023-06-30 21:36:20,PENDING
B_102095,ACC_1002667,ACC_1006146,2019-03-17 08:03:12,APPROVED
B_102096,ACC_1002669,ACC_1014953,2019-12-22 01:51:20,APPROVED
B_102097,ACC_1002669,ACC_1003079,2019-12-20 01:51:20,APPROVED
B_102098,ACC_1002669,ACC_1008609,2019-12-17 01:51:20,APPROVED
B_102099,ACC_1002675,ACC_1011113,2024-07-25 14:10:30,APPROVED
B_102100,ACC_1002675,ACC_1001009,2024-07-27 14:10:30,APPROVED
B_102101,ACC_1002676,ACC_1014106,2021-12-27 09:53:21,APPROVED
B_102102,ACC_1002676,ACC_1004264,2021-12-24 09:53:21,APPROVED
B_102103,ACC_1002683,ACC_1002603,2016-07-18 01:53:44,APPROVED
B_102104,ACC_1002683,ACC_1000728,2016-07-16 01:53:44,APPROVED
B_102105,ACC_1002684,ACC_1002545,2016-07-29 19:00:44,APPROVED
B_102106,ACC_1002685,ACC_1010897,2022-03-03 19:13:59,APPROVED
B_102107,ACC_1002686,ACC_1013101,2022-03-26 17:16:59,PENDING
B_102108,ACC_1002686,ACC_1005763,2022-03-21 17:16:59,APPROVED
B_102109,ACC_1002687,ACC_1012310,2022-03-06 21:53:59,APPROVED
B_102110,ACC_1002687,ACC_1007644,2022-03-03 21:53:59,APPROVED
B_102111,ACC_1002689,ACC_1010775,2016-03-08 12:17:24,APPROVED
B_102112,ACC_1002691,ACC_1004263,2024-05-28 21:15:18,APPROVED
B_102113,ACC_1002694,ACC_1006075,2023-07-23 09:07:18,APPROVED
B_102114,ACC_1002694,ACC_1005422,2023-07-20 09:07:18,APPROVED
B_102115,ACC_1002694,ACC_1013144,2023-07-23 09:07:18,APPROVED
B_102116,ACC_1002696,ACC_1009580,2023-07-12 17:01:18,APPROVED
B_102117,ACC_1002696,ACC_1005422,2023-07-09 17:01:18,APPROVED
B_102118,ACC_1002696,ACC_1000602,2023-07-06 17:01:18,APPROVED
B_102119,ACC_1002699,ACC_1004481,2025-05-07 09:32:43,APPROVED
B_102120,ACC_1002699,ACC_1011125,2025-05-11 09:32:43,APPROVED
B_102121,ACC_1002700,ACC_1009581,2016-05-23 23:02:30,APPROVED
B_102122,ACC_1002701,ACC_1005895,2016-05-29 22:30:30,APPROVED
B_102123,ACC_1002701,ACC_1005768,2016-05-28 22:30:30,APPROVED
B_102124,ACC_1002701,ACC_1013029,2016-05-24 22:30:30,APPROVED
B_102125,ACC_1002702,ACC_1014610,2017-10-04 03:34:12,APPROVED
B_102126,ACC_1002704,ACC_1005934,2025-07-15 22:15:16,APPROVED
B_102127,ACC_1002707,ACC_1003202,2018-08-08 20:10:02,APPROVED
B_102128,ACC_1002707,ACC_1008474,2018-08-11 20:10:02,APPROVED
B_102129,ACC_1002707,ACC_1013263,2018-08-09 20:10:02,APPROVED
B_102130,ACC_1002708,ACC_1002801,2022-08-16 13:56:00,PENDING
B_102131,ACC_1002708,ACC_1001117,2022-08-18 13:56:00,APPROVED
B_102132,ACC_1002708,ACC_1006989,2022-08-15 13:56:00,APPROVED
B_102133,ACC_1002710,ACC_1008352,2020-10-20 14:09:02,APPROVED
B_102134,ACC_1002716,ACC_1013810,2017-01-01 09:32:48,APPROVED
B_102135,ACC_1002719,ACC_1002701,2025-07-09 09:24:40,APPROVED
B_102136,ACC_1002719,ACC_1013993,2025-07-08 09:24:40,APPROVED
B_102137,ACC_1002721,ACC_1000346,2023-04-27 17:20:38,APPROVED
B_102138,ACC_1002722,ACC_1009196,2023-04-29 14:46:12,APPROVED
B_102139,ACC_1002722,ACC_1003388,2023-04-25 14:46:12,APPROVED
B_102140,ACC_1002725,ACC_1009803,2022-02-24 11:27:32,APPROVED
B_102141,ACC_1002725,ACC_1010921,2022-02-28 11:27:32,APPROVED
B_102142,ACC_1002727,ACC_1003787,2019-04-08 21:51:21,APPROVED
B_102143,ACC_1002727,ACC_1011157,2019-04-08 21:51:21,APPROVED
B_102144,ACC_1002728,ACC_1014873,2016-07-09 22:44:59,APPROVED
B_102145,ACC_1002728,ACC_1002915,2016-07-16 22:44:59,APPROVED
B_102146,ACC_1002728,ACC_1006854,2016-07-11 22:44:59,APPROVED
B_102147,ACC_1002731,ACC_1013362,2024-12-18 03:54:32,APPROVED
B_102148,ACC_1002732,ACC_1000651,2017-12-27 07:17:05,APPROVED
B_102149,ACC_1002732,ACC_1008012,2017-12-27 07:17:05,APPROVED
B_102150,ACC_1002734,ACC_1000195,2018-09-26 15:03:03,APPROVED
B_102151,ACC_1002734,ACC_1000067,2018-09-27 15:03:03,APPROVED
B_102152,ACC_1002735,ACC_1010529,2018-09-22 19:59:03,APPROVED
B_102153,ACC_1002735,ACC_1007537,2018-09-26 19:59:03,APPROVED
B_102154,ACC_1002737,ACC_1005538,2023-03-14 08:53:40,APPROVED
B_102155,ACC_1002737,ACC_1004339,2023-03-19 08:53:40,APPROVED
B_102156,ACC_1002737,ACC_1000975,2023-03-19 08:53:40,APPROVED
B_102157,ACC_1002738,ACC_1005373,2020-06-26 00:43:16,APPROVED
B_102158,ACC_1002738,ACC_1014204,2020-06-29 00:43:16,APPROVED
B_102159,ACC_1002740,ACC_1008230,2022-03-03 01:28:41,PENDING
B_102160,ACC_1002740,ACC_1006324,2022-03-02 01:28:41,APPROVED
B_102161,ACC_1002740,ACC_1012920,2022-03-03 01:28:41,APPROVED
B_102162,ACC_1002744,ACC_1004532,2016-04-13 11:35:13,APPROVED
B_102163,ACC_1002744,ACC_1010680,2016-04-12 11:35:13,PENDING
B_102164,ACC_1002746,ACC_1010022,2019-07-30 06:33:10,APPROVED
B_102165,ACC_1002747,ACC_1008202,2019-07-04 12:42:10,APPROVED
B_102166,ACC_1002751,ACC_1009456,2022-07-06 22:08:34,APPROVED
B_102167,ACC_1002751,ACC_1002047,2022-06-30 22:08:34,APPROVED
B_102168,ACC_1002751,ACC_1006608,2022-07-04 22:08:34,APPROVED
B_102169,ACC_1002756,ACC_1004598,2017-02-21 21:48:24,APPROVED
B_102170,ACC_1002756,ACC_1011413,2017-02-20 21:48:24,APPROVED
B_102171,ACC_1002759,ACC_1009774,2018-04-13 03:00:40,PENDING
B_102172,ACC_1002760,ACC_1008487,2018-04-30 02:38:40,APPROVED
B_102173,ACC_1002760,ACC_1001307,2018-04-22 02:38:40,APPROVED
B_102174,ACC_1002763,ACC_1010632,2019-08-25 18:44:05,APPROVED
B_102175,ACC_1002763,ACC_1000230,2019-09-01 18:44:05,APPROVED
B_102176,ACC_1002763,ACC_1010300,2019-08-28 18:44:05,APPROVED
B_102177,ACC_1002766,ACC_1003550,2025-09-24 20:09:43,APPROVED
B_102178,ACC_1002766,ACC_1003401,2025-09-27 20:09:43,APPROVED
B_102179,ACC_1002766,ACC_1004150,2025-09-28 20:09:43,APPROVED
B_102180,ACC_1002768,ACC_1008419,2025-09-30 02:15:43,APPROVED
B_102181,ACC_1002770,ACC_1003263,2023-10-22 21:00:12,APPROVED
B_102182,ACC_1002770,ACC_1005049,2023-10-24 21:00:12,APPROVED
B_102183,ACC_1002770,ACC_1010731,2023-10-23 21:00:12,APPROVED
B_102184,ACC_1002771,ACC_1013464,2017-05-27 14:43:41,APPROVED
B_102185,ACC_1002771,ACC_1014000,2017-06-03 14:43:41,APPROVED
B_102186,ACC_1002774,ACC_1008655,2018-08-19 05:18:15,APPROVED
B_102187,ACC_1002774,ACC_1006863,2018-08-14 05:18:15,APPROVED
B_102188,ACC_1002774,ACC_1008483,2018-08-18 05:18:15,APPROVED
B_102189,ACC_1002775,ACC_1003279,2018-04-11 00:14:40,APPROVED
B_102190,ACC_1002775,ACC_1009870,2018-04-11 00:14:40,APPROVED
B_102191,ACC_1002777,ACC_1006635,2024-06-17 12:09:36,APPROVED
B_102192,ACC_1002777,ACC_1006469,2024-06-13 12:09:36,APPROVED
B_102193,ACC_1002777,ACC_1010117,2024-06-20 12:09:36,APPROVED
B_102194,ACC_1002778,ACC_1004566,2020-12-21 01:46:16,APPROVED
B_102195,ACC_1002778,ACC_1001293,2020-12-16 01:46:16,APPROVED
B_102196,ACC_1002778,ACC_1006803,2020-12-19 01:46:16,APPROVED
B_102197,ACC_1002779,ACC_1009183,2016-05-06 23:13:51,APPROVED
B_102198,ACC_1002779,ACC_1007901,2016-05-08 23:13:51,APPROVED
B_102199,ACC_1002780,ACC_1013862,2020-11-27 18:32:05,APPROVED
B_102200,ACC_1002782,ACC_1002846,2023-04-09 14:18:30,APPROVED
B_102201,ACC_1002782,ACC_1007387,2023-04-04 14:18:30,PENDING
B_102202,ACC_1002788,ACC_1000611,2020-10-08 20:35:12,PENDING
B_102203,ACC_1002789,ACC_1004045,2024-03-19 12:22:35,APPROVED
B_102204,ACC_1002789,ACC_1011504,2024-03-19 12:22:35,APPROVED
B_102205,ACC_1002791,ACC_1005362,2022-06-16 10:32:12,APPROVED
B_102206,ACC_1002794,ACC_1006592,2022-12-23 05:20:47,APPROVED
B_102207,ACC_1002794,ACC_1004534,2022-12-21 05:20:47,APPROVED
B_102208,ACC_1002794,ACC_1008684,2022-12-20 05:20:47,APPROVED
B_102209,ACC_1002800,ACC_1001376,2016-05-14 11:20:51,APPROVED
B_102210,ACC_1002800,ACC_1007144,2016-05-11 11:20:51,APPROVED
B_102211,ACC_1002801,ACC_1002953,2016-05-17 20:59:51,APPROVED
B_102212,ACC_1002801,ACC_1013357,2016-05-17 20:59:51,APPROVED
B_102213,ACC_1002803,ACC_1000395,2017-02-11 06:03:50,APPROVED
B_102214,ACC_1002804,ACC_1005044,2016-03-19 09:35:15,APPROVED
B_102215,ACC_1002805,ACC_1010058,2016-04-09 03:26:15,APPROVED
B_102216,ACC_1002810,ACC_1005756,2025-04-15 07:19:40,APPROVED
B_102217,ACC_1002813,ACC_1001158,2022-11-13 05:40:49,APPROVED
B_102218,ACC_1002813,ACC_1005211,2022-11-11 05:40:49,APPROVED
B_102219,ACC_1002814,ACC_1001631,2022-11-27 00:27:49,APPROVED
B_102220,ACC_1002814,ACC_1000902,2022-11-21 00:27:49,PENDING
B_102221,ACC_1002825,ACC_1002531,2022-10-21 03:55:54,APPROVED
B_102222,ACC_1002825,ACC_1002281,2022-10-23 03:55:54,APPROVED
B_102223,ACC_1002827,ACC_1004060,2020-07-08 20:09:29,APPROVED
B_102224,ACC_1002827,ACC_1006499,2020-07-13 20:09:29,APPROVED
B_102225,ACC_1002835,ACC_1002633,2024-03-15 00:19:31,APPROVED
B_102226,ACC_1002835,ACC_1006707,2024-03-13 00:19:31,APPROVED
B_102227,ACC_1002838,ACC_1012632,2016-08-24 17:23:39,APPROVED
B_102228,ACC_1002838,ACC_1006418,2016-08-17 17:23:39,APPROVED
B_102229,ACC_1002838,ACC_1001353,2016-08-19 17:23:39,PENDING
B_102230,ACC_1002841,ACC_1014916,2017-02-20 09:27:51,APPROVED
B_102231,ACC_1002841,ACC_1006266,2017-02-13 09:27:51,APPROVED
B_102232,ACC_1002841,ACC_1008825,2017-02-18 09:27:51,APPROVED
B_102233,ACC_1002842,ACC_1001071,2020-09-24 22:35:54,APPROVED
B_102234,ACC_1002842,ACC_1008325,2020-09-18 22:35:54,APPROVED
B_102235,ACC_1002842,ACC_1014539,2020-09-24 22:35:54,APPROVED
B_102236,ACC_1002844,ACC_1011869,2018-08-15 07:12:14,APPROVED
B_102237,ACC_1002849,ACC_1002190,2017-09-23 11:39:46,APPROVED
B_102238,ACC_1002851,ACC_1013989,2022-01-30 19:21:06,APPROVED
B_102239,ACC_1002857,ACC_1006102,2016-06-03 20:27:30,APPROVED
B_102240,ACC_1002857,ACC_1014149,2016-06-07 20:27:30,APPROVED
B_102241,ACC_1002858,ACC_1004816,2021-05-31 15:12:08,APPROVED
B_102242,ACC_1002862,ACC_1008345,2019-01-09 22:15:18,APPROVED
B_102243,ACC_1002862,ACC_1009267,2019-01-14 22:15:18,APPROVED
B_102244,ACC_1002863,ACC_1001255,2019-01-25 05:33:18,APPROVED
B_102245,ACC_1002863,ACC_1006904,2019-01-23 05:33:18,APPROVED
B_102246,ACC_1002866,ACC_1005025,2023-03-13 19:12:45,APPROVED
B_102247,ACC_1002872,ACC_1003714,2021-08-03 00:54:37,APPROVED
B_102248,ACC_1002872,ACC_1009558,2021-07-28 00:54:37,APPROVED
B_102249,ACC_1002874,ACC_1001000,2023-09-02 07:41:37,APPROVED
B_102250,ACC_1002874,ACC_1007394,2023-09-05 07:41:37,APPROVED
B_102251,ACC_1002875,ACC_1009829,2017-05-04 10:54:14,APPROVED
B_102252,ACC_1002875,ACC_1006692,2017-05-02 10:54:14,APPROVED
B_102253,ACC_1002880,ACC_1000458,2024-03-29 02:34:50,APPROVED
B_102254,ACC_1002880,ACC_1005091,2024-03-24 02:34:50,APPROVED
B_102255,ACC_1002882,ACC_1009159,2022-12-25 02:31:32,APPROVED
B_102256,ACC_1002882,ACC_1005897,2022-12-25 02:31:32,APPROVED
B_102257,ACC_1002882,ACC_1000415,2022-12-29 02:31:32,APPROVED
B_102258,ACC_1002884,ACC_1005041,2025-05-20 18:06:33,APPROVED
B_102259,ACC_1002884,ACC_1003423,2025-05-19 18:06:33,APPROVED
B_102260,ACC_1002887,ACC_1012083,2019-09-01 06:39:49,APPROVED
B_102261,ACC_1002887,ACC_1010716,2019-08-28 06:39:49,APPROVED
B_102262,ACC_1002888,ACC_1008162,2017-11-21 20:27:56,APPROVED
B_102263,ACC_1002888,ACC_1009192,2017-11-21 20:27:56,APPROVED
B_102264,ACC_1002893,ACC_1005767,2019-08-16 16:17:15,APPROVED
B_102265,ACC_1002895,ACC_1001811,2022-12-20 03:03:49,APPROVED
B_102266,ACC_1002895,ACC_1008142,2022-12-22 03:03:49,APPROVED
B_102267,ACC_1002897,ACC_1001386,2017-06-21 00:15:10,APPROVED
B_102268,ACC_1002897,ACC_1002431,2017-06-25 00:15:10,PENDING
B_102269,ACC_1002897,ACC_1010266,2017-06-23 00:15:10,APPROVED
B_102270,ACC_1002902,ACC_1004117,2017-06-15 04:20:18,APPROVED
B_102271,ACC_1002902,ACC_1007234,2017-06-15 04:20:18,APPROVED
B_102272,ACC_1002902,ACC_1007055,2017-06-07 04:20:18,APPROVED
B_102273,ACC_1002903,ACC_1004883,2016-02-25 17:33:16,APPROVED
B_102274,ACC_1002903,ACC_1011359,2016-02-22 17:33:16,APPROVED
B_102275,ACC_1002903,ACC_1014577,2016-02-25 17:33:16,APPROVED
B_102276,ACC_1002904,ACC_1003005,2019-12-05 03:12:55,APPROVED
B_102277,ACC_1002907,ACC_1002029,2021-07-06 08:48:22,APPROVED
B_102278,ACC_1002907,ACC_1005042,2021-07-01 08:48:22,APPROVED
B_102279,ACC_1002907,ACC_1005855,2021-07-01 08:48:22,APPROVED
B_102280,ACC_1002911,ACC_1002540,2024-01-28 20:24:38,APPROVED
B_102281,ACC_1002912,ACC_1003754,2024-01-30 15:58:38,APPROVED
B_102282,ACC_1002912,ACC_1014856,2024-01-29 15:58:38,APPROVED
B_102283,ACC_1002912,ACC_1010042,2024-01-31 15:58:38,APPROVED
B_102284,ACC_1002919,ACC_1004825,2021-03-29 22:14:11,APPROVED
B_102285,ACC_1002919,ACC_1008743,2021-03-22 22:14:11,APPROVED
B_102286,ACC_1002921,ACC_1009934,2025-04-23 04:17:58,APPROVED
B_102287,ACC_1002921,ACC_1011069,2025-04-23 04:17:58,APPROVED
B_102288,ACC_1002926,ACC_1006586,2021-11-08 11:27:54,APPROVED
B_102289,ACC_1002926,ACC_1003126,2021-11-08 11:27:54,APPROVED
B_102290,ACC_1002931,ACC_1011284,2019-05-25 07:18:10,APPROVED
B_102291,ACC_1002931,ACC_1008187,2019-06-02 07:18:10,APPROVED
B_102292,ACC_1002934,ACC_1014005,2017-11-10 15:12:51,APPROVED
B_102293,ACC_1002935,ACC_1000126,2016-05-10 18:27:00,APPROVED
B_102294,ACC_1002940,ACC_1002999,2024-02-29 08:04:43,APPROVED
B_102295,ACC_1002946,ACC_1010960,2023-06-21 15:52:33,APPROVED
B_102296,ACC_1002946,ACC_1009931,2023-06-24 15:52:33,PENDING
B_102297,ACC_1002946,ACC_1001915,2023-06-20 15:52:33,PENDING
B_102298,ACC_1002947,ACC_1004997,2018-03-22 08:43:07,APPROVED
B_102299,ACC_1002947,ACC_1014705,2018-03-23 08:43:07,APPROVED
B_102300,ACC_1002949,ACC_1005202,2018-03-16 18:39:07,PENDING
B_102301,ACC_1002952,ACC_1009057,2017-05-16 00:38:56,APPROVED
B_102302,ACC_1002952,ACC_1013557,2017-05-18 00:38:56,APPROVED
B_102303,ACC_1002955,ACC_1010483,2021-06-25 07:34:33,APPROVED
B_102304,ACC_1002955,ACC_1007861,2021-07-02 07:34:33,APPROVED
B_102305,ACC_1002956,ACC_1005512,2016-09-30 15:38:24,APPROVED
B_102306,ACC_1002957,ACC_1002579,2016-10-05 00:23:24,APPROVED
B_102307,ACC_1002960,ACC_1003838,2025-12-08 07:36:02,APPROVED
B_102308,ACC_1002961,ACC_1006555,2022-12-24 09:55:23,APPROVED
B_102309,ACC_1002961,ACC_1012017,2022-12-26 09:55:23,PENDING
B_102310,ACC_1002965,ACC_1011961,2017-04-12 22:19:23,APPROVED
B_102311,ACC_1002965,ACC_1007419,2017-04-18 22:19:23,APPROVED
B_102312,ACC_1002966,ACC_1012890,2017-05-01 09:08:23,APPROVED
B_102313,ACC_1002967,ACC_1006279,2024-04-20 17:38:16,APPROVED
B_102314,ACC_1002967,ACC_1014860,2024-04-14 17:38:16,APPROVED
B_102315,ACC_1002968,ACC_1004361,2021-11-24 05:16:06,PENDING
B_102316,ACC_1002968,ACC_1002072,2021-11-20 05:16:06,APPROVED
B_102317,ACC_1002969,ACC_1010930,2022-09-21 12:58:35,APPROVED
B_102318,ACC_1002970,ACC_1002438,2018-11-09 05:49:42,APPROVED
B_102319,ACC_1002970,ACC_1015026,2018-11-11 05:49:42,APPROVED
B_102320,ACC_1002972,ACC_1001025,2018-04-24 00:19:09,APPROVED
B_102321,ACC_1002972,ACC_1001890,2018-05-01 00:19:09,APPROVED
B_102322,ACC_1002972,ACC_1010782,2018-04-22 00:19:09,APPROVED
B_102323,ACC_1002973,ACC_1003641,2018-04-20 04:26:09,APPROVED
B_102324,ACC_1002973,ACC_1002364,2018-04-18 04:26:09,APPROVED
B_102325,ACC_1002973,ACC_1007988,2018-04-17 04:26:09,APPROVED
B_102326,ACC_1002975,ACC_1012449,2020-01-05 11:05:05,APPROVED
B_102327,ACC_1002975,ACC_1005063,2020-01-11 11:05:05,APPROVED
B_102328,ACC_1002979,ACC_1009173,2020-12-16 18:53:53,APPROVED
B_102329,ACC_1002982,ACC_1007240,2021-05-12 03:02:27,APPROVED
B_102330,ACC_1002982,ACC_1011569,2021-05-14 03:02:27,PENDING
B_102331,ACC_1002985,ACC_1011768,2017-06-28 21:40:11,APPROVED
B_102332,ACC_1002985,ACC_1012100,2017-06-21 21:40:11,APPROVED
B_102333,ACC_1002985,ACC_1000497,2017-06-28 21:40:11,APPROVED
B_102334,ACC_1002990,ACC_1005075,2024-01-07 16:27:41,APPROVED
B_102335,ACC_1002992,ACC_1009675,2025-04-02 12:32:30,APPROVED
B_102336,ACC_1002992,ACC_1010905,2025-03-31 12:32:30,APPROVED
B_102337,ACC_1002993,ACC_1010815,2021-03-28 09:46:34,APPROVED
B_102338,ACC_1002993,ACC_1008585,2021-04-05 09:46:34,APPROVED
B_102339,ACC_1002997,ACC_1013367,2024-01-25 18:13:57,PENDING
B_102340,ACC_1002997,ACC_1014592,2024-01-18 18:13:57,APPROVED
B_102341,ACC_1002997,ACC_1000247,2024-01-25 18:13:57,APPROVED
B_102342,ACC_1002999,ACC_1002992,2024-01-20 13:54:57,PENDING
B_102343,ACC_1002999,ACC_1002146,2024-01-26 13:54:57,APPROVED
B_102344,ACC_1002999,ACC_1013678,2024-01-22 13:54:57,APPROVED
B_102345,ACC_1003007,ACC_1000500,2021-02-15 01:41:48,APPROVED
B_102346,ACC_1003009,ACC_1002423,2016-03-17 23:10:40,APPROVED
B_102347,ACC_1003009,ACC_1011673,2016-03-19 23:10:40,APPROVED
B_102348,ACC_1003010,ACC_1001931,2016-02-27 07:35:40,APPROVED
B_102349,ACC_1003010,ACC_1013498,2016-03-03 07:35:40,APPROVED
B_102350,ACC_1003013,ACC_1009303,2021-05-14 07:43:41,APPROVED
B_102351,ACC_1003013,ACC_1009013,2021-05-06 07:43:41,APPROVED
B_102352,ACC_1003013,ACC_1009031,2021-05-13 07:43:41,APPROVED
B_102353,ACC_1003014,ACC_1000275,2023-07-27 12:00:34,APPROVED
B_102354,ACC_1003016,ACC_1003666,2021-05-14 19:58:01,APPROVED
B_102355,ACC_1003016,ACC_1010110,2021-05-16 19:58:01,APPROVED
B_102356,ACC_1003017,ACC_1001131,2021-05-27 13:42:01,APPROVED
B_102357,ACC_1003017,ACC_1000456,2021-06-01 13:42:01,APPROVED
B_102358,ACC_1003019,ACC_1006203,2017-01-18 20:24:09,APPROVED
B_102359,ACC_1003022,ACC_1002334,2021-06-29 17:49:39,APPROVED
B_102360,ACC_1003022,ACC_1001221,2021-06-23 17:49:39,APPROVED
B_102361,ACC_1003022,ACC_1000016,2021-06-29 17:49:39,APPROVED
B_102362,ACC_1003023,ACC_1007772,2021-06-24 03:14:39,APPROVED
B_102363,ACC_1003023,ACC_1009821,2021-06-28 03:14:39,APPROVED
B_102364,ACC_1003023,ACC_1011015,2021-06-24 03:14:39,APPROVED
B_102365,ACC_1003024,ACC_1007146,2021-03-25 04:03:17,APPROVED
B_102366,ACC_1003024,ACC_1006064,2021-03-26 04:03:17,APPROVED
B_102367,ACC_1003024,ACC_1000614,2021-03-23 04:03:17,APPROVED
B_102368,ACC_1003026,ACC_1000507,2020-12-30 07:01:22,APPROVED
B_102369,ACC_1003026,ACC_1009860,2021-01-02 07:01:22,PENDING
B_102370,ACC_1003026,ACC_1010318,2020-12-31 07:01:22,APPROVED
B_102371,ACC_1003030,ACC_1004971,2024-07-23 11:37:11,APPROVED
B_102372,ACC_1003030,ACC_1012332,2024-07-22 11:37:11,APPROVED
B_102373,ACC_1003035,ACC_1012852,2020-12-21 05:16:17,APPROVED
B_102374,ACC_1003038,ACC_1009749,2018-09-08 12:44:03,APPROVED
B_102375,ACC_1003038,ACC_1004009,2018-09-10 12:44:03,APPROVED
B_102376,ACC_1003040,ACC_1008314,2019-02-23 05:02:55,APPROVED
B_102377,ACC_1003040,ACC_1005990,2019-03-01 05:02:55,APPROVED
B_102378,ACC_1003041,ACC_1008370,2019-03-21 16:34:55,APPROVED
B_102379,ACC_1003041,ACC_1004390,2019-03-22 16:34:55,APPROVED
B_102380,ACC_1003041,ACC_1011896,2019-03-14 16:34:55,APPROVED
B_102381,ACC_1003043,ACC_1005853,2025-10-24 20:46:09,APPROVED
B_102382,ACC_1003043,ACC_1008422,2025-11-01 20:46:09,APPROVED
B_102383,ACC_1003043,ACC_1001718,2025-10-25 20:46:09,APPROVED
B_102384,ACC_1003045,ACC_1012993,2024-06-22 00:21:06,APPROVED
B_102385,ACC_1003045,ACC_1002922,2024-06-23 00:21:06,APPROVED
B_102386,ACC_1003046,ACC_1002469,2024-06-19 21:59:06,APPROVED
B_102387,ACC_1003047,ACC_1008975,2017-09-05 18:02:40,APPROVED
B_102388,ACC_1003047,ACC_1013163,2017-09-01 18:02:40,APPROVED
B_102389,ACC_1003047,ACC_1000904,2017-09-06 18:02:40,APPROVED
B_102390,ACC_1003048,ACC_1008756,2017-09-04 13:45:40,APPROVED
B_102391,ACC_1003048,ACC_1013523,2017-09-04 13:45:40,APPROVED
B_102392,ACC_1003048,ACC_1008731,2017-09-05 13:45:40,APPROVED
B_102393,ACC_1003050,ACC_1010675,2019-09-16 09:11:58,APPROVED
B_102394,ACC_1003052,ACC_1007507,2023-10-02 17:15:15,APPROVED
B_102395,ACC_1003052,ACC_1009850,2023-10-01 17:15:15,PENDING
B_102396,ACC_1003054,ACC_1001457,2024-10-14 18:24:40,APPROVED
B_102397,ACC_1003054,ACC_1000584,2024-10-22 18:24:40,APPROVED
B_102398,ACC_1003054,ACC_1007985,2024-10-23 18:24:40,APPROVED
B_102399,ACC_1003055,ACC_1014895,2021-04-30 11:01:43,APPROVED
B_102400,ACC_1003055,ACC_1008615,2021-05-08 11:01:43,APPROVED
B_102401,ACC_1003065,ACC_1012982,2025-08-22 04:51:14,APPROVED
B_102402,ACC_1003065,ACC_1014612,2025-08-18 04:51:14,APPROVED
B_102403,ACC_1003069,ACC_1005870,2016-08-27 21:58:48,APPROVED
B_102404,ACC_1003069,ACC_1000983,2016-08-22 21:58:48,APPROVED
B_102405,ACC_1003070,ACC_1006947,2023-08-06 22:13:30,APPROVED
B_102406,ACC_1003070,ACC_1013163,2023-08-05 22:13:30,APPROVED
B_102407,ACC_1003070,ACC_1012096,2023-08-08 22:13:30,APPROVED
B_102408,ACC_1003072,ACC_1003456,2020-11-05 13:55:00,APPROVED
B_102409,ACC_1003074,ACC_1014725,2022-02-02 06:17:47,APPROVED
B_102410,ACC_1003076,ACC_1010265,2016-12-27 09:12:40,APPROVED
B_102411,ACC_1003078,ACC_1005334,2021-01-15 17:34:42,APPROVED
B_102412,ACC_1003078,ACC_1010802,2021-01-24 17:34:42,APPROVED
B_102413,ACC_1003081,ACC_1006377,2022-09-12 19:15:56,APPROVED
B_102414,ACC_1003084,ACC_1007881,2018-11-18 14:34:51,APPROVED
B_102415,ACC_1003086,ACC_1006051,2024-04-16 17:37:09,APPROVED
B_102416,ACC_1003086,ACC_1008459,2024-04-16 17:37:09,APPROVED
B_102417,ACC_1003086,ACC_1001105,2024-04-20 17:37:09,APPROVED
B_102418,ACC_1003087,ACC_1002181,2024-04-12 15:10:09,APPROVED
B_102419,ACC_1003094,ACC_1011374,2025-11-28 09:39:33,PENDING
B_102420,ACC_1003096,ACC_1005435,2020-02-04 18:56:35,PENDING
B_102421,ACC_1003096,ACC_1006446,2020-02-10 18:56:35,APPROVED
B_102422,ACC_1003096,ACC_1009888,2020-02-03 18:56:35,APPROVED
B_102423,ACC_1003097,ACC_1004678,2022-10-18 17:56:24,APPROVED
B_102424,ACC_1003098,ACC_1004603,2022-10-07 12:19:24,APPROVED
B_102425,ACC_1003098,ACC_1011608,2022-10-10 12:19:24,PENDING
B_102426,ACC_1003099,ACC_1003675,2024-07-06 07:13:08,APPROVED
B_102427,ACC_1003099,ACC_1014811,2024-07-09 07:13:08,APPROVED
B_102428,ACC_1003100,ACC_1007768,2025-11-15 20:32:10,APPROVED
B_102429,ACC_1003101,ACC_1001282,2025-11-19 11:10:10,APPROVED
B_102430,ACC_1003101,ACC_1006817,2025-11-15 11:10:10,APPROVED
B_102431,ACC_1003101,ACC_1010642,2025-11-17 11:10:10,APPROVED
B_102432,ACC_1003102,ACC_1008776,2024-10-01 17:40:36,APPROVED
B_102433,ACC_1003103,ACC_1005528,2019-03-03 04:00:45,APPROVED
B_102434,ACC_1003103,ACC_1005706,2019-03-04 04:00:45,APPROVED
B_102435,ACC_1003103,ACC_1001356,2019-02-26 04:00:45,APPROVED
B_102436,ACC_1003105,ACC_1008354,2022-10-18 16:10:37,APPROVED
B_102437,ACC_1003107,ACC_1013300,2022-04-29 21:03:06,APPROVED
B_102438,ACC_1003107,ACC_1000998,2022-05-02 21:03:06,APPROVED
B_102439,ACC_1003109,ACC_1007356,2017-12-20 06:17:34,APPROVED
B_102440,ACC_1003109,ACC_1002065,2017-12-18 06:17:34,PENDING
B_102441,ACC_1003109,ACC_1012302,2017-12-26 06:17:34,APPROVED
B_102442,ACC_1003110,ACC_1007497,2017-12-19 08:19:34,APPROVED
B_102443,ACC_1003110,ACC_1013414,2017-12-26 08:19:34,APPROVED
B_102444,ACC_1003110,ACC_1013757,2017-12-23 08:19:34,APPROVED
B_102445,ACC_1003113,ACC_1014260,2018-03-11 09:16:06,APPROVED
B_102446,ACC_1003113,ACC_1006714,2018-03-05 09:16:06,APPROVED
B_102447,ACC_1003114,ACC_1006291,2016-12-29 13:02:04,APPROVED
B_102448,ACC_1003114,ACC_1003247,2016-12-30 13:02:04,APPROVED
B_102449,ACC_1003114,ACC_1008452,2016-12-30 13:02:04,APPROVED
B_102450,ACC_1003117,ACC_1007545,2020-12-11 22:40:49,APPROVED
B_102451,ACC_1003117,ACC_1000204,2020-12-13 22:40:49,APPROVED
B_102452,ACC_1003123,ACC_1014319,2022-09-26 09:34:20,APPROVED
B_102453,ACC_1003125,ACC_1007794,2020-05-14 00:16:51,APPROVED
B_102454,ACC_1003125,ACC_1004380,2020-05-14 00:16:51,APPROVED
B_102455,ACC_1003125,ACC_1008232,2020-05-22 00:16:51,APPROVED
B_102456,ACC_1003134,ACC_1001227,2019-11-05 00:21:11,APPROVED
B_102457,ACC_1003137,ACC_1002938,2021-07-19 19:03:21,APPROVED
B_102458,ACC_1003139,ACC_1006878,2022-11-08 14:58:43,APPROVED
B_102459,ACC_1003140,ACC_1009438,2019-10-27 18:55:58,APPROVED
B_102460,ACC_1003142,ACC_1005016,2019-01-11 06:17:07,APPROVED
B_102461,ACC_1003142,ACC_1000336,2019-01-10 06:17:07,APPROVED
B_102462,ACC_1003143,ACC_1001082,2019-08-03 17:49:31,APPROVED
B_102463,ACC_1003143,ACC_1004655,2019-08-12 17:49:31,APPROVED
B_102464,ACC_1003144,ACC_1009284,2016-08-25 15:31:25,APPROVED
B_102465,ACC_1003145,ACC_1005748,2016-08-03 10:05:25,APPROVED
B_102466,ACC_1003146,ACC_1010574,2018-06-22 01:52:07,APPROVED
B_102467,ACC_1003147,ACC_1005565,2018-06-22 07:57:07,APPROVED
B_102468,ACC_1003147,ACC_1007157,2018-06-17 07:57:07,APPROVED
B_102469,ACC_1003151,ACC_1013171,2022-05-06 05:15:20,APPROVED
B_102470,ACC_1003155,ACC_1010370,2016-01-24 08:16:01,APPROVED
B_102471,ACC_1003155,ACC_1000021,2016-01-23 08:16:01,APPROVED
B_102472,ACC_1003156,ACC_1003936,2023-11-30 16:05:08,APPROVED
B_102473,ACC_1003156,ACC_1008644,2023-12-09 16:05:08,APPROVED
B_102474,ACC_1003156,ACC_1011303,2023-11-30 16:05:08,APPROVED
B_102475,ACC_1003159,ACC_1007081,2025-06-12 13:57:26,APPROVED
B_102476,ACC_1003159,ACC_1014182,2025-06-15 13:57:26,APPROVED
B_102477,ACC_1003159,ACC_1009287,2025-06-12 13:57:26,APPROVED
B_102478,ACC_1003166,ACC_1001858,2022-03-06 12:33:39,APPROVED
B_102479,ACC_1003166,ACC_1004631,2022-03-08 12:33:39,APPROVED
B_102480,ACC_1003166,ACC_1008298,2022-03-07 12:33:39,APPROVED
B_102481,ACC_1003167,ACC_1004268,2022-02-03 11:08:39,APPROVED
B_102482,ACC_1003167,ACC_1008314,2022-02-01 11:08:39,APPROVED
B_102483,ACC_1003168,ACC_1014284,2025-01-07 18:48:36,APPROVED
B_102484,ACC_1003170,ACC_1001400,2024-12-20 18:11:36,APPROVED
B_102485,ACC_1003172,ACC_1008529,2020-06-17 11:12:20,APPROVED
B_102486,ACC_1003172,ACC_1013219,2020-06-17 11:12:20,PENDING
B_102487,ACC_1003172,ACC_1011937,2020-06-22 11:12:20,APPROVED
B_102488,ACC_1003174,ACC_1012407,2017-03-19 21:28:51,APPROVED
B_102489,ACC_1003178,ACC_1007106,2019-01-24 05:14:39,APPROVED
B_102490,ACC_1003178,ACC_1002681,2019-01-26 05:14:39,APPROVED
B_102491,ACC_1003179,ACC_1011602,2019-01-19 14:40:39,APPROVED
B_102492,ACC_1003179,ACC_1009981,2019-01-21 14:40:39,APPROVED
B_102493,ACC_1003179,ACC_1007053,2019-01-27 14:40:39,APPROVED
B_102494,ACC_1003182,ACC_1008555,2019-11-10 12:48:47,APPROVED
B_102495,ACC_1003182,ACC_1006054,2019-11-15 12:48:47,PENDING
B_102496,ACC_1003182,ACC_1005428,2019-11-14 12:48:47,APPROVED
B_102497,ACC_1003185,ACC_1002243,2023-12-28 07:33:49,APPROVED
B_102498,ACC_1003187,ACC_1011803,2016-03-02 06:24:02,APPROVED
B_102499,ACC_1003187,ACC_1010374,2016-03-06 06:24:02,APPROVED
B_102500,ACC_1003187,ACC_1012222,2016-02-28 06:24:02,APPROVED
B_102501,ACC_1003188,ACC_1005252,2020-11-24 00:54:37,APPROVED
B_102502,ACC_1003188,ACC_1002046,2020-11-30 00:54:37,APPROVED
B_102503,ACC_1003188,ACC_1003622,2020-11-28 00:54:37,APPROVED
B_102504,ACC_1003195,ACC_1009498,2020-12-16 09:18:06,APPROVED
B_102505,ACC_1003195,ACC_1014382,2020-12-19 09:18:06,PENDING
B_102506,ACC_1003195,ACC_1010753,2020-12-17 09:18:06,APPROVED
B_102507,ACC_1003196,ACC_1013783,2025-07-13 00:29:16,APPROVED
B_102508,ACC_1003200,ACC_1002953,2022-06-18 11:43:28,APPROVED
B_102509,ACC_1003200,ACC_1003791,2022-06-22 11:43:28,APPROVED
B_102510,ACC_1003202,ACC_1013388,2016-03-30 01:23:53,APPROVED
B_102511,ACC_1003202,ACC_1009378,2016-03-25 01:23:53,APPROVED
B_102512,ACC_1003204,ACC_1011337,2019-03-15 09:26:45,APPROVED
B_102513,ACC_1003204,ACC_1008679,2019-03-12 09:26:45,APPROVED
B_102514,ACC_1003204,ACC_1012780,2019-03-13 09:26:45,APPROVED
B_102515,ACC_1003212,ACC_1014658,2021-09-25 22:37:36,APPROVED
B_102516,ACC_1003212,ACC_1007751,2021-09-23 22:37:36,APPROVED
B_102517,ACC_1003212,ACC_1002989,2021-09-29 22:37:36,APPROVED
B_102518,ACC_1003218,ACC_1006822,2019-10-28 19:09:22,APPROVED
B_102519,ACC_1003225,ACC_1006858,2017-07-18 13:56:48,APPROVED
B_102520,ACC_1003225,ACC_1004130,2017-07-12 13:56:48,PENDING
B_102521,ACC_1003231,ACC_1014493,2021-02-24 07:36:00,APPROVED
B_102522,ACC_1003234,ACC_1006164,2017-11-21 10:39:49,APPROVED
B_102523,ACC_1003234,ACC_1000440,2017-11-22 10:39:49,PENDING
B_102524,ACC_1003234,ACC_1000862,2017-11-18 10:39:49,APPROVED
B_102525,ACC_1003235,ACC_1014387,2017-11-02 03:12:49,APPROVED
B_102526,ACC_1003238,ACC_1013380,2025-10-06 08:47:30,APPROVED
B_102527,ACC_1003238,ACC_1005726,2025-10-13 08:47:30,APPROVED
B_102528,ACC_1003238,ACC_1010951,2025-10-08 08:47:30,APPROVED
B_102529,ACC_1003242,ACC_1011594,2022-06-04 22:25:47,APPROVED
B_102530,ACC_1003242,ACC_1011310,2022-06-08 22:25:47,APPROVED
B_102531,ACC_1003248,ACC_1001082,2019-11-21 06:46:52,APPROVED
B_102532,ACC_1003250,ACC_1011968,2023-03-20 23:49:30,APPROVED
B_102533,ACC_1003250,ACC_1002299,2023-03-22 23:49:30,APPROVED
B_102534,ACC_1003250,ACC_1009065,2023-03-19 23:49:30,PENDING
B_102535,ACC_1003253,ACC_1002880,2016-09-11 01:10:38,APPROVED
B_102536,ACC_1003254,ACC_1001653,2023-10-14 11:33:13,APPROVED
B_102537,ACC_1003254,ACC_1004220,2023-10-15 11:33:13,APPROVED
B_102538,ACC_1003254,ACC_1010569,2023-10-11 11:33:13,APPROVED
B_102539,ACC_1003256,ACC_1003955,2023-10-08 20:30:13,APPROVED
B_102540,ACC_1003256,ACC_1010160,2023-10-13 20:30:13,APPROVED
B_102541,ACC_1003258,ACC_1001163,2019-09-22 06:53:45,APPROVED
B_102542,ACC_1003258,ACC_1013693,2019-09-28 06:53:45,APPROVED
B_102543,ACC_1003259,ACC_1004137,2019-10-05 19:30:45,APPROVED
B_102544,ACC_1003259,ACC_1014021,2019-09-30 19:30:45,APPROVED
B_102545,ACC_1003259,ACC_1007150,2019-09-27 19:30:45,APPROVED
B_102546,ACC_1003263,ACC_1005354,2019-02-28 08:50:17,APPROVED
B_102547,ACC_1003263,ACC_1007045,2019-03-01 08:50:17,APPROVED
B_102548,ACC_1003264,ACC_1012522,2022-06-24 14:44:21,APPROVED
B_102549,ACC_1003264,ACC_1005971,2022-06-30 14:44:21,APPROVED
B_102550,ACC_1003265,ACC_1009134,2022-06-07 09:53:21,APPROVED
B_102551,ACC_1003265,ACC_1013944,2022-06-12 09:53:21,APPROVED
B_102552,ACC_1003266,ACC_1004483,2022-06-25 13:22:21,APPROVED
B_102553,ACC_1003268,ACC_1004630,2017-08-17 13:24:48,APPROVED
B_102554,ACC_1003268,ACC_1003535,2017-08-12 13:24:48,APPROVED
B_102555,ACC_1003268,ACC_1006514,2017-08-15 13:24:48,APPROVED
B_102556,ACC_1003274,ACC_1000506,2018-07-13 15:32:57,APPROVED
B_102557,ACC_1003277,ACC_1012032,2023-09-19 12:45:00,APPROVED
B_102558,ACC_1003277,ACC_1000951,2023-09-21 12:45:00,APPROVED
B_102559,ACC_1003277,ACC_1013095,2023-09-21 12:45:00,APPROVED
B_102560,ACC_1003278,ACC_1001569,2023-09-18 15:14:00,APPROVED
B_102561,ACC_1003278,ACC_1005672,2023-09-23 15:14:00,APPROVED
B_102562,ACC_1003278,ACC_1012144,2023-09-16 15:14:00,APPROVED
B_102563,ACC_1003279,ACC_1007737,2016-05-03 16:00:41,APPROVED
B_102564,ACC_1003279,ACC_1004448,2016-05-06 16:00:41,APPROVED
B_102565,ACC_1003280,ACC_1014450,2020-07-27 13:46:36,APPROVED
B_102566,ACC_1003280,ACC_1014690,2020-07-25 13:46:36,APPROVED
B_102567,ACC_1003280,ACC_1000855,2020-07-25 13:46:36,APPROVED
B_102568,ACC_1003281,ACC_1003877,2020-07-16 17:14:36,APPROVED
B_102569,ACC_1003281,ACC_1013359,2020-07-14 17:14:36,APPROVED
B_102570,ACC_1003281,ACC_1004978,2020-07-13 17:14:36,APPROVED
B_102571,ACC_1003285,ACC_1009190,2016-07-02 13:40:18,APPROVED
B_102572,ACC_1003285,ACC_1014692,2016-07-01 13:40:18,APPROVED
B_102573,ACC_1003285,ACC_1013937,2016-06-29 13:40:18,PENDING
B_102574,ACC_1003286,ACC_1007254,2019-08-22 15:15:41,APPROVED
B_102575,ACC_1003286,ACC_1011758,2019-08-30 15:15:41,APPROVED
B_102576,ACC_1003286,ACC_1012348,2019-08-30 15:15:41,APPROVED
B_102577,ACC_1003288,ACC_1013864,2020-04-19 19:36:43,APPROVED
B_102578,ACC_1003291,ACC_1005066,2018-03-17 12:10:47,APPROVED
B_102579,ACC_1003299,ACC_1002814,2020-06-22 02:57:18,APPROVED
B_102580,ACC_1003299,ACC_1010571,2020-06-19 02:57:18,APPROVED
B_102581,ACC_1003303,ACC_1009355,2023-02-20 22:21:31,APPROVED
B_102582,ACC_1003305,ACC_1004622,2019-01-09 14:13:49,APPROVED
B_102583,ACC_1003305,ACC_1013074,2019-01-08 14:13:49,APPROVED
B_102584,ACC_1003306,ACC_1007249,2018-06-27 20:47:43,APPROVED
B_102585,ACC_1003306,ACC_1010919,2018-06-27 20:47:43,APPROVED
B_102586,ACC_1003310,ACC_1006388,2020-05-29 06:27:11,APPROVED
B_102587,ACC_1003310,ACC_1002585,2020-06-04 06:27:11,APPROVED
B_102588,ACC_1003311,ACC_1012975,2020-06-28 11:26:18,PENDING
B_102589,ACC_1003311,ACC_1014345,2020-07-01 11:26:18,APPROVED
B_102590,ACC_1003311,ACC_1012340,2020-06-25 11:26:18,APPROVED
B_102591,ACC_1003312,ACC_1003706,2023-05-27 01:47:01,APPROVED
B_102592,ACC_1003317,ACC_1004755,2016-10-23 16:00:32,APPROVED
B_102593,ACC_1003317,ACC_1010152,2016-10-21 16:00:32,APPROVED
B_102594,ACC_1003319,ACC_1007139,2023-08-07 10:27:30,APPROVED
B_102595,ACC_1003323,ACC_1002785,2016-12-16 04:00:57,APPROVED
B_102596,ACC_1003323,ACC_1005779,2016-12-18 04:00:57,APPROVED
B_102597,ACC_1003323,ACC_1005230,2016-12-14 04:00:57,APPROVED
B_102598,ACC_1003324,ACC_1014395,2016-12-06 21:17:57,APPROVED
B_102599,ACC_1003324,ACC_1001061,2016-12-04 21:17:57,APPROVED
B_102600,ACC_1003324,ACC_1005185,2016-12-06 21:17:57,APPROVED
B_102601,ACC_1003328,ACC_1010153,2019-10-11 21:48:30,APPROVED
B_102602,ACC_1003329,ACC_1002732,2019-10-10 18:30:30,APPROVED
B_102603,ACC_1003329,ACC_1013067,2019-10-13 18:30:30,APPROVED
B_102604,ACC_1003329,ACC_1011938,2019-10-09 18:30:30,APPROVED
B_102605,ACC_1003332,ACC_1011846,2022-05-20 06:49:12,APPROVED
B_102606,ACC_1003335,ACC_1012515,2016-06-09 21:00:21,APPROVED
B_102607,ACC_1003335,ACC_1004732,2016-06-09 21:00:21,APPROVED
B_102608,ACC_1003344,ACC_1009220,2019-06-25 10:29:54,APPROVED
B_102609,ACC_1003344,ACC_1005557,2019-06-24 10:29:54,APPROVED
B_102610,ACC_1003346,ACC_1014778,2025-05-24 09:26:39,APPROVED
B_102611,ACC_1003346,ACC_1010535,2025-05-23 09:26:39,APPROVED
B_102612,ACC_1003347,ACC_1001619,2025-05-23 06:58:39,APPROVED
B_102613,ACC_1003347,ACC_1001116,2025-05-23 06:58:39,APPROVED
B_102614,ACC_1003347,ACC_1010093,2025-05-28 06:58:39,APPROVED
B_102615,ACC_1003349,ACC_1008301,2016-04-06 20:29:40,APPROVED
B_102616,ACC_1003349,ACC_1011002,2016-04-03 20:29:40,APPROVED
B_102617,ACC_1003349,ACC_1004706,2016-04-06 20:29:40,APPROVED
B_102618,ACC_1003351,ACC_1011012,2017-07-05 08:38:36,APPROVED
B_102619,ACC_1003351,ACC_1005538,2017-07-08 08:38:36,APPROVED
B_102620,ACC_1003351,ACC_1011848,2017-07-05 08:38:36,APPROVED
B_102621,ACC_1003354,ACC_1006588,2023-04-24 08:22:10,APPROVED
B_102622,ACC_1003354,ACC_1006111,2023-04-22 08:22:10,APPROVED
B_102623,ACC_1003354,ACC_1009756,2023-04-19 08:22:10,APPROVED
B_102624,ACC_1003355,ACC_1008814,2023-03-30 06:56:10,APPROVED
B_102625,ACC_1003355,ACC_1002170,2023-03-25 06:56:10,APPROVED
B_102626,ACC_1003358,ACC_1014293,2025-08-09 19:18:50,APPROVED
B_102627,ACC_1003362,ACC_1003642,2020-12-03 09:54:19,APPROVED
B_102628,ACC_1003362,ACC_1005789,2020-12-05 09:54:19,APPROVED
B_102629,ACC_1003363,ACC_1003595,2018-12-16 07:00:54,APPROVED
B_102630,ACC_1003364,ACC_1005385,2025-12-19 22:46:10,APPROVED
B_102631,ACC_1003364,ACC_1006657,2025-12-13 22:46:10,APPROVED
B_102632,ACC_1003364,ACC_1005624,2025-12-16 22:46:10,APPROVED
B_102633,ACC_1003365,ACC_1004974,2025-12-21 07:17:10,APPROVED
B_102634,ACC_1003365,ACC_1002912,2025-12-28 07:17:10,APPROVED
B_102635,ACC_1003368,ACC_1013305,2025-05-10 18:24:12,APPROVED
B_102636,ACC_1003368,ACC_1009867,2025-05-04 18:24:12,APPROVED
B_102637,ACC_1003368,ACC_1000230,2025-05-03 18:24:12,APPROVED
B_102638,ACC_1003370,ACC_1000179,2020-05-01 15:57:38,APPROVED
B_102639,ACC_1003370,ACC_1003025,2020-05-05 15:57:38,APPROVED
B_102640,ACC_1003370,ACC_1007949,2020-05-05 15:57:38,APPROVED
B_102641,ACC_1003371,ACC_1014384,2019-01-18 00:05:23,APPROVED
B_102642,ACC_1003371,ACC_1000162,2019-01-15 00:05:23,APPROVED
B_102643,ACC_1003375,ACC_1005964,2018-02-16 05:38:39,APPROVED
B_102644,ACC_1003383,ACC_1000264,2017-05-20 23:37:29,APPROVED
B_102645,ACC_1003383,ACC_1013217,2017-05-22 23:37:29,APPROVED
B_102646,ACC_1003384,ACC_1009960,2017-06-10 20:49:29,APPROVED
B_102647,ACC_1003389,ACC_1009004,2020-12-31 06:36:29,APPROVED
B_102648,ACC_1003390,ACC_1006625,2020-12-25 05:55:29,PENDING
B_102649,ACC_1003390,ACC_1012513,2020-12-20 05:55:29,APPROVED
B_102650,ACC_1003392,ACC_1012412,2022-10-30 09:08:30,APPROVED
B_102651,ACC_1003392,ACC_1012155,2022-10-23 09:08:30,APPROVED
B_102652,ACC_1003396,ACC_1008137,2022-10-07 14:01:36,APPROVED
B_102653,ACC_1003397,ACC_1001846,2021-10-08 15:58:04,APPROVED
B_102654,ACC_1003400,ACC_1001099,2017-03-14 04:45:58,APPROVED
B_102655,ACC_1003400,ACC_1002545,2017-03-12 04:45:58,APPROVED
B_102656,ACC_1003403,ACC_1003599,2018-11-13 05:18:16,APPROVED
B_102657,ACC_1003405,ACC_1013553,2024-04-25 12:28:17,APPROVED
B_102658,ACC_1003406,ACC_1014367,2025-11-24 17:37:27,APPROVED
B_102659,ACC_1003406,ACC_1013565,2025-11-21 17:37:27,APPROVED
B_102660,ACC_1003410,ACC_1008216,2020-01-07 03:17:54,APPROVED
B_102661,ACC_1003410,ACC_1013739,2020-01-06 03:17:54,APPROVED
B_102662,ACC_1003410,ACC_1009554,2019-12-29 03:17:54,APPROVED
B_102663,ACC_1003411,ACC_1006214,2020-06-23 07:14:05,APPROVED
B_102664,ACC_1003411,ACC_1002538,2020-06-27 07:14:05,APPROVED
B_102665,ACC_1003416,ACC_1010564,2019-04-17 13:39:38,APPROVED
B_102666,ACC_1003416,ACC_1013054,2019-04-17 13:39:38,APPROVED
B_102667,ACC_1003419,ACC_1004220,2025-04-24 01:29:42,PENDING
B_102668,ACC_1003419,ACC_1008345,2025-04-26 01:29:42,APPROVED
B_102669,ACC_1003419,ACC_1008950,2025-04-29 01:29:42,APPROVED
B_102670,ACC_1003420,ACC_1014492,2025-05-04 04:45:42,APPROVED
B_102671,ACC_1003420,ACC_1013527,2025-05-04 04:45:42,APPROVED
B_102672,ACC_1003422,ACC_1010630,2024-07-16 04:01:21,APPROVED
B_102673,ACC_1003422,ACC_1007700,2024-07-23 04:01:21,APPROVED
B_102674,ACC_1003424,ACC_1001296,2016-10-29 07:40:16,APPROVED
B_102675,ACC_1003424,ACC_1005596,2016-10-27 07:40:16,APPROVED
B_102676,ACC_1003424,ACC_1009190,2016-10-27 07:40:16,APPROVED
B_102677,ACC_1003425,ACC_1003805,2017-10-16 18:32:14,APPROVED
B_102678,ACC_1003430,ACC_1000001,2020-05-26 06:59:18,APPROVED
B_102679,ACC_1003430,ACC_1001062,2020-05-27 06:59:18,APPROVED
B_102680,ACC_1003431,ACC_1004955,2022-09-30 03:50:01,APPROVED
B_102681,ACC_1003431,ACC_1011917,2022-10-01 03:50:01,APPROVED
B_102682,ACC_1003434,ACC_1007291,2018-07-08 15:56:20,APPROVED
B_102683,ACC_1003435,ACC_1011989,2018-06-27 14:44:20,APPROVED
B_102684,ACC_1003435,ACC_1001435,2018-07-01 14:44:20,APPROVED
B_102685,ACC_1003436,ACC_1012107,2018-07-11 23:39:20,PENDING
B_102686,ACC_1003439,ACC_1000107,2025-11-03 13:51:41,APPROVED
B_102687,ACC_1003439,ACC_1009666,2025-10-30 13:51:41,APPROVED
B_102688,ACC_1003444,ACC_1003402,2022-11-26 13:36:50,APPROVED
B_102689,ACC_1003449,ACC_1003607,2017-09-18 23:51:35,APPROVED
B_102690,ACC_1003449,ACC_1003334,2017-09-21 23:51:35,APPROVED
B_102691,ACC_1003454,ACC_1003199,2020-05-16 10:46:28,APPROVED
B_102692,ACC_1003454,ACC_1004877,2020-05-17 10:46:28,APPROVED
B_102693,ACC_1003454,ACC_1002297,2020-05-11 10:46:28,APPROVED
B_102694,ACC_1003460,ACC_1013919,2016-04-03 02:47:09,APPROVED
B_102695,ACC_1003460,ACC_1013706,2016-04-04 02:47:09,APPROVED
B_102696,ACC_1003460,ACC_1011179,2016-04-07 02:47:09,APPROVED
B_102697,ACC_1003471,ACC_1012571,2020-09-04 15:51:20,APPROVED
B_102698,ACC_1003471,ACC_1003952,2020-09-13 15:51:20,APPROVED
B_102699,ACC_1003472,ACC_1009679,2022-07-27 07:25:51,APPROVED
B_102700,ACC_1003472,ACC_1012098,2022-07-31 07:25:51,APPROVED
B_102701,ACC_1003473,ACC_1006179,2022-10-26 20:53:05,APPROVED
B_102702,ACC_1003473,ACC_1004979,2022-10-20 20:53:05,APPROVED
B_102703,ACC_1003473,ACC_1013172,2022-10-23 20:53:05,APPROVED
B_102704,ACC_1003474,ACC_1002443,2021-02-27 14:22:22,APPROVED
B_102705,ACC_1003474,ACC_1010696,2021-03-06 14:22:22,APPROVED
B_102706,ACC_1003476,ACC_1003313,2018-01-23 21:06:02,PENDING
B_102707,ACC_1003476,ACC_1006947,2018-01-26 21:06:02,APPROVED
B_102708,ACC_1003479,ACC_1009499,2022-10-09 09:59:52,PENDING
B_102709,ACC_1003479,ACC_1013707,2022-10-10 09:59:52,APPROVED
B_102710,ACC_1003479,ACC_1006601,2022-10-09 09:59:52,APPROVED
B_102711,ACC_1003486,ACC_1001443,2024-02-26 14:23:36,APPROVED
B_102712,ACC_1003486,ACC_1004571,2024-02-29 14:23:36,APPROVED
B_102713,ACC_1003486,ACC_1000006,2024-02-28 14:23:36,APPROVED
B_102714,ACC_1003488,ACC_1002090,2024-06-19 06:14:44,APPROVED
B_102715,ACC_1003493,ACC_1012350,2019-06-24 23:19:14,APPROVED
B_102716,ACC_1003493,ACC_1001908,2019-06-24 23:19:14,APPROVED
B_102717,ACC_1003495,ACC_1001119,2024-03-30 10:29:33,APPROVED
B_102718,ACC_1003498,ACC_1003531,2022-01-19 15:04:38,APPROVED
B_102719,ACC_1003498,ACC_1009616,2022-01-17 15:04:38,APPROVED
B_102720,ACC_1003499,ACC_1001255,2018-02-12 17:58:45,APPROVED
B_102721,ACC_1003499,ACC_1010115,2018-02-07 17:58:45,APPROVED
B_102722,ACC_1003499,ACC_1005509,2018-02-06 17:58:45,APPROVED
B_102723,ACC_1003505,ACC_1006413,2022-01-15 14:44:43,APPROVED
B_102724,ACC_1003505,ACC_1011071,2022-01-08 14:44:43,APPROVED
B_102725,ACC_1003507,ACC_1010705,2021-10-25 09:39:25,APPROVED
B_102726,ACC_1003510,ACC_1007609,2021-01-15 06:24:52,APPROVED
B_102727,ACC_1003510,ACC_1001266,2021-01-09 06:24:52,APPROVED
B_102728,ACC_1003510,ACC_1010420,2021-01-15 06:24:52,APPROVED
B_102729,ACC_1003516,ACC_1009436,2018-02-14 04:21:03,APPROVED
B_102730,ACC_1003516,ACC_1013791,2018-02-16 04:21:03,APPROVED
B_102731,ACC_1003516,ACC_1004153,2018-02-20 04:21:03,APPROVED
B_102732,ACC_1003521,ACC_1007447,2022-01-05 20:50:04,APPROVED
B_102733,ACC_1003521,ACC_1008310,2022-01-07 20:50:04,APPROVED
B_102734,ACC_1003521,ACC_1003969,2022-01-06 20:50:04,APPROVED
B_102735,ACC_1003522,ACC_1003975,2019-04-23 22:54:48,APPROVED
B_102736,ACC_1003523,ACC_1007423,2022-12-21 10:13:38,APPROVED
B_102737,ACC_1003523,ACC_1013309,2022-12-20 10:13:38,APPROVED
B_102738,ACC_1003523,ACC_1007092,2022-12-23 10:13:38,APPROVED
B_102739,ACC_1003524,ACC_1000268,2025-04-15 00:10:01,APPROVED
B_102740,ACC_1003525,ACC_1014639,2022-09-23 14:51:09,APPROVED
B_102741,ACC_1003525,ACC_1001929,2022-09-17 14:51:09,APPROVED
B_102742,ACC_1003525,ACC_1012045,2022-09-19 14:51:09,PENDING
B_102743,ACC_1003526,ACC_1007219,2021-12-28 00:26:37,APPROVED
B_102744,ACC_1003527,ACC_1008012,2019-10-03 11:28:20,APPROVED
B_102745,ACC_1003527,ACC_1006150,2019-10-03 11:28:20,APPROVED
B_102746,ACC_1003529,ACC_1014607,2019-01-23 00:51:15,APPROVED
B_102747,ACC_1003529,ACC_1001164,2019-01-24 00:51:15,APPROVED
B_102748,ACC_1003529,ACC_1011087,2019-01-26 00:51:15,APPROVED
B_102749,ACC_1003534,ACC_1008112,2024-05-04 08:24:17,PENDING
B_102750,ACC_1003538,ACC_1000307,2018-10-11 00:51:50,APPROVED
B_102751,ACC_1003538,ACC_1004433,2018-10-16 00:51:50,APPROVED
B_102752,ACC_1003539,ACC_1008055,2019-12-25 10:19:54,APPROVED
B_102753,ACC_1003541,ACC_1006514,2017-06-18 14:41:18,APPROVED
B_102754,ACC_1003543,ACC_1012335,2023-11-08 02:53:50,PENDING
B_102755,ACC_1003547,ACC_1007531,2025-11-25 07:32:43,APPROVED
B_102756,ACC_1003551,ACC_1011965,2019-05-25 05:02:51,APPROVED
B_102757,ACC_1003551,ACC_1001020,2019-05-26 05:02:51,APPROVED
B_102758,ACC_1003552,ACC_1003946,2020-09-05 09:19:12,PENDING
B_102759,ACC_1003552,ACC_1002055,2020-09-05 09:19:12,APPROVED
B_102760,ACC_1003552,ACC_1002562,2020-09-07 09:19:12,APPROVED
B_102761,ACC_1003555,ACC_1009229,2019-10-22 19:56:37,APPROVED
B_102762,ACC_1003555,ACC_1001956,2019-10-16 19:56:37,APPROVED
B_102763,ACC_1003559,ACC_1001892,2025-01-02 17:17:50,APPROVED
B_102764,ACC_1003559,ACC_1003286,2025-01-01 17:17:50,APPROVED
B_102765,ACC_1003559,ACC_1000342,2024-12-29 17:17:50,PENDING
B_102766,ACC_1003560,ACC_1009693,2023-11-03 06:42:36,APPROVED
B_102767,ACC_1003560,ACC_1005949,2023-11-01 06:42:36,APPROVED
B_102768,ACC_1003560,ACC_1008386,2023-11-01 06:42:36,APPROVED
B_102769,ACC_1003563,ACC_1007992,2022-12-12 13:32:14,APPROVED
B_102770,ACC_1003563,ACC_1010372,2022-12-03 13:32:14,APPROVED
B_102771,ACC_1003564,ACC_1000369,2024-06-21 04:24:04,APPROVED
B_102772,ACC_1003564,ACC_1013904,2024-06-15 04:24:04,APPROVED
B_102773,ACC_1003566,ACC_1014026,2020-11-08 21:54:36,APPROVED
B_102774,ACC_1003569,ACC_1003377,2022-03-06 00:21:29,APPROVED
B_102775,ACC_1003569,ACC_1007822,2022-03-08 00:21:29,APPROVED
B_102776,ACC_1003571,ACC_1002153,2025-04-13 06:28:21,APPROVED
B_102777,ACC_1003578,ACC_1003334,2022-07-05 07:44:49,APPROVED
B_102778,ACC_1003578,ACC_1001379,2022-06-30 07:44:49,APPROVED
B_102779,ACC_1003581,ACC_1001688,2016-06-14 17:48:20,APPROVED
B_102780,ACC_1003581,ACC_1003344,2016-06-11 17:48:20,APPROVED
B_102781,ACC_1003585,ACC_1004888,2024-03-05 05:28:05,APPROVED
B_102782,ACC_1003585,ACC_1010529,2024-03-08 05:28:05,APPROVED
B_102783,ACC_1003589,ACC_1006319,2024-10-24 19:59:36,APPROVED
B_102784,ACC_1003589,ACC_1003766,2024-10-26 19:59:36,APPROVED
B_102785,ACC_1003592,ACC_1013837,2022-05-27 05:22:07,APPROVED
B_102786,ACC_1003592,ACC_1010514,2022-05-26 05:22:07,APPROVED
B_102787,ACC_1003593,ACC_1000530,2017-06-01 07:31:30,APPROVED
B_102788,ACC_1003596,ACC_1010808,2021-08-12 05:24:23,APPROVED
B_102789,ACC_1003597,ACC_1001037,2017-08-31 23:03:47,APPROVED
B_102790,ACC_1003597,ACC_1008800,2017-08-25 23:03:47,PENDING
B_102791,ACC_1003597,ACC_1013067,2017-09-01 23:03:47,APPROVED
B_102792,ACC_1003598,ACC_1011955,2020-07-06 10:07:38,APPROVED
B_102793,ACC_1003598,ACC_1014805,2020-07-08 10:07:38,APPROVED
B_102794,ACC_1003598,ACC_1012097,2020-07-03 10:07:38,APPROVED
B_102795,ACC_1003603,ACC_1000466,2025-04-07 07:42:35,APPROVED
B_102796,ACC_1003603,ACC_1012353,2025-04-01 07:42:35,APPROVED
B_102797,ACC_1003603,ACC_1003555,2025-04-03 07:42:35,APPROVED
B_102798,ACC_1003607,ACC_1012186,2016-03-02 07:50:42,APPROVED
B_102799,ACC_1003609,ACC_1015009,2016-02-28 13:58:42,APPROVED
B_102800,ACC_1003612,ACC_1014026,2018-04-14 17:40:36,APPROVED
B_102801,ACC_1003612,ACC_1003620,2018-04-13 17:40:36,APPROVED
B_102802,ACC_1003614,ACC_1012954,2018-04-28 11:18:36,APPROVED
B_102803,ACC_1003614,ACC_1011611,2018-04-27 11:18:36,APPROVED
B_102804,ACC_1003618,ACC_1013626,2020-07-23 13:00:32,APPROVED
B_102805,ACC_1003618,ACC_1003374,2020-07-18 13:00:32,APPROVED
B_102806,ACC_1003619,ACC_1012821,2017-05-28 20:44:20,APPROVED
B_102807,ACC_1003622,ACC_1013253,2023-08-21 17:35:01,APPROVED
B_102808,ACC_1003622,ACC_1005318,2023-08-18 17:35:01,PENDING
B_102809,ACC_1003622,ACC_1005756,2023-08-22 17:35:01,APPROVED
B_102810,ACC_1003623,ACC_1011237,2024-04-05 08:17:50,APPROVED
B_102811,ACC_1003624,ACC_1007445,2024-04-02 09:20:50,APPROVED
B_102812,ACC_1003624,ACC_1007234,2024-03-30 09:20:50,APPROVED
B_102813,ACC_1003625,ACC_1004212,2024-04-28 09:08:50,APPROVED
B_102814,ACC_1003628,ACC_1006313,2017-02-15 06:48:43,APPROVED
B_102815,ACC_1003628,ACC_1006085,2017-02-11 06:48:43,APPROVED
B_102816,ACC_1003630,ACC_1008009,2025-02-10 17:50:07,APPROVED
B_102817,ACC_1003630,ACC_1006406,2025-02-09 17:50:07,APPROVED
B_102818,ACC_1003631,ACC_1000989,2025-01-30 03:57:07,APPROVED
B_102819,ACC_1003631,ACC_1011918,2025-02-01 03:57:07,APPROVED
B_102820,ACC_1003634,ACC_1008275,2016-09-13 20:21:39,APPROVED
B_102821,ACC_1003634,ACC_1002014,2016-09-05 20:21:39,APPROVED
B_102822,ACC_1003636,ACC_1006750,2017-07-21 20:20:39,PENDING
B_102823,ACC_1003636,ACC_1001051,2017-07-24 20:20:39,APPROVED
B_102824,ACC_1003636,ACC_1009749,2017-07-28 20:20:39,APPROVED
B_102825,ACC_1003639,ACC_1011172,2018-07-22 00:45:26,APPROVED
B_102826,ACC_1003639,ACC_1003258,2018-07-24 00:45:26,APPROVED
B_102827,ACC_1003643,ACC_1007609,2018-01-07 07:43:33,APPROVED
B_102828,ACC_1003653,ACC_1000139,2023-09-09 11:04:43,APPROVED
B_102829,ACC_1003655,ACC_1001464,2025-08-21 20:19:16,APPROVED
B_102830,ACC_1003656,ACC_1011114,2016-12-15 20:12:44,APPROVED
B_102831,ACC_1003656,ACC_1005596,2016-12-15 20:12:44,APPROVED
B_102832,ACC_1003663,ACC_1007823,2018-02-07 06:45:29,APPROVED
B_102833,ACC_1003663,ACC_1010155,2018-02-09 06:45:29,APPROVED
B_102834,ACC_1003664,ACC_1007464,2018-01-26 08:51:29,APPROVED
B_102835,ACC_1003666,ACC_1009090,2024-06-13 03:16:24,APPROVED
B_102836,ACC_1003666,ACC_1001707,2024-06-09 03:16:24,APPROVED
B_102837,ACC_1003666,ACC_1002421,2024-06-08 03:16:24,APPROVED
B_102838,ACC_1003672,ACC_1009866,2016-08-21 22:19:09,APPROVED
B_102839,ACC_1003672,ACC_1009332,2016-08-21 22:19:09,APPROVED
B_102840,ACC_1003673,ACC_1014227,2016-08-27 23:19:09,APPROVED
B_102841,ACC_1003673,ACC_1007932,2016-08-20 23:19:09,APPROVED
B_102842,ACC_1003673,ACC_1013326,2016-08-24 23:19:09,APPROVED
B_102843,ACC_1003674,ACC_1011167,2025-04-08 13:23:22,APPROVED
B_102844,ACC_1003674,ACC_1005346,2025-04-13 13:23:22,APPROVED
B_102845,ACC_1003674,ACC_1000473,2025-04-13 13:23:22,APPROVED
B_102846,ACC_1003675,ACC_1011120,2025-03-26 18:14:22,APPROVED
B_102847,ACC_1003678,ACC_1006120,2020-06-02 18:17:53,APPROVED
B_102848,ACC_1003679,ACC_1006506,2017-03-02 12:20:02,APPROVED
B_102849,ACC_1003679,ACC_1010293,2017-03-09 12:20:02,APPROVED
B_102850,ACC_1003679,ACC_1014490,2017-03-06 12:20:02,APPROVED
B_102851,ACC_1003681,ACC_1011347,2016-03-13 23:13:23,APPROVED
B_102852,ACC_1003681,ACC_1007246,2016-03-16 23:13:23,APPROVED
B_102853,ACC_1003686,ACC_1003380,2021-05-16 20:34:35,APPROVED
B_102854,ACC_1003686,ACC_1006173,2021-05-15 20:34:35,PENDING
B_102855,ACC_1003689,ACC_1005640,2018-04-25 08:13:22,APPROVED
B_102856,ACC_1003692,ACC_1011032,2025-10-03 16:22:21,APPROVED
B_102857,ACC_1003692,ACC_1008523,2025-09-25 16:22:21,APPROVED
B_102858,ACC_1003693,ACC_1006702,2017-07-21 23:08:55,APPROVED
B_102859,ACC_1003694,ACC_1013529,2020-04-20 23:18:44,APPROVED
B_102860,ACC_1003695,ACC_1010276,2020-05-17 15:16:44,APPROVED
B_102861,ACC_1003695,ACC_1001743,2020-05-16 15:16:44,APPROVED
B_102862,ACC_1003696,ACC_1007240,2023-10-01 10:58:48,APPROVED
B_102863,ACC_1003696,ACC_1014778,2023-09-28 10:58:48,APPROVED
B_102864,ACC_1003696,ACC_1004504,2023-09-27 10:58:48,APPROVED
B_102865,ACC_1003697,ACC_1007006,2023-09-16 12:20:48,APPROVED
B_102866,ACC_1003699,ACC_1010066,2020-02-19 16:27:17,APPROVED
B_102867,ACC_1003701,ACC_1005156,2020-03-02 09:41:17,APPROVED
B_102868,ACC_1003701,ACC_1002901,2020-03-03 09:41:17,APPROVED
B_102869,ACC_1003702,ACC_1005590,2021-05-28 20:14:04,APPROVED
B_102870,ACC_1003702,ACC_1002783,2021-06-04 20:14:04,APPROVED
B_102871,ACC_1003702,ACC_1008654,2021-05-29 20:14:04,APPROVED
B_102872,ACC_1003704,ACC_1012615,2024-05-12 02:03:36,PENDING
B_102873,ACC_1003705,ACC_1013752,2020-03-19 22:29:41,APPROVED
B_102874,ACC_1003705,ACC_1013652,2020-03-16 22:29:41,APPROVED
B_102875,ACC_1003705,ACC_1014158,2020-03-20 22:29:41,APPROVED
B_102876,ACC_1003707,ACC_1005357,2019-09-10 18:43:18,APPROVED
B_102877,ACC_1003707,ACC_1006057,2019-09-08 18:43:18,APPROVED
B_102878,ACC_1003708,ACC_1011620,2019-09-11 14:48:18,APPROVED
B_102879,ACC_1003709,ACC_1010891,2025-02-23 01:27:24,APPROVED
B_102880,ACC_1003711,ACC_1009416,2025-10-08 23:32:50,APPROVED
B_102881,ACC_1003711,ACC_1010583,2025-10-08 23:32:50,APPROVED
B_102882,ACC_1003715,ACC_1003279,2024-11-30 08:44:27,APPROVED
B_102883,ACC_1003715,ACC_1011522,2024-11-25 08:44:27,APPROVED
B_102884,ACC_1003716,ACC_1013805,2020-02-09 15:05:14,APPROVED
B_102885,ACC_1003718,ACC_1008737,2019-06-24 16:06:39,APPROVED
B_102886,ACC_1003719,ACC_1004421,2023-12-28 11:03:44,APPROVED
B_102887,ACC_1003719,ACC_1009032,2023-12-30 11:03:44,APPROVED
B_102888,ACC_1003722,ACC_1009424,2025-06-13 04:10:55,APPROVED
B_102889,ACC_1003722,ACC_1001517,2025-06-07 04:10:55,APPROVED
B_102890,ACC_1003722,ACC_1006777,2025-06-14 04:10:55,APPROVED
B_102891,ACC_1003730,ACC_1011743,2024-04-30 20:42:47,APPROVED
B_102892,ACC_1003730,ACC_1000279,2024-05-08 20:42:47,APPROVED
B_102893,ACC_1003731,ACC_1010561,2020-12-10 08:03:09,APPROVED
B_102894,ACC_1003734,ACC_1010983,2025-09-17 17:48:08,APPROVED
B_102895,ACC_1003736,ACC_1009097,2021-07-19 03:24:53,APPROVED
B_102896,ACC_1003736,ACC_1011234,2021-07-23 03:24:53,APPROVED
B_102897,ACC_1003736,ACC_1009442,2021-07-17 03:24:53,APPROVED
B_102898,ACC_1003739,ACC_1009955,2022-07-17 21:00:10,APPROVED
B_102899,ACC_1003739,ACC_1014395,2022-07-18 21:00:10,APPROVED
B_102900,ACC_1003739,ACC_1000909,2022-07-21 21:00:10,APPROVED
B_102901,ACC_1003741,ACC_1014966,2022-08-03 00:21:10,APPROVED
B_102902,ACC_1003741,ACC_1014940,2022-07-26 00:21:10,APPROVED
B_102903,ACC_1003744,ACC_1013478,2016-09-15 15:41:32,APPROVED
B_102904,ACC_1003744,ACC_1001339,2016-09-16 15:41:32,APPROVED
B_102905,ACC_1003744,ACC_1011341,2016-09-18 15:41:32,APPROVED
B_102906,ACC_1003746,ACC_1008678,2016-12-21 10:59:56,APPROVED
B_102907,ACC_1003746,ACC_1011800,2016-12-26 10:59:56,APPROVED
B_102908,ACC_1003751,ACC_1014213,2024-04-06 05:49:34,APPROVED
B_102909,ACC_1003752,ACC_1009161,2024-07-22 08:40:32,APPROVED
B_102910,ACC_1003752,ACC_1002892,2024-07-18 08:40:32,APPROVED
B_102911,ACC_1003753,ACC_1011320,2024-07-31 12:29:32,APPROVED
B_102912,ACC_1003753,ACC_1007980,2024-08-03 12:29:32,APPROVED
B_102913,ACC_1003753,ACC_1011916,2024-07-29 12:29:32,APPROVED
B_102914,ACC_1003755,ACC_1005846,2018-07-07 19:48:21,APPROVED
B_102915,ACC_1003758,ACC_1003599,2021-09-23 01:58:02,APPROVED
B_102916,ACC_1003758,ACC_1003724,2021-09-27 01:58:02,APPROVED
B_102917,ACC_1003758,ACC_1002944,2021-09-26 01:58:02,APPROVED
B_102918,ACC_1003759,ACC_1003972,2021-10-10 23:42:02,APPROVED
B_102919,ACC_1003759,ACC_1005412,2021-10-03 23:42:02,APPROVED
B_102920,ACC_1003759,ACC_1000253,2021-10-04 23:42:02,APPROVED
B_102921,ACC_1003762,ACC_1004815,2017-10-23 10:11:18,APPROVED
B_102922,ACC_1003762,ACC_1010744,2017-10-25 10:11:18,APPROVED
B_102923,ACC_1003762,ACC_1002034,2017-10-20 10:11:18,APPROVED
B_102924,ACC_1003777,ACC_1014739,2021-05-12 06:28:46,APPROVED
B_102925,ACC_1003777,ACC_1013079,2021-05-11 06:28:46,APPROVED
B_102926,ACC_1003778,ACC_1004154,2021-05-15 17:52:46,APPROVED
B_102927,ACC_1003778,ACC_1001798,2021-05-19 17:52:46,APPROVED
B_102928,ACC_1003778,ACC_1008173,2021-05-10 17:52:46,APPROVED
B_102929,ACC_1003779,ACC_1013847,2017-08-26 08:23:29,APPROVED
B_102930,ACC_1003780,ACC_1009591,2025-11-04 02:49:13,APPROVED
B_102931,ACC_1003780,ACC_1004357,2025-11-10 02:49:13,APPROVED
B_102932,ACC_1003781,ACC_1009662,2025-11-20 18:20:13,APPROVED
B_102933,ACC_1003781,ACC_1013976,2025-11-26 18:20:13,APPROVED
B_102934,ACC_1003781,ACC_1014084,2025-11-26 18:20:13,APPROVED
B_102935,ACC_1003782,ACC_1004361,2020-01-14 05:31:41,APPROVED
B_102936,ACC_1003782,ACC_1008876,2020-01-09 05:31:41,APPROVED
B_102937,ACC_1003787,ACC_1011349,2018-02-06 20:52:13,APPROVED
B_102938,ACC_1003791,ACC_1013263,2020-02-07 02:56:58,APPROVED
B_102939,ACC_1003791,ACC_1000174,2020-02-07 02:56:58,APPROVED
B_102940,ACC_1003791,ACC_1003273,2020-02-11 02:56:58,APPROVED
B_102941,ACC_1003793,ACC_1011658,2025-12-22 11:55:26,APPROVED
B_102942,ACC_1003793,ACC_1011626,2025-12-15 11:55:26,APPROVED
B_102943,ACC_1003793,ACC_1000877,2025-12-19 11:55:26,APPROVED
B_102944,ACC_1003797,ACC_1014468,2017-11-10 11:27:04,APPROVED
B_102945,ACC_1003797,ACC_1000743,2017-11-11 11:27:04,APPROVED
B_102946,ACC_1003798,ACC_1012592,2017-11-02 03:16:04,APPROVED
B_102947,ACC_1003798,ACC_1005916,2017-10-29 03:16:04,PENDING
B_102948,ACC_1003798,ACC_1005583,2017-11-02 03:16:04,APPROVED
B_102949,ACC_1003802,ACC_1003807,2023-12-18 22:06:08,APPROVED
B_102950,ACC_1003805,ACC_1004592,2020-03-28 22:48:38,APPROVED
B_102951,ACC_1003805,ACC_1014810,2020-04-01 22:48:38,APPROVED
B_102952,ACC_1003807,ACC_1009980,2022-08-31 15:55:23,APPROVED
B_102953,ACC_1003807,ACC_1009800,2022-09-02 15:55:23,APPROVED
B_102954,ACC_1003807,ACC_1001875,2022-09-03 15:55:23,APPROVED
B_102955,ACC_1003808,ACC_1010037,2021-03-10 07:23:21,APPROVED
B_102956,ACC_1003811,ACC_1014471,2020-01-08 03:46:33,APPROVED
B_102957,ACC_1003811,ACC_1000024,2020-01-05 03:46:33,APPROVED
B_102958,ACC_1003811,ACC_1011660,2020-01-01 03:46:33,APPROVED
B_102959,ACC_1003812,ACC_1013059,2021-01-07 08:50:45,APPROVED
B_102960,ACC_1003814,ACC_1009142,2020-09-06 11:07:29,APPROVED
B_102961,ACC_1003814,ACC_1000935,2020-09-04 11:07:29,APPROVED
B_102962,ACC_1003814,ACC_1011824,2020-09-08 11:07:29,APPROVED
B_102963,ACC_1003815,ACC_1000876,2020-06-07 00:01:19,APPROVED
B_102964,ACC_1003815,ACC_1000044,2020-06-15 00:01:19,APPROVED
B_102965,ACC_1003815,ACC_1004023,2020-06-15 00:01:19,APPROVED
B_102966,ACC_1003816,ACC_1009751,2020-10-16 20:17:07,APPROVED
B_102967,ACC_1003816,ACC_1009961,2020-10-17 20:17:07,APPROVED
B_102968,ACC_1003817,ACC_1005840,2025-03-19 12:46:05,APPROVED
B_102969,ACC_1003818,ACC_1005531,2016-04-19 08:05:03,APPROVED
B_102970,ACC_1003819,ACC_1009895,2016-03-31 02:21:03,APPROVED
B_102971,ACC_1003819,ACC_1005167,2016-03-30 02:21:03,APPROVED
B_102972,ACC_1003820,ACC_1011790,2025-11-30 04:13:31,APPROVED
B_102973,ACC_1003821,ACC_1010937,2025-12-10 13:00:31,APPROVED
B_102974,ACC_1003821,ACC_1005054,2025-12-13 13:00:31,APPROVED
B_102975,ACC_1003823,ACC_1010418,2022-06-12 05:39:12,APPROVED
B_102976,ACC_1003823,ACC_1003342,2022-06-11 05:39:12,APPROVED
B_102977,ACC_1003824,ACC_1005546,2020-04-09 08:32:52,APPROVED
B_102978,ACC_1003826,ACC_1007102,2021-07-04 15:09:16,APPROVED
B_102979,ACC_1003826,ACC_1000700,2021-06-29 15:09:16,APPROVED
B_102980,ACC_1003827,ACC_1001960,2021-06-04 03:44:16,APPROVED
B_102981,ACC_1003827,ACC_1005121,2021-06-07 03:44:16,APPROVED
B_102982,ACC_1003827,ACC_1005517,2021-06-08 03:44:16,APPROVED
B_102983,ACC_1003836,ACC_1014846,2021-11-13 16:16:19,APPROVED
B_102984,ACC_1003837,ACC_1014358,2022-07-15 07:20:17,APPROVED
B_102985,ACC_1003837,ACC_1012131,2022-07-21 07:20:17,APPROVED
B_102986,ACC_1003840,ACC_1007321,2016-06-24 07:41:50,APPROVED
B_102987,ACC_1003840,ACC_1002903,2016-06-21 07:41:50,APPROVED
B_102988,ACC_1003844,ACC_1012544,2020-11-25 19:24:55,APPROVED
B_102989,ACC_1003845,ACC_1007436,2018-05-03 05:36:57,APPROVED
B_102990,ACC_1003846,ACC_1008400,2018-05-09 20:30:57,APPROVED
B_102991,ACC_1003846,ACC_1007053,2018-05-12 20:30:57,APPROVED
B_102992,ACC_1003848,ACC_1001108,2024-07-01 10:41:01,APPROVED
B_102993,ACC_1003850,ACC_1000767,2024-08-25 22:35:50,APPROVED
B_102994,ACC_1003851,ACC_1014145,2025-06-07 17:12:40,APPROVED
B_102995,ACC_1003853,ACC_1003419,2025-03-08 11:13:30,PENDING
B_102996,ACC_1003854,ACC_1009555,2025-03-09 12:25:01,APPROVED
B_102997,ACC_1003854,ACC_1004232,2025-03-05 12:25:01,APPROVED
B_102998,ACC_1003854,ACC_1005211,2025-03-09 12:25:01,APPROVED
B_102999,ACC_1003859,ACC_1003494,2025-05-14 19:59:45,APPROVED
B_103000,ACC_1003859,ACC_1010130,2025-05-10 19:59:45,APPROVED
B_103001,ACC_1003859,ACC_1011024,2025-05-17 19:59:45,APPROVED
B_103002,ACC_1003861,ACC_1011167,2025-06-01 08:52:45,APPROVED
B_103003,ACC_1003861,ACC_1013053,2025-06-01 08:52:45,APPROVED
B_103004,ACC_1003861,ACC_1006690,2025-05-31 08:52:45,APPROVED
B_103005,ACC_1003862,ACC_1000385,2023-10-28 14:56:50,APPROVED
B_103006,ACC_1003862,ACC_1002884,2023-10-26 14:56:50,APPROVED
B_103007,ACC_1003863,ACC_1010811,2023-11-14 11:44:50,APPROVED
B_103008,ACC_1003863,ACC_1000120,2023-11-18 11:44:50,APPROVED
B_103009,ACC_1003863,ACC_1012437,2023-11-14 11:44:50,APPROVED
B_103010,ACC_1003865,ACC_1014310,2020-03-08 03:09:37,APPROVED
B_103011,ACC_1003865,ACC_1006928,2020-03-03 03:09:37,APPROVED
B_103012,ACC_1003869,ACC_1002154,2024-07-31 05:08:10,PENDING
B_103013,ACC_1003869,ACC_1013682,2024-08-03 05:08:10,APPROVED
B_103014,ACC_1003870,ACC_1000440,2017-08-31 02:12:47,APPROVED
B_103015,ACC_1003874,ACC_1012251,2016-06-12 06:37:03,APPROVED
B_103016,ACC_1003874,ACC_1003730,2016-06-07 06:37:03,APPROVED
B_103017,ACC_1003874,ACC_1003647,2016-06-16 06:37:03,APPROVED
B_103018,ACC_1003876,ACC_1013077,2018-02-05 19:27:33,APPROVED
B_103019,ACC_1003876,ACC_1002683,2018-02-06 19:27:33,APPROVED
B_103020,ACC_1003881,ACC_1004178,2019-09-17 04:58:29,APPROVED
B_103021,ACC_1003881,ACC_1001596,2019-09-18 04:58:29,APPROVED
B_103022,ACC_1003881,ACC_1002438,2019-09-12 04:58:29,APPROVED
B_103023,ACC_1003882,ACC_1000964,2019-09-25 13:15:29,APPROVED
B_103024,ACC_1003888,ACC_1005496,2018-10-13 15:43:02,APPROVED
B_103025,ACC_1003889,ACC_1010189,2018-10-06 17:40:02,APPROVED
B_103026,ACC_1003889,ACC_1005492,2018-10-12 17:40:02,PENDING
B_103027,ACC_1003889,ACC_1005313,2018-10-09 17:40:02,APPROVED
B_103028,ACC_1003893,ACC_1007439,2016-11-05 11:26:33,APPROVED
B_103029,ACC_1003894,ACC_1006711,2018-02-19 22:41:16,APPROVED
B_103030,ACC_1003894,ACC_1010558,2018-02-20 22:41:16,APPROVED
B_103031,ACC_1003897,ACC_1008233,2024-06-22 13:15:42,APPROVED
B_103032,ACC_1003897,ACC_1004407,2024-06-19 13:15:42,APPROVED
B_103033,ACC_1003897,ACC_1009245,2024-06-25 13:15:42,APPROVED
B_103034,ACC_1003900,ACC_1004910,2021-12-16 01:23:11,APPROVED
B_103035,ACC_1003900,ACC_1004369,2021-12-17 01:23:11,APPROVED
B_103036,ACC_1003900,ACC_1004558,2021-12-14 01:23:11,APPROVED
B_103037,ACC_1003903,ACC_1012611,2023-05-17 17:53:30,APPROVED
B_103038,ACC_1003903,ACC_1010410,2023-05-14 17:53:30,APPROVED
B_103039,ACC_1003904,ACC_1013312,2023-05-11 23:42:30,APPROVED
B_103040,ACC_1003904,ACC_1006283,2023-05-17 23:42:30,APPROVED
B_103041,ACC_1003904,ACC_1009122,2023-05-13 23:42:30,APPROVED
B_103042,ACC_1003905,ACC_1012483,2023-05-05 14:53:30,APPROVED
B_103043,ACC_1003905,ACC_1011713,2023-05-11 14:53:30,APPROVED
B_103044,ACC_1003906,ACC_1005666,2018-04-27 10:52:29,APPROVED
B_103045,ACC_1003909,ACC_1011835,2019-09-21 05:12:46,APPROVED
B_103046,ACC_1003910,ACC_1001764,2019-09-17 18:06:46,APPROVED
B_103047,ACC_1003911,ACC_1011340,2020-11-13 01:56:12,APPROVED
B_103048,ACC_1003911,ACC_1006042,2020-11-13 01:56:12,APPROVED
B_103049,ACC_1003912,ACC_1011291,2022-05-25 07:57:00,PENDING
B_103050,ACC_1003912,ACC_1013002,2022-05-27 07:57:00,APPROVED
B_103051,ACC_1003912,ACC_1000594,2022-05-31 07:57:00,APPROVED
B_103052,ACC_1003916,ACC_1003734,2022-06-10 09:14:53,APPROVED
B_103053,ACC_1003916,ACC_1004742,2022-06-07 09:14:53,APPROVED
B_103054,ACC_1003916,ACC_1014846,2022-06-03 09:14:53,APPROVED
B_103055,ACC_1003917,ACC_1004273,2019-07-16 12:43:33,APPROVED
B_103056,ACC_1003917,ACC_1003574,2019-07-21 12:43:33,APPROVED
B_103057,ACC_1003918,ACC_1009784,2021-06-25 21:10:30,APPROVED
B_103058,ACC_1003918,ACC_1014152,2021-06-26 21:10:30,APPROVED
B_103059,ACC_1003920,ACC_1014077,2020-01-04 14:52:40,APPROVED
B_103060,ACC_1003920,ACC_1014669,2020-01-02 14:52:40,APPROVED
B_103061,ACC_1003924,ACC_1006115,2019-02-10 06:04:52,APPROVED
B_103062,ACC_1003924,ACC_1007652,2019-02-13 06:04:52,APPROVED
B_103063,ACC_1003926,ACC_1010082,2024-06-13 13:18:43,APPROVED
B_103064,ACC_1003926,ACC_1001120,2024-06-18 13:18:43,APPROVED
B_103065,ACC_1003927,ACC_1006047,2016-02-11 03:58:40,APPROVED
B_103066,ACC_1003927,ACC_1007097,2016-02-08 03:58:40,APPROVED
B_103067,ACC_1003930,ACC_1007482,2019-12-13 15:33:42,APPROVED
B_103068,ACC_1003930,ACC_1010039,2019-12-19 15:33:42,APPROVED
B_103069,ACC_1003932,ACC_1001587,2024-02-09 13:53:33,PENDING
B_103070,ACC_1003932,ACC_1006625,2024-02-06 13:53:33,APPROVED
B_103071,ACC_1003932,ACC_1009932,2024-02-10 13:53:33,APPROVED
B_103072,ACC_1003933,ACC_1003943,2024-02-05 11:55:33,APPROVED
B_103073,ACC_1003934,ACC_1007054,2025-04-13 03:49:50,APPROVED
B_103074,ACC_1003935,ACC_1006183,2025-04-13 16:12:50,APPROVED
B_103075,ACC_1003935,ACC_1007552,2025-04-17 16:12:50,APPROVED
B_103076,ACC_1003937,ACC_1012765,2023-09-12 17:26:34,APPROVED
B_103077,ACC_1003937,ACC_1005114,2023-09-12 17:26:34,APPROVED
B_103078,ACC_1003937,ACC_1005485,2023-09-07 17:26:34,APPROVED
B_103079,ACC_1003939,ACC_1000485,2022-01-25 13:24:11,APPROVED
B_103080,ACC_1003939,ACC_1013356,2022-01-26 13:24:11,APPROVED
B_103081,ACC_1003939,ACC_1002325,2022-01-27 13:24:11,APPROVED
B_103082,ACC_1003940,ACC_1011321,2020-04-22 15:49:05,APPROVED
B_103083,ACC_1003941,ACC_1000512,2024-02-25 16:43:05,APPROVED
B_103084,ACC_1003943,ACC_1012618,2016-08-18 08:36:43,APPROVED
B_103085,ACC_1003943,ACC_1002532,2016-08-14 08:36:43,APPROVED
B_103086,ACC_1003943,ACC_1010078,2016-08-18 08:36:43,APPROVED
B_103087,ACC_1003948,ACC_1014917,2020-07-17 09:07:24,APPROVED
B_103088,ACC_1003948,ACC_1000937,2020-07-12 09:07:24,APPROVED
B_103089,ACC_1003948,ACC_1007993,2020-07-13 09:07:24,APPROVED
B_103090,ACC_1003949,ACC_1000427,2023-07-29 19:53:11,APPROVED
B_103091,ACC_1003949,ACC_1000198,2023-08-05 19:53:11,APPROVED
B_103092,ACC_1003950,ACC_1003699,2023-08-14 20:30:11,APPROVED
B_103093,ACC_1003952,ACC_1010871,2026-01-17 15:53:33,APPROVED
B_103094,ACC_1003952,ACC_1014932,2026-01-24 15:53:33,APPROVED
B_103095,ACC_1003953,ACC_1001156,2022-07-06 12:20:50,APPROVED
B_103096,ACC_1003957,ACC_1003326,2020-06-26 08:13:39,APPROVED
B_103097,ACC_1003957,ACC_1002876,2020-07-03 08:13:39,APPROVED
B_103098,ACC_1003958,ACC_1014113,2023-03-30 21:38:38,APPROVED
B_103099,ACC_1003958,ACC_1007821,2023-03-29 21:38:38,APPROVED
B_103100,ACC_1003958,ACC_1006224,2023-04-02 21:38:38,APPROVED
B_103101,ACC_1003959,ACC_1011606,2017-06-02 03:32:14,APPROVED
B_103102,ACC_1003959,ACC_1003196,2017-06-06 03:32:14,PENDING
B_103103,ACC_1003959,ACC_1003587,2017-06-04 03:32:14,APPROVED
B_103104,ACC_1003963,ACC_1001135,2019-08-20 16:56:08,APPROVED
B_103105,ACC_1003963,ACC_1014969,2019-08-20 16:56:08,APPROVED
B_103106,ACC_1003965,ACC_1004705,2022-01-09 12:54:43,APPROVED
B_103107,ACC_1003965,ACC_1011539,2022-01-07 12:54:43,APPROVED
B_103108,ACC_1003965,ACC_1003003,2022-01-05 12:54:43,APPROVED
B_103109,ACC_1003966,ACC_1011099,2022-10-08 11:29:27,APPROVED
B_103110,ACC_1003968,ACC_1002648,2025-09-18 00:06:51,APPROVED
B_103111,ACC_1003968,ACC_1002868,2025-09-12 00:06:51,APPROVED
B_103112,ACC_1003968,ACC_1014521,2025-09-13 00:06:51,APPROVED
B_103113,ACC_1003972,ACC_1000224,2021-12-20 07:47:16,APPROVED
B_103114,ACC_1003972,ACC_1004385,2021-12-16 07:47:16,APPROVED
B_103115,ACC_1003972,ACC_1001355,2021-12-14 07:47:16,APPROVED
B_103116,ACC_1003977,ACC_1012563,2020-02-28 01:16:02,APPROVED
B_103117,ACC_1003977,ACC_1007187,2020-02-27 01:16:02,APPROVED
B_103118,ACC_1003977,ACC_1014470,2020-02-27 01:16:02,APPROVED
B_103119,ACC_1003979,ACC_1014922,2024-04-27 04:34:39,APPROVED
B_103120,ACC_1003979,ACC_1008586,2024-05-02 04:34:39,APPROVED
B_103121,ACC_1003980,ACC_1003299,2024-04-11 14:06:39,APPROVED
B_103122,ACC_1003981,ACC_1014375,2025-07-30 16:54:53,APPROVED
B_103123,ACC_1003982,ACC_1005391,2025-12-05 10:31:00,APPROVED
B_103124,ACC_1003984,ACC_1013144,2025-12-09 12:53:00,APPROVED
B_103125,ACC_1003984,ACC_1003092,2025-12-06 12:53:00,APPROVED
B_103126,ACC_1003984,ACC_1014351,2025-12-05 12:53:00,APPROVED
B_103127,ACC_1003987,ACC_1013063,2020-02-14 22:05:46,APPROVED
B_103128,ACC_1003987,ACC_1008296,2020-02-07 22:05:46,APPROVED
B_103129,ACC_1003987,ACC_1014512,2020-02-14 22:05:46,APPROVED
B_103130,ACC_1003989,ACC_1012473,2022-06-01 18:07:27,APPROVED
B_103131,ACC_1003992,ACC_1013693,2023-01-17 23:48:19,APPROVED
B_103132,ACC_1003992,ACC_1008451,2023-01-17 23:48:19,APPROVED
B_103133,ACC_1003994,ACC_1011534,2019-04-30 12:21:07,APPROVED
B_103134,ACC_1003994,ACC_1010619,2019-04-28 12:21:07,APPROVED
B_103135,ACC_1003994,ACC_1012918,2019-04-28 12:21:07,APPROVED
B_103136,ACC_1003995,ACC_1008822,2022-11-28 10:14:51,APPROVED
B_103137,ACC_1003998,ACC_1014141,2023-11-01 05:51:19,APPROVED
B_103138,ACC_1003998,ACC_1005988,2023-11-01 05:51:19,APPROVED
B_103139,ACC_1003999,ACC_1009803,2023-10-31 03:10:19,APPROVED
B_103140,ACC_1004001,ACC_1005051,2017-10-02 10:23:37,APPROVED
B_103141,ACC_1004002,ACC_1008305,2018-04-18 15:44:47,APPROVED
B_103142,ACC_1004002,ACC_1005742,2018-04-26 15:44:47,APPROVED
B_103143,ACC_1004005,ACC_1010005,2017-12-24 02:59:56,APPROVED
B_103144,ACC_1004005,ACC_1009531,2017-12-19 02:59:56,APPROVED
B_103145,ACC_1004005,ACC_1013054,2017-12-20 02:59:56,APPROVED
B_103146,ACC_1004006,ACC_1003313,2017-12-13 04:37:56,APPROVED
B_103147,ACC_1004006,ACC_1004063,2017-12-16 04:37:56,APPROVED
B_103148,ACC_1004014,ACC_1005455,2025-10-23 18:43:14,APPROVED
B_103149,ACC_1004014,ACC_1002053,2025-10-23 18:43:14,PENDING
B_103150,ACC_1004015,ACC_1010162,2017-07-07 12:46:54,APPROVED
B_103151,ACC_1004015,ACC_1012610,2017-07-05 12:46:54,APPROVED
B_103152,ACC_1004015,ACC_1001485,2017-07-12 12:46:54,APPROVED
B_103153,ACC_1004018,ACC_1006921,2025-03-15 12:26:19,APPROVED
B_103154,ACC_1004018,ACC_1005154,2025-03-19 12:26:19,APPROVED
B_103155,ACC_1004019,ACC_1007492,2025-03-22 06:13:19,APPROVED
B_103156,ACC_1004019,ACC_1008677,2025-03-22 06:13:19,APPROVED
B_103157,ACC_1004020,ACC_1012328,2021-03-23 02:18:02,APPROVED
B_103158,ACC_1004020,ACC_1006763,2021-03-16 02:18:02,APPROVED
B_103159,ACC_1004020,ACC_1001750,2021-03-21 02:18:02,APPROVED
B_103160,ACC_1004021,ACC_1006291,2018-05-23 10:59:35,APPROVED
B_103161,ACC_1004021,ACC_1009105,2018-05-22 10:59:35,APPROVED
B_103162,ACC_1004023,ACC_1000110,2020-05-23 02:33:40,APPROVED
B_103163,ACC_1004023,ACC_1011480,2020-05-18 02:33:40,APPROVED
B_103164,ACC_1004026,ACC_1007069,2021-01-14 15:04:07,APPROVED
B_103165,ACC_1004026,ACC_1004318,2021-01-15 15:04:07,APPROVED
B_103166,ACC_1004026,ACC_1000033,2021-01-18 15:04:07,APPROVED
B_103167,ACC_1004027,ACC_1012139,2025-08-28 16:41:22,APPROVED
B_103168,ACC_1004027,ACC_1012050,2025-08-26 16:41:22,APPROVED
B_103169,ACC_1004028,ACC_1013205,2020-07-20 01:14:15,APPROVED
B_103170,ACC_1004030,ACC_1003470,2024-07-13 16:34:05,APPROVED
B_103171,ACC_1004030,ACC_1003170,2024-07-15 16:34:05,APPROVED
B_103172,ACC_1004036,ACC_1003166,2018-09-07 00:49:17,APPROVED
B_103173,ACC_1004036,ACC_1005383,2018-09-06 00:49:17,APPROVED
B_103174,ACC_1004037,ACC_1003724,2018-08-28 01:52:17,APPROVED
B_103175,ACC_1004037,ACC_1013702,2018-08-28 01:52:17,APPROVED
B_103176,ACC_1004037,ACC_1002741,2018-08-22 01:52:17,APPROVED
B_103177,ACC_1004042,ACC_1012442,2024-12-23 22:08:58,APPROVED
B_103178,ACC_1004043,ACC_1001187,2024-10-06 11:36:15,APPROVED
B_103179,ACC_1004043,ACC_1013242,2024-10-02 11:36:15,APPROVED
B_103180,ACC_1004043,ACC_1009297,2024-10-02 11:36:15,APPROVED
B_103181,ACC_1004044,ACC_1014236,2024-10-11 16:21:15,APPROVED
B_103182,ACC_1004044,ACC_1014807,2024-10-16 16:21:15,APPROVED
B_103183,ACC_1004044,ACC_1005169,2024-10-16 16:21:15,APPROVED
B_103184,ACC_1004046,ACC_1012878,2025-04-08 23:29:53,APPROVED
B_103185,ACC_1004046,ACC_1014937,2025-04-12 23:29:53,APPROVED
B_103186,ACC_1004049,ACC_1005988,2021-12-26 14:06:47,APPROVED
B_103187,ACC_1004049,ACC_1006624,2021-12-27 14:06:47,APPROVED
B_103188,ACC_1004049,ACC_1013398,2021-12-26 14:06:47,APPROVED
B_103189,ACC_1004050,ACC_1010854,2024-06-27 13:30:06,APPROVED
B_103190,ACC_1004050,ACC_1001050,2024-07-03 13:30:06,APPROVED
B_103191,ACC_1004050,ACC_1008183,2024-07-03 13:30:06,APPROVED
B_103192,ACC_1004053,ACC_1014826,2016-04-21 02:34:42,APPROVED
B_103193,ACC_1004053,ACC_1007347,2016-04-23 02:34:42,APPROVED
B_103194,ACC_1004055,ACC_1012840,2025-11-09 11:32:45,APPROVED
B_103195,ACC_1004056,ACC_1005247,2022-11-15 15:14:21,APPROVED
B_103196,ACC_1004057,ACC_1006335,2021-01-10 02:26:31,APPROVED
B_103197,ACC_1004057,ACC_1009238,2021-01-07 02:26:31,APPROVED
B_103198,ACC_1004060,ACC_1000971,2016-10-14 14:05:43,APPROVED
B_103199,ACC_1004060,ACC_1012384,2016-10-16 14:05:43,APPROVED
B_103200,ACC_1004060,ACC_1010345,2016-10-21 14:05:43,APPROVED
B_103201,ACC_1004062,ACC_1013372,2023-05-02 17:16:07,APPROVED
B_103202,ACC_1004065,ACC_1005159,2025-06-06 16:30:48,APPROVED
B_103203,ACC_1004065,ACC_1004217,2025-06-07 16:30:48,APPROVED
B_103204,ACC_1004066,ACC_1002091,2022-09-05 20:28:41,APPROVED
B_103205,ACC_1004066,ACC_1003873,2022-09-09 20:28:41,APPROVED
B_103206,ACC_1004067,ACC_1013224,2017-09-16 02:43:13,APPROVED
B_103207,ACC_1004070,ACC_1008271,2021-09-09 09:47:26,APPROVED
B_103208,ACC_1004070,ACC_1002884,2021-09-13 09:47:26,PENDING
B_103209,ACC_1004070,ACC_1006745,2021-09-17 09:47:26,APPROVED
B_103210,ACC_1004072,ACC_1006455,2021-01-28 02:55:02,APPROVED
B_103211,ACC_1004072,ACC_1012994,2021-01-27 02:55:02,APPROVED
B_103212,ACC_1004072,ACC_1013729,2021-01-31 02:55:02,APPROVED
B_103213,ACC_1004073,ACC_1006286,2021-02-11 09:54:02,APPROVED
B_103214,ACC_1004075,ACC_1014653,2025-04-03 23:25:47,APPROVED
B_103215,ACC_1004075,ACC_1014114,2025-04-07 23:25:47,APPROVED
B_103216,ACC_1004075,ACC_1007226,2025-04-07 23:25:47,APPROVED
B_103217,ACC_1004077,ACC_1005396,2016-10-21 22:18:56,APPROVED
B_103218,ACC_1004077,ACC_1007527,2016-10-30 22:18:56,APPROVED
B_103219,ACC_1004086,ACC_1012551,2021-02-14 02:59:26,APPROVED
B_103220,ACC_1004086,ACC_1013113,2021-02-10 02:59:26,APPROVED
B_103221,ACC_1004088,ACC_1008781,2021-02-14 08:49:58,APPROVED
B_103222,ACC_1004090,ACC_1011109,2017-03-25 22:11:08,APPROVED
B_103223,ACC_1004094,ACC_1006227,2021-10-16 13:05:57,APPROVED
B_103224,ACC_1004094,ACC_1001433,2021-10-10 13:05:57,APPROVED
B_103225,ACC_1004094,ACC_1010372,2021-10-13 13:05:57,APPROVED
B_103226,ACC_1004101,ACC_1013862,2019-05-12 10:06:17,APPROVED
B_103227,ACC_1004101,ACC_1000394,2019-05-13 10:06:17,APPROVED
B_103228,ACC_1004101,ACC_1008902,2019-05-10 10:06:17,APPROVED
B_103229,ACC_1004102,ACC_1010611,2021-09-03 19:44:26,APPROVED
B_103230,ACC_1004102,ACC_1010973,2021-09-03 19:44:26,APPROVED
B_103231,ACC_1004102,ACC_1007758,2021-09-09 19:44:26,PENDING
B_103232,ACC_1004103,ACC_1010134,2017-11-20 11:55:49,APPROVED
B_103233,ACC_1004103,ACC_1008483,2017-11-16 11:55:49,APPROVED
B_103234,ACC_1004103,ACC_1003321,2017-11-19 11:55:49,APPROVED
B_103235,ACC_1004106,ACC_1002789,2025-04-09 01:06:23,APPROVED
B_103236,ACC_1004106,ACC_1003733,2025-04-10 01:06:23,APPROVED
B_103237,ACC_1004111,ACC_1004926,2016-02-03 06:31:28,APPROVED
B_103238,ACC_1004113,ACC_1013753,2019-03-26 15:36:00,APPROVED
B_103239,ACC_1004113,ACC_1012111,2019-03-30 15:36:00,APPROVED
B_103240,ACC_1004116,ACC_1010700,2025-08-30 06:56:53,APPROVED
B_103241,ACC_1004116,ACC_1008096,2025-08-23 06:56:53,APPROVED
B_103242,ACC_1004117,ACC_1014962,2016-05-12 17:01:05,APPROVED
B_103243,ACC_1004123,ACC_1004384,2017-07-18 03:24:59,APPROVED
B_103244,ACC_1004126,ACC_1012028,2020-10-06 11:41:38,APPROVED
B_103245,ACC_1004130,ACC_1002052,2016-05-13 08:06:22,APPROVED
B_103246,ACC_1004130,ACC_1001842,2016-05-09 08:06:22,APPROVED
B_103247,ACC_1004130,ACC_1003097,2016-05-13 08:06:22,APPROVED
B_103248,ACC_1004131,ACC_1007027,2016-05-22 07:15:22,APPROVED
B_103249,ACC_1004131,ACC_1009629,2016-05-25 07:15:22,APPROVED
B_103250,ACC_1004133,ACC_1011324,2017-06-18 07:31:16,APPROVED
B_103251,ACC_1004133,ACC_1002993,2017-06-21 07:31:16,APPROVED
B_103252,ACC_1004133,ACC_1010724,2017-06-25 07:31:16,APPROVED
B_103253,ACC_1004135,ACC_1004874,2020-04-03 05:58:53,APPROVED
B_103254,ACC_1004135,ACC_1004199,2020-04-08 05:58:53,APPROVED
B_103255,ACC_1004141,ACC_1013802,2017-01-30 12:53:29,APPROVED
B_103256,ACC_1004141,ACC_1012907,2017-02-01 12:53:29,APPROVED
B_103257,ACC_1004142,ACC_1011532,2022-02-07 22:11:30,APPROVED
B_103258,ACC_1004145,ACC_1007284,2025-01-11 22:02:13,APPROVED
B_103259,ACC_1004145,ACC_1001614,2025-01-12 22:02:13,APPROVED
B_103260,ACC_1004146,ACC_1000005,2020-10-14 22:31:57,APPROVED
B_103261,ACC_1004146,ACC_1006275,2020-10-14 22:31:57,APPROVED
B_103262,ACC_1004146,ACC_1002708,2020-10-16 22:31:57,APPROVED
B_103263,ACC_1004149,ACC_1000826,2024-05-17 21:50:33,APPROVED
B_103264,ACC_1004149,ACC_1000814,2024-05-17 21:50:33,APPROVED
B_103265,ACC_1004149,ACC_1006018,2024-05-15 21:50:33,APPROVED
B_103266,ACC_1004150,ACC_1004690,2023-08-31 23:10:07,APPROVED
B_103267,ACC_1004150,ACC_1002929,2023-09-01 23:10:07,APPROVED
B_103268,ACC_1004150,ACC_1014788,2023-08-31 23:10:07,APPROVED
B_103269,ACC_1004158,ACC_1008132,2018-01-21 20:42:27,APPROVED
B_103270,ACC_1004158,ACC_1012213,2018-01-16 20:42:27,APPROVED
B_103271,ACC_1004158,ACC_1012456,2018-01-17 20:42:27,APPROVED
B_103272,ACC_1004171,ACC_1002812,2019-01-05 20:25:41,APPROVED
B_103273,ACC_1004171,ACC_1005773,2018-12-29 20:25:41,APPROVED
B_103274,ACC_1004172,ACC_1009995,2019-02-04 06:26:17,APPROVED
B_103275,ACC_1004172,ACC_1003430,2019-02-07 06:26:17,APPROVED
B_103276,ACC_1004172,ACC_1007667,2019-02-03 06:26:17,APPROVED
B_103277,ACC_1004174,ACC_1003631,2023-11-11 03:18:40,APPROVED
B_103278,ACC_1004174,ACC_1002251,2023-11-18 03:18:40,APPROVED
B_103279,ACC_1004174,ACC_1011309,2023-11-14 03:18:40,APPROVED
B_103280,ACC_1004175,ACC_1009271,2025-11-22 02:20:09,APPROVED
B_103281,ACC_1004177,ACC_1014239,2020-10-01 01:28:17,APPROVED
B_103282,ACC_1004180,ACC_1012467,2024-04-07 19:14:09,APPROVED
B_103283,ACC_1004181,ACC_1009618,2024-04-14 14:18:09,APPROVED
B_103284,ACC_1004181,ACC_1001843,2024-04-10 14:18:09,APPROVED
B_103285,ACC_1004181,ACC_1008016,2024-04-11 14:18:09,APPROVED
B_103286,ACC_1004182,ACC_1008160,2026-01-17 01:34:34,APPROVED
B_103287,ACC_1004183,ACC_1014868,2017-01-07 06:58:44,APPROVED
B_103288,ACC_1004183,ACC_1010689,2017-01-08 06:58:44,PENDING
B_103289,ACC_1004183,ACC_1012508,2017-01-08 06:58:44,APPROVED
B_103290,ACC_1004184,ACC_1005394,2017-01-03 11:12:44,APPROVED
B_103291,ACC_1004185,ACC_1011690,2021-08-03 00:07:51,APPROVED
B_103292,ACC_1004186,ACC_1003972,2016-02-23 14:19:26,APPROVED
B_103293,ACC_1004186,ACC_1005255,2016-02-18 14:19:26,APPROVED
B_103294,ACC_1004187,ACC_1000439,2022-04-16 12:51:41,APPROVED
B_103295,ACC_1004187,ACC_1011428,2022-04-20 12:51:41,APPROVED
B_103296,ACC_1004190,ACC_1010443,2018-03-21 19:11:34,APPROVED
B_103297,ACC_1004190,ACC_1007582,2018-03-26 19:11:34,APPROVED
B_103298,ACC_1004196,ACC_1007053,2024-02-12 10:48:10,APPROVED
B_103299,ACC_1004197,ACC_1009469,2024-02-26 17:07:10,APPROVED
B_103300,ACC_1004198,ACC_1009259,2024-02-19 04:39:10,APPROVED
B_103301,ACC_1004198,ACC_1004690,2024-02-23 04:39:10,APPROVED
B_103302,ACC_1004198,ACC_1013615,2024-02-21 04:39:10,APPROVED
B_103303,ACC_1004199,ACC_1002018,2022-03-25 23:27:45,PENDING
B_103304,ACC_1004199,ACC_1013569,2022-03-26 23:27:45,APPROVED
B_103305,ACC_1004199,ACC_1004366,2022-03-23 23:27:45,APPROVED
B_103306,ACC_1004200,ACC_1009904,2019-12-08 14:24:50,APPROVED
B_103307,ACC_1004200,ACC_1013923,2019-12-07 14:24:50,APPROVED
B_103308,ACC_1004200,ACC_1000314,2019-12-09 14:24:50,APPROVED
B_103309,ACC_1004203,ACC_1008892,2023-06-27 15:00:53,APPROVED
B_103310,ACC_1004203,ACC_1014438,2023-06-23 15:00:53,APPROVED
B_103311,ACC_1004205,ACC_1009009,2023-07-16 14:03:53,APPROVED
B_103312,ACC_1004207,ACC_1013229,2018-10-31 10:48:16,APPROVED
B_103313,ACC_1004208,ACC_1008244,2018-11-10 11:34:16,APPROVED
B_103314,ACC_1004208,ACC_1001815,2018-11-12 11:34:16,APPROVED
B_103315,ACC_1004209,ACC_1012174,2025-08-05 17:12:35,APPROVED
B_103316,ACC_1004209,ACC_1005168,2025-08-05 17:12:35,APPROVED
B_103317,ACC_1004209,ACC_1008608,2025-08-09 17:12:35,APPROVED
B_103318,ACC_1004215,ACC_1013237,2022-08-31 18:12:46,APPROVED
B_103319,ACC_1004215,ACC_1007755,2022-08-27 18:12:46,APPROVED
B_103320,ACC_1004217,ACC_1013571,2025-12-23 12:28:45,APPROVED
B_103321,ACC_1004218,ACC_1009080,2025-08-03 14:18:26,APPROVED
B_103322,ACC_1004218,ACC_1004008,2025-07-31 14:18:26,APPROVED
B_103323,ACC_1004218,ACC_1012318,2025-07-30 14:18:26,APPROVED
B_103324,ACC_1004221,ACC_1003459,2020-03-11 10:17:17,APPROVED
B_103325,ACC_1004221,ACC_1008972,2020-03-12 10:17:17,PENDING
B_103326,ACC_1004225,ACC_1004700,2023-03-24 14:32:30,APPROVED
B_103327,ACC_1004226,ACC_1007942,2018-06-20 09:23:09,APPROVED
B_103328,ACC_1004226,ACC_1013955,2018-06-23 09:23:09,APPROVED
B_103329,ACC_1004227,ACC_1009328,2018-06-25 00:54:09,PENDING
B_103330,ACC_1004234,ACC_1014537,2019-03-10 13:12:52,APPROVED
B_103331,ACC_1004234,ACC_1008066,2019-03-11 13:12:52,APPROVED
B_103332,ACC_1004235,ACC_1004193,2019-03-22 13:45:52,APPROVED
B_103333,ACC_1004237,ACC_1009557,2021-01-28 15:32:03,APPROVED
B_103334,ACC_1004237,ACC_1012176,2021-02-03 15:32:03,APPROVED
B_103335,ACC_1004237,ACC_1000515,2021-01-28 15:32:03,APPROVED
B_103336,ACC_1004238,ACC_1001316,2020-08-09 03:33:37,APPROVED
B_103337,ACC_1004238,ACC_1014145,2020-08-05 03:33:37,APPROVED
B_103338,ACC_1004238,ACC_1000767,2020-08-09 03:33:37,APPROVED
B_103339,ACC_1004241,ACC_1006522,2023-08-16 19:19:04,APPROVED
B_103340,ACC_1004241,ACC_1009921,2023-08-23 19:19:04,APPROVED
B_103341,ACC_1004241,ACC_1002517,2023-08-17 19:19:04,APPROVED
B_103342,ACC_1004242,ACC_1010406,2023-08-10 09:06:04,APPROVED
B_103343,ACC_1004242,ACC_1000674,2023-08-10 09:06:04,APPROVED
B_103344,ACC_1004246,ACC_1012072,2017-12-31 19:57:44,APPROVED
B_103345,ACC_1004246,ACC_1005901,2018-01-03 19:57:44,APPROVED
B_103346,ACC_1004246,ACC_1004969,2018-01-09 19:57:44,APPROVED
B_103347,ACC_1004247,ACC_1004216,2022-09-02 23:26:52,APPROVED
B_103348,ACC_1004255,ACC_1011891,2022-12-23 01:08:16,APPROVED
B_103349,ACC_1004256,ACC_1001361,2019-04-09 05:53:42,APPROVED
B_103350,ACC_1004257,ACC_1014661,2016-12-21 21:59:30,APPROVED
B_103351,ACC_1004259,ACC_1004338,2023-07-02 05:30:44,APPROVED
B_103352,ACC_1004259,ACC_1013448,2023-07-06 05:30:44,APPROVED
B_103353,ACC_1004259,ACC_1008899,2023-07-09 05:30:44,APPROVED
B_103354,ACC_1004261,ACC_1005053,2018-09-27 05:02:16,APPROVED
B_103355,ACC_1004262,ACC_1006779,2018-09-11 15:22:16,APPROVED
B_103356,ACC_1004263,ACC_1015005,2018-10-01 10:48:16,APPROVED
B_103357,ACC_1004263,ACC_1005435,2018-10-08 10:48:16,APPROVED
B_103358,ACC_1004263,ACC_1001442,2018-10-06 10:48:16,APPROVED
B_103359,ACC_1004264,ACC_1010071,2023-11-09 09:16:33,APPROVED
B_103360,ACC_1004264,ACC_1012487,2023-11-01 09:16:33,APPROVED
B_103361,ACC_1004266,ACC_1006698,2020-03-12 11:28:02,APPROVED
B_103362,ACC_1004266,ACC_1014770,2020-03-11 11:28:02,APPROVED
B_103363,ACC_1004266,ACC_1001011,2020-03-10 11:28:02,APPROVED
B_103364,ACC_1004270,ACC_1002540,2020-10-13 10:24:38,APPROVED
B_103365,ACC_1004270,ACC_1008767,2020-10-10 10:24:38,APPROVED
B_103366,ACC_1004270,ACC_1012937,2020-10-10 10:24:38,APPROVED
B_103367,ACC_1004275,ACC_1011726,2018-06-20 21:33:35,APPROVED
B_103368,ACC_1004280,ACC_1003094,2016-03-08 07:02:13,APPROVED
B_103369,ACC_1004280,ACC_1009685,2016-03-09 07:02:13,APPROVED
B_103370,ACC_1004280,ACC_1005090,2016-03-14 07:02:13,APPROVED
B_103371,ACC_1004284,ACC_1005403,2023-03-31 05:19:53,APPROVED
B_103372,ACC_1004284,ACC_1004195,2023-03-28 05:19:53,APPROVED
B_103373,ACC_1004284,ACC_1010447,2023-04-02 05:19:53,APPROVED
B_103374,ACC_1004285,ACC_1003180,2023-03-09 20:02:53,APPROVED
B_103375,ACC_1004285,ACC_1012686,2023-03-09 20:02:53,APPROVED
B_103376,ACC_1004286,ACC_1007136,2022-11-04 14:51:27,APPROVED
B_103377,ACC_1004286,ACC_1012887,2022-11-04 14:51:27,APPROVED
B_103378,ACC_1004287,ACC_1002630,2017-10-22 20:01:14,APPROVED
B_103379,ACC_1004287,ACC_1014267,2017-10-21 20:01:14,APPROVED
B_103380,ACC_1004288,ACC_1007331,2017-11-11 14:13:14,APPROVED
B_103381,ACC_1004290,ACC_1005923,2025-06-09 12:36:49,PENDING
B_103382,ACC_1004290,ACC_1012540,2025-06-16 12:36:49,APPROVED
B_103383,ACC_1004297,ACC_1001763,2016-12-31 20:29:11,APPROVED
B_103384,ACC_1004298,ACC_1014071,2019-04-10 23:33:34,APPROVED
B_103385,ACC_1004298,ACC_1012110,2019-04-14 23:33:34,APPROVED
B_103386,ACC_1004298,ACC_1006169,2019-04-17 23:33:34,APPROVED
B_103387,ACC_1004301,ACC_1004292,2021-09-02 07:01:46,APPROVED
B_103388,ACC_1004301,ACC_1012842,2021-09-04 07:01:46,APPROVED
B_103389,ACC_1004301,ACC_1003827,2021-09-05 07:01:46,APPROVED
B_103390,ACC_1004303,ACC_1005724,2019-08-18 09:04:33,APPROVED
B_103391,ACC_1004303,ACC_1004600,2019-08-12 09:04:33,APPROVED
B_103392,ACC_1004303,ACC_1011208,2019-08-10 09:04:33,APPROVED
B_103393,ACC_1004306,ACC_1014929,2025-04-30 23:16:49,APPROVED
B_103394,ACC_1004306,ACC_1011293,2025-04-28 23:16:49,APPROVED
B_103395,ACC_1004306,ACC_1011077,2025-05-01 23:16:49,APPROVED
B_103396,ACC_1004307,ACC_1002668,2017-06-04 22:13:47,APPROVED
B_103397,ACC_1004307,ACC_1005395,2017-06-06 22:13:47,APPROVED
B_103398,ACC_1004312,ACC_1009506,2022-03-23 23:27:37,APPROVED
B_103399,ACC_1004312,ACC_1006526,2022-03-21 23:27:37,APPROVED
B_103400,ACC_1004313,ACC_1003572,2021-11-29 03:12:39,APPROVED
B_103401,ACC_1004313,ACC_1009714,2021-12-07 03:12:39,APPROVED
B_103402,ACC_1004313,ACC_1009341,2021-12-07 03:12:39,APPROVED
B_103403,ACC_1004316,ACC_1007400,2018-11-15 04:45:15,APPROVED
B_103404,ACC_1004316,ACC_1003389,2018-11-16 04:45:15,APPROVED
B_103405,ACC_1004317,ACC_1002463,2020-12-17 22:29:58,APPROVED
B_103406,ACC_1004317,ACC_1003627,2020-12-14 22:29:58,APPROVED
B_103407,ACC_1004317,ACC_1009916,2020-12-21 22:29:58,APPROVED
B_103408,ACC_1004318,ACC_1003892,2021-01-05 13:09:58,APPROVED
B_103409,ACC_1004318,ACC_1013896,2021-01-09 13:09:58,APPROVED
B_103410,ACC_1004318,ACC_1007015,2021-01-08 13:09:58,APPROVED
B_103411,ACC_1004326,ACC_1000457,2024-02-23 01:25:08,APPROVED
B_103412,ACC_1004327,ACC_1005674,2018-04-29 05:57:49,APPROVED
B_103413,ACC_1004329,ACC_1013967,2017-09-12 18:07:52,APPROVED
B_103414,ACC_1004329,ACC_1012796,2017-09-17 18:07:52,APPROVED
B_103415,ACC_1004329,ACC_1003380,2017-09-16 18:07:52,APPROVED
B_103416,ACC_1004330,ACC_1002945,2019-08-25 17:53:52,APPROVED
B_103417,ACC_1004330,ACC_1006271,2019-08-20 17:53:52,APPROVED
B_103418,ACC_1004331,ACC_1003048,2019-08-04 19:58:52,APPROVED
B_103419,ACC_1004333,ACC_1008830,2020-08-06 13:04:33,APPROVED
B_103420,ACC_1004333,ACC_1010758,2020-08-08 13:04:33,APPROVED
B_103421,ACC_1004336,ACC_1003125,2018-11-28 14:24:30,APPROVED
B_103422,ACC_1004336,ACC_1003637,2018-11-30 14:24:30,APPROVED
B_103423,ACC_1004336,ACC_1010333,2018-12-04 14:24:30,APPROVED
B_103424,ACC_1004337,ACC_1005734,2018-11-19 11:36:30,APPROVED
B_103425,ACC_1004338,ACC_1011147,2023-11-02 01:05:12,APPROVED
B_103426,ACC_1004340,ACC_1002080,2016-02-17 15:12:03,APPROVED
B_103427,ACC_1004340,ACC_1005105,2016-02-26 15:12:03,APPROVED
B_103428,ACC_1004340,ACC_1001173,2016-02-21 15:12:03,APPROVED
B_103429,ACC_1004342,ACC_1001295,2017-07-15 15:28:29,APPROVED
B_103430,ACC_1004342,ACC_1012570,2017-07-14 15:28:29,APPROVED
B_103431,ACC_1004342,ACC_1015044,2017-07-17 15:28:29,APPROVED
B_103432,ACC_1004344,ACC_1006454,2017-08-26 13:46:22,PENDING
B_103433,ACC_1004345,ACC_1005286,2016-08-04 07:29:41,APPROVED
B_103434,ACC_1004345,ACC_1004747,2016-08-04 07:29:41,APPROVED
B_103435,ACC_1004346,ACC_1001727,2024-11-28 16:03:06,APPROVED
B_103436,ACC_1004346,ACC_1013078,2024-11-27 16:03:06,APPROVED
B_103437,ACC_1004346,ACC_1001470,2024-12-01 16:03:06,APPROVED
B_103438,ACC_1004348,ACC_1005169,2023-03-18 17:40:02,APPROVED
B_103439,ACC_1004348,ACC_1006066,2023-03-18 17:40:02,APPROVED
B_103440,ACC_1004348,ACC_1008283,2023-03-15 17:40:02,APPROVED
B_103441,ACC_1004349,ACC_1003340,2019-12-10 10:31:11,PENDING
B_103442,ACC_1004352,ACC_1003524,2016-08-30 16:01:32,APPROVED
B_103443,ACC_1004354,ACC_1006533,2022-11-30 05:09:16,APPROVED
B_103444,ACC_1004354,ACC_1010020,2022-11-30 05:09:16,APPROVED
B_103445,ACC_1004357,ACC_1003788,2022-07-12 01:57:49,APPROVED
B_103446,ACC_1004358,ACC_1000270,2022-07-27 22:01:49,APPROVED
B_103447,ACC_1004360,ACC_1005403,2018-12-06 23:53:52,PENDING
B_103448,ACC_1004365,ACC_1010179,2022-03-22 02:11:26,APPROVED
B_103449,ACC_1004366,ACC_1000537,2020-05-26 14:32:12,APPROVED
B_103450,ACC_1004366,ACC_1013270,2020-05-25 14:32:12,APPROVED
B_103451,ACC_1004366,ACC_1007049,2020-05-24 14:32:12,APPROVED
B_103452,ACC_1004368,ACC_1010017,2022-02-12 02:15:45,APPROVED
B_103453,ACC_1004369,ACC_1009597,2022-01-29 16:03:45,APPROVED
B_103454,ACC_1004369,ACC_1000042,2022-01-26 16:03:45,APPROVED
B_103455,ACC_1004369,ACC_1014847,2022-01-22 16:03:45,APPROVED
B_103456,ACC_1004370,ACC_1007692,2024-10-03 22:51:08,APPROVED
B_103457,ACC_1004374,ACC_1004741,2023-03-13 01:24:24,PENDING
B_103458,ACC_1004376,ACC_1003312,2020-11-12 07:33:38,APPROVED
B_103459,ACC_1004376,ACC_1011592,2020-11-12 07:33:38,APPROVED
B_103460,ACC_1004376,ACC_1014751,2020-11-14 07:33:38,APPROVED
B_103461,ACC_1004377,ACC_1006558,2022-05-20 15:52:53,APPROVED
B_103462,ACC_1004377,ACC_1009982,2022-05-14 15:52:53,PENDING
B_103463,ACC_1004377,ACC_1004272,2022-05-19 15:52:53,APPROVED
B_103464,ACC_1004378,ACC_1011448,2025-07-11 19:55:38,APPROVED
B_103465,ACC_1004378,ACC_1000084,2025-07-12 19:55:38,APPROVED
B_103466,ACC_1004380,ACC_1010540,2021-09-15 03:05:57,APPROVED
B_103467,ACC_1004380,ACC_1002862,2021-09-12 03:05:57,APPROVED
B_103468,ACC_1004380,ACC_1000476,2021-09-09 03:05:57,APPROVED
B_103469,ACC_1004381,ACC_1001519,2021-09-23 22:04:57,APPROVED
B_103470,ACC_1004381,ACC_1011355,2021-09-19 22:04:57,APPROVED
B_103471,ACC_1004381,ACC_1002341,2021-09-15 22:04:57,APPROVED
B_103472,ACC_1004383,ACC_1012572,2016-11-11 13:53:58,APPROVED
B_103473,ACC_1004383,ACC_1004918,2016-11-11 13:53:58,PENDING
B_103474,ACC_1004383,ACC_1011119,2016-11-07 13:53:58,APPROVED
B_103475,ACC_1004387,ACC_1008610,2020-12-19 22:14:17,APPROVED
B_103476,ACC_1004389,ACC_1010445,2017-11-13 12:38:03,APPROVED
B_103477,ACC_1004389,ACC_1007644,2017-11-10 12:38:03,APPROVED
B_103478,ACC_1004389,ACC_1000474,2017-11-15 12:38:03,APPROVED
B_103479,ACC_1004393,ACC_1007226,2021-07-20 22:11:16,APPROVED
B_103480,ACC_1004394,ACC_1013674,2021-07-20 18:59:16,APPROVED
B_103481,ACC_1004394,ACC_1001440,2021-07-23 18:59:16,APPROVED
B_103482,ACC_1004394,ACC_1010828,2021-07-19 18:59:16,APPROVED
B_103483,ACC_1004396,ACC_1003241,2021-04-23 02:21:34,APPROVED
B_103484,ACC_1004397,ACC_1001198,2021-04-14 14:27:34,APPROVED
B_103485,ACC_1004397,ACC_1008911,2021-04-16 14:27:34,APPROVED
B_103486,ACC_1004397,ACC_1001106,2021-04-13 14:27:34,APPROVED
B_103487,ACC_1004403,ACC_1012652,2017-06-18 21:12:43,APPROVED
B_103488,ACC_1004403,ACC_1009883,2017-06-21 21:12:43,APPROVED
B_103489,ACC_1004403,ACC_1001068,2017-06-21 21:12:43,APPROVED
B_103490,ACC_1004406,ACC_1008002,2023-04-15 12:18:51,APPROVED
B_103491,ACC_1004406,ACC_1009335,2023-04-14 12:18:51,APPROVED
B_103492,ACC_1004406,ACC_1002110,2023-04-15 12:18:51,PENDING
B_103493,ACC_1004410,ACC_1006875,2021-01-02 17:11:13,APPROVED
B_103494,ACC_1004410,ACC_1000227,2020-12-29 17:11:13,APPROVED
B_103495,ACC_1004410,ACC_1006109,2021-01-01 17:11:13,APPROVED
B_103496,ACC_1004413,ACC_1014282,2018-08-30 23:05:50,APPROVED
B_103497,ACC_1004413,ACC_1013884,2018-08-31 23:05:50,APPROVED
B_103498,ACC_1004413,ACC_1000333,2018-08-27 23:05:50,APPROVED
B_103499,ACC_1004417,ACC_1000936,2018-10-09 15:35:16,APPROVED
B_103500,ACC_1004417,ACC_1001533,2018-10-08 15:35:16,APPROVED
B_103501,ACC_1004419,ACC_1000439,2018-10-31 13:49:16,APPROVED
B_103502,ACC_1004419,ACC_1009208,2018-10-28 13:49:16,APPROVED
B_103503,ACC_1004419,ACC_1011954,2018-10-27 13:49:16,APPROVED
B_103504,ACC_1004421,ACC_1001653,2017-08-31 21:54:47,APPROVED
B_103505,ACC_1004421,ACC_1013104,2017-08-27 21:54:47,APPROVED
B_103506,ACC_1004423,ACC_1007972,2025-10-23 15:09:43,APPROVED
B_103507,ACC_1004423,ACC_1002029,2025-10-21 15:09:43,APPROVED
B_103508,ACC_1004423,ACC_1000342,2025-10-20 15:09:43,APPROVED
B_103509,ACC_1004425,ACC_1001679,2025-03-04 13:55:29,APPROVED
B_103510,ACC_1004425,ACC_1012292,2025-03-05 13:55:29,APPROVED
B_103511,ACC_1004425,ACC_1012665,2025-03-05 13:55:29,APPROVED
B_103512,ACC_1004428,ACC_1013825,2020-12-16 06:58:13,APPROVED
B_103513,ACC_1004434,ACC_1005555,2023-12-23 16:55:29,APPROVED
B_103514,ACC_1004434,ACC_1001988,2023-12-29 16:55:29,APPROVED
B_103515,ACC_1004434,ACC_1004301,2023-12-27 16:55:29,APPROVED
B_103516,ACC_1004440,ACC_1014415,2017-03-10 16:09:31,APPROVED
B_103517,ACC_1004440,ACC_1011305,2017-03-11 16:09:31,APPROVED
B_103518,ACC_1004446,ACC_1003578,2020-05-10 12:42:39,APPROVED
B_103519,ACC_1004446,ACC_1000529,2020-05-11 12:42:39,PENDING
B_103520,ACC_1004449,ACC_1013719,2023-06-19 01:38:31,APPROVED
B_103521,ACC_1004449,ACC_1007260,2023-06-23 01:38:31,APPROVED
B_103522,ACC_1004450,ACC_1006964,2023-07-06 06:44:31,APPROVED
B_103523,ACC_1004450,ACC_1004607,2023-06-30 06:44:31,APPROVED
B_103524,ACC_1004450,ACC_1010118,2023-07-08 06:44:31,APPROVED
B_103525,ACC_1004452,ACC_1012259,2023-07-06 05:38:27,APPROVED
B_103526,ACC_1004454,ACC_1002081,2023-06-21 20:56:27,PENDING
B_103527,ACC_1004454,ACC_1005508,2023-06-27 20:56:27,APPROVED
B_103528,ACC_1004454,ACC_1007015,2023-06-26 20:56:27,APPROVED
B_103529,ACC_1004457,ACC_1010817,2018-11-15 13:03:02,APPROVED
B_103530,ACC_1004460,ACC_1002745,2022-01-23 14:12:56,APPROVED
B_103531,ACC_1004460,ACC_1010503,2022-01-21 14:12:56,APPROVED
B_103532,ACC_1004460,ACC_1005612,2022-01-16 14:12:56,APPROVED
B_103533,ACC_1004465,ACC_1005950,2018-06-02 18:12:12,APPROVED
B_103534,ACC_1004465,ACC_1004736,2018-06-02 18:12:12,PENDING
B_103535,ACC_1004465,ACC_1007941,2018-06-03 18:12:12,APPROVED
B_103536,ACC_1004466,ACC_1004020,2023-08-14 14:40:59,APPROVED
B_103537,ACC_1004466,ACC_1013090,2023-08-16 14:40:59,APPROVED
B_103538,ACC_1004466,ACC_1002941,2023-08-16 14:40:59,APPROVED
B_103539,ACC_1004468,ACC_1012669,2017-11-24 14:11:13,APPROVED
B_103540,ACC_1004468,ACC_1010540,2017-11-25 14:11:13,APPROVED
B_103541,ACC_1004468,ACC_1006630,2017-11-23 14:11:13,APPROVED
B_103542,ACC_1004472,ACC_1000200,2025-04-16 20:39:06,APPROVED
B_103543,ACC_1004472,ACC_1003861,2025-04-19 20:39:06,APPROVED
B_103544,ACC_1004474,ACC_1008917,2024-08-12 20:19:52,APPROVED
B_103545,ACC_1004474,ACC_1008044,2024-08-17 20:19:52,APPROVED
B_103546,ACC_1004474,ACC_1006019,2024-08-19 20:19:52,APPROVED
B_103547,ACC_1004481,ACC_1007777,2019-07-07 20:58:06,APPROVED
B_103548,ACC_1004481,ACC_1003249,2019-07-07 20:58:06,APPROVED
B_103549,ACC_1004481,ACC_1000229,2019-07-07 20:58:06,APPROVED
B_103550,ACC_1004482,ACC_1007370,2023-08-21 13:39:49,APPROVED
B_103551,ACC_1004485,ACC_1004655,2017-01-15 13:27:29,APPROVED
B_103552,ACC_1004485,ACC_1009986,2017-01-22 13:27:29,APPROVED
B_103553,ACC_1004485,ACC_1004943,2017-01-14 13:27:29,APPROVED
B_103554,ACC_1004486,ACC_1010464,2017-01-16 06:01:29,APPROVED
B_103555,ACC_1004486,ACC_1014931,2017-01-10 06:01:29,APPROVED
B_103556,ACC_1004486,ACC_1014526,2017-01-09 06:01:29,APPROVED
B_103557,ACC_1004491,ACC_1014418,2025-12-23 09:52:18,APPROVED
B_103558,ACC_1004492,ACC_1007298,2017-04-21 23:24:33,APPROVED
B_103559,ACC_1004492,ACC_1005223,2017-04-15 23:24:33,APPROVED
B_103560,ACC_1004495,ACC_1012171,2017-01-05 18:12:02,APPROVED
B_103561,ACC_1004502,ACC_1000188,2023-05-01 06:06:11,APPROVED
B_103562,ACC_1004502,ACC_1001245,2023-05-04 06:06:11,APPROVED
B_103563,ACC_1004502,ACC_1007600,2023-05-07 06:06:11,APPROVED
B_103564,ACC_1004508,ACC_1009769,2023-10-12 12:45:13,APPROVED
B_103565,ACC_1004508,ACC_1005709,2023-10-12 12:45:13,APPROVED
B_103566,ACC_1004512,ACC_1000561,2017-12-11 06:19:34,APPROVED
B_103567,ACC_1004512,ACC_1003627,2017-12-14 06:19:34,APPROVED
B_103568,ACC_1004512,ACC_1004283,2017-12-15 06:19:34,APPROVED
B_103569,ACC_1004513,ACC_1012449,2019-07-22 05:04:49,APPROVED
B_103570,ACC_1004513,ACC_1000381,2019-07-22 05:04:49,PENDING
B_103571,ACC_1004513,ACC_1012368,2019-07-25 05:04:49,APPROVED
B_103572,ACC_1004521,ACC_1010847,2024-12-03 23:11:08,APPROVED
B_103573,ACC_1004522,ACC_1003634,2021-12-25 21:00:08,APPROVED
B_103574,ACC_1004522,ACC_1014101,2021-12-28 21:00:08,APPROVED
B_103575,ACC_1004525,ACC_1009062,2019-12-15 15:01:18,APPROVED
B_103576,ACC_1004525,ACC_1005581,2019-12-07 15:01:18,APPROVED
B_103577,ACC_1004526,ACC_1011860,2021-02-06 22:20:07,APPROVED
B_103578,ACC_1004527,ACC_1005535,2020-07-12 07:15:45,APPROVED
B_103579,ACC_1004528,ACC_1014066,2016-05-12 03:22:12,APPROVED
B_103580,ACC_1004528,ACC_1013400,2016-05-14 03:22:12,APPROVED
B_103581,ACC_1004528,ACC_1005177,2016-05-12 03:22:12,APPROVED
B_103582,ACC_1004530,ACC_1003195,2021-06-08 05:08:51,APPROVED
B_103583,ACC_1004530,ACC_1000407,2021-06-14 05:08:51,APPROVED
B_103584,ACC_1004530,ACC_1001583,2021-06-09 05:08:51,APPROVED
B_103585,ACC_1004531,ACC_1008585,2016-10-12 20:00:34,APPROVED
B_103586,ACC_1004532,ACC_1011220,2016-10-30 17:16:34,APPROVED
B_103587,ACC_1004534,ACC_1012335,2016-01-20 19:45:29,APPROVED
B_103588,ACC_1004534,ACC_1009255,2016-01-13 19:45:29,APPROVED
B_103589,ACC_1004534,ACC_1002094,2016-01-13 19:45:29,APPROVED
B_103590,ACC_1004535,ACC_1008666,2016-02-11 16:46:29,APPROVED
B_103591,ACC_1004535,ACC_1008473,2016-02-06 16:46:29,APPROVED
B_103592,ACC_1004539,ACC_1006845,2021-06-24 08:46:43,APPROVED
B_103593,ACC_1004539,ACC_1012028,2021-06-28 08:46:43,APPROVED
B_103594,ACC_1004541,ACC_1002828,2024-08-15 02:35:36,APPROVED
B_103595,ACC_1004541,ACC_1005636,2024-08-11 02:35:36,APPROVED
B_103596,ACC_1004541,ACC_1000341,2024-08-12 02:35:36,APPROVED
B_103597,ACC_1004544,ACC_1011426,2021-06-18 02:29:03,APPROVED
B_103598,ACC_1004545,ACC_1004258,2025-04-30 19:42:34,APPROVED
B_103599,ACC_1004545,ACC_1008146,2025-05-02 19:42:34,APPROVED
B_103600,ACC_1004547,ACC_1011744,2022-07-21 08:57:09,APPROVED
B_103601,ACC_1004547,ACC_1001710,2022-07-18 08:57:09,APPROVED
B_103602,ACC_1004548,ACC_1008538,2025-10-25 08:55:31,APPROVED
B_103603,ACC_1004551,ACC_1000889,2020-11-26 16:07:08,APPROVED
B_103604,ACC_1004551,ACC_1000609,2020-11-25 16:07:08,APPROVED
B_103605,ACC_1004552,ACC_1006876,2017-02-22 20:42:08,APPROVED
B_103606,ACC_1004552,ACC_1007652,2017-02-27 20:42:08,APPROVED
B_103607,ACC_1004553,ACC_1012466,2025-03-27 06:31:51,APPROVED
B_103608,ACC_1004553,ACC_1011477,2025-03-28 06:31:51,APPROVED
B_103609,ACC_1004555,ACC_1000870,2025-04-04 03:32:51,APPROVED
B_103610,ACC_1004556,ACC_1008900,2016-11-16 14:35:43,APPROVED
B_103611,ACC_1004558,ACC_1006188,2025-01-19 15:17:49,APPROVED
B_103612,ACC_1004558,ACC_1009770,2025-01-21 15:17:49,APPROVED
B_103613,ACC_1004558,ACC_1007578,2025-01-14 15:17:49,APPROVED
B_103614,ACC_1004559,ACC_1003926,2019-09-18 18:16:55,APPROVED
B_103615,ACC_1004560,ACC_1003734,2024-06-29 05:47:18,APPROVED
B_103616,ACC_1004560,ACC_1010464,2024-07-01 05:47:18,APPROVED
B_103617,ACC_1004560,ACC_1013890,2024-07-03 05:47:18,APPROVED
B_103618,ACC_1004562,ACC_1007882,2019-03-09 01:58:51,APPROVED
B_103619,ACC_1004563,ACC_1011218,2019-03-16 12:21:51,APPROVED
B_103620,ACC_1004563,ACC_1012538,2019-03-14 12:21:51,APPROVED
B_103621,ACC_1004565,ACC_1011268,2019-01-31 01:28:20,APPROVED
B_103622,ACC_1004566,ACC_1002536,2025-05-12 09:47:00,APPROVED
B_103623,ACC_1004566,ACC_1004288,2025-05-12 09:47:00,APPROVED
B_103624,ACC_1004566,ACC_1013207,2025-05-08 09:47:00,APPROVED
B_103625,ACC_1004567,ACC_1009730,2025-05-23 22:12:00,APPROVED
B_103626,ACC_1004567,ACC_1014268,2025-05-26 22:12:00,APPROVED
B_103627,ACC_1004570,ACC_1008610,2018-11-10 17:08:25,PENDING
B_103628,ACC_1004572,ACC_1007776,2023-11-27 05:28:08,APPROVED
B_103629,ACC_1004572,ACC_1007057,2023-11-21 05:28:08,APPROVED
B_103630,ACC_1004577,ACC_1009612,2019-07-11 21:44:40,APPROVED
B_103631,ACC_1004581,ACC_1008876,2022-04-09 00:46:27,APPROVED
B_103632,ACC_1004581,ACC_1005760,2022-04-04 00:46:27,APPROVED
B_103633,ACC_1004583,ACC_1004671,2019-07-17 00:56:29,APPROVED
B_103634,ACC_1004583,ACC_1014286,2019-07-23 00:56:29,APPROVED
B_103635,ACC_1004584,ACC_1006982,2016-02-17 06:14:26,APPROVED
B_103636,ACC_1004584,ACC_1003053,2016-02-17 06:14:26,APPROVED
B_103637,ACC_1004585,ACC_1000547,2024-01-04 10:33:53,APPROVED
B_103638,ACC_1004585,ACC_1008825,2024-01-05 10:33:53,APPROVED
B_103639,ACC_1004585,ACC_1001359,2024-01-02 10:33:53,APPROVED
B_103640,ACC_1004587,ACC_1011916,2025-03-24 22:14:13,APPROVED
B_103641,ACC_1004588,ACC_1011748,2022-09-11 20:06:13,APPROVED
B_103642,ACC_1004588,ACC_1005400,2022-09-16 20:06:13,PENDING
B_103643,ACC_1004590,ACC_1014396,2020-10-18 19:42:36,APPROVED
B_103644,ACC_1004590,ACC_1006862,2020-10-11 19:42:36,APPROVED
B_103645,ACC_1004592,ACC_1007736,2018-11-23 15:18:52,APPROVED
B_103646,ACC_1004592,ACC_1002466,2018-11-21 15:18:52,APPROVED
B_103647,ACC_1004592,ACC_1005213,2018-11-21 15:18:52,APPROVED
B_103648,ACC_1004596,ACC_1009188,2021-10-11 13:40:18,APPROVED
B_103649,ACC_1004596,ACC_1004792,2021-10-09 13:40:18,APPROVED
B_103650,ACC_1004596,ACC_1000564,2021-10-09 13:40:18,APPROVED
B_103651,ACC_1004599,ACC_1005762,2025-02-14 18:38:44,APPROVED
B_103652,ACC_1004600,ACC_1011775,2025-02-07 09:18:44,APPROVED
B_103653,ACC_1004602,ACC_1008604,2017-08-04 05:38:17,APPROVED
B_103654,ACC_1004602,ACC_1009025,2017-08-01 05:38:17,APPROVED
B_103655,ACC_1004604,ACC_1000726,2025-08-07 14:55:07,APPROVED
B_103656,ACC_1004604,ACC_1010807,2025-08-07 14:55:07,PENDING
B_103657,ACC_1004604,ACC_1009822,2025-07-31 14:55:07,APPROVED
B_103658,ACC_1004605,ACC_1008660,2025-08-10 18:57:07,APPROVED
B_103659,ACC_1004605,ACC_1000346,2025-08-10 18:57:07,APPROVED
B_103660,ACC_1004605,ACC_1005233,2025-08-06 18:57:07,APPROVED
B_103661,ACC_1004608,ACC_1000842,2021-11-22 07:12:59,APPROVED
B_103662,ACC_1004608,ACC_1013460,2021-11-22 07:12:59,APPROVED
B_103663,ACC_1004608,ACC_1000571,2021-11-23 07:12:59,APPROVED
B_103664,ACC_1004611,ACC_1003817,2020-12-13 10:16:41,APPROVED
B_103665,ACC_1004612,ACC_1000315,2020-12-04 06:23:41,APPROVED
B_103666,ACC_1004620,ACC_1012312,2016-03-18 08:36:34,APPROVED
B_103667,ACC_1004620,ACC_1008829,2016-03-18 08:36:34,APPROVED
B_103668,ACC_1004622,ACC_1007499,2016-07-26 12:22:28,APPROVED
B_103669,ACC_1004622,ACC_1004156,2016-07-29 12:22:28,APPROVED
B_103670,ACC_1004623,ACC_1008809,2019-10-01 22:16:39,APPROVED
B_103671,ACC_1004626,ACC_1011688,2024-02-02 07:20:46,APPROVED
B_103672,ACC_1004626,ACC_1002702,2024-02-05 07:20:46,APPROVED
B_103673,ACC_1004626,ACC_1010691,2024-02-01 07:20:46,APPROVED
B_103674,ACC_1004628,ACC_1011611,2019-10-02 14:18:37,APPROVED
B_103675,ACC_1004628,ACC_1000646,2019-10-03 14:18:37,APPROVED
B_103676,ACC_1004632,ACC_1000314,2018-12-15 13:13:11,APPROVED
B_103677,ACC_1004633,ACC_1001402,2020-04-10 05:36:20,APPROVED
B_103678,ACC_1004633,ACC_1014380,2020-04-10 05:36:20,APPROVED
B_103679,ACC_1004638,ACC_1007990,2023-08-11 14:42:15,PENDING
B_103680,ACC_1004638,ACC_1007083,2023-08-12 14:42:15,APPROVED
B_103681,ACC_1004640,ACC_1011441,2021-09-28 00:56:51,APPROVED
B_103682,ACC_1004641,ACC_1000992,2022-12-04 12:51:32,APPROVED
B_103683,ACC_1004641,ACC_1009976,2022-12-01 12:51:32,APPROVED
B_103684,ACC_1004643,ACC_1006933,2024-06-10 19:22:13,APPROVED
B_103685,ACC_1004649,ACC_1007384,2024-04-15 19:09:10,APPROVED
B_103686,ACC_1004649,ACC_1006466,2024-04-18 19:09:10,APPROVED
B_103687,ACC_1004649,ACC_1001434,2024-04-19 19:09:10,APPROVED
B_103688,ACC_1004654,ACC_1005337,2020-07-20 12:05:43,APPROVED
B_103689,ACC_1004654,ACC_1010952,2020-07-19 12:05:43,APPROVED
B_103690,ACC_1004656,ACC_1013071,2021-02-10 14:48:25,APPROVED
B_103691,ACC_1004656,ACC_1014599,2021-02-10 14:48:25,APPROVED
B_103692,ACC_1004657,ACC_1006982,2023-04-24 09:45:04,APPROVED
B_103693,ACC_1004657,ACC_1012323,2023-04-23 09:45:04,APPROVED
B_103694,ACC_1004658,ACC_1009783,2023-04-12 22:57:04,APPROVED
B_103695,ACC_1004662,ACC_1009140,2016-03-25 06:43:19,APPROVED
B_103696,ACC_1004662,ACC_1001235,2016-03-18 06:43:19,APPROVED
B_103697,ACC_1004663,ACC_1009943,2016-10-16 22:20:30,APPROVED
B_103698,ACC_1004663,ACC_1000211,2016-10-17 22:20:30,APPROVED
B_103699,ACC_1004665,ACC_1012570,2025-10-07 21:30:13,APPROVED
B_103700,ACC_1004665,ACC_1013590,2025-10-07 21:30:13,APPROVED
B_103701,ACC_1004671,ACC_1003565,2025-10-10 09:26:29,PENDING
B_103702,ACC_1004675,ACC_1011265,2024-09-27 11:34:12,APPROVED
B_103703,ACC_1004675,ACC_1007377,2024-10-02 11:34:12,APPROVED
B_103704,ACC_1004676,ACC_1014764,2025-02-20 21:20:08,APPROVED
B_103705,ACC_1004676,ACC_1005550,2025-02-19 21:20:08,APPROVED
B_103706,ACC_1004678,ACC_1000126,2025-07-30 14:08:07,APPROVED
B_103707,ACC_1004678,ACC_1008362,2025-08-06 14:08:07,APPROVED
B_103708,ACC_1004678,ACC_1001954,2025-07-31 14:08:07,APPROVED
B_103709,ACC_1004681,ACC_1001598,2023-12-14 04:13:21,APPROVED
B_103710,ACC_1004681,ACC_1003411,2023-12-11 04:13:21,APPROVED
B_103711,ACC_1004682,ACC_1014105,2023-12-03 19:01:21,APPROVED
B_103712,ACC_1004682,ACC_1011770,2023-12-03 19:01:21,APPROVED
B_103713,ACC_1004683,ACC_1002635,2024-08-20 08:31:38,PENDING
B_103714,ACC_1004683,ACC_1001870,2024-08-27 08:31:38,APPROVED
B_103715,ACC_1004687,ACC_1003535,2023-03-25 00:11:28,APPROVED
B_103716,ACC_1004687,ACC_1009344,2023-03-23 00:11:28,APPROVED
B_103717,ACC_1004688,ACC_1010791,2016-03-14 21:37:33,APPROVED
B_103718,ACC_1004688,ACC_1014736,2016-03-12 21:37:33,APPROVED
B_103719,ACC_1004690,ACC_1012027,2024-08-29 19:50:27,APPROVED
B_103720,ACC_1004692,ACC_1013898,2019-06-28 02:06:08,APPROVED
B_103721,ACC_1004692,ACC_1000103,2019-06-29 02:06:08,APPROVED
B_103722,ACC_1004695,ACC_1007938,2022-12-20 20:04:14,APPROVED
B_103723,ACC_1004699,ACC_1001933,2020-09-25 22:38:49,APPROVED
B_103724,ACC_1004699,ACC_1014145,2020-09-27 22:38:49,APPROVED
B_103725,ACC_1004699,ACC_1004909,2020-09-24 22:38:49,APPROVED
B_103726,ACC_1004704,ACC_1009926,2023-12-14 11:21:36,APPROVED
B_103727,ACC_1004704,ACC_1001655,2023-12-13 11:21:36,APPROVED
B_103728,ACC_1004706,ACC_1014532,2025-01-30 11:49:03,APPROVED
B_103729,ACC_1004706,ACC_1001258,2025-01-25 11:49:03,PENDING
B_103730,ACC_1004706,ACC_1001572,2025-01-30 11:49:03,APPROVED
B_103731,ACC_1004709,ACC_1012108,2021-02-01 18:45:55,APPROVED
B_103732,ACC_1004709,ACC_1012178,2021-01-31 18:45:55,APPROVED
B_103733,ACC_1004710,ACC_1002569,2021-02-19 11:28:55,APPROVED
B_103734,ACC_1004710,ACC_1007156,2021-02-15 11:28:55,APPROVED
B_103735,ACC_1004710,ACC_1009899,2021-02-18 11:28:55,APPROVED
B_103736,ACC_1004711,ACC_1006708,2024-03-30 03:19:41,APPROVED
B_103737,ACC_1004715,ACC_1003203,2023-05-28 10:54:36,APPROVED
B_103738,ACC_1004715,ACC_1003041,2023-05-27 10:54:36,APPROVED
B_103739,ACC_1004716,ACC_1008000,2017-02-22 12:58:46,APPROVED
B_103740,ACC_1004716,ACC_1008719,2017-02-24 12:58:46,APPROVED
B_103741,ACC_1004716,ACC_1006841,2017-02-24 12:58:46,APPROVED
B_103742,ACC_1004722,ACC_1006622,2022-05-11 22:27:54,APPROVED
B_103743,ACC_1004722,ACC_1004649,2022-05-14 22:27:54,APPROVED
B_103744,ACC_1004722,ACC_1003556,2022-05-10 22:27:54,APPROVED
B_103745,ACC_1004724,ACC_1012855,2021-11-04 07:42:34,APPROVED
B_103746,ACC_1004724,ACC_1012634,2021-11-09 07:42:34,APPROVED
B_103747,ACC_1004724,ACC_1007346,2021-11-07 07:42:34,APPROVED
B_103748,ACC_1004725,ACC_1002649,2017-10-06 10:06:25,APPROVED
B_103749,ACC_1004728,ACC_1006532,2024-01-23 18:06:02,APPROVED
B_103750,ACC_1004728,ACC_1011976,2024-01-23 18:06:02,APPROVED
B_103751,ACC_1004728,ACC_1007923,2024-01-27 18:06:02,APPROVED
B_103752,ACC_1004731,ACC_1003447,2021-05-31 07:48:12,APPROVED
B_103753,ACC_1004732,ACC_1008779,2021-05-25 04:04:12,APPROVED
B_103754,ACC_1004735,ACC_1003021,2018-08-24 23:43:46,APPROVED
B_103755,ACC_1004735,ACC_1008676,2018-08-29 23:43:46,APPROVED
B_103756,ACC_1004738,ACC_1005967,2024-07-28 20:08:48,APPROVED
B_103757,ACC_1004738,ACC_1000995,2024-07-27 20:08:48,APPROVED
B_103758,ACC_1004738,ACC_1003941,2024-07-29 20:08:48,APPROVED
B_103759,ACC_1004739,ACC_1011764,2024-08-04 21:48:48,APPROVED
B_103760,ACC_1004740,ACC_1009158,2024-07-31 14:21:48,APPROVED
B_103761,ACC_1004740,ACC_1008307,2024-07-29 14:21:48,APPROVED
B_103762,ACC_1004740,ACC_1000667,2024-07-30 14:21:48,APPROVED
B_103763,ACC_1004742,ACC_1003212,2019-01-27 17:53:23,APPROVED
B_103764,ACC_1004742,ACC_1002630,2019-01-21 17:53:23,APPROVED
B_103765,ACC_1004742,ACC_1005058,2019-01-19 17:53:23,APPROVED
B_103766,ACC_1004744,ACC_1000186,2019-07-28 16:06:46,APPROVED
B_103767,ACC_1004744,ACC_1007195,2019-07-28 16:06:46,APPROVED
B_103768,ACC_1004744,ACC_1011645,2019-07-27 16:06:46,APPROVED
B_103769,ACC_1004746,ACC_1006197,2019-07-16 15:31:46,APPROVED
B_103770,ACC_1004747,ACC_1004135,2025-02-27 10:40:50,APPROVED
B_103771,ACC_1004747,ACC_1010662,2025-02-21 10:40:50,APPROVED
B_103772,ACC_1004747,ACC_1010507,2025-02-22 10:40:50,APPROVED
B_103773,ACC_1004749,ACC_1006168,2018-01-09 02:49:22,APPROVED
B_103774,ACC_1004749,ACC_1013308,2018-01-08 02:49:22,APPROVED
B_103775,ACC_1004751,ACC_1001475,2022-10-23 07:49:40,APPROVED
B_103776,ACC_1004751,ACC_1001915,2022-10-21 07:49:40,APPROVED
B_103777,ACC_1004754,ACC_1006048,2022-04-15 18:53:56,PENDING
B_103778,ACC_1004754,ACC_1005108,2022-04-20 18:53:56,APPROVED
B_103779,ACC_1004755,ACC_1012570,2021-12-05 02:39:55,APPROVED
B_103780,ACC_1004755,ACC_1011605,2021-12-11 02:39:55,APPROVED
B_103781,ACC_1004756,ACC_1010665,2021-12-12 10:44:55,APPROVED
B_103782,ACC_1004758,ACC_1003671,2016-03-24 23:21:46,APPROVED
B_103783,ACC_1004758,ACC_1007108,2016-03-23 23:21:46,APPROVED
B_103784,ACC_1004758,ACC_1000379,2016-03-23 23:21:46,APPROVED
B_103785,ACC_1004764,ACC_1012726,2025-11-30 02:01:47,APPROVED
B_103786,ACC_1004764,ACC_1003368,2025-12-03 02:01:47,APPROVED
B_103787,ACC_1004769,ACC_1008337,2021-03-09 17:08:43,APPROVED
B_103788,ACC_1004773,ACC_1003168,2020-05-03 12:04:23,APPROVED
B_103789,ACC_1004773,ACC_1014430,2020-05-07 12:04:23,APPROVED
B_103790,ACC_1004776,ACC_1013701,2025-09-23 18:23:48,APPROVED
B_103791,ACC_1004776,ACC_1014118,2025-09-28 18:23:48,APPROVED
B_103792,ACC_1004776,ACC_1003093,2025-09-26 18:23:48,APPROVED
B_103793,ACC_1004778,ACC_1003301,2023-11-12 18:59:27,APPROVED
B_103794,ACC_1004778,ACC_1010910,2023-11-18 18:59:27,APPROVED
B_103795,ACC_1004778,ACC_1012130,2023-11-09 18:59:27,APPROVED
B_103796,ACC_1004780,ACC_1012722,2018-09-27 08:51:45,APPROVED
B_103797,ACC_1004780,ACC_1004623,2018-09-24 08:51:45,APPROVED
B_103798,ACC_1004782,ACC_1014338,2018-10-04 23:38:45,APPROVED
B_103799,ACC_1004782,ACC_1006317,2018-10-04 23:38:45,APPROVED
B_103800,ACC_1004783,ACC_1010847,2021-04-12 23:52:19,PENDING
B_103801,ACC_1004784,ACC_1006624,2023-03-04 13:31:36,APPROVED
B_103802,ACC_1004784,ACC_1010282,2023-03-11 13:31:36,APPROVED
B_103803,ACC_1004784,ACC_1001970,2023-03-07 13:31:36,APPROVED
B_103804,ACC_1004789,ACC_1000452,2023-07-26 09:57:06,PENDING
B_103805,ACC_1004789,ACC_1013224,2023-07-26 09:57:06,APPROVED
B_103806,ACC_1004792,ACC_1004100,2018-06-19 22:35:18,APPROVED
B_103807,ACC_1004792,ACC_1007459,2018-06-26 22:35:18,APPROVED
B_103808,ACC_1004794,ACC_1007416,2025-02-12 16:07:12,APPROVED
B_103809,ACC_1004794,ACC_1001753,2025-02-19 16:07:12,APPROVED
B_103810,ACC_1004794,ACC_1008718,2025-02-14 16:07:12,APPROVED
B_103811,ACC_1004798,ACC_1003644,2018-03-27 09:19:15,APPROVED
B_103812,ACC_1004798,ACC_1014000,2018-03-20 09:19:15,APPROVED
B_103813,ACC_1004799,ACC_1001752,2018-03-23 03:38:15,APPROVED
B_103814,ACC_1004801,ACC_1014200,2020-11-20 21:29:00,APPROVED
B_103815,ACC_1004801,ACC_1007165,2020-11-26 21:29:00,APPROVED
B_103816,ACC_1004801,ACC_1011738,2020-11-25 21:29:00,APPROVED
B_103817,ACC_1004802,ACC_1004143,2017-04-17 13:21:42,APPROVED
B_103818,ACC_1004803,ACC_1010746,2023-09-13 10:28:06,APPROVED
B_103819,ACC_1004803,ACC_1014705,2023-09-08 10:28:06,APPROVED
B_103820,ACC_1004803,ACC_1009846,2023-09-05 10:28:06,APPROVED
B_103821,ACC_1004807,ACC_1002136,2022-11-25 18:42:15,APPROVED
B_103822,ACC_1004807,ACC_1002890,2022-11-23 18:42:15,APPROVED
B_103823,ACC_1004807,ACC_1003120,2022-12-02 18:42:15,APPROVED
B_103824,ACC_1004808,ACC_1007799,2025-03-30 19:40:39,APPROVED
B_103825,ACC_1004811,ACC_1005636,2021-10-21 00:26:20,APPROVED
B_103826,ACC_1004811,ACC_1014360,2021-10-25 00:26:20,APPROVED
B_103827,ACC_1004811,ACC_1011831,2021-10-26 00:26:20,APPROVED
B_103828,ACC_1004813,ACC_1014295,2018-04-08 06:26:10,APPROVED
B_103829,ACC_1004813,ACC_1002784,2018-04-09 06:26:10,APPROVED
B_103830,ACC_1004813,ACC_1002831,2018-04-07 06:26:10,APPROVED
B_103831,ACC_1004814,ACC_1005422,2017-04-03 09:40:13,APPROVED
B_103832,ACC_1004814,ACC_1013161,2017-04-03 09:40:13,APPROVED
B_103833,ACC_1004814,ACC_1009492,2017-04-04 09:40:13,APPROVED
B_103834,ACC_1004816,ACC_1012757,2021-12-10 06:42:06,APPROVED
B_103835,ACC_1004816,ACC_1013677,2021-12-07 06:42:06,APPROVED
B_103836,ACC_1004816,ACC_1011844,2021-12-04 06:42:06,APPROVED
B_103837,ACC_1004817,ACC_1010281,2021-11-30 03:43:06,APPROVED
B_103838,ACC_1004818,ACC_1001114,2021-02-04 16:37:46,APPROVED
B_103839,ACC_1004818,ACC_1001674,2021-02-01 16:37:46,APPROVED
B_103840,ACC_1004821,ACC_1001159,2019-03-12 22:36:57,APPROVED
B_103841,ACC_1004826,ACC_1010758,2023-05-07 14:56:38,APPROVED
B_103842,ACC_1004831,ACC_1002114,2025-03-12 04:40:35,APPROVED
B_103843,ACC_1004831,ACC_1008406,2025-03-13 04:40:35,APPROVED
B_103844,ACC_1004832,ACC_1003427,2025-03-19 17:21:35,APPROVED
B_103845,ACC_1004832,ACC_1009170,2025-03-15 17:21:35,APPROVED
B_103846,ACC_1004836,ACC_1013871,2019-05-27 11:35:31,APPROVED
B_103847,ACC_1004836,ACC_1002160,2019-05-26 11:35:31,APPROVED
B_103848,ACC_1004836,ACC_1003305,2019-05-29 11:35:31,APPROVED
B_103849,ACC_1004837,ACC_1003840,2020-06-09 17:26:30,APPROVED
B_103850,ACC_1004837,ACC_1010652,2020-06-04 17:26:30,APPROVED
B_103851,ACC_1004837,ACC_1002492,2020-06-11 17:26:30,APPROVED
B_103852,ACC_1004838,ACC_1006512,2020-05-09 20:27:30,APPROVED
B_103853,ACC_1004838,ACC_1001029,2020-05-17 20:27:30,APPROVED
B_103854,ACC_1004842,ACC_1003332,2017-05-16 13:15:30,APPROVED
B_103855,ACC_1004843,ACC_1002153,2025-11-19 19:12:46,APPROVED
B_103856,ACC_1004843,ACC_1000947,2025-11-17 19:12:46,APPROVED
B_103857,ACC_1004843,ACC_1002205,2025-11-20 19:12:46,APPROVED
B_103858,ACC_1004844,ACC_1006254,2024-07-27 14:34:47,APPROVED
B_103859,ACC_1004844,ACC_1006429,2024-07-31 14:34:47,APPROVED
B_103860,ACC_1004844,ACC_1004331,2024-07-30 14:34:47,PENDING
B_103861,ACC_1004846,ACC_1010080,2019-05-20 04:59:42,APPROVED
B_103862,ACC_1004846,ACC_1005240,2019-05-14 04:59:42,APPROVED
B_103863,ACC_1004848,ACC_1014277,2017-11-11 02:41:00,APPROVED
B_103864,ACC_1004848,ACC_1014230,2017-11-14 02:41:00,APPROVED
B_103865,ACC_1004848,ACC_1014981,2017-11-10 02:41:00,APPROVED
B_103866,ACC_1004849,ACC_1003611,2020-03-10 02:20:09,APPROVED
B_103867,ACC_1004850,ACC_1007595,2020-03-18 04:53:09,APPROVED
B_103868,ACC_1004850,ACC_1003604,2020-03-15 04:53:09,APPROVED
B_103869,ACC_1004850,ACC_1002485,2020-03-15 04:53:09,APPROVED
B_103870,ACC_1004851,ACC_1001756,2025-02-22 19:11:03,APPROVED
B_103871,ACC_1004853,ACC_1009891,2016-05-17 03:28:32,APPROVED
B_103872,ACC_1004853,ACC_1005672,2016-05-18 03:28:32,APPROVED
B_103873,ACC_1004853,ACC_1002802,2016-05-22 03:28:32,APPROVED
B_103874,ACC_1004858,ACC_1007718,2023-03-05 05:58:52,APPROVED
B_103875,ACC_1004861,ACC_1002609,2020-05-14 02:05:15,APPROVED
B_103876,ACC_1004861,ACC_1009608,2020-05-19 02:05:15,APPROVED
B_103877,ACC_1004861,ACC_1006240,2020-05-12 02:05:15,APPROVED
B_103878,ACC_1004862,ACC_1005052,2024-08-14 02:01:00,APPROVED
B_103879,ACC_1004862,ACC_1006366,2024-08-18 02:01:00,APPROVED
B_103880,ACC_1004867,ACC_1010946,2025-07-13 17:38:44,APPROVED
B_103881,ACC_1004871,ACC_1006622,2026-01-22 02:16:56,APPROVED
B_103882,ACC_1004871,ACC_1002212,2026-01-17 02:16:56,APPROVED
B_103883,ACC_1004871,ACC_1004560,2026-01-18 02:16:56,APPROVED
B_103884,ACC_1004873,ACC_1009252,2022-06-28 07:55:32,APPROVED
B_103885,ACC_1004873,ACC_1004230,2022-07-02 07:55:32,APPROVED
B_103886,ACC_1004873,ACC_1007145,2022-06-26 07:55:32,APPROVED
B_103887,ACC_1004874,ACC_1008145,2022-07-12 12:24:32,APPROVED
B_103888,ACC_1004875,ACC_1000850,2017-10-04 12:33:54,APPROVED
B_103889,ACC_1004876,ACC_1005995,2019-11-12 08:22:14,APPROVED
B_103890,ACC_1004876,ACC_1008429,2019-11-18 08:22:14,APPROVED
B_103891,ACC_1004879,ACC_1009096,2023-05-12 03:16:41,APPROVED
B_103892,ACC_1004879,ACC_1004647,2023-05-15 03:16:41,APPROVED
B_103893,ACC_1004883,ACC_1009925,2024-08-28 03:38:26,APPROVED
B_103894,ACC_1004883,ACC_1007305,2024-08-26 03:38:26,APPROVED
B_103895,ACC_1004888,ACC_1014670,2023-10-08 20:44:20,PENDING
B_103896,ACC_1004893,ACC_1000758,2019-07-09 04:57:21,APPROVED
B_103897,ACC_1004893,ACC_1002754,2019-07-08 04:57:21,APPROVED
B_103898,ACC_1004893,ACC_1002821,2019-07-05 04:57:21,APPROVED
B_103899,ACC_1004894,ACC_1002299,2019-07-13 14:17:21,APPROVED
B_103900,ACC_1004894,ACC_1012816,2019-07-12 14:17:21,APPROVED
B_103901,ACC_1004895,ACC_1005893,2025-09-09 04:10:41,APPROVED
B_103902,ACC_1004895,ACC_1011076,2025-09-10 04:10:41,APPROVED
B_103903,ACC_1004898,ACC_1003471,2019-11-27 07:17:06,APPROVED
B_103904,ACC_1004898,ACC_1003093,2019-11-22 07:17:06,APPROVED
B_103905,ACC_1004899,ACC_1005579,2019-12-22 20:44:25,APPROVED
B_103906,ACC_1004901,ACC_1004393,2019-06-04 14:08:23,APPROVED
B_103907,ACC_1004901,ACC_1012317,2019-05-28 14:08:23,APPROVED
B_103908,ACC_1004904,ACC_1011909,2021-01-12 05:13:09,APPROVED
B_103909,ACC_1004905,ACC_1003217,2018-10-25 08:41:11,APPROVED
B_103910,ACC_1004905,ACC_1004986,2018-10-27 08:41:11,APPROVED
B_103911,ACC_1004905,ACC_1006925,2018-10-27 08:41:11,APPROVED
B_103912,ACC_1004907,ACC_1008756,2024-12-21 01:46:39,APPROVED
B_103913,ACC_1004907,ACC_1000071,2024-12-26 01:46:39,APPROVED
B_103914,ACC_1004910,ACC_1011958,2017-04-26 11:41:13,APPROVED
B_103915,ACC_1004910,ACC_1003850,2017-04-26 11:41:13,APPROVED
B_103916,ACC_1004910,ACC_1002779,2017-04-27 11:41:13,APPROVED
B_103917,ACC_1004914,ACC_1010081,2017-11-13 01:24:14,APPROVED
B_103918,ACC_1004914,ACC_1006790,2017-11-08 01:24:14,APPROVED
B_103919,ACC_1004915,ACC_1013577,2021-12-19 06:22:31,APPROVED
B_103920,ACC_1004921,ACC_1001245,2017-08-27 23:48:43,APPROVED
B_103921,ACC_1004921,ACC_1006085,2017-08-23 23:48:43,APPROVED
B_103922,ACC_1004921,ACC_1010431,2017-08-28 23:48:43,APPROVED
B_103923,ACC_1004922,ACC_1011231,2017-01-03 16:53:08,APPROVED
B_103924,ACC_1004923,ACC_1003966,2019-11-24 05:18:37,APPROVED
B_103925,ACC_1004923,ACC_1007662,2019-12-01 05:18:37,APPROVED
B_103926,ACC_1004923,ACC_1001907,2019-11-24 05:18:37,APPROVED
B_103927,ACC_1004925,ACC_1008487,2022-12-10 13:42:04,APPROVED
B_103928,ACC_1004928,ACC_1012071,2025-05-19 23:01:52,APPROVED
B_103929,ACC_1004934,ACC_1012826,2021-06-07 11:07:24,APPROVED
B_103930,ACC_1004934,ACC_1010495,2021-06-08 11:07:24,APPROVED
B_103931,ACC_1004934,ACC_1012432,2021-06-07 11:07:24,APPROVED
B_103932,ACC_1004940,ACC_1009207,2019-05-09 08:08:41,APPROVED
B_103933,ACC_1004941,ACC_1009894,2019-05-19 13:15:41,APPROVED
B_103934,ACC_1004941,ACC_1012615,2019-05-14 13:15:41,APPROVED
B_103935,ACC_1004941,ACC_1003993,2019-05-18 13:15:41,PENDING
B_103936,ACC_1004949,ACC_1002905,2025-04-05 14:40:11,APPROVED
B_103937,ACC_1004949,ACC_1001993,2025-04-09 14:40:11,APPROVED
B_103938,ACC_1004949,ACC_1006947,2025-04-10 14:40:11,APPROVED
B_103939,ACC_1004950,ACC_1001947,2025-03-30 12:00:11,APPROVED
B_103940,ACC_1004953,ACC_1001535,2022-12-12 15:17:18,APPROVED
B_103941,ACC_1004959,ACC_1009502,2016-09-03 12:43:25,APPROVED
B_103942,ACC_1004959,ACC_1004363,2016-09-06 12:43:25,APPROVED
B_103943,ACC_1004959,ACC_1006076,2016-09-04 12:43:25,APPROVED
B_103944,ACC_1004960,ACC_1006390,2021-09-06 07:29:59,APPROVED
B_103945,ACC_1004960,ACC_1009680,2021-09-03 07:29:59,APPROVED
B_103946,ACC_1004961,ACC_1002092,2017-12-31 01:56:56,APPROVED
B_103947,ACC_1004962,ACC_1012750,2018-01-11 11:26:56,APPROVED
B_103948,ACC_1004962,ACC_1010972,2018-01-06 11:26:56,APPROVED
B_103949,ACC_1004964,ACC_1000936,2019-06-19 14:18:03,APPROVED
B_103950,ACC_1004966,ACC_1008042,2018-11-04 14:54:10,APPROVED
B_103951,ACC_1004971,ACC_1003676,2024-01-01 10:34:06,APPROVED
B_103952,ACC_1004971,ACC_1012882,2023-12-31 10:34:06,APPROVED
B_103953,ACC_1004971,ACC_1011503,2023-12-30 10:34:06,PENDING
B_103954,ACC_1004975,ACC_1013271,2016-11-25 16:50:01,PENDING
B_103955,ACC_1004979,ACC_1003815,2017-07-11 01:39:34,APPROVED
B_103956,ACC_1004979,ACC_1006185,2017-07-05 01:39:34,APPROVED
B_103957,ACC_1004980,ACC_1004430,2017-07-20 11:03:34,APPROVED
B_103958,ACC_1004980,ACC_1006168,2017-07-23 11:03:34,APPROVED
B_103959,ACC_1004980,ACC_1013879,2017-07-15 11:03:34,APPROVED
B_103960,ACC_1004981,ACC_1009415,2017-07-07 11:57:34,APPROVED
B_103961,ACC_1004982,ACC_1000369,2022-01-20 12:26:31,PENDING
B_103962,ACC_1004982,ACC_1003200,2022-01-18 12:26:31,APPROVED
B_103963,ACC_1004982,ACC_1013700,2022-01-22 12:26:31,APPROVED
B_103964,ACC_1004985,ACC_1014778,2016-11-24 02:54:01,APPROVED
B_103965,ACC_1004985,ACC_1004923,2016-11-27 02:54:01,APPROVED
B_103966,ACC_1004986,ACC_1000793,2025-02-08 04:37:09,APPROVED
B_103967,ACC_1004988,ACC_1000986,2018-07-04 20:48:52,APPROVED
B_103968,ACC_1004988,ACC_1005487,2018-06-28 20:48:52,APPROVED
B_103969,ACC_1004988,ACC_1003132,2018-07-02 20:48:52,APPROVED
B_103970,ACC_1004991,ACC_1004001,2020-05-29 12:27:01,PENDING
B_103971,ACC_1004991,ACC_1004578,2020-05-28 12:27:01,APPROVED
B_103972,ACC_1004992,ACC_1011556,2021-05-04 08:51:09,APPROVED
B_103973,ACC_1004992,ACC_1012401,2021-04-29 08:51:09,APPROVED
B_103974,ACC_1004995,ACC_1006307,2023-06-28 05:59:31,APPROVED
B_103975,ACC_1004995,ACC_1008693,2023-06-28 05:59:31,APPROVED
B_103976,ACC_1004995,ACC_1004024,2023-06-29 05:59:31,APPROVED
B_103977,ACC_1004996,ACC_1007156,2016-03-16 21:24:45,PENDING
B_103978,ACC_1004996,ACC_1006269,2016-03-23 21:24:45,APPROVED
B_103979,ACC_1004996,ACC_1008142,2016-03-15 21:24:45,APPROVED
B_103980,ACC_1004999,ACC_1011811,2024-01-12 03:46:52,APPROVED
B_103981,ACC_1005005,ACC_1003972,2020-04-16 23:48:55,APPROVED
B_103982,ACC_1005006,ACC_1006425,2017-03-23 13:44:30,APPROVED
B_103983,ACC_1005006,ACC_1003168,2017-03-20 13:44:30,APPROVED
B_103984,ACC_1005006,ACC_1002351,2017-03-26 13:44:30,APPROVED
B_103985,ACC_1005011,ACC_1003850,2017-03-22 00:58:54,APPROVED
B_103986,ACC_1005011,ACC_1004321,2017-03-23 00:58:54,APPROVED
B_103987,ACC_1005011,ACC_1001259,2017-03-14 00:58:54,APPROVED
B_103988,ACC_1005017,ACC_1011132,2016-12-24 16:36:48,APPROVED
B_103989,ACC_1005017,ACC_1008360,2016-12-16 16:36:48,APPROVED
B_103990,ACC_1005017,ACC_1006003,2016-12-19 16:36:48,APPROVED
B_103991,ACC_1005027,ACC_1013960,2021-11-05 18:03:08,APPROVED
B_103992,ACC_1005028,ACC_1008689,2017-04-27 12:39:32,APPROVED
B_103993,ACC_1005028,ACC_1007153,2017-05-03 12:39:32,APPROVED
B_103994,ACC_1005028,ACC_1003272,2017-04-30 12:39:32,APPROVED
B_103995,ACC_1005031,ACC_1001014,2023-02-26 01:33:45,APPROVED
B_103996,ACC_1005031,ACC_1013218,2023-03-04 01:33:45,APPROVED
B_103997,ACC_1005032,ACC_1013093,2021-05-27 21:36:57,APPROVED
B_103998,ACC_1005032,ACC_1007724,2021-05-25 21:36:57,PENDING
B_103999,ACC_1005036,ACC_1011980,2025-10-27 21:07:01,APPROVED
B_104000,ACC_1005036,ACC_1008353,2025-10-23 21:07:01,APPROVED
B_104001,ACC_1005036,ACC_1010626,2025-10-31 21:07:01,APPROVED
B_104002,ACC_1005037,ACC_1005970,2017-06-07 14:25:46,APPROVED
B_104003,ACC_1005039,ACC_1002616,2022-08-05 05:11:52,APPROVED
B_104004,ACC_1005039,ACC_1013988,2022-08-08 05:11:52,APPROVED
B_104005,ACC_1005039,ACC_1005674,2022-08-11 05:11:52,APPROVED
B_104006,ACC_1005043,ACC_1009201,2022-05-28 12:49:52,APPROVED
B_104007,ACC_1005051,ACC_1011193,2024-06-03 19:56:12,APPROVED
B_104008,ACC_1005051,ACC_1004467,2024-06-02 19:56:12,APPROVED
B_104009,ACC_1005052,ACC_1005723,2024-06-02 23:05:12,APPROVED
B_104010,ACC_1005052,ACC_1008712,2024-05-31 23:05:12,APPROVED
B_104011,ACC_1005053,ACC_1003787,2018-08-03 05:18:37,APPROVED
B_104012,ACC_1005053,ACC_1003776,2018-08-08 05:18:37,APPROVED
B_104013,ACC_1005053,ACC_1013460,2018-08-05 05:18:37,APPROVED
B_104014,ACC_1005055,ACC_1009935,2017-11-30 14:36:40,APPROVED
B_104015,ACC_1005059,ACC_1005491,2025-01-01 03:56:31,APPROVED
B_104016,ACC_1005059,ACC_1000602,2024-12-27 03:56:31,APPROVED
B_104017,ACC_1005062,ACC_1004185,2023-12-15 09:01:19,APPROVED
B_104018,ACC_1005062,ACC_1000711,2023-12-20 09:01:19,APPROVED
B_104019,ACC_1005062,ACC_1013699,2023-12-17 09:01:19,APPROVED
B_104020,ACC_1005064,ACC_1009910,2025-03-05 04:56:09,APPROVED
B_104021,ACC_1005064,ACC_1006255,2025-03-03 04:56:09,APPROVED
B_104022,ACC_1005065,ACC_1009688,2021-11-23 22:21:59,APPROVED
B_104023,ACC_1005067,ACC_1001014,2024-07-29 01:45:01,APPROVED
B_104024,ACC_1005067,ACC_1000998,2024-07-24 01:45:01,APPROVED
B_104025,ACC_1005067,ACC_1004730,2024-07-27 01:45:01,APPROVED
B_104026,ACC_1005072,ACC_1004609,2025-10-09 18:05:44,APPROVED
B_104027,ACC_1005073,ACC_1000371,2025-10-13 18:57:44,APPROVED
B_104028,ACC_1005073,ACC_1003123,2025-10-21 18:57:44,APPROVED
B_104029,ACC_1005073,ACC_1013113,2025-10-17 18:57:44,APPROVED
B_104030,ACC_1005074,ACC_1008411,2018-09-26 23:33:25,APPROVED
B_104031,ACC_1005077,ACC_1009438,2022-04-14 14:01:42,APPROVED
B_104032,ACC_1005079,ACC_1008015,2025-07-30 18:13:08,APPROVED
B_104033,ACC_1005079,ACC_1012983,2025-08-04 18:13:08,APPROVED
B_104034,ACC_1005079,ACC_1011032,2025-08-02 18:13:08,APPROVED
B_104035,ACC_1005080,ACC_1011238,2020-07-06 01:58:25,APPROVED
B_104036,ACC_1005083,ACC_1013277,2022-08-02 12:43:10,APPROVED
B_104037,ACC_1005083,ACC_1006532,2022-08-03 12:43:10,APPROVED
B_104038,ACC_1005083,ACC_1011564,2022-08-04 12:43:10,APPROVED
B_104039,ACC_1005089,ACC_1015017,2017-06-26 04:06:34,APPROVED
B_104040,ACC_1005090,ACC_1006783,2023-09-07 14:25:26,APPROVED
B_104041,ACC_1005092,ACC_1012843,2016-11-01 23:36:37,APPROVED
B_104042,ACC_1005092,ACC_1014026,2016-10-29 23:36:37,APPROVED
B_104043,ACC_1005094,ACC_1002833,2023-02-12 00:17:54,APPROVED
B_104044,ACC_1005094,ACC_1008898,2023-02-14 00:17:54,APPROVED
B_104045,ACC_1005095,ACC_1014725,2022-11-08 06:33:31,APPROVED
B_104046,ACC_1005095,ACC_1014975,2022-11-12 06:33:31,APPROVED
B_104047,ACC_1005095,ACC_1012248,2022-11-05 06:33:31,APPROVED
B_104048,ACC_1005097,ACC_1009192,2018-02-09 05:19:55,APPROVED
B_104049,ACC_1005097,ACC_1006830,2018-02-11 05:19:55,APPROVED
B_104050,ACC_1005098,ACC_1013172,2018-02-12 23:58:55,APPROVED
B_104051,ACC_1005098,ACC_1013656,2018-02-06 23:58:55,APPROVED
B_104052,ACC_1005099,ACC_1001012,2022-11-16 11:02:29,APPROVED
B_104053,ACC_1005099,ACC_1000876,2022-11-12 11:02:29,APPROVED
B_104054,ACC_1005100,ACC_1005720,2022-12-17 01:36:25,APPROVED
B_104055,ACC_1005102,ACC_1010632,2018-07-18 08:25:18,APPROVED
B_104056,ACC_1005103,ACC_1009804,2018-07-10 12:20:18,APPROVED
B_104057,ACC_1005107,ACC_1007073,2017-03-13 14:41:55,APPROVED
B_104058,ACC_1005107,ACC_1009182,2017-03-08 14:41:55,APPROVED
B_104059,ACC_1005111,ACC_1000861,2025-01-02 20:41:39,APPROVED
B_104060,ACC_1005111,ACC_1000779,2024-12-30 20:41:39,APPROVED
B_104061,ACC_1005112,ACC_1003552,2021-04-26 16:56:42,APPROVED
B_104062,ACC_1005112,ACC_1003332,2021-04-28 16:56:42,APPROVED
B_104063,ACC_1005112,ACC_1005188,2021-04-24 16:56:42,APPROVED
B_104064,ACC_1005118,ACC_1000983,2023-09-23 08:07:40,APPROVED
B_104065,ACC_1005125,ACC_1007088,2022-12-21 21:49:10,APPROVED
B_104066,ACC_1005125,ACC_1011208,2022-12-18 21:49:10,APPROVED
B_104067,ACC_1005125,ACC_1013640,2022-12-20 21:49:10,APPROVED
B_104068,ACC_1005131,ACC_1000718,2020-11-13 21:58:24,APPROVED
B_104069,ACC_1005132,ACC_1004366,2020-10-31 05:36:24,APPROVED
B_104070,ACC_1005133,ACC_1001957,2016-02-04 02:24:23,APPROVED
B_104071,ACC_1005133,ACC_1011768,2016-01-31 02:24:23,APPROVED
B_104072,ACC_1005133,ACC_1013443,2016-02-01 02:24:23,APPROVED
B_104073,ACC_1005134,ACC_1002753,2019-04-23 10:07:50,APPROVED
B_104074,ACC_1005134,ACC_1010035,2019-04-17 10:07:50,APPROVED
B_104075,ACC_1005135,ACC_1008680,2017-09-06 20:49:15,APPROVED
B_104076,ACC_1005135,ACC_1007105,2017-09-06 20:49:15,APPROVED
B_104077,ACC_1005136,ACC_1000402,2016-02-29 17:01:21,APPROVED
B_104078,ACC_1005136,ACC_1008971,2016-02-22 17:01:21,APPROVED
B_104079,ACC_1005136,ACC_1004697,2016-02-27 17:01:21,APPROVED
B_104080,ACC_1005137,ACC_1002867,2024-03-25 08:32:17,APPROVED
B_104081,ACC_1005137,ACC_1003746,2024-03-27 08:32:17,APPROVED
B_104082,ACC_1005137,ACC_1000777,2024-03-24 08:32:17,APPROVED
B_104083,ACC_1005140,ACC_1012969,2017-07-31 22:23:20,APPROVED
B_104084,ACC_1005140,ACC_1007478,2017-07-31 22:23:20,APPROVED
B_104085,ACC_1005142,ACC_1010568,2024-05-28 09:31:34,APPROVED
B_104086,ACC_1005146,ACC_1005946,2018-07-24 09:39:07,APPROVED
B_104087,ACC_1005148,ACC_1005870,2020-02-04 11:08:46,APPROVED
B_104088,ACC_1005148,ACC_1008397,2020-02-04 11:08:46,APPROVED
B_104089,ACC_1005148,ACC_1003666,2020-01-31 11:08:46,APPROVED
B_104090,ACC_1005149,ACC_1004849,2016-10-31 21:04:06,APPROVED
B_104091,ACC_1005149,ACC_1011243,2016-11-02 21:04:06,APPROVED
B_104092,ACC_1005151,ACC_1004999,2024-09-20 17:41:28,APPROVED
B_104093,ACC_1005151,ACC_1008596,2024-09-12 17:41:28,APPROVED
B_104094,ACC_1005151,ACC_1002410,2024-09-19 17:41:28,APPROVED
B_104095,ACC_1005153,ACC_1011609,2024-11-07 23:55:19,APPROVED
B_104096,ACC_1005153,ACC_1010325,2024-10-30 23:55:19,APPROVED
B_104097,ACC_1005154,ACC_1003262,2018-11-03 10:12:16,APPROVED
B_104098,ACC_1005154,ACC_1012630,2018-10-31 10:12:16,APPROVED
B_104099,ACC_1005159,ACC_1009371,2019-02-07 20:53:37,APPROVED
B_104100,ACC_1005159,ACC_1003399,2019-02-06 20:53:37,APPROVED
B_104101,ACC_1005160,ACC_1003014,2022-12-18 05:04:30,APPROVED
B_104102,ACC_1005160,ACC_1009112,2022-12-18 05:04:30,APPROVED
B_104103,ACC_1005160,ACC_1013828,2022-12-12 05:04:30,APPROVED
B_104104,ACC_1005161,ACC_1007063,2022-12-28 11:02:30,APPROVED
B_104105,ACC_1005161,ACC_1014815,2023-01-01 11:02:30,APPROVED
B_104106,ACC_1005161,ACC_1009053,2022-12-25 11:02:30,PENDING
B_104107,ACC_1005164,ACC_1008021,2025-05-11 10:37:55,APPROVED
B_104108,ACC_1005165,ACC_1009490,2025-04-27 00:23:55,APPROVED
B_104109,ACC_1005168,ACC_1012156,2022-06-08 06:01:41,APPROVED
B_104110,ACC_1005168,ACC_1009882,2022-06-01 06:01:41,APPROVED
B_104111,ACC_1005168,ACC_1009559,2022-06-02 06:01:41,APPROVED
B_104112,ACC_1005171,ACC_1000028,2019-03-05 22:17:59,APPROVED
B_104113,ACC_1005173,ACC_1007982,2024-10-01 11:06:04,APPROVED
B_104114,ACC_1005173,ACC_1013334,2024-10-01 11:06:04,APPROVED
B_104115,ACC_1005173,ACC_1014317,2024-09-29 11:06:04,APPROVED
B_104116,ACC_1005178,ACC_1013593,2021-11-04 02:06:33,APPROVED
B_104117,ACC_1005178,ACC_1000705,2021-11-12 02:06:33,APPROVED
B_104118,ACC_1005179,ACC_1010368,2025-08-28 16:25:26,PENDING
B_104119,ACC_1005183,ACC_1009397,2023-05-14 15:19:46,APPROVED
B_104120,ACC_1005185,ACC_1012463,2018-04-01 11:50:33,APPROVED
B_104121,ACC_1005185,ACC_1004007,2018-04-03 11:50:33,APPROVED
B_104122,ACC_1005186,ACC_1003372,2018-03-31 18:32:33,APPROVED
B_104123,ACC_1005187,ACC_1001669,2019-10-27 08:22:24,APPROVED
B_104124,ACC_1005190,ACC_1013242,2017-10-22 08:25:24,APPROVED
B_104125,ACC_1005190,ACC_1013458,2017-10-19 08:25:24,APPROVED
B_104126,ACC_1005190,ACC_1013124,2017-10-21 08:25:24,APPROVED
B_104127,ACC_1005195,ACC_1013626,2019-07-11 17:42:55,APPROVED
B_104128,ACC_1005195,ACC_1003820,2019-07-13 17:42:55,APPROVED
B_104129,ACC_1005200,ACC_1014661,2016-03-04 21:49:10,APPROVED
B_104130,ACC_1005200,ACC_1011966,2016-03-11 21:49:10,APPROVED
B_104131,ACC_1005200,ACC_1003606,2016-03-08 21:49:10,APPROVED
B_104132,ACC_1005201,ACC_1006185,2016-03-25 10:26:10,APPROVED
B_104133,ACC_1005202,ACC_1005389,2022-02-07 01:56:59,APPROVED
B_104134,ACC_1005202,ACC_1012090,2022-02-14 01:56:59,APPROVED
B_104135,ACC_1005202,ACC_1004547,2022-02-16 01:56:59,APPROVED
B_104136,ACC_1005203,ACC_1003547,2018-11-13 22:30:32,APPROVED
B_104137,ACC_1005209,ACC_1010286,2025-03-13 11:27:27,APPROVED
B_104138,ACC_1005209,ACC_1004603,2025-03-21 11:27:27,APPROVED
B_104139,ACC_1005209,ACC_1013556,2025-03-20 11:27:27,APPROVED
B_104140,ACC_1005214,ACC_1010879,2020-09-15 19:40:01,APPROVED
B_104141,ACC_1005215,ACC_1000317,2020-10-02 15:29:01,APPROVED
B_104142,ACC_1005216,ACC_1005253,2024-06-24 12:58:04,APPROVED
B_104143,ACC_1005216,ACC_1012950,2024-07-01 12:58:04,APPROVED
B_104144,ACC_1005216,ACC_1005343,2024-07-01 12:58:04,PENDING
B_104145,ACC_1005217,ACC_1001868,2024-05-30 18:19:04,APPROVED
B_104146,ACC_1005217,ACC_1003020,2024-05-30 18:19:04,APPROVED
B_104147,ACC_1005220,ACC_1010807,2022-06-30 01:02:56,APPROVED
B_104148,ACC_1005220,ACC_1012358,2022-06-28 01:02:56,APPROVED
B_104149,ACC_1005220,ACC_1013854,2022-07-02 01:02:56,APPROVED
B_104150,ACC_1005221,ACC_1006082,2017-08-08 06:03:27,APPROVED
B_104151,ACC_1005227,ACC_1003379,2019-07-07 02:37:44,APPROVED
B_104152,ACC_1005227,ACC_1012048,2019-07-06 02:37:44,APPROVED
B_104153,ACC_1005230,ACC_1003455,2023-10-14 07:32:32,APPROVED
B_104154,ACC_1005233,ACC_1009544,2017-06-07 22:56:32,APPROVED
B_104155,ACC_1005233,ACC_1003466,2017-06-10 22:56:32,APPROVED
B_104156,ACC_1005237,ACC_1004865,2021-05-31 22:28:55,APPROVED
B_104157,ACC_1005238,ACC_1002932,2018-07-30 03:39:39,APPROVED
B_104158,ACC_1005238,ACC_1014445,2018-08-01 03:39:39,APPROVED
B_104159,ACC_1005240,ACC_1011645,2025-05-03 12:47:36,APPROVED
B_104160,ACC_1005240,ACC_1000120,2025-05-10 12:47:36,PENDING
B_104161,ACC_1005241,ACC_1007719,2025-05-08 23:50:36,APPROVED
B_104162,ACC_1005241,ACC_1002446,2025-05-09 23:50:36,APPROVED
B_104163,ACC_1005241,ACC_1002572,2025-05-07 23:50:36,APPROVED
B_104164,ACC_1005242,ACC_1001678,2020-02-26 07:48:20,APPROVED
B_104165,ACC_1005242,ACC_1014789,2020-02-23 07:48:20,APPROVED
B_104166,ACC_1005246,ACC_1014892,2023-08-07 18:54:34,APPROVED
B_104167,ACC_1005247,ACC_1006878,2021-02-09 06:09:31,PENDING
B_104168,ACC_1005249,ACC_1008605,2016-09-14 11:21:28,APPROVED
B_104169,ACC_1005249,ACC_1010859,2016-09-21 11:21:28,APPROVED
B_104170,ACC_1005249,ACC_1006868,2016-09-17 11:21:28,PENDING
B_104171,ACC_1005254,ACC_1013301,2022-11-22 19:45:07,APPROVED
B_104172,ACC_1005255,ACC_1010017,2022-11-07 03:38:07,APPROVED
B_104173,ACC_1005256,ACC_1002771,2019-08-21 17:18:23,APPROVED
B_104174,ACC_1005257,ACC_1010582,2019-05-21 17:20:18,APPROVED
B_104175,ACC_1005257,ACC_1012682,2019-05-22 17:20:18,APPROVED
B_104176,ACC_1005258,ACC_1002279,2021-11-15 05:36:23,APPROVED
B_104177,ACC_1005258,ACC_1007790,2021-11-21 05:36:23,APPROVED
B_104178,ACC_1005258,ACC_1005183,2021-11-20 05:36:23,PENDING
B_104179,ACC_1005261,ACC_1011339,2020-04-11 21:49:54,APPROVED
B_104180,ACC_1005261,ACC_1009645,2020-04-12 21:49:54,APPROVED
B_104181,ACC_1005261,ACC_1001856,2020-04-18 21:49:54,APPROVED
B_104182,ACC_1005262,ACC_1011658,2020-04-17 06:36:54,APPROVED
B_104183,ACC_1005266,ACC_1007559,2022-12-18 22:54:05,APPROVED
B_104184,ACC_1005267,ACC_1008207,2024-12-11 08:10:15,APPROVED
B_104185,ACC_1005267,ACC_1010283,2024-12-06 08:10:15,APPROVED
B_104186,ACC_1005267,ACC_1006437,2024-12-14 08:10:15,APPROVED
B_104187,ACC_1005268,ACC_1000007,2024-12-17 20:27:15,APPROVED
B_104188,ACC_1005268,ACC_1006143,2024-12-17 20:27:15,APPROVED
B_104189,ACC_1005272,ACC_1006050,2016-08-10 09:32:56,APPROVED
B_104190,ACC_1005274,ACC_1005715,2021-10-18 07:52:34,APPROVED
B_104191,ACC_1005274,ACC_1009918,2021-10-19 07:52:34,APPROVED
B_104192,ACC_1005278,ACC_1007297,2021-12-27 13:02:31,APPROVED
B_104193,ACC_1005278,ACC_1005045,2022-01-01 13:02:31,APPROVED
B_104194,ACC_1005279,ACC_1008916,2025-12-24 02:55:42,APPROVED
B_104195,ACC_1005279,ACC_1004612,2025-12-24 02:55:42,APPROVED
B_104196,ACC_1005279,ACC_1005273,2025-12-21 02:55:42,APPROVED
B_104197,ACC_1005280,ACC_1012999,2026-01-05 05:15:42,APPROVED
B_104198,ACC_1005280,ACC_1010421,2026-01-05 05:15:42,APPROVED
B_104199,ACC_1005280,ACC_1009692,2026-01-05 05:15:42,APPROVED
B_104200,ACC_1005281,ACC_1008682,2025-10-08 01:35:39,APPROVED
B_104201,ACC_1005281,ACC_1001500,2025-10-12 01:35:39,APPROVED
B_104202,ACC_1005281,ACC_1000748,2025-10-08 01:35:39,APPROVED
B_104203,ACC_1005283,ACC_1013087,2019-07-27 10:09:57,APPROVED
B_104204,ACC_1005283,ACC_1002330,2019-07-25 10:09:57,APPROVED
B_104205,ACC_1005283,ACC_1004389,2019-07-21 10:09:57,APPROVED
B_104206,ACC_1005284,ACC_1007245,2019-08-07 05:48:57,APPROVED
B_104207,ACC_1005285,ACC_1008228,2025-06-09 02:04:10,APPROVED
B_104208,ACC_1005285,ACC_1010478,2025-06-02 02:04:10,APPROVED
B_104209,ACC_1005285,ACC_1014573,2025-06-06 02:04:10,APPROVED
B_104210,ACC_1005287,ACC_1004715,2025-07-13 20:58:20,APPROVED
B_104211,ACC_1005287,ACC_1014732,2025-07-12 20:58:20,APPROVED
B_104212,ACC_1005290,ACC_1001083,2020-11-12 21:08:23,APPROVED
B_104213,ACC_1005290,ACC_1001436,2020-11-14 21:08:23,APPROVED
B_104214,ACC_1005290,ACC_1013881,2020-11-19 21:08:23,APPROVED
B_104215,ACC_1005291,ACC_1012010,2020-11-21 08:53:23,APPROVED
B_104216,ACC_1005292,ACC_1013600,2023-07-08 04:44:11,APPROVED
B_104217,ACC_1005292,ACC_1014010,2023-07-09 04:44:11,APPROVED
B_104218,ACC_1005293,ACC_1007707,2019-02-05 11:45:12,APPROVED
B_104219,ACC_1005296,ACC_1009888,2018-07-02 07:30:02,APPROVED
B_104220,ACC_1005296,ACC_1005266,2018-07-02 07:30:02,APPROVED
B_104221,ACC_1005296,ACC_1010756,2018-06-27 07:30:02,APPROVED
B_104222,ACC_1005301,ACC_1009899,2016-01-31 01:01:58,APPROVED
B_104223,ACC_1005301,ACC_1011817,2016-02-04 01:01:58,APPROVED
B_104224,ACC_1005301,ACC_1008364,2016-02-06 01:01:58,APPROVED
B_104225,ACC_1005302,ACC_1001354,2016-02-08 17:23:58,APPROVED
B_104226,ACC_1005302,ACC_1012888,2016-02-12 17:23:58,APPROVED
B_104227,ACC_1005309,ACC_1011674,2019-11-30 03:31:25,APPROVED
B_104228,ACC_1005309,ACC_1011473,2019-11-26 03:31:25,APPROVED
B_104229,ACC_1005309,ACC_1006086,2019-11-26 03:31:25,APPROVED
B_104230,ACC_1005311,ACC_1005120,2019-07-20 20:34:33,APPROVED
B_104231,ACC_1005311,ACC_1004352,2019-07-26 20:34:33,APPROVED
B_104232,ACC_1005312,ACC_1008320,2019-07-29 21:33:33,APPROVED
B_104233,ACC_1005313,ACC_1009101,2024-11-25 12:56:00,APPROVED
B_104234,ACC_1005313,ACC_1007526,2024-11-23 12:56:00,APPROVED
B_104235,ACC_1005314,ACC_1014571,2024-12-01 02:25:00,APPROVED
B_104236,ACC_1005318,ACC_1003763,2019-01-27 20:12:02,APPROVED
B_104237,ACC_1005319,ACC_1006198,2019-01-01 13:36:02,APPROVED
B_104238,ACC_1005319,ACC_1007587,2019-01-01 13:36:02,APPROVED
B_104239,ACC_1005321,ACC_1003574,2020-10-17 02:17:11,APPROVED
B_104240,ACC_1005321,ACC_1010877,2020-10-19 02:17:11,APPROVED
B_104241,ACC_1005324,ACC_1001171,2021-09-13 02:42:38,APPROVED
B_104242,ACC_1005326,ACC_1000962,2025-06-27 04:37:56,APPROVED
B_104243,ACC_1005326,ACC_1002436,2025-06-23 04:37:56,APPROVED
B_104244,ACC_1005329,ACC_1002593,2020-03-11 01:20:34,APPROVED
B_104245,ACC_1005329,ACC_1005800,2020-03-15 01:20:34,APPROVED
B_104246,ACC_1005332,ACC_1000188,2016-09-25 12:58:52,PENDING
B_104247,ACC_1005332,ACC_1005857,2016-09-24 12:58:52,APPROVED
B_104248,ACC_1005332,ACC_1010921,2016-09-28 12:58:52,APPROVED
B_104249,ACC_1005333,ACC_1009403,2017-02-15 09:55:35,PENDING
B_104250,ACC_1005333,ACC_1004062,2017-02-15 09:55:35,APPROVED
B_104251,ACC_1005335,ACC_1001571,2025-01-08 07:58:45,APPROVED
B_104252,ACC_1005335,ACC_1008010,2025-01-12 07:58:45,APPROVED
B_104253,ACC_1005337,ACC_1004710,2017-02-02 06:52:09,PENDING
B_104254,ACC_1005339,ACC_1001807,2024-09-13 15:10:33,APPROVED
B_104255,ACC_1005339,ACC_1013590,2024-09-14 15:10:33,APPROVED
B_104256,ACC_1005340,ACC_1005602,2018-01-17 03:18:26,APPROVED
B_104257,ACC_1005340,ACC_1010037,2018-01-22 03:18:26,APPROVED
B_104258,ACC_1005341,ACC_1007711,2018-01-10 10:40:26,APPROVED
B_104259,ACC_1005341,ACC_1004465,2018-01-12 10:40:26,APPROVED
B_104260,ACC_1005342,ACC_1007449,2018-01-18 11:56:26,APPROVED
B_104261,ACC_1005342,ACC_1004837,2018-01-10 11:56:26,APPROVED
B_104262,ACC_1005342,ACC_1006278,2018-01-09 11:56:26,PENDING
B_104263,ACC_1005345,ACC_1010778,2022-09-28 19:27:58,APPROVED
B_104264,ACC_1005345,ACC_1010963,2022-10-05 19:27:58,APPROVED
B_104265,ACC_1005347,ACC_1005186,2021-05-31 20:49:59,APPROVED
B_104266,ACC_1005347,ACC_1001462,2021-05-27 20:49:59,APPROVED
B_104267,ACC_1005347,ACC_1010612,2021-05-30 20:49:59,APPROVED
B_104268,ACC_1005350,ACC_1009595,2024-09-10 04:10:29,APPROVED
B_104269,ACC_1005350,ACC_1012367,2024-09-07 04:10:29,APPROVED
B_104270,ACC_1005352,ACC_1000862,2018-08-11 07:08:08,APPROVED
B_104271,ACC_1005357,ACC_1008804,2019-06-11 18:52:26,APPROVED
B_104272,ACC_1005363,ACC_1014569,2025-10-24 19:22:54,APPROVED
B_104273,ACC_1005363,ACC_1006840,2025-10-23 19:22:54,APPROVED
B_104274,ACC_1005364,ACC_1010025,2025-01-16 06:53:37,APPROVED
B_104275,ACC_1005365,ACC_1003410,2020-06-01 05:44:32,APPROVED
B_104276,ACC_1005365,ACC_1006942,2020-06-04 05:44:32,APPROVED
B_104277,ACC_1005366,ACC_1013624,2023-05-09 20:29:12,APPROVED
B_104278,ACC_1005366,ACC_1012944,2023-05-14 20:29:12,APPROVED
B_104279,ACC_1005369,ACC_1010145,2025-08-02 09:00:51,APPROVED
B_104280,ACC_1005369,ACC_1009509,2025-08-09 09:00:51,APPROVED
B_104281,ACC_1005373,ACC_1002668,2025-06-13 17:21:02,APPROVED
B_104282,ACC_1005373,ACC_1006299,2025-06-13 17:21:02,APPROVED
B_104283,ACC_1005374,ACC_1002548,2025-06-05 01:03:02,APPROVED
B_104284,ACC_1005374,ACC_1002501,2025-06-03 01:03:02,APPROVED
B_104285,ACC_1005374,ACC_1001273,2025-06-01 01:03:02,APPROVED
B_104286,ACC_1005376,ACC_1007953,2016-09-28 18:28:19,APPROVED
B_104287,ACC_1005376,ACC_1006660,2016-10-05 18:28:19,APPROVED
B_104288,ACC_1005376,ACC_1004059,2016-09-30 18:28:19,APPROVED
B_104289,ACC_1005377,ACC_1007386,2025-07-14 21:24:53,APPROVED
B_104290,ACC_1005379,ACC_1004241,2023-11-27 04:54:23,APPROVED
B_104291,ACC_1005379,ACC_1013855,2023-11-25 04:54:23,PENDING
B_104292,ACC_1005379,ACC_1000723,2023-11-20 04:54:23,APPROVED
B_104293,ACC_1005381,ACC_1003578,2022-09-28 15:41:22,APPROVED
B_104294,ACC_1005382,ACC_1008619,2023-10-13 11:34:50,APPROVED
B_104295,ACC_1005382,ACC_1001409,2023-10-13 11:34:50,PENDING
B_104296,ACC_1005383,ACC_1006238,2025-10-27 14:21:54,APPROVED
B_104297,ACC_1005383,ACC_1013543,2025-10-25 14:21:54,APPROVED
B_104298,ACC_1005383,ACC_1008601,2025-10-28 14:21:54,APPROVED
B_104299,ACC_1005386,ACC_1008176,2019-02-01 20:47:58,APPROVED
B_104300,ACC_1005386,ACC_1006462,2019-02-06 20:47:58,APPROVED
B_104301,ACC_1005386,ACC_1008385,2019-02-05 20:47:58,APPROVED
B_104302,ACC_1005387,ACC_1003653,2019-02-09 04:46:58,APPROVED
B_104303,ACC_1005387,ACC_1013254,2019-02-03 04:46:58,APPROVED
B_104304,ACC_1005387,ACC_1006751,2019-02-04 04:46:58,APPROVED
B_104305,ACC_1005388,ACC_1000406,2019-02-09 12:38:58,APPROVED
B_104306,ACC_1005391,ACC_1010473,2021-01-09 17:50:17,APPROVED
B_104307,ACC_1005391,ACC_1005491,2021-01-02 17:50:17,APPROVED
B_104308,ACC_1005394,ACC_1006955,2018-06-14 13:31:28,APPROVED
B_104309,ACC_1005394,ACC_1000570,2018-06-16 13:31:28,APPROVED
B_104310,ACC_1005395,ACC_1003911,2018-06-13 22:30:28,PENDING
B_104311,ACC_1005395,ACC_1006276,2018-06-15 22:30:28,APPROVED
B_104312,ACC_1005396,ACC_1010405,2016-06-02 18:13:04,APPROVED
B_104313,ACC_1005396,ACC_1008164,2016-05-25 18:13:04,APPROVED
B_104314,ACC_1005398,ACC_1005156,2021-09-03 05:59:08,APPROVED
B_104315,ACC_1005398,ACC_1012206,2021-08-25 05:59:08,APPROVED
B_104316,ACC_1005398,ACC_1009443,2021-08-25 05:59:08,APPROVED
B_104317,ACC_1005401,ACC_1011569,2024-11-16 00:11:13,APPROVED
B_104318,ACC_1005401,ACC_1008532,2024-11-21 00:11:13,APPROVED
B_104319,ACC_1005405,ACC_1002280,2017-03-17 22:02:30,APPROVED
B_104320,ACC_1005405,ACC_1009539,2017-03-09 22:02:30,APPROVED
B_104321,ACC_1005409,ACC_1007152,2019-01-02 00:12:10,APPROVED
B_104322,ACC_1005409,ACC_1000919,2019-01-01 00:12:10,APPROVED
B_104323,ACC_1005409,ACC_1002958,2019-01-01 00:12:10,APPROVED
B_104324,ACC_1005410,ACC_1012460,2018-12-25 04:23:10,APPROVED
B_104325,ACC_1005410,ACC_1014329,2018-12-25 04:23:10,PENDING
B_104326,ACC_1005412,ACC_1009172,2016-10-22 00:41:49,APPROVED
B_104327,ACC_1005413,ACC_1010358,2019-02-13 19:06:28,APPROVED
B_104328,ACC_1005413,ACC_1009752,2019-02-06 19:06:28,APPROVED
B_104329,ACC_1005413,ACC_1004115,2019-02-14 19:06:28,PENDING
B_104330,ACC_1005414,ACC_1008296,2019-02-17 15:25:28,APPROVED
B_104331,ACC_1005414,ACC_1008338,2019-02-24 15:25:28,APPROVED
B_104332,ACC_1005414,ACC_1006100,2019-02-24 15:25:28,APPROVED
B_104333,ACC_1005416,ACC_1006029,2024-01-28 00:27:10,APPROVED
B_104334,ACC_1005416,ACC_1001874,2024-01-31 00:27:10,APPROVED
B_104335,ACC_1005416,ACC_1014373,2024-01-30 00:27:10,APPROVED
B_104336,ACC_1005417,ACC_1004322,2024-06-27 01:23:50,APPROVED
B_104337,ACC_1005417,ACC_1003819,2024-07-03 01:23:50,APPROVED
B_104338,ACC_1005417,ACC_1008543,2024-06-28 01:23:50,APPROVED
B_104339,ACC_1005421,ACC_1011940,2023-12-05 05:29:42,APPROVED
B_104340,ACC_1005421,ACC_1001808,2023-12-06 05:29:42,APPROVED
B_104341,ACC_1005422,ACC_1007618,2023-11-05 08:39:42,APPROVED
B_104342,ACC_1005424,ACC_1004470,2018-08-10 19:46:33,APPROVED
B_104343,ACC_1005424,ACC_1012981,2018-08-11 19:46:33,APPROVED
B_104344,ACC_1005429,ACC_1004779,2023-01-04 17:43:07,APPROVED
B_104345,ACC_1005429,ACC_1007493,2022-12-29 17:43:07,APPROVED
B_104346,ACC_1005429,ACC_1001773,2023-01-05 17:43:07,APPROVED
B_104347,ACC_1005433,ACC_1000656,2017-06-19 17:50:38,APPROVED
B_104348,ACC_1005433,ACC_1000163,2017-06-26 17:50:38,APPROVED
B_104349,ACC_1005435,ACC_1012534,2024-01-19 03:07:52,APPROVED
B_104350,ACC_1005435,ACC_1009632,2024-01-24 03:07:52,APPROVED
B_104351,ACC_1005435,ACC_1004696,2024-01-19 03:07:52,APPROVED
B_104352,ACC_1005436,ACC_1014975,2021-04-18 06:58:57,APPROVED
B_104353,ACC_1005436,ACC_1005867,2021-04-22 06:58:57,APPROVED
B_104354,ACC_1005436,ACC_1004781,2021-04-18 06:58:57,APPROVED
B_104355,ACC_1005437,ACC_1014195,2021-04-19 12:22:57,APPROVED
B_104356,ACC_1005437,ACC_1010649,2021-04-23 12:22:57,APPROVED
B_104357,ACC_1005437,ACC_1012037,2021-04-19 12:22:57,APPROVED
B_104358,ACC_1005444,ACC_1014278,2017-11-24 15:08:37,APPROVED
B_104359,ACC_1005444,ACC_1001986,2017-11-30 15:08:37,APPROVED
B_104360,ACC_1005444,ACC_1012187,2017-11-29 15:08:37,APPROVED
B_104361,ACC_1005447,ACC_1004847,2025-05-13 15:50:34,APPROVED
B_104362,ACC_1005447,ACC_1009755,2025-05-08 15:50:34,APPROVED
B_104363,ACC_1005449,ACC_1012469,2022-01-12 21:00:50,APPROVED
B_104364,ACC_1005450,ACC_1009710,2024-06-16 01:09:01,APPROVED
B_104365,ACC_1005450,ACC_1009984,2024-06-16 01:09:01,APPROVED
B_104366,ACC_1005451,ACC_1013952,2023-02-14 20:21:44,APPROVED
B_104367,ACC_1005451,ACC_1005253,2023-02-13 20:21:44,APPROVED
B_104368,ACC_1005451,ACC_1007939,2023-02-11 20:21:44,APPROVED
B_104369,ACC_1005452,ACC_1012961,2021-08-11 20:40:43,APPROVED
B_104370,ACC_1005452,ACC_1002104,2021-08-12 20:40:43,APPROVED
B_104371,ACC_1005453,ACC_1008590,2020-12-04 03:58:09,APPROVED
B_104372,ACC_1005454,ACC_1012873,2016-09-30 14:11:09,APPROVED
B_104373,ACC_1005454,ACC_1007197,2016-10-05 14:11:09,APPROVED
B_104374,ACC_1005455,ACC_1007365,2020-06-21 22:12:24,APPROVED
B_104375,ACC_1005460,ACC_1001265,2024-06-27 05:51:51,APPROVED
B_104376,ACC_1005460,ACC_1004066,2024-06-25 05:51:51,APPROVED
B_104377,ACC_1005462,ACC_1012813,2024-01-15 23:04:06,APPROVED
B_104378,ACC_1005469,ACC_1013680,2024-09-16 12:43:09,APPROVED
B_104379,ACC_1005469,ACC_1011527,2024-09-19 12:43:09,APPROVED
B_104380,ACC_1005469,ACC_1008648,2024-09-22 12:43:09,APPROVED
B_104381,ACC_1005470,ACC_1000890,2024-09-07 04:56:09,APPROVED
B_104382,ACC_1005470,ACC_1013348,2024-09-14 04:56:09,APPROVED
B_104383,ACC_1005470,ACC_1013536,2024-09-11 04:56:09,PENDING
B_104384,ACC_1005471,ACC_1001990,2022-07-04 04:21:09,APPROVED
B_104385,ACC_1005471,ACC_1000342,2022-07-07 04:21:09,APPROVED
B_104386,ACC_1005472,ACC_1014679,2022-07-30 03:05:09,APPROVED
B_104387,ACC_1005472,ACC_1007615,2022-07-28 03:05:09,APPROVED
B_104388,ACC_1005474,ACC_1012871,2023-11-11 21:29:13,APPROVED
B_104389,ACC_1005474,ACC_1005021,2023-11-09 21:29:13,APPROVED
B_104390,ACC_1005476,ACC_1014242,2021-10-31 23:12:56,APPROVED
B_104391,ACC_1005476,ACC_1008535,2021-10-31 23:12:56,APPROVED
B_104392,ACC_1005476,ACC_1009834,2021-10-30 23:12:56,PENDING
B_104393,ACC_1005478,ACC_1014677,2021-07-04 00:36:52,APPROVED
B_104394,ACC_1005478,ACC_1004091,2021-06-30 00:36:52,APPROVED
B_104395,ACC_1005481,ACC_1012856,2022-06-09 17:56:00,APPROVED
B_104396,ACC_1005481,ACC_1009344,2022-06-15 17:56:00,APPROVED
B_104397,ACC_1005481,ACC_1014746,2022-06-11 17:56:00,APPROVED
B_104398,ACC_1005482,ACC_1005194,2025-05-13 23:16:44,APPROVED
B_104399,ACC_1005484,ACC_1009471,2017-10-15 07:40:26,APPROVED
B_104400,ACC_1005484,ACC_1014699,2017-10-21 07:40:26,APPROVED
B_104401,ACC_1005486,ACC_1012774,2022-10-22 00:29:27,APPROVED
B_104402,ACC_1005486,ACC_1011486,2022-10-26 00:29:27,APPROVED
B_104403,ACC_1005486,ACC_1014509,2022-10-18 00:29:27,APPROVED
B_104404,ACC_1005488,ACC_1014190,2023-07-29 05:29:19,APPROVED
B_104405,ACC_1005488,ACC_1005972,2023-08-05 05:29:19,APPROVED
B_104406,ACC_1005489,ACC_1011063,2023-08-03 09:55:19,PENDING
B_104407,ACC_1005489,ACC_1010853,2023-08-03 09:55:19,APPROVED
B_104408,ACC_1005492,ACC_1014630,2016-12-06 20:34:12,APPROVED
B_104409,ACC_1005493,ACC_1010621,2020-08-12 07:26:42,APPROVED
B_104410,ACC_1005493,ACC_1014607,2020-08-06 07:26:42,APPROVED
B_104411,ACC_1005493,ACC_1006064,2020-08-10 07:26:42,APPROVED
B_104412,ACC_1005497,ACC_1002109,2018-09-05 10:43:51,APPROVED
B_104413,ACC_1005497,ACC_1011723,2018-09-04 10:43:51,APPROVED
B_104414,ACC_1005498,ACC_1006117,2022-05-28 11:17:46,APPROVED
B_104415,ACC_1005498,ACC_1001795,2022-05-21 11:17:46,APPROVED
B_104416,ACC_1005498,ACC_1010074,2022-05-28 11:17:46,APPROVED
B_104417,ACC_1005499,ACC_1012611,2022-06-06 04:34:46,APPROVED
B_104418,ACC_1005499,ACC_1003021,2022-06-09 04:34:46,APPROVED
B_104419,ACC_1005500,ACC_1009184,2018-11-30 03:31:40,APPROVED
B_104420,ACC_1005504,ACC_1001754,2016-09-12 13:19:51,APPROVED
B_104421,ACC_1005504,ACC_1009279,2016-09-15 13:19:51,APPROVED
B_104422,ACC_1005505,ACC_1012688,2016-09-27 14:04:51,APPROVED
B_104423,ACC_1005505,ACC_1004633,2016-09-22 14:04:51,PENDING
B_104424,ACC_1005505,ACC_1013345,2016-09-24 14:04:51,APPROVED
B_104425,ACC_1005507,ACC_1014980,2018-05-25 08:01:46,APPROVED
B_104426,ACC_1005507,ACC_1007361,2018-05-19 08:01:46,APPROVED
B_104427,ACC_1005508,ACC_1004009,2018-05-05 10:18:46,APPROVED
B_104428,ACC_1005508,ACC_1011885,2018-05-04 10:18:46,APPROVED
B_104429,ACC_1005510,ACC_1010768,2016-02-11 03:07:47,APPROVED
B_104430,ACC_1005510,ACC_1011222,2016-02-11 03:07:47,APPROVED
B_104431,ACC_1005510,ACC_1001912,2016-02-11 03:07:47,PENDING
B_104432,ACC_1005517,ACC_1013200,2021-07-25 07:44:24,APPROVED
B_104433,ACC_1005517,ACC_1012962,2021-07-20 07:44:24,APPROVED
B_104434,ACC_1005518,ACC_1008257,2018-09-12 17:36:41,APPROVED
B_104435,ACC_1005518,ACC_1013346,2018-09-08 17:36:41,APPROVED
B_104436,ACC_1005519,ACC_1008036,2018-09-13 06:35:41,APPROVED
B_104437,ACC_1005521,ACC_1014677,2017-01-22 16:54:20,APPROVED
B_104438,ACC_1005521,ACC_1006298,2017-01-19 16:54:20,APPROVED
B_104439,ACC_1005528,ACC_1014896,2023-08-26 09:26:49,APPROVED
B_104440,ACC_1005528,ACC_1014619,2023-08-20 09:26:49,APPROVED
B_104441,ACC_1005530,ACC_1004403,2016-02-25 20:29:23,APPROVED
B_104442,ACC_1005530,ACC_1002438,2016-02-23 20:29:23,APPROVED
B_104443,ACC_1005530,ACC_1013951,2016-02-25 20:29:23,APPROVED
B_104444,ACC_1005532,ACC_1007735,2022-08-07 06:29:39,APPROVED
B_104445,ACC_1005532,ACC_1006394,2022-08-09 06:29:39,APPROVED
B_104446,ACC_1005532,ACC_1011106,2022-08-12 06:29:39,APPROVED
B_104447,ACC_1005534,ACC_1013251,2020-08-21 23:11:11,APPROVED
B_104448,ACC_1005534,ACC_1011551,2020-08-16 23:11:11,APPROVED
B_104449,ACC_1005534,ACC_1008784,2020-08-21 23:11:11,APPROVED
B_104450,ACC_1005536,ACC_1007305,2020-08-13 04:15:11,APPROVED
B_104451,ACC_1005542,ACC_1011693,2025-11-15 19:03:05,APPROVED
B_104452,ACC_1005542,ACC_1004760,2025-11-15 19:03:05,APPROVED
B_104453,ACC_1005542,ACC_1010113,2025-11-16 19:03:05,APPROVED
B_104454,ACC_1005543,ACC_1000879,2025-11-11 08:01:05,APPROVED
B_104455,ACC_1005545,ACC_1004675,2023-06-06 01:37:57,APPROVED
B_104456,ACC_1005545,ACC_1013159,2023-05-31 01:37:57,APPROVED
B_104457,ACC_1005545,ACC_1008740,2023-06-05 01:37:57,APPROVED
B_104458,ACC_1005546,ACC_1004452,2023-01-31 08:22:18,APPROVED
B_104459,ACC_1005546,ACC_1010342,2023-02-02 08:22:18,APPROVED
B_104460,ACC_1005546,ACC_1002988,2023-01-30 08:22:18,APPROVED
B_104461,ACC_1005548,ACC_1004213,2023-01-24 06:02:18,APPROVED
B_104462,ACC_1005548,ACC_1008364,2023-01-25 06:02:18,APPROVED
B_104463,ACC_1005548,ACC_1009131,2023-01-20 06:02:18,APPROVED
B_104464,ACC_1005549,ACC_1000223,2022-07-02 07:22:33,APPROVED
B_104465,ACC_1005550,ACC_1011210,2022-01-10 00:43:03,APPROVED
B_104466,ACC_1005551,ACC_1002662,2025-06-08 18:16:03,APPROVED
B_104467,ACC_1005552,ACC_1000530,2018-07-08 05:48:22,APPROVED
B_104468,ACC_1005553,ACC_1005084,2016-07-02 04:54:52,APPROVED
B_104469,ACC_1005553,ACC_1010401,2016-07-02 04:54:52,APPROVED
B_104470,ACC_1005555,ACC_1010892,2020-05-29 22:37:33,APPROVED
B_104471,ACC_1005555,ACC_1001538,2020-05-29 22:37:33,APPROVED
B_104472,ACC_1005555,ACC_1003122,2020-05-23 22:37:33,APPROVED
B_104473,ACC_1005556,ACC_1011759,2020-05-23 08:25:02,APPROVED
B_104474,ACC_1005558,ACC_1005863,2020-05-23 00:29:02,APPROVED
B_104475,ACC_1005558,ACC_1007035,2020-05-25 00:29:02,PENDING
B_104476,ACC_1005561,ACC_1008766,2023-04-24 04:51:29,PENDING
B_104477,ACC_1005564,ACC_1002240,2019-04-16 16:42:55,APPROVED
B_104478,ACC_1005564,ACC_1004417,2019-04-11 16:42:55,APPROVED
B_104479,ACC_1005569,ACC_1011684,2021-09-13 14:43:52,APPROVED
B_104480,ACC_1005573,ACC_1007359,2017-08-10 12:06:02,APPROVED
B_104481,ACC_1005573,ACC_1004824,2017-08-08 12:06:02,APPROVED
B_104482,ACC_1005579,ACC_1004097,2019-04-16 02:34:09,APPROVED
B_104483,ACC_1005579,ACC_1006947,2019-04-16 02:34:09,APPROVED
B_104484,ACC_1005579,ACC_1000028,2019-04-18 02:34:09,APPROVED
B_104485,ACC_1005581,ACC_1005282,2020-04-22 11:29:13,APPROVED
B_104486,ACC_1005581,ACC_1014160,2020-04-25 11:29:13,APPROVED
B_104487,ACC_1005584,ACC_1003985,2020-06-03 12:53:15,APPROVED
B_104488,ACC_1005584,ACC_1005249,2020-06-05 12:53:15,APPROVED
B_104489,ACC_1005590,ACC_1013564,2021-07-14 04:45:12,APPROVED
B_104490,ACC_1005590,ACC_1007423,2021-07-19 04:45:12,APPROVED
B_104491,ACC_1005590,ACC_1002776,2021-07-14 04:45:12,APPROVED
B_104492,ACC_1005594,ACC_1010570,2018-07-26 02:40:53,APPROVED
B_104493,ACC_1005594,ACC_1002812,2018-08-01 02:40:53,APPROVED
B_104494,ACC_1005594,ACC_1010912,2018-07-28 02:40:53,APPROVED
B_104495,ACC_1005597,ACC_1000118,2024-02-09 19:26:57,APPROVED
B_104496,ACC_1005597,ACC_1012977,2024-02-03 19:26:57,APPROVED
B_104497,ACC_1005599,ACC_1009170,2021-04-21 21:54:19,APPROVED
B_104498,ACC_1005599,ACC_1001523,2021-04-25 21:54:19,APPROVED
B_104499,ACC_1005608,ACC_1010783,2018-11-16 14:15:59,APPROVED
B_104500,ACC_1005608,ACC_1004968,2018-11-22 14:15:59,APPROVED
B_104501,ACC_1005609,ACC_1007973,2019-01-05 22:32:12,APPROVED
B_104502,ACC_1005610,ACC_1000708,2018-12-20 15:46:12,APPROVED
B_104503,ACC_1005610,ACC_1009380,2018-12-17 15:46:12,APPROVED
B_104504,ACC_1005610,ACC_1000485,2018-12-18 15:46:12,APPROVED
B_104505,ACC_1005613,ACC_1007198,2024-01-06 05:21:40,APPROVED
B_104506,ACC_1005614,ACC_1006413,2023-12-26 23:38:40,APPROVED
B_104507,ACC_1005614,ACC_1007374,2023-12-30 23:38:40,APPROVED
B_104508,ACC_1005614,ACC_1004634,2023-12-26 23:38:40,APPROVED
B_104509,ACC_1005616,ACC_1001350,2017-01-02 16:27:15,APPROVED
B_104510,ACC_1005619,ACC_1008174,2018-04-30 05:16:28,APPROVED
B_104511,ACC_1005619,ACC_1011788,2018-05-01 05:16:28,APPROVED
B_104512,ACC_1005619,ACC_1005036,2018-05-02 05:16:28,APPROVED
B_104513,ACC_1005628,ACC_1009235,2021-08-11 14:48:01,APPROVED
B_104514,ACC_1005628,ACC_1002572,2021-08-12 14:48:01,APPROVED
B_104515,ACC_1005631,ACC_1004434,2019-01-08 03:39:14,APPROVED
B_104516,ACC_1005632,ACC_1011653,2024-04-25 03:54:40,APPROVED
B_104517,ACC_1005632,ACC_1007789,2024-04-26 03:54:40,APPROVED
B_104518,ACC_1005637,ACC_1006119,2022-01-18 22:58:31,APPROVED
B_104519,ACC_1005637,ACC_1012926,2022-01-21 22:58:31,APPROVED
B_104520,ACC_1005642,ACC_1003793,2018-08-23 21:32:26,APPROVED
B_104521,ACC_1005642,ACC_1005260,2018-08-26 21:32:26,APPROVED
B_104522,ACC_1005651,ACC_1001920,2021-07-10 09:03:46,APPROVED
B_104523,ACC_1005653,ACC_1002793,2019-07-17 07:06:04,APPROVED
B_104524,ACC_1005654,ACC_1009940,2023-05-27 15:51:18,APPROVED
B_104525,ACC_1005654,ACC_1014890,2023-06-02 15:51:18,APPROVED
B_104526,ACC_1005654,ACC_1009719,2023-06-02 15:51:18,APPROVED
B_104527,ACC_1005656,ACC_1000556,2016-12-08 16:10:12,APPROVED
B_104528,ACC_1005656,ACC_1006889,2016-12-07 16:10:12,APPROVED
B_104529,ACC_1005665,ACC_1008283,2020-12-30 14:27:10,APPROVED
B_104530,ACC_1005665,ACC_1012026,2020-12-30 14:27:10,APPROVED
B_104531,ACC_1005667,ACC_1009868,2019-10-18 08:50:23,APPROVED
B_104532,ACC_1005671,ACC_1008782,2023-03-22 03:37:08,APPROVED
B_104533,ACC_1005671,ACC_1009624,2023-03-15 03:37:08,APPROVED
B_104534,ACC_1005676,ACC_1008009,2025-11-19 03:55:00,APPROVED
B_104535,ACC_1005676,ACC_1001643,2025-11-16 03:55:00,APPROVED
B_104536,ACC_1005679,ACC_1011088,2025-03-21 14:17:23,APPROVED
B_104537,ACC_1005679,ACC_1000374,2025-03-21 14:17:23,APPROVED
B_104538,ACC_1005680,ACC_1005439,2025-09-29 06:06:25,APPROVED
B_104539,ACC_1005680,ACC_1012615,2025-09-22 06:06:25,APPROVED
B_104540,ACC_1005680,ACC_1011670,2025-09-22 06:06:25,APPROVED
B_104541,ACC_1005681,ACC_1012758,2025-10-05 04:42:25,APPROVED
B_104542,ACC_1005681,ACC_1003211,2025-10-09 04:42:25,APPROVED
B_104543,ACC_1005682,ACC_1003704,2021-01-21 06:14:40,PENDING
B_104544,ACC_1005682,ACC_1002198,2021-01-27 06:14:40,APPROVED
B_104545,ACC_1005683,ACC_1004482,2021-12-21 08:09:03,APPROVED
B_104546,ACC_1005683,ACC_1000828,2021-12-24 08:09:03,APPROVED
B_104547,ACC_1005685,ACC_1007192,2018-04-01 16:09:50,APPROVED
B_104548,ACC_1005687,ACC_1001761,2020-04-20 07:59:47,APPROVED
B_104549,ACC_1005687,ACC_1011948,2020-04-15 07:59:47,APPROVED
B_104550,ACC_1005689,ACC_1010353,2024-02-07 16:47:56,APPROVED
B_104551,ACC_1005689,ACC_1004477,2024-02-13 16:47:56,APPROVED
B_104552,ACC_1005689,ACC_1008608,2024-02-15 16:47:56,APPROVED
B_104553,ACC_1005692,ACC_1008698,2018-05-30 11:23:28,PENDING
B_104554,ACC_1005702,ACC_1001836,2019-12-05 21:03:00,APPROVED
B_104555,ACC_1005703,ACC_1003749,2019-12-09 13:35:00,APPROVED
B_104556,ACC_1005703,ACC_1014870,2019-12-04 13:35:00,APPROVED
B_104557,ACC_1005704,ACC_1004737,2025-09-21 08:28:07,APPROVED
B_104558,ACC_1005704,ACC_1000974,2025-09-28 08:28:07,APPROVED
B_104559,ACC_1005705,ACC_1014707,2023-11-24 17:52:28,APPROVED
B_104560,ACC_1005705,ACC_1003803,2023-11-22 17:52:28,APPROVED
B_104561,ACC_1005705,ACC_1013605,2023-11-26 17:52:28,APPROVED
B_104562,ACC_1005707,ACC_1013798,2025-09-23 05:57:08,APPROVED
B_104563,ACC_1005708,ACC_1012232,2022-09-05 05:57:57,APPROVED
B_104564,ACC_1005708,ACC_1000818,2022-09-10 05:57:57,APPROVED
B_104565,ACC_1005708,ACC_1012025,2022-09-11 05:57:57,APPROVED
B_104566,ACC_1005709,ACC_1012667,2022-09-02 07:20:57,APPROVED
B_104567,ACC_1005709,ACC_1007025,2022-09-07 07:20:57,APPROVED
B_104568,ACC_1005710,ACC_1014160,2022-08-25 23:24:57,APPROVED
B_104569,ACC_1005711,ACC_1009427,2016-02-26 21:37:39,APPROVED
B_104570,ACC_1005711,ACC_1005395,2016-02-25 21:37:39,APPROVED
B_104571,ACC_1005711,ACC_1002633,2016-02-25 21:37:39,APPROVED
B_104572,ACC_1005716,ACC_1001188,2025-06-19 08:21:21,APPROVED
B_104573,ACC_1005716,ACC_1009859,2025-06-17 08:21:21,APPROVED
B_104574,ACC_1005717,ACC_1013396,2025-10-25 08:03:49,APPROVED
B_104575,ACC_1005720,ACC_1003969,2018-12-15 19:04:36,APPROVED
B_104576,ACC_1005720,ACC_1004398,2018-12-13 19:04:36,APPROVED
B_104577,ACC_1005722,ACC_1007082,2025-04-12 06:35:43,APPROVED
B_104578,ACC_1005722,ACC_1002040,2025-04-19 06:35:43,APPROVED
B_104579,ACC_1005722,ACC_1004064,2025-04-18 06:35:43,APPROVED
B_104580,ACC_1005725,ACC_1014685,2016-04-05 14:25:35,APPROVED
B_104581,ACC_1005725,ACC_1013043,2016-04-06 14:25:35,APPROVED
B_104582,ACC_1005726,ACC_1013347,2025-07-10 20:32:20,APPROVED
B_104583,ACC_1005726,ACC_1012794,2025-07-11 20:32:20,APPROVED
B_104584,ACC_1005726,ACC_1008490,2025-07-10 20:32:20,APPROVED
B_104585,ACC_1005727,ACC_1009126,2025-07-08 19:55:20,APPROVED
B_104586,ACC_1005729,ACC_1011543,2019-12-12 02:01:30,APPROVED
B_104587,ACC_1005730,ACC_1013825,2025-04-11 15:45:24,APPROVED
B_104588,ACC_1005732,ACC_1012831,2017-08-29 09:45:14,APPROVED
B_104589,ACC_1005732,ACC_1012889,2017-08-27 09:45:14,APPROVED
B_104590,ACC_1005734,ACC_1009167,2021-12-28 18:19:57,APPROVED
B_104591,ACC_1005735,ACC_1011593,2022-01-06 13:09:57,APPROVED
B_104592,ACC_1005736,ACC_1012421,2021-12-20 16:32:57,PENDING
B_104593,ACC_1005737,ACC_1014997,2021-10-28 11:18:44,APPROVED
B_104594,ACC_1005739,ACC_1010169,2021-02-23 07:51:54,APPROVED
B_104595,ACC_1005739,ACC_1013551,2021-02-27 07:51:54,APPROVED
B_104596,ACC_1005739,ACC_1002714,2021-02-19 07:51:54,APPROVED
B_104597,ACC_1005740,ACC_1002192,2021-02-24 05:51:54,APPROVED
B_104598,ACC_1005740,ACC_1007948,2021-03-02 05:51:54,APPROVED
B_104599,ACC_1005740,ACC_1004183,2021-02-23 05:51:54,APPROVED
B_104600,ACC_1005744,ACC_1005420,2019-04-25 01:00:43,APPROVED
B_104601,ACC_1005744,ACC_1004751,2019-04-28 01:00:43,APPROVED
B_104602,ACC_1005744,ACC_1007772,2019-04-25 01:00:43,APPROVED
B_104603,ACC_1005746,ACC_1012203,2024-09-19 16:44:28,APPROVED
B_104604,ACC_1005747,ACC_1000935,2017-07-20 06:22:14,APPROVED
B_104605,ACC_1005747,ACC_1012804,2017-07-23 06:22:14,APPROVED
B_104606,ACC_1005747,ACC_1005048,2017-07-25 06:22:14,APPROVED
B_104607,ACC_1005749,ACC_1013479,2017-07-07 16:42:14,APPROVED
B_104608,ACC_1005750,ACC_1003582,2021-07-23 13:59:07,APPROVED
B_104609,ACC_1005750,ACC_1010268,2021-07-15 13:59:07,APPROVED
B_104610,ACC_1005752,ACC_1011426,2021-02-03 13:34:09,APPROVED
B_104611,ACC_1005752,ACC_1003617,2021-02-02 13:34:09,APPROVED
B_104612,ACC_1005752,ACC_1006102,2021-02-07 13:34:09,APPROVED
B_104613,ACC_1005753,ACC_1007277,2021-07-24 20:29:42,APPROVED
B_104614,ACC_1005753,ACC_1004450,2021-07-27 20:29:42,APPROVED
B_104615,ACC_1005763,ACC_1006724,2017-02-10 22:56:28,APPROVED
B_104616,ACC_1005763,ACC_1001012,2017-02-10 22:56:28,APPROVED
B_104617,ACC_1005763,ACC_1013783,2017-02-16 22:56:28,APPROVED
B_104618,ACC_1005764,ACC_1002401,2021-05-09 12:41:29,APPROVED
B_104619,ACC_1005766,ACC_1014882,2021-05-12 01:57:29,APPROVED
B_104620,ACC_1005767,ACC_1013101,2016-08-06 05:12:48,APPROVED
B_104621,ACC_1005769,ACC_1006693,2025-12-18 08:36:49,APPROVED
B_104622,ACC_1005770,ACC_1008056,2024-12-01 11:50:34,PENDING
B_104623,ACC_1005771,ACC_1001535,2016-06-13 14:06:56,APPROVED
B_104624,ACC_1005771,ACC_1005467,2016-06-10 14:06:56,APPROVED
B_104625,ACC_1005771,ACC_1012565,2016-06-09 14:06:56,APPROVED
B_104626,ACC_1005772,ACC_1002721,2021-09-08 10:36:16,APPROVED
B_104627,ACC_1005773,ACC_1000975,2023-05-29 00:42:09,APPROVED
B_104628,ACC_1005773,ACC_1008978,2023-05-30 00:42:09,APPROVED
B_104629,ACC_1005775,ACC_1008121,2024-06-26 14:06:29,APPROVED
B_104630,ACC_1005776,ACC_1007687,2017-08-12 22:31:15,APPROVED
B_104631,ACC_1005776,ACC_1001023,2017-08-15 22:31:15,APPROVED
B_104632,ACC_1005776,ACC_1009992,2017-08-07 22:31:15,APPROVED
B_104633,ACC_1005778,ACC_1005871,2017-07-28 23:51:15,APPROVED
B_104634,ACC_1005779,ACC_1003695,2024-08-07 15:31:12,APPROVED
B_104635,ACC_1005780,ACC_1012626,2024-08-14 03:34:12,APPROVED
B_104636,ACC_1005782,ACC_1013579,2016-05-11 01:57:51,APPROVED
B_104637,ACC_1005782,ACC_1008270,2016-05-11 01:57:51,APPROVED
B_104638,ACC_1005782,ACC_1014921,2016-05-05 01:57:51,APPROVED
B_104639,ACC_1005783,ACC_1001887,2016-06-04 04:05:51,PENDING
B_104640,ACC_1005783,ACC_1007689,2016-06-05 04:05:51,APPROVED
B_104641,ACC_1005785,ACC_1005243,2020-08-04 17:42:27,APPROVED
B_104642,ACC_1005785,ACC_1007717,2020-08-05 17:42:27,APPROVED
B_104643,ACC_1005785,ACC_1009022,2020-08-04 17:42:27,APPROVED
B_104644,ACC_1005795,ACC_1002802,2017-06-02 12:31:47,APPROVED
B_104645,ACC_1005795,ACC_1004301,2017-06-05 12:31:47,APPROVED
B_104646,ACC_1005795,ACC_1013927,2017-06-10 12:31:47,APPROVED
B_104647,ACC_1005796,ACC_1007311,2023-02-14 02:27:20,APPROVED
B_104648,ACC_1005796,ACC_1013306,2023-02-17 02:27:20,APPROVED
B_104649,ACC_1005796,ACC_1002328,2023-02-10 02:27:20,APPROVED
B_104650,ACC_1005797,ACC_1004152,2023-01-31 04:43:20,APPROVED
B_104651,ACC_1005797,ACC_1003574,2023-02-01 04:43:20,APPROVED
B_104652,ACC_1005798,ACC_1002992,2023-02-23 01:32:20,APPROVED
B_104653,ACC_1005799,ACC_1003456,2021-05-06 20:06:55,APPROVED
B_104654,ACC_1005800,ACC_1001034,2021-04-19 06:08:55,APPROVED
B_104655,ACC_1005800,ACC_1000777,2021-04-22 06:08:55,APPROVED
B_104656,ACC_1005802,ACC_1003991,2016-10-16 04:30:06,APPROVED
B_104657,ACC_1005802,ACC_1003873,2016-10-16 04:30:06,APPROVED
B_104658,ACC_1005803,ACC_1003528,2018-10-24 13:32:24,PENDING
B_104659,ACC_1005803,ACC_1008330,2018-10-31 13:32:24,APPROVED
B_104660,ACC_1005805,ACC_1008897,2023-06-27 17:54:29,APPROVED
B_104661,ACC_1005805,ACC_1014038,2023-07-04 17:54:29,APPROVED
B_104662,ACC_1005805,ACC_1002274,2023-06-25 17:54:29,APPROVED
B_104663,ACC_1005807,ACC_1006053,2016-09-10 21:57:10,APPROVED
B_104664,ACC_1005807,ACC_1004616,2016-09-14 21:57:10,APPROVED
B_104665,ACC_1005807,ACC_1007160,2016-09-16 21:57:10,APPROVED
B_104666,ACC_1005809,ACC_1003857,2021-04-24 14:50:33,APPROVED
B_104667,ACC_1005814,ACC_1011146,2023-02-17 04:47:52,APPROVED
B_104668,ACC_1005814,ACC_1014716,2023-02-19 04:47:52,APPROVED
B_104669,ACC_1005816,ACC_1006163,2018-03-11 17:05:30,APPROVED
B_104670,ACC_1005816,ACC_1007705,2018-03-10 17:05:30,APPROVED
B_104671,ACC_1005816,ACC_1014531,2018-03-12 17:05:30,APPROVED
B_104672,ACC_1005819,ACC_1004308,2022-03-28 19:27:15,APPROVED
B_104673,ACC_1005819,ACC_1008067,2022-03-28 19:27:15,APPROVED
B_104674,ACC_1005822,ACC_1009063,2020-07-26 20:54:28,APPROVED
B_104675,ACC_1005822,ACC_1000560,2020-07-31 20:54:28,APPROVED
B_104676,ACC_1005827,ACC_1008472,2025-04-26 16:30:40,APPROVED
B_104677,ACC_1005827,ACC_1002707,2025-04-30 16:30:40,APPROVED
B_104678,ACC_1005828,ACC_1005541,2025-04-23 17:15:40,APPROVED
B_104679,ACC_1005829,ACC_1010443,2017-01-15 15:34:22,APPROVED
B_104680,ACC_1005835,ACC_1011092,2024-06-15 20:05:49,APPROVED
B_104681,ACC_1005835,ACC_1006645,2024-06-14 20:05:49,APPROVED
B_104682,ACC_1005835,ACC_1008618,2024-06-16 20:05:49,APPROVED
B_104683,ACC_1005836,ACC_1000114,2025-02-07 12:26:42,APPROVED
B_104684,ACC_1005836,ACC_1001626,2025-02-01 12:26:42,APPROVED
B_104685,ACC_1005842,ACC_1002090,2024-10-10 21:03:17,APPROVED
B_104686,ACC_1005843,ACC_1011981,2016-08-14 00:44:33,APPROVED
B_104687,ACC_1005843,ACC_1009927,2016-08-17 00:44:33,APPROVED
B_104688,ACC_1005843,ACC_1006448,2016-08-11 00:44:33,APPROVED
B_104689,ACC_1005846,ACC_1011073,2025-10-15 07:33:38,APPROVED
B_104690,ACC_1005847,ACC_1001358,2017-09-11 23:56:28,APPROVED
B_104691,ACC_1005847,ACC_1002196,2017-09-10 23:56:28,APPROVED
B_104692,ACC_1005848,ACC_1013071,2017-09-18 13:59:28,APPROVED
B_104693,ACC_1005848,ACC_1007745,2017-09-10 13:59:28,APPROVED
B_104694,ACC_1005848,ACC_1008284,2017-09-16 13:59:28,APPROVED
B_104695,ACC_1005850,ACC_1006481,2021-02-12 02:12:20,APPROVED
B_104696,ACC_1005850,ACC_1004723,2021-02-11 02:12:20,APPROVED
B_104697,ACC_1005850,ACC_1009779,2021-02-07 02:12:20,APPROVED
B_104698,ACC_1005852,ACC_1009864,2016-06-29 06:29:38,APPROVED
B_104699,ACC_1005862,ACC_1004021,2020-04-29 20:48:22,APPROVED
B_104700,ACC_1005863,ACC_1005137,2023-05-14 11:31:47,APPROVED
B_104701,ACC_1005863,ACC_1013262,2023-05-16 11:31:47,APPROVED
B_104702,ACC_1005863,ACC_1013950,2023-05-08 11:31:47,APPROVED
B_104703,ACC_1005865,ACC_1009838,2025-04-06 20:36:46,APPROVED
B_104704,ACC_1005865,ACC_1005016,2025-04-02 20:36:46,APPROVED
B_104705,ACC_1005869,ACC_1011661,2020-08-17 14:52:11,APPROVED
B_104706,ACC_1005869,ACC_1008551,2020-08-20 14:52:11,APPROVED
B_104707,ACC_1005871,ACC_1013480,2021-08-04 13:38:41,APPROVED
B_104708,ACC_1005871,ACC_1004220,2021-07-27 13:38:41,APPROVED
B_104709,ACC_1005871,ACC_1008830,2021-07-27 13:38:41,APPROVED
B_104710,ACC_1005872,ACC_1014589,2021-08-20 20:26:41,APPROVED
B_104711,ACC_1005872,ACC_1013671,2021-08-21 20:26:41,APPROVED
B_104712,ACC_1005873,ACC_1005270,2021-08-21 02:00:41,APPROVED
B_104713,ACC_1005873,ACC_1008897,2021-08-27 02:00:41,APPROVED
B_104714,ACC_1005877,ACC_1013543,2022-09-25 07:48:20,APPROVED
B_104715,ACC_1005877,ACC_1008951,2022-09-20 07:48:20,APPROVED
B_104716,ACC_1005877,ACC_1009665,2022-09-25 07:48:20,APPROVED
B_104717,ACC_1005879,ACC_1012554,2018-09-27 06:19:51,APPROVED
B_104718,ACC_1005879,ACC_1010073,2018-09-29 06:19:51,PENDING
B_104719,ACC_1005879,ACC_1002010,2018-09-23 06:19:51,APPROVED
B_104720,ACC_1005880,ACC_1006262,2017-04-14 22:38:09,APPROVED
B_104721,ACC_1005884,ACC_1002388,2016-12-15 18:25:08,APPROVED
B_104722,ACC_1005887,ACC_1000734,2017-04-24 13:53:11,APPROVED
B_104723,ACC_1005887,ACC_1007087,2017-04-22 13:53:11,APPROVED
B_104724,ACC_1005887,ACC_1004939,2017-04-15 13:53:11,APPROVED
B_104725,ACC_1005888,ACC_1002794,2017-04-22 01:26:11,APPROVED
B_104726,ACC_1005890,ACC_1006387,2023-04-11 10:37:12,APPROVED
B_104727,ACC_1005890,ACC_1012375,2023-04-19 10:37:12,APPROVED
B_104728,ACC_1005892,ACC_1007779,2021-07-28 08:45:57,APPROVED
B_104729,ACC_1005892,ACC_1003302,2021-07-27 08:45:57,APPROVED
B_104730,ACC_1005892,ACC_1007610,2021-08-02 08:45:57,APPROVED
B_104731,ACC_1005893,ACC_1013809,2023-06-17 01:27:12,APPROVED
B_104732,ACC_1005899,ACC_1008387,2025-07-24 10:28:53,APPROVED
B_104733,ACC_1005901,ACC_1008794,2019-06-04 11:32:42,APPROVED
B_104734,ACC_1005901,ACC_1004255,2019-05-30 11:32:42,APPROVED
B_104735,ACC_1005901,ACC_1000452,2019-05-28 11:32:42,APPROVED
B_104736,ACC_1005904,ACC_1002069,2022-08-23 04:30:10,APPROVED
B_104737,ACC_1005907,ACC_1011848,2025-08-31 14:48:23,APPROVED
B_104738,ACC_1005910,ACC_1005299,2023-01-05 10:31:22,APPROVED
B_104739,ACC_1005910,ACC_1000111,2023-01-05 10:31:22,APPROVED
B_104740,ACC_1005910,ACC_1007241,2023-01-03 10:31:22,APPROVED
B_104741,ACC_1005911,ACC_1003684,2019-09-01 12:29:03,APPROVED
B_104742,ACC_1005911,ACC_1014542,2019-09-01 12:29:03,APPROVED
B_104743,ACC_1005911,ACC_1007825,2019-08-28 12:29:03,PENDING
B_104744,ACC_1005915,ACC_1005773,2019-09-10 03:25:02,APPROVED
B_104745,ACC_1005916,ACC_1012961,2019-09-22 20:23:02,APPROVED
B_104746,ACC_1005916,ACC_1014427,2019-09-18 20:23:02,APPROVED
B_104747,ACC_1005921,ACC_1007527,2016-11-22 04:34:26,APPROVED
B_104748,ACC_1005921,ACC_1013064,2016-11-24 04:34:26,APPROVED
B_104749,ACC_1005921,ACC_1012435,2016-11-23 04:34:26,PENDING
B_104750,ACC_1005922,ACC_1003934,2016-11-30 22:43:26,APPROVED
B_104751,ACC_1005922,ACC_1010192,2016-12-04 22:43:26,APPROVED
B_104752,ACC_1005922,ACC_1005703,2016-11-30 22:43:26,APPROVED
B_104753,ACC_1005923,ACC_1002913,2016-11-24 23:07:27,APPROVED
B_104754,ACC_1005923,ACC_1006645,2016-11-26 23:07:27,APPROVED
B_104755,ACC_1005925,ACC_1012064,2016-10-12 04:53:36,APPROVED
B_104756,ACC_1005926,ACC_1005464,2016-10-26 23:30:36,APPROVED
B_104757,ACC_1005926,ACC_1000725,2016-10-22 23:30:36,APPROVED
B_104758,ACC_1005926,ACC_1012387,2016-10-19 23:30:36,APPROVED
B_104759,ACC_1005927,ACC_1008180,2022-01-09 12:50:30,APPROVED
B_104760,ACC_1005927,ACC_1003566,2022-01-09 12:50:30,APPROVED
B_104761,ACC_1005927,ACC_1005334,2022-01-09 12:50:30,APPROVED
B_104762,ACC_1005930,ACC_1009693,2019-06-16 09:56:39,APPROVED
B_104763,ACC_1005930,ACC_1006679,2019-06-15 09:56:39,APPROVED
B_104764,ACC_1005930,ACC_1013473,2019-06-13 09:56:39,APPROVED
B_104765,ACC_1005932,ACC_1011033,2016-12-27 22:01:43,APPROVED
B_104766,ACC_1005932,ACC_1010120,2016-12-21 22:01:43,APPROVED
B_104767,ACC_1005932,ACC_1004315,2016-12-26 22:01:43,APPROVED
B_104768,ACC_1005933,ACC_1002440,2017-01-01 03:18:43,APPROVED
B_104769,ACC_1005934,ACC_1011728,2017-01-13 19:00:43,APPROVED
B_104770,ACC_1005938,ACC_1000030,2025-12-31 05:24:50,APPROVED
B_104771,ACC_1005938,ACC_1002831,2026-01-01 05:24:50,APPROVED
B_104772,ACC_1005940,ACC_1014699,2022-02-01 02:28:51,APPROVED
B_104773,ACC_1005941,ACC_1001472,2019-09-19 14:23:17,APPROVED
B_104774,ACC_1005943,ACC_1004981,2019-08-02 01:20:05,APPROVED
B_104775,ACC_1005943,ACC_1005400,2019-08-02 01:20:05,APPROVED
B_104776,ACC_1005948,ACC_1008350,2018-09-03 23:55:07,APPROVED
B_104777,ACC_1005948,ACC_1014429,2018-08-28 23:55:07,APPROVED
B_104778,ACC_1005952,ACC_1014576,2023-06-07 13:40:58,APPROVED
B_104779,ACC_1005952,ACC_1011382,2023-06-10 13:40:58,APPROVED
B_104780,ACC_1005952,ACC_1006449,2023-06-11 13:40:58,APPROVED
B_104781,ACC_1005954,ACC_1011694,2023-06-09 09:20:58,APPROVED
B_104782,ACC_1005962,ACC_1001114,2022-03-26 13:38:45,APPROVED
B_104783,ACC_1005962,ACC_1000693,2022-03-27 13:38:45,APPROVED
B_104784,ACC_1005962,ACC_1003771,2022-03-25 13:38:45,APPROVED
B_104785,ACC_1005965,ACC_1006902,2024-10-16 12:57:37,APPROVED
B_104786,ACC_1005965,ACC_1007157,2024-10-15 12:57:37,PENDING
B_104787,ACC_1005972,ACC_1001711,2021-02-16 22:22:30,APPROVED
B_104788,ACC_1005976,ACC_1014279,2017-11-01 04:30:59,APPROVED
B_104789,ACC_1005976,ACC_1014494,2017-11-09 04:30:59,APPROVED
B_104790,ACC_1005982,ACC_1014157,2016-05-21 16:03:05,APPROVED
B_104791,ACC_1005982,ACC_1002483,2016-05-20 16:03:05,APPROVED
B_104792,ACC_1005983,ACC_1011875,2025-02-03 04:50:15,APPROVED
B_104793,ACC_1005983,ACC_1002553,2025-02-05 04:50:15,APPROVED
B_104794,ACC_1005983,ACC_1010929,2025-02-08 04:50:15,APPROVED
B_104795,ACC_1005984,ACC_1002944,2025-02-22 14:47:15,APPROVED
B_104796,ACC_1005985,ACC_1013775,2025-02-26 11:59:15,APPROVED
B_104797,ACC_1005985,ACC_1000122,2025-03-01 11:59:15,APPROVED
B_104798,ACC_1005985,ACC_1013269,2025-02-28 11:59:15,APPROVED
B_104799,ACC_1005988,ACC_1004509,2016-09-17 16:03:46,APPROVED
B_104800,ACC_1005988,ACC_1008339,2016-09-19 16:03:46,APPROVED
B_104801,ACC_1005988,ACC_1000028,2016-09-19 16:03:46,APPROVED
B_104802,ACC_1005989,ACC_1007345,2023-09-08 05:32:23,APPROVED
B_104803,ACC_1005992,ACC_1014406,2022-01-12 16:38:43,PENDING
B_104804,ACC_1005992,ACC_1008434,2022-01-10 16:38:43,APPROVED
B_104805,ACC_1005996,ACC_1011854,2023-12-11 19:24:00,APPROVED
B_104806,ACC_1005996,ACC_1002923,2023-12-11 19:24:00,APPROVED
B_104807,ACC_1005997,ACC_1007846,2023-12-06 18:15:00,APPROVED
B_104808,ACC_1006000,ACC_1013317,2022-01-19 15:31:27,APPROVED
B_104809,ACC_1006002,ACC_1012044,2017-03-13 19:44:46,APPROVED
B_104810,ACC_1006002,ACC_1013468,2017-03-11 19:44:46,APPROVED
B_104811,ACC_1006002,ACC_1007699,2017-03-10 19:44:46,APPROVED
B_104812,ACC_1006003,ACC_1012289,2024-05-18 06:23:25,APPROVED
B_104813,ACC_1006003,ACC_1012377,2024-05-20 06:23:25,APPROVED
B_104814,ACC_1006004,ACC_1009945,2022-10-19 04:01:37,APPROVED
B_104815,ACC_1006004,ACC_1001435,2022-10-12 04:01:37,APPROVED
B_104816,ACC_1006005,ACC_1011510,2026-01-17 15:51:48,APPROVED
B_104817,ACC_1006009,ACC_1005584,2021-05-12 07:45:08,APPROVED
B_104818,ACC_1006011,ACC_1005767,2023-09-28 10:52:53,APPROVED
B_104819,ACC_1006017,ACC_1003627,2017-08-27 21:09:09,APPROVED
B_104820,ACC_1006017,ACC_1006769,2017-08-31 21:09:09,APPROVED
B_104821,ACC_1006017,ACC_1002680,2017-08-27 21:09:09,APPROVED
B_104822,ACC_1006018,ACC_1001840,2019-12-14 21:04:20,APPROVED
B_104823,ACC_1006018,ACC_1013462,2019-12-15 21:04:20,APPROVED
B_104824,ACC_1006019,ACC_1001029,2024-07-26 02:20:40,APPROVED
B_104825,ACC_1006019,ACC_1007861,2024-07-22 02:20:40,APPROVED
B_104826,ACC_1006019,ACC_1014828,2024-07-30 02:20:40,APPROVED
B_104827,ACC_1006020,ACC_1011748,2021-09-26 14:40:15,APPROVED
B_104828,ACC_1006020,ACC_1000438,2021-10-01 14:40:15,APPROVED
B_104829,ACC_1006020,ACC_1011504,2021-10-01 14:40:15,APPROVED
B_104830,ACC_1006022,ACC_1006861,2024-10-19 06:40:38,APPROVED
B_104831,ACC_1006025,ACC_1001884,2022-05-05 11:30:27,APPROVED
B_104832,ACC_1006027,ACC_1001378,2018-10-15 11:00:02,APPROVED
B_104833,ACC_1006027,ACC_1010364,2018-10-10 11:00:02,APPROVED
B_104834,ACC_1006028,ACC_1007032,2018-10-03 05:01:02,APPROVED
B_104835,ACC_1006028,ACC_1006125,2018-10-06 05:01:02,APPROVED
B_104836,ACC_1006028,ACC_1014587,2018-09-29 05:01:02,APPROVED
B_104837,ACC_1006029,ACC_1010663,2016-05-10 01:29:42,PENDING
B_104838,ACC_1006029,ACC_1001116,2016-05-07 01:29:42,PENDING
B_104839,ACC_1006031,ACC_1011793,2022-12-08 01:47:52,APPROVED
B_104840,ACC_1006031,ACC_1011075,2022-12-07 01:47:52,APPROVED
B_104841,ACC_1006035,ACC_1004207,2018-10-12 14:48:52,APPROVED
B_104842,ACC_1006035,ACC_1000320,2018-10-12 14:48:52,PENDING
B_104843,ACC_1006035,ACC_1006416,2018-10-11 14:48:52,APPROVED
B_104844,ACC_1006037,ACC_1014851,2020-03-23 10:09:05,APPROVED
B_104845,ACC_1006037,ACC_1009499,2020-03-16 10:09:05,APPROVED
B_104846,ACC_1006037,ACC_1001107,2020-03-19 10:09:05,APPROVED
B_104847,ACC_1006040,ACC_1007733,2025-02-28 16:28:12,APPROVED
B_104848,ACC_1006040,ACC_1002137,2025-02-22 16:28:12,APPROVED
B_104849,ACC_1006045,ACC_1002762,2023-08-20 11:20:39,APPROVED
B_104850,ACC_1006047,ACC_1003856,2018-11-04 05:12:31,APPROVED
B_104851,ACC_1006049,ACC_1008551,2020-09-06 21:58:16,APPROVED
B_104852,ACC_1006049,ACC_1007247,2020-08-31 21:58:16,APPROVED
B_104853,ACC_1006050,ACC_1006738,2025-12-06 20:29:54,APPROVED
B_104854,ACC_1006050,ACC_1011041,2025-12-03 20:29:54,APPROVED
B_104855,ACC_1006052,ACC_1003244,2025-04-30 09:03:48,APPROVED
B_104856,ACC_1006052,ACC_1009611,2025-05-08 09:03:48,APPROVED
B_104857,ACC_1006053,ACC_1007010,2019-11-08 22:25:12,APPROVED
B_104858,ACC_1006058,ACC_1011436,2020-05-28 02:41:28,APPROVED
B_104859,ACC_1006058,ACC_1007796,2020-05-28 02:41:28,APPROVED
B_104860,ACC_1006058,ACC_1002070,2020-06-03 02:41:28,APPROVED
B_104861,ACC_1006059,ACC_1007314,2024-05-20 10:56:22,PENDING
B_104862,ACC_1006061,ACC_1014113,2025-03-05 09:37:44,APPROVED
B_104863,ACC_1006065,ACC_1004605,2020-12-10 22:57:04,APPROVED
B_104864,ACC_1006065,ACC_1010503,2020-12-14 22:57:04,PENDING
B_104865,ACC_1006066,ACC_1003735,2020-12-04 02:59:04,APPROVED
B_104866,ACC_1006067,ACC_1007814,2017-08-01 00:40:40,APPROVED
B_104867,ACC_1006067,ACC_1005462,2017-08-03 00:40:40,APPROVED
B_104868,ACC_1006068,ACC_1006995,2017-07-25 13:45:40,APPROVED
B_104869,ACC_1006068,ACC_1007356,2017-07-22 13:45:40,APPROVED
B_104870,ACC_1006069,ACC_1014463,2017-08-01 00:00:40,APPROVED
B_104871,ACC_1006069,ACC_1002001,2017-08-03 00:00:40,APPROVED
B_104872,ACC_1006072,ACC_1003990,2025-07-22 10:19:54,APPROVED
B_104873,ACC_1006072,ACC_1002472,2025-07-22 10:19:54,APPROVED
B_104874,ACC_1006077,ACC_1008550,2021-12-27 08:17:20,APPROVED
B_104875,ACC_1006077,ACC_1006788,2021-12-26 08:17:20,APPROVED
B_104876,ACC_1006078,ACC_1014575,2018-06-06 04:40:00,APPROVED
B_104877,ACC_1006078,ACC_1007419,2018-06-08 04:40:00,APPROVED
B_104878,ACC_1006078,ACC_1000377,2018-06-06 04:40:00,APPROVED
B_104879,ACC_1006080,ACC_1008196,2023-12-30 14:11:24,APPROVED
B_104880,ACC_1006080,ACC_1008680,2023-12-26 14:11:24,APPROVED
B_104881,ACC_1006080,ACC_1005637,2023-12-30 14:11:24,APPROVED
B_104882,ACC_1006081,ACC_1014118,2017-02-23 12:25:26,APPROVED
B_104883,ACC_1006081,ACC_1003828,2017-02-27 12:25:26,APPROVED
B_104884,ACC_1006083,ACC_1000890,2017-07-31 07:06:44,APPROVED
B_104885,ACC_1006086,ACC_1008608,2018-05-18 13:41:13,APPROVED
B_104886,ACC_1006086,ACC_1002051,2018-05-12 13:41:13,APPROVED
B_104887,ACC_1006086,ACC_1004121,2018-05-17 13:41:13,APPROVED
B_104888,ACC_1006088,ACC_1008661,2018-05-10 13:26:13,APPROVED
B_104889,ACC_1006089,ACC_1011221,2025-12-08 11:15:54,APPROVED
B_104890,ACC_1006098,ACC_1012725,2021-11-07 07:31:29,APPROVED
B_104891,ACC_1006098,ACC_1005473,2021-11-11 07:31:29,APPROVED
B_104892,ACC_1006099,ACC_1009616,2023-10-31 14:58:32,APPROVED
B_104893,ACC_1006099,ACC_1010944,2023-10-31 14:58:32,APPROVED
B_104894,ACC_1006099,ACC_1011927,2023-11-03 14:58:32,APPROVED
B_104895,ACC_1006104,ACC_1002867,2016-11-24 04:21:12,APPROVED
B_104896,ACC_1006104,ACC_1010420,2016-11-23 04:21:12,APPROVED
B_104897,ACC_1006104,ACC_1004766,2016-11-23 04:21:12,APPROVED
B_104898,ACC_1006105,ACC_1005996,2021-01-28 23:28:42,APPROVED
B_104899,ACC_1006105,ACC_1010750,2021-02-01 23:28:42,APPROVED
B_104900,ACC_1006105,ACC_1002134,2021-01-28 23:28:42,APPROVED
B_104901,ACC_1006106,ACC_1006898,2021-01-21 02:47:42,APPROVED
B_104902,ACC_1006106,ACC_1008054,2021-01-24 02:47:42,APPROVED
B_104903,ACC_1006108,ACC_1004731,2016-04-11 04:17:50,APPROVED
B_104904,ACC_1006108,ACC_1011263,2016-04-17 04:17:50,PENDING
B_104905,ACC_1006110,ACC_1011739,2021-06-24 06:07:58,APPROVED
B_104906,ACC_1006110,ACC_1012299,2021-06-29 06:07:58,APPROVED
B_104907,ACC_1006112,ACC_1011147,2021-01-16 01:05:48,APPROVED
B_104908,ACC_1006118,ACC_1002987,2025-11-06 23:54:30,APPROVED
B_104909,ACC_1006118,ACC_1008620,2025-11-08 23:54:30,APPROVED
B_104910,ACC_1006119,ACC_1014720,2023-09-08 07:04:46,APPROVED
B_104911,ACC_1006119,ACC_1008720,2023-09-01 07:04:46,APPROVED
B_104912,ACC_1006119,ACC_1010676,2023-09-03 07:04:46,APPROVED
B_104913,ACC_1006125,ACC_1012332,2016-03-20 11:39:42,APPROVED
B_104914,ACC_1006125,ACC_1014566,2016-03-19 11:39:42,APPROVED
B_104915,ACC_1006125,ACC_1006268,2016-03-18 11:39:42,APPROVED
B_104916,ACC_1006129,ACC_1000128,2016-01-28 23:27:41,PENDING
B_104917,ACC_1006130,ACC_1006993,2017-05-10 06:43:37,APPROVED
B_104918,ACC_1006131,ACC_1002520,2022-07-15 08:32:53,APPROVED
B_104919,ACC_1006131,ACC_1014133,2022-07-16 08:32:53,APPROVED
B_104920,ACC_1006132,ACC_1008363,2020-08-28 21:29:17,APPROVED
B_104921,ACC_1006136,ACC_1006080,2020-04-12 13:51:57,APPROVED
B_104922,ACC_1006136,ACC_1004756,2020-04-13 13:51:57,APPROVED
B_104923,ACC_1006136,ACC_1011839,2020-04-09 13:51:57,APPROVED
B_104924,ACC_1006141,ACC_1009528,2020-10-29 10:51:22,APPROVED
B_104925,ACC_1006141,ACC_1004391,2020-10-28 10:51:22,APPROVED
B_104926,ACC_1006142,ACC_1009952,2020-10-30 21:59:22,APPROVED
B_104927,ACC_1006142,ACC_1014696,2020-10-31 21:59:22,APPROVED
B_104928,ACC_1006142,ACC_1002030,2020-11-02 21:59:22,APPROVED
B_104929,ACC_1006144,ACC_1000867,2017-12-28 15:18:18,PENDING
B_104930,ACC_1006144,ACC_1012224,2018-01-02 15:18:18,APPROVED
B_104931,ACC_1006145,ACC_1013194,2021-08-27 21:36:00,APPROVED
B_104932,ACC_1006145,ACC_1008373,2021-08-27 21:36:00,APPROVED
B_104933,ACC_1006146,ACC_1012267,2017-11-20 22:16:52,APPROVED
B_104934,ACC_1006146,ACC_1007459,2017-11-23 22:16:52,APPROVED
B_104935,ACC_1006147,ACC_1009435,2017-11-14 13:57:58,APPROVED
B_104936,ACC_1006147,ACC_1008297,2017-11-11 13:57:58,APPROVED
B_104937,ACC_1006150,ACC_1001930,2016-11-08 08:52:48,APPROVED
B_104938,ACC_1006150,ACC_1000376,2016-11-06 08:52:48,APPROVED
B_104939,ACC_1006150,ACC_1000486,2016-11-06 08:52:48,APPROVED
B_104940,ACC_1006154,ACC_1013356,2016-07-28 20:28:00,APPROVED
B_104941,ACC_1006154,ACC_1006615,2016-08-01 20:28:00,APPROVED
B_104942,ACC_1006163,ACC_1012857,2025-01-05 13:27:37,APPROVED
B_104943,ACC_1006163,ACC_1002968,2025-01-05 13:27:37,APPROVED
B_104944,ACC_1006164,ACC_1008282,2017-04-18 01:37:25,APPROVED
B_104945,ACC_1006164,ACC_1012119,2017-04-22 01:37:25,APPROVED
B_104946,ACC_1006164,ACC_1003922,2017-04-22 01:37:25,APPROVED
B_104947,ACC_1006171,ACC_1006447,2019-12-19 14:50:10,APPROVED
B_104948,ACC_1006171,ACC_1013591,2019-12-27 14:50:10,APPROVED
B_104949,ACC_1006171,ACC_1001306,2019-12-25 14:50:10,APPROVED
B_104950,ACC_1006176,ACC_1000478,2025-01-09 19:14:23,APPROVED
B_104951,ACC_1006176,ACC_1009420,2025-01-02 19:14:23,APPROVED
B_104952,ACC_1006177,ACC_1010369,2021-02-22 09:26:46,APPROVED
B_104953,ACC_1006179,ACC_1004745,2016-02-01 18:14:25,APPROVED
B_104954,ACC_1006190,ACC_1007708,2016-12-28 02:15:32,APPROVED
B_104955,ACC_1006190,ACC_1008585,2016-12-30 02:15:32,APPROVED
B_104956,ACC_1006190,ACC_1004640,2016-12-27 02:15:32,APPROVED
B_104957,ACC_1006193,ACC_1005988,2018-12-18 04:21:01,APPROVED
B_104958,ACC_1006193,ACC_1002898,2018-12-20 04:21:01,APPROVED
B_104959,ACC_1006198,ACC_1000626,2021-03-26 21:59:25,APPROVED
B_104960,ACC_1006200,ACC_1014614,2018-03-05 08:48:09,APPROVED
B_104961,ACC_1006200,ACC_1012158,2018-03-07 08:48:09,APPROVED
B_104962,ACC_1006200,ACC_1013750,2018-03-03 08:48:09,APPROVED
B_104963,ACC_1006203,ACC_1014728,2016-02-08 14:01:09,APPROVED
B_104964,ACC_1006208,ACC_1010056,2026-01-05 18:18:19,APPROVED
B_104965,ACC_1006210,ACC_1001427,2026-01-09 15:32:19,APPROVED
B_104966,ACC_1006211,ACC_1003466,2021-10-02 20:16:23,APPROVED
B_104967,ACC_1006212,ACC_1007420,2021-09-19 14:50:23,APPROVED
B_104968,ACC_1006212,ACC_1005044,2021-09-16 14:50:23,APPROVED
B_104969,ACC_1006213,ACC_1002785,2020-04-09 21:30:19,APPROVED
B_104970,ACC_1006215,ACC_1002642,2020-03-24 19:56:19,APPROVED
B_104971,ACC_1006215,ACC_1004850,2020-03-31 19:56:19,APPROVED
B_104972,ACC_1006216,ACC_1002227,2025-09-09 19:21:31,APPROVED
B_104973,ACC_1006216,ACC_1006270,2025-09-07 19:21:31,PENDING
B_104974,ACC_1006217,ACC_1008379,2025-09-16 00:44:31,APPROVED
B_104975,ACC_1006217,ACC_1014475,2025-09-08 00:44:31,APPROVED
B_104976,ACC_1006218,ACC_1007635,2025-09-14 10:39:31,APPROVED
B_104977,ACC_1006218,ACC_1004368,2025-09-20 10:39:31,APPROVED
B_104978,ACC_1006219,ACC_1005724,2022-04-22 02:14:34,APPROVED
B_104979,ACC_1006219,ACC_1002556,2022-04-19 02:14:34,APPROVED
B_104980,ACC_1006220,ACC_1005156,2018-07-01 21:43:04,APPROVED
B_104981,ACC_1006220,ACC_1009830,2018-06-28 21:43:04,APPROVED
B_104982,ACC_1006221,ACC_1011245,2019-04-15 03:40:07,APPROVED
B_104983,ACC_1006226,ACC_1001658,2024-05-12 19:28:38,APPROVED
B_104984,ACC_1006226,ACC_1012002,2024-05-13 19:28:38,APPROVED
B_104985,ACC_1006231,ACC_1000730,2017-08-20 20:21:34,APPROVED
B_104986,ACC_1006231,ACC_1003779,2017-08-19 20:21:34,APPROVED
B_104987,ACC_1006235,ACC_1004403,2019-07-12 19:32:18,APPROVED
B_104988,ACC_1006235,ACC_1013421,2019-07-12 19:32:18,APPROVED
B_104989,ACC_1006235,ACC_1004829,2019-07-07 19:32:18,APPROVED
B_104990,ACC_1006241,ACC_1008931,2024-12-05 16:12:44,APPROVED
B_104991,ACC_1006241,ACC_1000527,2024-12-07 16:12:44,APPROVED
B_104992,ACC_1006241,ACC_1007999,2024-12-09 16:12:44,APPROVED
B_104993,ACC_1006242,ACC_1004096,2017-09-02 20:05:12,APPROVED
B_104994,ACC_1006242,ACC_1014158,2017-08-26 20:05:12,APPROVED
B_104995,ACC_1006242,ACC_1009429,2017-08-27 20:05:12,APPROVED
B_104996,ACC_1006243,ACC_1003963,2020-08-27 00:13:17,APPROVED
B_104997,ACC_1006245,ACC_1006394,2016-08-12 16:14:05,APPROVED
B_104998,ACC_1006245,ACC_1014968,2016-08-07 16:14:05,APPROVED
B_104999,ACC_1006245,ACC_1012240,2016-08-07 16:14:05,APPROVED
B_105000,ACC_1006246,ACC_1008615,2020-05-06 01:27:06,APPROVED
B_105001,ACC_1006246,ACC_1005282,2020-04-30 01:27:06,APPROVED
B_105002,ACC_1006246,ACC_1000562,2020-05-01 01:27:06,APPROVED
B_105003,ACC_1006248,ACC_1007363,2020-11-09 12:02:52,APPROVED
B_105004,ACC_1006248,ACC_1009778,2020-11-06 12:02:52,APPROVED
B_105005,ACC_1006249,ACC_1008593,2022-05-15 12:07:09,APPROVED
B_105006,ACC_1006249,ACC_1007923,2022-05-06 12:07:09,APPROVED
B_105007,ACC_1006249,ACC_1013596,2022-05-13 12:07:09,APPROVED
B_105008,ACC_1006250,ACC_1001549,2022-05-06 17:39:09,APPROVED
B_105009,ACC_1006250,ACC_1000650,2022-05-08 17:39:09,APPROVED
B_105010,ACC_1006253,ACC_1004582,2022-07-06 05:26:24,APPROVED
B_105011,ACC_1006254,ACC_1008149,2018-04-27 03:33:04,APPROVED
B_105012,ACC_1006255,ACC_1013563,2017-02-18 06:25:49,APPROVED
B_105013,ACC_1006258,ACC_1011761,2025-05-26 00:53:32,APPROVED
B_105014,ACC_1006258,ACC_1003367,2025-05-30 00:53:32,APPROVED
B_105015,ACC_1006264,ACC_1001609,2024-10-28 05:39:40,APPROVED
B_105016,ACC_1006266,ACC_1005357,2017-05-16 17:21:05,APPROVED
B_105017,ACC_1006266,ACC_1012069,2017-05-12 17:21:05,APPROVED
B_105018,ACC_1006274,ACC_1002042,2018-07-12 06:08:01,APPROVED
B_105019,ACC_1006276,ACC_1000901,2024-06-11 15:46:54,APPROVED
B_105020,ACC_1006276,ACC_1011974,2024-06-09 15:46:54,APPROVED
B_105021,ACC_1006276,ACC_1010298,2024-06-03 15:46:54,APPROVED
B_105022,ACC_1006278,ACC_1004863,2019-08-27 19:23:23,APPROVED
B_105023,ACC_1006278,ACC_1007108,2019-08-24 19:23:23,APPROVED
B_105024,ACC_1006279,ACC_1011430,2024-11-06 12:40:23,APPROVED
B_105025,ACC_1006279,ACC_1006550,2024-10-28 12:40:23,APPROVED
B_105026,ACC_1006279,ACC_1004443,2024-11-02 12:40:23,APPROVED
B_105027,ACC_1006280,ACC_1002624,2024-11-01 20:21:23,PENDING
B_105028,ACC_1006280,ACC_1009810,2024-10-31 20:21:23,APPROVED
B_105029,ACC_1006280,ACC_1010673,2024-10-31 20:21:23,APPROVED
B_105030,ACC_1006285,ACC_1008535,2016-10-06 23:21:18,APPROVED
B_105031,ACC_1006288,ACC_1010457,2017-08-09 19:23:12,APPROVED
B_105032,ACC_1006291,ACC_1004200,2016-05-10 16:44:27,APPROVED
B_105033,ACC_1006291,ACC_1008175,2016-05-12 16:44:27,APPROVED
B_105034,ACC_1006291,ACC_1005168,2016-05-10 16:44:27,APPROVED
B_105035,ACC_1006292,ACC_1010610,2016-05-28 03:46:27,APPROVED
B_105036,ACC_1006292,ACC_1011423,2016-05-21 03:46:27,APPROVED
B_105037,ACC_1006294,ACC_1007458,2023-03-09 17:55:44,APPROVED
B_105038,ACC_1006294,ACC_1014307,2023-03-13 17:55:44,APPROVED
B_105039,ACC_1006295,ACC_1009517,2023-03-05 23:36:44,APPROVED
B_105040,ACC_1006295,ACC_1011050,2023-03-05 23:36:44,APPROVED
B_105041,ACC_1006300,ACC_1013933,2017-11-12 00:13:13,APPROVED
B_105042,ACC_1006300,ACC_1004594,2017-11-17 00:13:13,APPROVED
B_105043,ACC_1006300,ACC_1012106,2017-11-09 00:13:13,APPROVED
B_105044,ACC_1006301,ACC_1006046,2023-10-03 08:21:18,APPROVED
B_105045,ACC_1006301,ACC_1008181,2023-10-10 08:21:18,APPROVED
B_105046,ACC_1006301,ACC_1004532,2023-10-11 08:21:18,APPROVED
B_105047,ACC_1006309,ACC_1014990,2024-03-29 11:33:59,APPROVED
B_105048,ACC_1006309,ACC_1006820,2024-04-03 11:33:59,APPROVED
B_105049,ACC_1006310,ACC_1008487,2021-05-06 17:59:56,APPROVED
B_105050,ACC_1006310,ACC_1014555,2021-05-05 17:59:56,APPROVED
B_105051,ACC_1006315,ACC_1014785,2019-03-29 03:05:55,APPROVED
B_105052,ACC_1006315,ACC_1002191,2019-03-25 03:05:55,APPROVED
B_105053,ACC_1006316,ACC_1001546,2024-02-11 20:40:18,APPROVED
B_105054,ACC_1006316,ACC_1005816,2024-02-11 20:40:18,APPROVED
B_105055,ACC_1006320,ACC_1008636,2018-10-17 03:51:11,APPROVED
B_105056,ACC_1006320,ACC_1005124,2018-10-25 03:51:11,APPROVED
B_105057,ACC_1006322,ACC_1013965,2018-10-29 03:53:11,APPROVED
B_105058,ACC_1006322,ACC_1012177,2018-11-05 03:53:11,APPROVED
B_105059,ACC_1006322,ACC_1001857,2018-10-30 03:53:11,APPROVED
B_105060,ACC_1006324,ACC_1010088,2025-12-12 20:41:22,APPROVED
B_105061,ACC_1006324,ACC_1004103,2025-12-21 20:41:22,APPROVED
B_105062,ACC_1006325,ACC_1007604,2024-02-12 23:32:00,APPROVED
B_105063,ACC_1006326,ACC_1002327,2024-02-06 14:22:00,APPROVED
B_105064,ACC_1006326,ACC_1014847,2024-01-31 14:22:00,APPROVED
B_105065,ACC_1006329,ACC_1012646,2024-08-26 07:38:55,APPROVED
B_105066,ACC_1006329,ACC_1012119,2024-08-27 07:38:55,APPROVED
B_105067,ACC_1006330,ACC_1013453,2017-06-04 08:27:00,APPROVED
B_105068,ACC_1006330,ACC_1011640,2017-06-03 08:27:00,APPROVED
B_105069,ACC_1006332,ACC_1007331,2022-12-18 09:42:06,PENDING
B_105070,ACC_1006332,ACC_1008990,2022-12-14 09:42:06,APPROVED
B_105071,ACC_1006335,ACC_1010884,2025-08-17 18:16:12,APPROVED
B_105072,ACC_1006336,ACC_1014069,2022-05-03 20:05:40,PENDING
B_105073,ACC_1006336,ACC_1012030,2022-05-05 20:05:40,APPROVED
B_105074,ACC_1006338,ACC_1003278,2019-01-21 15:51:24,APPROVED
B_105075,ACC_1006338,ACC_1003147,2019-01-19 15:51:24,APPROVED
B_105076,ACC_1006338,ACC_1001095,2019-01-26 15:51:24,PENDING
B_105077,ACC_1006345,ACC_1002037,2018-03-02 07:23:48,APPROVED
B_105078,ACC_1006351,ACC_1008300,2018-12-16 16:22:53,APPROVED
B_105079,ACC_1006351,ACC_1014155,2018-12-24 16:22:53,APPROVED
B_105080,ACC_1006354,ACC_1004558,2020-10-21 10:22:57,APPROVED
B_105081,ACC_1006354,ACC_1000410,2020-10-18 10:22:57,APPROVED
B_105082,ACC_1006355,ACC_1006591,2020-10-12 02:26:57,APPROVED
B_105083,ACC_1006355,ACC_1003433,2020-10-03 02:26:57,APPROVED
B_105084,ACC_1006355,ACC_1002029,2020-10-09 02:26:57,APPROVED
B_105085,ACC_1006358,ACC_1009536,2021-09-19 04:28:19,APPROVED
B_105086,ACC_1006359,ACC_1010919,2025-03-25 03:01:30,PENDING
B_105087,ACC_1006364,ACC_1011940,2023-02-09 21:18:49,APPROVED
B_105088,ACC_1006364,ACC_1001316,2023-02-15 21:18:49,APPROVED
B_105089,ACC_1006366,ACC_1002059,2020-06-25 13:57:20,APPROVED
B_105090,ACC_1006369,ACC_1007196,2023-05-18 04:40:08,PENDING
B_105091,ACC_1006369,ACC_1003882,2023-05-22 04:40:08,APPROVED
B_105092,ACC_1006369,ACC_1003684,2023-05-19 04:40:08,APPROVED
B_105093,ACC_1006370,ACC_1010964,2024-11-20 00:12:00,PENDING
B_105094,ACC_1006370,ACC_1001875,2024-11-16 00:12:00,APPROVED
B_105095,ACC_1006371,ACC_1002983,2023-03-16 13:39:24,APPROVED
B_105096,ACC_1006371,ACC_1012279,2023-03-14 13:39:24,APPROVED
B_105097,ACC_1006371,ACC_1004169,2023-03-17 13:39:24,APPROVED
B_105098,ACC_1006372,ACC_1014848,2024-10-07 12:21:02,APPROVED
B_105099,ACC_1006372,ACC_1003746,2024-10-05 12:21:02,APPROVED
B_105100,ACC_1006372,ACC_1011809,2024-10-04 12:21:02,APPROVED
B_105101,ACC_1006373,ACC_1012530,2024-03-29 18:40:18,APPROVED
B_105102,ACC_1006373,ACC_1009179,2024-03-28 18:40:18,APPROVED
B_105103,ACC_1006373,ACC_1011183,2024-03-22 18:40:18,APPROVED
B_105104,ACC_1006374,ACC_1009979,2024-03-22 10:40:18,APPROVED
B_105105,ACC_1006374,ACC_1001773,2024-03-25 10:40:18,APPROVED
B_105106,ACC_1006374,ACC_1000852,2024-03-17 10:40:18,APPROVED
B_105107,ACC_1006375,ACC_1002440,2025-05-15 08:06:28,APPROVED
B_105108,ACC_1006375,ACC_1014054,2025-05-19 08:06:28,APPROVED
B_105109,ACC_1006375,ACC_1010668,2025-05-11 08:06:28,APPROVED
B_105110,ACC_1006380,ACC_1002923,2016-10-06 00:34:29,PENDING
B_105111,ACC_1006380,ACC_1013346,2016-10-01 00:34:29,APPROVED
B_105112,ACC_1006386,ACC_1010085,2019-02-09 12:20:05,APPROVED
B_105113,ACC_1006386,ACC_1007627,2019-02-05 12:20:05,APPROVED
B_105114,ACC_1006386,ACC_1012010,2019-02-06 12:20:05,APPROVED
B_105115,ACC_1006387,ACC_1005833,2019-01-30 10:52:05,APPROVED
B_105116,ACC_1006387,ACC_1003056,2019-02-02 10:52:05,APPROVED
B_105117,ACC_1006387,ACC_1013726,2019-02-05 10:52:05,APPROVED
B_105118,ACC_1006390,ACC_1010594,2018-01-21 05:04:29,APPROVED
B_105119,ACC_1006390,ACC_1012583,2018-01-17 05:04:29,APPROVED
B_105120,ACC_1006390,ACC_1014737,2018-01-19 05:04:29,APPROVED
B_105121,ACC_1006391,ACC_1005540,2024-01-24 18:25:03,APPROVED
B_105122,ACC_1006395,ACC_1004107,2024-10-29 11:32:08,APPROVED
B_105123,ACC_1006395,ACC_1006635,2024-10-24 11:32:08,APPROVED
B_105124,ACC_1006395,ACC_1013355,2024-10-26 11:32:08,APPROVED
B_105125,ACC_1006399,ACC_1013392,2025-01-28 07:50:23,APPROVED
B_105126,ACC_1006399,ACC_1003884,2025-01-26 07:50:23,APPROVED
B_105127,ACC_1006399,ACC_1012805,2025-01-25 07:50:23,APPROVED
B_105128,ACC_1006402,ACC_1009731,2024-06-10 14:41:33,APPROVED
B_105129,ACC_1006402,ACC_1011327,2024-06-11 14:41:33,APPROVED
B_105130,ACC_1006403,ACC_1002148,2024-06-27 06:18:33,APPROVED
B_105131,ACC_1006403,ACC_1013082,2024-06-21 06:18:33,APPROVED
B_105132,ACC_1006404,ACC_1014859,2021-11-08 22:29:54,APPROVED
B_105133,ACC_1006404,ACC_1000649,2021-11-05 22:29:54,APPROVED
B_105134,ACC_1006404,ACC_1007235,2021-11-08 22:29:54,APPROVED
B_105135,ACC_1006407,ACC_1012877,2024-05-23 11:59:42,APPROVED
B_105136,ACC_1006407,ACC_1009662,2024-05-27 11:59:42,APPROVED
B_105137,ACC_1006409,ACC_1006322,2018-10-08 15:22:00,APPROVED
B_105138,ACC_1006412,ACC_1013551,2024-09-06 16:32:55,APPROVED
B_105139,ACC_1006412,ACC_1004508,2024-09-13 16:32:55,APPROVED
B_105140,ACC_1006416,ACC_1003571,2019-06-03 15:59:56,APPROVED
B_105141,ACC_1006417,ACC_1010698,2016-02-18 16:24:00,APPROVED
B_105142,ACC_1006417,ACC_1012534,2016-02-13 16:24:00,APPROVED
B_105143,ACC_1006417,ACC_1002365,2016-02-14 16:24:00,APPROVED
B_105144,ACC_1006419,ACC_1011382,2023-10-10 11:08:06,APPROVED
B_105145,ACC_1006419,ACC_1001937,2023-10-05 11:08:06,APPROVED
B_105146,ACC_1006420,ACC_1000375,2023-03-20 19:32:51,APPROVED
B_105147,ACC_1006422,ACC_1010741,2019-05-24 21:50:28,APPROVED
B_105148,ACC_1006422,ACC_1011008,2019-05-23 21:50:28,APPROVED
B_105149,ACC_1006422,ACC_1014517,2019-05-22 21:50:28,APPROVED
B_105150,ACC_1006423,ACC_1011268,2019-12-28 08:27:42,APPROVED
B_105151,ACC_1006423,ACC_1014624,2019-12-26 08:27:42,APPROVED
B_105152,ACC_1006424,ACC_1002154,2019-12-30 13:08:42,APPROVED
B_105153,ACC_1006424,ACC_1012361,2019-12-31 13:08:42,APPROVED
B_105154,ACC_1006424,ACC_1006709,2019-12-24 13:08:42,APPROVED
B_105155,ACC_1006426,ACC_1014998,2023-07-22 12:51:34,APPROVED
B_105156,ACC_1006427,ACC_1011713,2023-07-16 22:57:34,APPROVED
B_105157,ACC_1006427,ACC_1001697,2023-07-15 22:57:34,APPROVED
B_105158,ACC_1006428,ACC_1010890,2020-01-28 05:06:05,APPROVED
B_105159,ACC_1006429,ACC_1007364,2017-04-23 11:16:11,APPROVED
B_105160,ACC_1006441,ACC_1013223,2022-05-30 00:21:31,APPROVED
B_105161,ACC_1006441,ACC_1007417,2022-05-31 00:21:31,APPROVED
B_105162,ACC_1006441,ACC_1009413,2022-05-30 00:21:31,APPROVED
B_105163,ACC_1006445,ACC_1008529,2016-02-04 12:52:55,APPROVED
B_105164,ACC_1006445,ACC_1008313,2016-02-10 12:52:55,APPROVED
B_105165,ACC_1006446,ACC_1012742,2019-07-09 08:32:10,APPROVED
B_105166,ACC_1006447,ACC_1013352,2019-09-16 13:03:08,APPROVED
B_105167,ACC_1006449,ACC_1014112,2022-02-05 09:21:13,APPROVED
B_105168,ACC_1006450,ACC_1004186,2017-08-05 00:57:35,APPROVED
B_105169,ACC_1006450,ACC_1009144,2017-08-05 00:57:35,APPROVED
B_105170,ACC_1006450,ACC_1002081,2017-08-04 00:57:35,APPROVED
B_105171,ACC_1006454,ACC_1012867,2023-03-12 21:12:49,APPROVED
B_105172,ACC_1006454,ACC_1002584,2023-03-17 21:12:49,APPROVED
B_105173,ACC_1006454,ACC_1012467,2023-03-10 21:12:49,APPROVED
B_105174,ACC_1006455,ACC_1001451,2016-12-01 15:06:02,APPROVED
B_105175,ACC_1006455,ACC_1004822,2016-12-06 15:06:02,APPROVED
B_105176,ACC_1006455,ACC_1009797,2016-11-28 15:06:02,APPROVED
B_105177,ACC_1006456,ACC_1014675,2016-03-09 20:03:30,APPROVED
B_105178,ACC_1006456,ACC_1014613,2016-03-13 20:03:30,APPROVED
B_105179,ACC_1006459,ACC_1006891,2024-01-17 16:52:10,APPROVED
B_105180,ACC_1006459,ACC_1006974,2024-01-14 16:52:10,APPROVED
B_105181,ACC_1006459,ACC_1011221,2024-01-14 16:52:10,APPROVED
B_105182,ACC_1006461,ACC_1007846,2023-02-25 11:16:46,APPROVED
B_105183,ACC_1006461,ACC_1012027,2023-02-24 11:16:46,APPROVED
B_105184,ACC_1006462,ACC_1008456,2023-02-03 07:27:46,APPROVED
B_105185,ACC_1006462,ACC_1011777,2023-02-01 07:27:46,APPROVED
B_105186,ACC_1006469,ACC_1009005,2019-01-28 07:18:06,APPROVED
B_105187,ACC_1006469,ACC_1004771,2019-01-29 07:18:06,APPROVED
B_105188,ACC_1006469,ACC_1007092,2019-01-30 07:18:06,APPROVED
B_105189,ACC_1006473,ACC_1003896,2024-03-03 16:08:17,APPROVED
B_105190,ACC_1006476,ACC_1010677,2025-02-03 20:39:20,APPROVED
B_105191,ACC_1006477,ACC_1012665,2025-01-30 15:56:20,APPROVED
B_105192,ACC_1006477,ACC_1013513,2025-01-27 15:56:20,APPROVED
B_105193,ACC_1006478,ACC_1007626,2025-02-24 23:11:20,APPROVED
B_105194,ACC_1006480,ACC_1001682,2017-03-15 23:00:32,APPROVED
B_105195,ACC_1006480,ACC_1003209,2017-03-15 23:00:32,APPROVED
B_105196,ACC_1006480,ACC_1009954,2017-03-17 23:00:32,APPROVED
B_105197,ACC_1006481,ACC_1007869,2021-01-02 19:04:41,APPROVED
B_105198,ACC_1006481,ACC_1010441,2020-12-26 19:04:41,APPROVED
B_105199,ACC_1006481,ACC_1001589,2020-12-29 19:04:41,APPROVED
B_105200,ACC_1006483,ACC_1009846,2020-10-25 10:08:14,APPROVED
B_105201,ACC_1006483,ACC_1014750,2020-10-27 10:08:14,APPROVED
B_105202,ACC_1006483,ACC_1012738,2020-11-02 10:08:14,APPROVED
B_105203,ACC_1006484,ACC_1006301,2020-04-03 06:59:55,APPROVED
B_105204,ACC_1006484,ACC_1010216,2020-04-05 06:59:55,APPROVED
B_105205,ACC_1006486,ACC_1010407,2025-04-05 14:22:19,APPROVED
B_105206,ACC_1006492,ACC_1002350,2024-07-08 23:30:51,APPROVED
B_105207,ACC_1006493,ACC_1001385,2017-01-30 12:43:24,APPROVED
B_105208,ACC_1006494,ACC_1000557,2017-02-11 08:08:24,APPROVED
B_105209,ACC_1006494,ACC_1013517,2017-02-06 08:08:24,APPROVED
B_105210,ACC_1006494,ACC_1003110,2017-02-04 08:08:24,APPROVED
B_105211,ACC_1006496,ACC_1001246,2024-10-28 12:42:59,APPROVED
B_105212,ACC_1006497,ACC_1002614,2024-11-03 14:43:59,APPROVED
B_105213,ACC_1006497,ACC_1011179,2024-10-29 14:43:59,APPROVED
B_105214,ACC_1006497,ACC_1010883,2024-10-31 14:43:59,APPROVED
B_105215,ACC_1006498,ACC_1003740,2016-06-29 20:31:52,APPROVED
B_105216,ACC_1006498,ACC_1007260,2016-06-26 20:31:52,APPROVED
B_105217,ACC_1006498,ACC_1003308,2016-06-24 20:31:52,APPROVED
B_105218,ACC_1006499,ACC_1008003,2016-07-11 21:48:52,APPROVED
B_105219,ACC_1006501,ACC_1011893,2018-12-09 22:40:24,APPROVED
B_105220,ACC_1006501,ACC_1011949,2018-12-15 22:40:24,APPROVED
B_105221,ACC_1006501,ACC_1013498,2018-12-10 22:40:24,APPROVED
B_105222,ACC_1006504,ACC_1011498,2022-07-06 09:21:16,APPROVED
B_105223,ACC_1006504,ACC_1006540,2022-07-01 09:21:16,APPROVED
B_105224,ACC_1006506,ACC_1007005,2017-12-29 12:55:04,APPROVED
B_105225,ACC_1006506,ACC_1003057,2018-01-05 12:55:04,APPROVED
B_105226,ACC_1006506,ACC_1005291,2018-01-02 12:55:04,APPROVED
B_105227,ACC_1006508,ACC_1006492,2022-06-01 17:03:43,APPROVED
B_105228,ACC_1006511,ACC_1013924,2021-03-25 06:59:27,APPROVED
B_105229,ACC_1006511,ACC_1001082,2021-03-22 06:59:27,APPROVED
B_105230,ACC_1006512,ACC_1000673,2021-03-09 12:03:27,APPROVED
B_105231,ACC_1006512,ACC_1003492,2021-03-08 12:03:27,APPROVED
B_105232,ACC_1006513,ACC_1012683,2021-04-01 20:04:27,APPROVED
B_105233,ACC_1006514,ACC_1006379,2023-01-12 02:10:03,PENDING
B_105234,ACC_1006514,ACC_1004634,2023-01-13 02:10:03,APPROVED
B_105235,ACC_1006520,ACC_1001859,2024-07-16 14:27:40,APPROVED
B_105236,ACC_1006524,ACC_1012154,2025-11-22 00:20:32,APPROVED
B_105237,ACC_1006524,ACC_1013388,2025-11-29 00:20:32,APPROVED
B_105238,ACC_1006525,ACC_1008543,2023-11-16 19:12:03,APPROVED
B_105239,ACC_1006525,ACC_1005794,2023-11-17 19:12:03,APPROVED
B_105240,ACC_1006525,ACC_1001020,2023-11-11 19:12:03,APPROVED
B_105241,ACC_1006527,ACC_1008190,2019-06-09 14:17:10,APPROVED
B_105242,ACC_1006531,ACC_1009534,2016-12-05 10:37:32,APPROVED
B_105243,ACC_1006531,ACC_1013372,2016-12-01 10:37:32,APPROVED
B_105244,ACC_1006533,ACC_1004651,2019-08-22 00:04:14,APPROVED
B_105245,ACC_1006533,ACC_1007937,2019-08-26 00:04:14,APPROVED
B_105246,ACC_1006533,ACC_1005833,2019-08-31 00:04:14,APPROVED
B_105247,ACC_1006534,ACC_1007490,2019-09-15 17:49:14,APPROVED
B_105248,ACC_1006536,ACC_1007735,2019-08-18 09:38:33,APPROVED
B_105249,ACC_1006539,ACC_1012565,2024-06-08 11:57:16,APPROVED
B_105250,ACC_1006543,ACC_1013358,2022-06-10 06:57:20,APPROVED
B_105251,ACC_1006543,ACC_1005331,2022-06-07 06:57:20,APPROVED
B_105252,ACC_1006543,ACC_1014031,2022-06-07 06:57:20,APPROVED
B_105253,ACC_1006548,ACC_1012849,2019-07-16 22:06:59,APPROVED
B_105254,ACC_1006550,ACC_1009602,2019-07-16 10:44:59,APPROVED
B_105255,ACC_1006550,ACC_1010697,2019-07-13 10:44:59,APPROVED
B_105256,ACC_1006550,ACC_1005867,2019-07-14 10:44:59,APPROVED
B_105257,ACC_1006551,ACC_1000658,2021-09-29 21:50:14,APPROVED
B_105258,ACC_1006551,ACC_1014760,2021-09-29 21:50:14,APPROVED
B_105259,ACC_1006551,ACC_1001706,2021-10-02 21:50:14,APPROVED
B_105260,ACC_1006555,ACC_1004933,2022-02-02 22:31:56,APPROVED
B_105261,ACC_1006556,ACC_1001047,2022-09-28 13:15:16,PENDING
B_105262,ACC_1006557,ACC_1001291,2018-10-21 10:02:55,APPROVED
B_105263,ACC_1006557,ACC_1008299,2018-10-15 10:02:55,APPROVED
B_105264,ACC_1006557,ACC_1007221,2018-10-21 10:02:55,APPROVED
B_105265,ACC_1006558,ACC_1002586,2017-09-24 22:36:10,APPROVED
B_105266,ACC_1006558,ACC_1015017,2017-09-27 22:36:10,APPROVED
B_105267,ACC_1006562,ACC_1003670,2016-06-05 02:12:41,APPROVED
B_105268,ACC_1006562,ACC_1013637,2016-06-11 02:12:41,APPROVED
B_105269,ACC_1006562,ACC_1009866,2016-06-08 02:12:41,APPROVED
B_105270,ACC_1006570,ACC_1007094,2020-09-21 12:57:21,APPROVED
B_105271,ACC_1006570,ACC_1002350,2020-09-27 12:57:21,APPROVED
B_105272,ACC_1006572,ACC_1004781,2023-02-16 17:07:42,APPROVED
B_105273,ACC_1006572,ACC_1004344,2023-02-24 17:07:42,APPROVED
B_105274,ACC_1006572,ACC_1011630,2023-02-18 17:07:42,PENDING
B_105275,ACC_1006573,ACC_1014163,2021-08-11 05:48:04,APPROVED
B_105276,ACC_1006573,ACC_1014246,2021-08-12 05:48:04,APPROVED
B_105277,ACC_1006574,ACC_1015004,2016-12-04 07:57:36,APPROVED
B_105278,ACC_1006575,ACC_1003054,2016-11-21 21:20:36,APPROVED
B_105279,ACC_1006575,ACC_1003748,2016-11-28 21:20:36,APPROVED
B_105280,ACC_1006575,ACC_1011708,2016-11-19 21:20:36,APPROVED
B_105281,ACC_1006576,ACC_1014689,2025-07-30 23:14:33,APPROVED
B_105282,ACC_1006576,ACC_1006840,2025-08-05 23:14:33,APPROVED
B_105283,ACC_1006576,ACC_1002214,2025-08-08 23:14:33,APPROVED
B_105284,ACC_1006577,ACC_1012330,2018-01-08 21:42:51,APPROVED
B_105285,ACC_1006577,ACC_1006898,2018-01-01 21:42:51,APPROVED
B_105286,ACC_1006577,ACC_1005172,2018-01-06 21:42:51,APPROVED
B_105287,ACC_1006579,ACC_1004949,2018-11-21 00:45:35,APPROVED
B_105288,ACC_1006579,ACC_1011436,2018-11-17 00:45:35,APPROVED
B_105289,ACC_1006579,ACC_1012983,2018-11-19 00:45:35,APPROVED
B_105290,ACC_1006581,ACC_1012465,2022-04-04 22:47:16,APPROVED
B_105291,ACC_1006581,ACC_1014190,2022-04-05 22:47:16,APPROVED
B_105292,ACC_1006585,ACC_1006292,2016-01-27 13:55:34,APPROVED
B_105293,ACC_1006588,ACC_1007747,2020-06-26 02:58:57,APPROVED
B_105294,ACC_1006588,ACC_1000220,2020-06-25 02:58:57,PENDING
B_105295,ACC_1006588,ACC_1006912,2020-06-24 02:58:57,APPROVED
B_105296,ACC_1006595,ACC_1001016,2024-07-10 14:38:01,APPROVED
B_105297,ACC_1006597,ACC_1001307,2018-12-19 13:07:52,APPROVED
B_105298,ACC_1006598,ACC_1006026,2018-12-22 13:04:52,APPROVED
B_105299,ACC_1006598,ACC_1007213,2018-12-21 13:04:52,APPROVED
B_105300,ACC_1006598,ACC_1002194,2018-12-17 13:04:52,APPROVED
B_105301,ACC_1006599,ACC_1000959,2018-11-02 00:41:35,PENDING
B_105302,ACC_1006599,ACC_1003161,2018-11-02 00:41:35,APPROVED
B_105303,ACC_1006599,ACC_1001888,2018-11-08 00:41:35,APPROVED
B_105304,ACC_1006604,ACC_1004918,2025-12-15 12:35:39,APPROVED
B_105305,ACC_1006604,ACC_1000825,2025-12-10 12:35:39,APPROVED
B_105306,ACC_1006604,ACC_1008398,2025-12-14 12:35:39,APPROVED
B_105307,ACC_1006606,ACC_1012272,2022-08-28 12:51:39,APPROVED
B_105308,ACC_1006606,ACC_1001122,2022-08-28 12:51:39,APPROVED
B_105309,ACC_1006607,ACC_1008239,2022-08-28 23:46:39,APPROVED
B_105310,ACC_1006609,ACC_1012176,2017-08-14 15:46:54,APPROVED
B_105311,ACC_1006609,ACC_1002308,2017-08-11 15:46:54,APPROVED
B_105312,ACC_1006609,ACC_1006743,2017-08-12 15:46:54,APPROVED
B_105313,ACC_1006613,ACC_1012965,2018-10-08 05:46:55,APPROVED
B_105314,ACC_1006614,ACC_1002862,2023-01-26 01:51:50,APPROVED
B_105315,ACC_1006614,ACC_1008123,2023-01-26 01:51:50,APPROVED
B_105316,ACC_1006620,ACC_1011984,2022-12-11 12:49:03,APPROVED
B_105317,ACC_1006620,ACC_1003221,2022-12-02 12:49:03,APPROVED
B_105318,ACC_1006620,ACC_1000600,2022-12-11 12:49:03,APPROVED
B_105319,ACC_1006625,ACC_1006135,2017-02-25 10:36:48,APPROVED
B_105320,ACC_1006625,ACC_1004708,2017-02-23 10:36:48,APPROVED
B_105321,ACC_1006625,ACC_1014234,2017-02-22 10:36:48,APPROVED
B_105322,ACC_1006629,ACC_1007250,2018-08-27 16:29:03,APPROVED
B_105323,ACC_1006630,ACC_1014280,2021-01-02 02:32:27,APPROVED
B_105324,ACC_1006630,ACC_1005310,2021-01-06 02:32:27,APPROVED
B_105325,ACC_1006630,ACC_1004761,2021-01-07 02:32:27,APPROVED
B_105326,ACC_1006636,ACC_1014798,2017-12-09 23:02:09,APPROVED
B_105327,ACC_1006639,ACC_1014289,2020-09-10 18:58:54,APPROVED
B_105328,ACC_1006639,ACC_1010364,2020-09-17 18:58:54,APPROVED
B_105329,ACC_1006639,ACC_1006577,2020-09-10 18:58:54,APPROVED
B_105330,ACC_1006646,ACC_1008451,2017-10-19 09:05:34,APPROVED
B_105331,ACC_1006647,ACC_1006786,2022-10-14 01:42:56,APPROVED
B_105332,ACC_1006647,ACC_1004842,2022-10-12 01:42:56,APPROVED
B_105333,ACC_1006651,ACC_1000695,2021-03-29 13:07:58,APPROVED
B_105334,ACC_1006651,ACC_1004433,2021-03-29 13:07:58,PENDING
B_105335,ACC_1006651,ACC_1001375,2021-03-29 13:07:58,APPROVED
B_105336,ACC_1006652,ACC_1011251,2021-03-16 04:18:58,APPROVED
B_105337,ACC_1006652,ACC_1008659,2021-03-15 04:18:58,APPROVED
B_105338,ACC_1006657,ACC_1000705,2024-12-14 17:18:36,APPROVED
B_105339,ACC_1006659,ACC_1009543,2021-06-12 21:41:18,APPROVED
B_105340,ACC_1006659,ACC_1003801,2021-06-16 21:41:18,APPROVED
B_105341,ACC_1006659,ACC_1012801,2021-06-16 21:41:18,APPROVED
B_105342,ACC_1006663,ACC_1010565,2025-10-10 22:30:53,PENDING
B_105343,ACC_1006663,ACC_1006145,2025-10-13 22:30:53,APPROVED
B_105344,ACC_1006664,ACC_1011743,2018-08-20 23:14:07,APPROVED
B_105345,ACC_1006668,ACC_1002234,2025-11-03 06:01:29,APPROVED
B_105346,ACC_1006668,ACC_1004963,2025-11-06 06:01:29,APPROVED
B_105347,ACC_1006668,ACC_1011795,2025-11-08 06:01:29,APPROVED
B_105348,ACC_1006670,ACC_1010344,2025-11-13 04:37:29,APPROVED
B_105349,ACC_1006677,ACC_1008296,2021-02-26 09:43:06,APPROVED
B_105350,ACC_1006677,ACC_1009836,2021-03-03 09:43:06,APPROVED
B_105351,ACC_1006677,ACC_1013652,2021-02-24 09:43:06,APPROVED
B_105352,ACC_1006678,ACC_1000334,2023-06-02 01:17:32,APPROVED
B_105353,ACC_1006678,ACC_1008897,2023-06-03 01:17:32,APPROVED
B_105354,ACC_1006681,ACC_1000435,2019-04-20 13:51:18,APPROVED
B_105355,ACC_1006687,ACC_1002464,2021-06-21 22:13:08,APPROVED
B_105356,ACC_1006687,ACC_1012079,2021-06-24 22:13:08,APPROVED
B_105357,ACC_1006687,ACC_1012581,2021-06-24 22:13:08,APPROVED
B_105358,ACC_1006690,ACC_1014085,2021-08-15 21:13:17,PENDING
B_105359,ACC_1006693,ACC_1014592,2019-09-09 12:50:50,APPROVED
B_105360,ACC_1006693,ACC_1005679,2019-09-03 12:50:50,APPROVED
B_105361,ACC_1006696,ACC_1011553,2023-10-21 06:40:14,APPROVED
B_105362,ACC_1006697,ACC_1002451,2024-10-06 09:39:37,APPROVED
B_105363,ACC_1006697,ACC_1014339,2024-10-06 09:39:37,APPROVED
B_105364,ACC_1006697,ACC_1011964,2024-10-08 09:39:37,APPROVED
B_105365,ACC_1006701,ACC_1001210,2021-10-16 21:46:18,APPROVED
B_105366,ACC_1006701,ACC_1001023,2021-10-15 21:46:18,APPROVED
B_105367,ACC_1006703,ACC_1005272,2019-11-18 11:09:48,APPROVED
B_105368,ACC_1006703,ACC_1006701,2019-11-14 11:09:48,APPROVED
B_105369,ACC_1006703,ACC_1010663,2019-11-14 11:09:48,APPROVED
B_105370,ACC_1006704,ACC_1007394,2020-12-05 05:36:44,APPROVED
B_105371,ACC_1006704,ACC_1011481,2020-11-26 05:36:44,APPROVED
B_105372,ACC_1006712,ACC_1014880,2025-10-31 07:29:06,APPROVED
B_105373,ACC_1006712,ACC_1007975,2025-10-29 07:29:06,APPROVED
B_105374,ACC_1006713,ACC_1004617,2025-11-02 00:51:06,APPROVED
B_105375,ACC_1006713,ACC_1008297,2025-10-29 00:51:06,APPROVED
B_105376,ACC_1006713,ACC_1012166,2025-10-29 00:51:06,APPROVED
B_105377,ACC_1006716,ACC_1014187,2024-03-15 15:18:04,APPROVED
B_105378,ACC_1006724,ACC_1002798,2016-06-03 08:34:45,APPROVED
B_105379,ACC_1006724,ACC_1005693,2016-06-08 08:34:45,APPROVED
B_105380,ACC_1006724,ACC_1001415,2016-06-03 08:34:45,APPROVED
B_105381,ACC_1006726,ACC_1005472,2022-11-19 18:47:50,APPROVED
B_105382,ACC_1006727,ACC_1003520,2022-12-14 15:41:50,APPROVED
B_105383,ACC_1006728,ACC_1014224,2021-03-10 05:35:33,APPROVED
B_105384,ACC_1006728,ACC_1006180,2021-03-14 05:35:33,APPROVED
B_105385,ACC_1006732,ACC_1010079,2016-11-28 01:39:24,PENDING
B_105386,ACC_1006734,ACC_1006995,2023-06-24 23:35:13,APPROVED
B_105387,ACC_1006734,ACC_1014884,2023-07-01 23:35:13,APPROVED
B_105388,ACC_1006736,ACC_1013305,2025-11-28 12:49:38,APPROVED
B_105389,ACC_1006736,ACC_1008846,2025-11-28 12:49:38,APPROVED
B_105390,ACC_1006738,ACC_1009409,2024-05-08 14:32:13,APPROVED
B_105391,ACC_1006740,ACC_1002825,2024-07-03 23:44:01,APPROVED
B_105392,ACC_1006740,ACC_1002443,2024-06-29 23:44:01,APPROVED
B_105393,ACC_1006740,ACC_1014751,2024-06-30 23:44:01,PENDING
B_105394,ACC_1006741,ACC_1014196,2024-06-24 20:23:01,APPROVED
B_105395,ACC_1006742,ACC_1007172,2021-04-11 05:20:33,APPROVED
B_105396,ACC_1006744,ACC_1006403,2019-12-20 23:02:36,APPROVED
B_105397,ACC_1006744,ACC_1003801,2019-12-20 23:02:36,APPROVED
B_105398,ACC_1006745,ACC_1010516,2022-12-01 07:35:16,APPROVED
B_105399,ACC_1006745,ACC_1008090,2022-11-30 07:35:16,APPROVED
B_105400,ACC_1006746,ACC_1000844,2020-02-12 02:14:05,APPROVED
B_105401,ACC_1006747,ACC_1014761,2020-01-30 08:58:05,APPROVED
B_105402,ACC_1006749,ACC_1014136,2024-08-20 10:30:02,APPROVED
B_105403,ACC_1006749,ACC_1004039,2024-08-23 10:30:02,APPROVED
B_105404,ACC_1006754,ACC_1008840,2023-04-08 17:58:12,APPROVED
B_105405,ACC_1006758,ACC_1004670,2016-09-29 17:33:42,APPROVED
B_105406,ACC_1006758,ACC_1008772,2016-09-28 17:33:42,APPROVED
B_105407,ACC_1006759,ACC_1000917,2016-10-14 01:30:42,APPROVED
B_105408,ACC_1006759,ACC_1000961,2016-10-13 01:30:42,APPROVED
B_105409,ACC_1006759,ACC_1003057,2016-10-15 01:30:42,APPROVED
B_105410,ACC_1006760,ACC_1009178,2016-10-07 20:57:42,APPROVED
B_105411,ACC_1006761,ACC_1003974,2023-02-23 04:21:51,APPROVED
B_105412,ACC_1006764,ACC_1002305,2023-01-04 08:20:59,APPROVED
B_105413,ACC_1006764,ACC_1001444,2023-01-12 08:20:59,APPROVED
B_105414,ACC_1006772,ACC_1009116,2018-01-02 22:39:48,APPROVED
B_105415,ACC_1006772,ACC_1014257,2017-12-29 22:39:48,APPROVED
B_105416,ACC_1006777,ACC_1011808,2019-10-15 08:50:41,APPROVED
B_105417,ACC_1006778,ACC_1011795,2019-10-20 02:21:41,APPROVED
B_105418,ACC_1006778,ACC_1008063,2019-10-26 02:21:41,APPROVED
B_105419,ACC_1006778,ACC_1000809,2019-10-29 02:21:41,APPROVED
B_105420,ACC_1006779,ACC_1003517,2020-11-09 07:46:05,APPROVED
B_105421,ACC_1006780,ACC_1001014,2024-11-19 05:51:09,APPROVED
B_105422,ACC_1006783,ACC_1013153,2016-03-02 05:34:23,APPROVED
B_105423,ACC_1006783,ACC_1009514,2016-03-06 05:34:23,APPROVED
B_105424,ACC_1006783,ACC_1013816,2016-03-05 05:34:23,APPROVED
B_105425,ACC_1006786,ACC_1000533,2025-07-04 16:38:49,APPROVED
B_105426,ACC_1006786,ACC_1006615,2025-06-26 16:38:49,APPROVED
B_105427,ACC_1006787,ACC_1003420,2021-09-12 00:11:00,APPROVED
B_105428,ACC_1006787,ACC_1000315,2021-09-11 00:11:00,APPROVED
B_105429,ACC_1006787,ACC_1002706,2021-09-09 00:11:00,APPROVED
B_105430,ACC_1006791,ACC_1006392,2025-08-01 07:50:20,APPROVED
B_105431,ACC_1006795,ACC_1010263,2020-05-11 03:41:31,APPROVED
B_105432,ACC_1006796,ACC_1009138,2017-04-20 19:22:58,APPROVED
B_105433,ACC_1006797,ACC_1003512,2017-04-01 15:43:58,APPROVED
B_105434,ACC_1006797,ACC_1004122,2017-04-04 15:43:58,APPROVED
B_105435,ACC_1006798,ACC_1002907,2024-07-20 03:37:33,APPROVED
B_105436,ACC_1006798,ACC_1002760,2024-07-24 03:37:33,APPROVED
B_105437,ACC_1006798,ACC_1007213,2024-07-24 03:37:33,APPROVED
B_105438,ACC_1006799,ACC_1000372,2024-08-21 07:22:33,APPROVED
B_105439,ACC_1006799,ACC_1005530,2024-08-23 07:22:33,APPROVED
B_105440,ACC_1006801,ACC_1000404,2020-01-31 14:56:41,APPROVED
B_105441,ACC_1006801,ACC_1005103,2020-01-28 14:56:41,APPROVED
B_105442,ACC_1006801,ACC_1002050,2020-01-29 14:56:41,APPROVED
B_105443,ACC_1006804,ACC_1014208,2021-01-16 20:03:39,APPROVED
B_105444,ACC_1006805,ACC_1010075,2016-06-07 03:59:54,APPROVED
B_105445,ACC_1006805,ACC_1009704,2016-06-10 03:59:54,APPROVED
B_105446,ACC_1006809,ACC_1008126,2025-07-25 14:31:21,APPROVED
B_105447,ACC_1006810,ACC_1009863,2016-11-05 12:43:43,APPROVED
B_105448,ACC_1006810,ACC_1003187,2016-11-09 12:43:43,APPROVED
B_105449,ACC_1006810,ACC_1003545,2016-11-09 12:43:43,APPROVED
B_105450,ACC_1006811,ACC_1014208,2016-11-08 04:05:43,APPROVED
B_105451,ACC_1006811,ACC_1004495,2016-11-09 04:05:43,APPROVED
B_105452,ACC_1006811,ACC_1009006,2016-11-02 04:05:43,APPROVED
B_105453,ACC_1006812,ACC_1011188,2016-10-31 06:16:43,APPROVED
B_105454,ACC_1006812,ACC_1004764,2016-11-01 06:16:43,APPROVED
B_105455,ACC_1006812,ACC_1010452,2016-10-30 06:16:43,APPROVED
B_105456,ACC_1006816,ACC_1009564,2023-07-01 09:09:25,APPROVED
B_105457,ACC_1006816,ACC_1009486,2023-07-01 09:09:25,APPROVED
B_105458,ACC_1006816,ACC_1007246,2023-07-09 09:09:25,APPROVED
B_105459,ACC_1006817,ACC_1010028,2024-12-31 23:20:32,APPROVED
B_105460,ACC_1006817,ACC_1001045,2025-01-01 23:20:32,APPROVED
B_105461,ACC_1006817,ACC_1011680,2025-01-04 23:20:32,APPROVED
B_105462,ACC_1006821,ACC_1009847,2016-03-14 09:38:29,APPROVED
B_105463,ACC_1006821,ACC_1010521,2016-03-16 09:38:29,APPROVED
B_105464,ACC_1006821,ACC_1009995,2016-03-11 09:38:29,APPROVED
B_105465,ACC_1006822,ACC_1010740,2016-02-29 18:47:29,APPROVED
B_105466,ACC_1006822,ACC_1013878,2016-02-26 18:47:29,APPROVED
B_105467,ACC_1006822,ACC_1014476,2016-02-29 18:47:29,APPROVED
B_105468,ACC_1006823,ACC_1006930,2021-06-17 11:35:30,APPROVED
B_105469,ACC_1006824,ACC_1011510,2016-03-13 12:37:10,APPROVED
B_105470,ACC_1006824,ACC_1008757,2016-03-10 12:37:10,APPROVED
B_105471,ACC_1006827,ACC_1008223,2018-10-03 19:43:58,APPROVED
B_105472,ACC_1006827,ACC_1001587,2018-09-27 19:43:58,APPROVED
B_105473,ACC_1006827,ACC_1008433,2018-09-28 19:43:58,APPROVED
B_105474,ACC_1006829,ACC_1005652,2018-06-19 02:17:19,APPROVED
B_105475,ACC_1006829,ACC_1000414,2018-06-26 02:17:19,APPROVED
B_105476,ACC_1006830,ACC_1006550,2016-08-22 11:13:53,PENDING
B_105477,ACC_1006833,ACC_1001562,2016-11-25 20:46:07,APPROVED
B_105478,ACC_1006833,ACC_1005105,2016-11-25 20:46:07,APPROVED
B_105479,ACC_1006833,ACC_1008451,2016-11-30 20:46:07,APPROVED
B_105480,ACC_1006839,ACC_1002774,2017-05-08 04:26:04,APPROVED
B_105481,ACC_1006849,ACC_1008915,2016-08-27 09:06:50,APPROVED
B_105482,ACC_1006852,ACC_1014007,2017-06-05 02:15:30,APPROVED
B_105483,ACC_1006854,ACC_1014841,2021-04-13 05:50:23,APPROVED
B_105484,ACC_1006854,ACC_1001071,2021-04-16 05:50:23,APPROVED
B_105485,ACC_1006855,ACC_1006449,2020-05-13 14:19:50,APPROVED
B_105486,ACC_1006855,ACC_1011161,2020-05-09 14:19:50,APPROVED
B_105487,ACC_1006860,ACC_1001471,2022-11-23 21:09:19,APPROVED
B_105488,ACC_1006860,ACC_1005293,2022-11-21 21:09:19,APPROVED
B_105489,ACC_1006861,ACC_1004555,2017-10-17 03:03:02,APPROVED
B_105490,ACC_1006861,ACC_1012643,2017-10-16 03:03:02,APPROVED
B_105491,ACC_1006861,ACC_1013258,2017-10-22 03:03:02,APPROVED
B_105492,ACC_1006863,ACC_1003386,2019-12-13 20:19:12,APPROVED
B_105493,ACC_1006863,ACC_1009794,2019-12-16 20:19:12,APPROVED
B_105494,ACC_1006864,ACC_1000421,2019-12-29 05:26:12,APPROVED
B_105495,ACC_1006864,ACC_1003133,2019-12-31 05:26:12,APPROVED
B_105496,ACC_1006864,ACC_1004630,2019-12-26 05:26:12,APPROVED
B_105497,ACC_1006865,ACC_1011632,2024-09-11 16:55:13,APPROVED
B_105498,ACC_1006865,ACC_1001783,2024-09-08 16:55:13,APPROVED
B_105499,ACC_1006866,ACC_1008830,2024-12-02 06:46:11,APPROVED
B_105500,ACC_1006868,ACC_1000918,2018-07-04 21:44:41,PENDING
B_105501,ACC_1006868,ACC_1010888,2018-07-03 21:44:41,APPROVED
B_105502,ACC_1006869,ACC_1006863,2018-06-28 15:23:41,APPROVED
B_105503,ACC_1006869,ACC_1008674,2018-07-06 15:23:41,APPROVED
B_105504,ACC_1006869,ACC_1000055,2018-06-29 15:23:41,APPROVED
B_105505,ACC_1006870,ACC_1001752,2016-08-01 12:24:55,APPROVED
B_105506,ACC_1006871,ACC_1001635,2020-06-04 20:18:03,APPROVED
B_105507,ACC_1006871,ACC_1004346,2020-06-05 20:18:03,APPROVED
B_105508,ACC_1006872,ACC_1009669,2021-11-11 23:54:45,APPROVED
B_105509,ACC_1006872,ACC_1013555,2021-11-17 23:54:45,APPROVED
B_105510,ACC_1006873,ACC_1003740,2024-02-22 13:18:50,APPROVED
B_105511,ACC_1006873,ACC_1012403,2024-02-27 13:18:50,APPROVED
B_105512,ACC_1006873,ACC_1003960,2024-02-22 13:18:50,APPROVED
B_105513,ACC_1006875,ACC_1001232,2016-05-31 12:50:16,APPROVED
B_105514,ACC_1006875,ACC_1000333,2016-05-26 12:50:16,APPROVED
B_105515,ACC_1006875,ACC_1005633,2016-05-22 12:50:16,APPROVED
B_105516,ACC_1006878,ACC_1000219,2021-10-26 13:48:03,APPROVED
B_105517,ACC_1006879,ACC_1012183,2016-07-21 13:27:49,APPROVED
B_105518,ACC_1006879,ACC_1002190,2016-07-20 13:27:49,APPROVED
B_105519,ACC_1006879,ACC_1011876,2016-07-18 13:27:49,APPROVED
B_105520,ACC_1006881,ACC_1010150,2017-07-23 18:48:52,PENDING
B_105521,ACC_1006881,ACC_1011900,2017-07-18 18:48:52,APPROVED
B_105522,ACC_1006883,ACC_1007112,2021-06-24 13:50:40,APPROVED
B_105523,ACC_1006883,ACC_1005530,2021-06-27 13:50:40,APPROVED
B_105524,ACC_1006883,ACC_1008295,2021-06-26 13:50:40,APPROVED
B_105525,ACC_1006887,ACC_1014681,2020-02-21 04:25:34,APPROVED
B_105526,ACC_1006887,ACC_1000109,2020-02-21 04:25:34,APPROVED
B_105527,ACC_1006888,ACC_1009576,2020-02-29 14:32:34,APPROVED
B_105528,ACC_1006888,ACC_1001743,2020-02-25 14:32:34,APPROVED
B_105529,ACC_1006889,ACC_1008649,2020-01-22 13:05:23,APPROVED
B_105530,ACC_1006889,ACC_1011494,2020-01-19 13:05:23,APPROVED
B_105531,ACC_1006889,ACC_1013647,2020-01-22 13:05:23,APPROVED
B_105532,ACC_1006891,ACC_1000526,2023-01-04 23:13:07,APPROVED
B_105533,ACC_1006891,ACC_1006983,2023-01-01 23:13:07,APPROVED
B_105534,ACC_1006894,ACC_1013368,2023-10-31 10:45:48,APPROVED
B_105535,ACC_1006894,ACC_1012267,2023-11-01 10:45:48,APPROVED
B_105536,ACC_1006894,ACC_1009875,2023-11-06 10:45:48,APPROVED
B_105537,ACC_1006895,ACC_1014933,2020-07-24 09:16:48,APPROVED
B_105538,ACC_1006895,ACC_1014303,2020-07-29 09:16:48,APPROVED
B_105539,ACC_1006895,ACC_1002228,2020-07-23 09:16:48,APPROVED
B_105540,ACC_1006899,ACC_1008739,2024-06-07 13:12:30,APPROVED
B_105541,ACC_1006899,ACC_1013314,2024-06-08 13:12:30,APPROVED
B_105542,ACC_1006899,ACC_1007245,2024-06-01 13:12:30,APPROVED
B_105543,ACC_1006901,ACC_1014006,2024-09-08 22:49:20,APPROVED
B_105544,ACC_1006901,ACC_1001709,2024-09-08 22:49:20,APPROVED
B_105545,ACC_1006904,ACC_1009322,2024-01-18 21:11:48,APPROVED
B_105546,ACC_1006905,ACC_1004611,2020-10-08 11:47:07,APPROVED
B_105547,ACC_1006906,ACC_1001021,2017-04-22 17:25:47,APPROVED
B_105548,ACC_1006906,ACC_1007368,2017-04-25 17:25:47,APPROVED
B_105549,ACC_1006906,ACC_1003959,2017-04-22 17:25:47,APPROVED
B_105550,ACC_1006914,ACC_1005723,2016-06-07 23:38:13,APPROVED
B_105551,ACC_1006918,ACC_1012147,2018-08-17 07:39:22,PENDING
B_105552,ACC_1006918,ACC_1005929,2018-08-13 07:39:22,APPROVED
B_105553,ACC_1006918,ACC_1001665,2018-08-13 07:39:22,APPROVED
B_105554,ACC_1006919,ACC_1004340,2018-01-11 03:55:55,APPROVED
B_105555,ACC_1006919,ACC_1000872,2018-01-09 03:55:55,APPROVED
B_105556,ACC_1006921,ACC_1007334,2018-12-26 05:42:54,PENDING
B_105557,ACC_1006921,ACC_1001646,2018-12-26 05:42:54,APPROVED
B_105558,ACC_1006925,ACC_1003945,2018-12-05 15:30:32,APPROVED
B_105559,ACC_1006925,ACC_1010937,2018-12-06 15:30:32,APPROVED
B_105560,ACC_1006926,ACC_1012431,2018-12-13 19:08:32,APPROVED
B_105561,ACC_1006926,ACC_1006070,2018-12-14 19:08:32,APPROVED
B_105562,ACC_1006927,ACC_1011020,2021-04-03 16:37:19,APPROVED
B_105563,ACC_1006932,ACC_1008176,2024-08-20 18:33:23,PENDING
B_105564,ACC_1006935,ACC_1003000,2017-02-04 20:59:59,APPROVED
B_105565,ACC_1006936,ACC_1001160,2019-03-03 14:19:30,APPROVED
B_105566,ACC_1006936,ACC_1014803,2019-02-26 14:19:30,APPROVED
B_105567,ACC_1006936,ACC_1006273,2019-03-02 14:19:30,APPROVED
B_105568,ACC_1006938,ACC_1006691,2021-10-10 23:39:16,APPROVED
B_105569,ACC_1006938,ACC_1005921,2021-10-10 23:39:16,PENDING
B_105570,ACC_1006938,ACC_1003773,2021-10-14 23:39:16,APPROVED
B_105571,ACC_1006940,ACC_1008036,2019-06-16 17:39:15,APPROVED
B_105572,ACC_1006941,ACC_1010868,2024-10-23 13:29:16,APPROVED
B_105573,ACC_1006942,ACC_1010098,2017-06-21 18:21:28,APPROVED
B_105574,ACC_1006942,ACC_1003305,2017-06-18 18:21:28,APPROVED
B_105575,ACC_1006942,ACC_1012836,2017-06-20 18:21:28,APPROVED
B_105576,ACC_1006944,ACC_1002264,2024-07-11 19:09:44,APPROVED
B_105577,ACC_1006944,ACC_1011155,2024-07-15 19:09:44,APPROVED
B_105578,ACC_1006948,ACC_1012178,2020-06-22 17:15:39,APPROVED
B_105579,ACC_1006948,ACC_1008901,2020-06-30 17:15:39,APPROVED
B_105580,ACC_1006948,ACC_1002425,2020-06-24 17:15:39,APPROVED
B_105581,ACC_1006951,ACC_1012145,2025-12-16 10:29:21,APPROVED
B_105582,ACC_1006951,ACC_1004876,2025-12-23 10:29:21,APPROVED
B_105583,ACC_1006951,ACC_1010613,2025-12-16 10:29:21,APPROVED
B_105584,ACC_1006952,ACC_1012086,2018-11-09 01:26:52,PENDING
B_105585,ACC_1006958,ACC_1012415,2023-05-09 14:30:23,APPROVED
B_105586,ACC_1006958,ACC_1002170,2023-05-16 14:30:23,APPROVED
B_105587,ACC_1006964,ACC_1001345,2022-12-17 16:19:21,APPROVED
B_105588,ACC_1006964,ACC_1003429,2022-12-13 16:19:21,APPROVED
B_105589,ACC_1006965,ACC_1003885,2022-11-25 09:14:21,APPROVED
B_105590,ACC_1006965,ACC_1012765,2022-11-27 09:14:21,APPROVED
B_105591,ACC_1006966,ACC_1011609,2018-06-22 15:19:46,APPROVED
B_105592,ACC_1006966,ACC_1011219,2018-06-24 15:19:46,APPROVED
B_105593,ACC_1006966,ACC_1012244,2018-06-29 15:19:46,APPROVED
B_105594,ACC_1006968,ACC_1013642,2022-12-26 18:59:52,APPROVED
B_105595,ACC_1006968,ACC_1009721,2022-12-28 18:59:52,APPROVED
B_105596,ACC_1006969,ACC_1013588,2016-03-01 09:12:41,APPROVED
B_105597,ACC_1006970,ACC_1008916,2016-02-23 16:38:41,APPROVED
B_105598,ACC_1006970,ACC_1013005,2016-02-24 16:38:41,APPROVED
B_105599,ACC_1006972,ACC_1000132,2023-01-17 08:43:27,PENDING
B_105600,ACC_1006972,ACC_1013909,2023-01-18 08:43:27,APPROVED
B_105601,ACC_1006973,ACC_1014783,2023-02-02 05:27:27,APPROVED
B_105602,ACC_1006973,ACC_1000013,2023-02-02 05:27:27,APPROVED
B_105603,ACC_1006979,ACC_1013201,2025-05-27 07:53:53,APPROVED
B_105604,ACC_1006979,ACC_1002591,2025-05-23 07:53:53,APPROVED
B_105605,ACC_1006986,ACC_1011436,2019-09-21 20:37:25,APPROVED
B_105606,ACC_1006987,ACC_1010946,2018-05-30 23:08:46,APPROVED
B_105607,ACC_1006988,ACC_1004328,2017-01-28 02:37:42,APPROVED
B_105608,ACC_1006988,ACC_1007223,2017-02-05 02:37:42,APPROVED
B_105609,ACC_1006989,ACC_1009940,2024-05-01 11:47:14,APPROVED
B_105610,ACC_1006990,ACC_1014910,2024-04-17 05:32:14,PENDING
B_105611,ACC_1006990,ACC_1005407,2024-04-23 05:32:14,APPROVED
B_105612,ACC_1006990,ACC_1009175,2024-04-22 05:32:14,APPROVED
B_105613,ACC_1006991,ACC_1007231,2016-11-14 22:48:23,APPROVED
B_105614,ACC_1006991,ACC_1006263,2016-11-19 22:48:23,APPROVED
B_105615,ACC_1006991,ACC_1008693,2016-11-13 22:48:23,APPROVED
B_105616,ACC_1006996,ACC_1003765,2020-11-03 17:42:24,APPROVED
B_105617,ACC_1006996,ACC_1012924,2020-10-31 17:42:24,APPROVED
B_105618,ACC_1006997,ACC_1005930,2020-10-10 09:26:24,APPROVED
B_105619,ACC_1006997,ACC_1004740,2020-10-13 09:26:24,APPROVED
B_105620,ACC_1007000,ACC_1004466,2021-08-19 18:14:14,APPROVED
B_105621,ACC_1007002,ACC_1011188,2017-05-24 14:17:06,APPROVED
B_105622,ACC_1007003,ACC_1002113,2017-04-24 19:20:05,APPROVED
B_105623,ACC_1007003,ACC_1008117,2017-04-29 19:20:05,APPROVED
B_105624,ACC_1007007,ACC_1010537,2024-02-01 18:43:03,APPROVED
B_105625,ACC_1007007,ACC_1011671,2024-01-31 18:43:03,APPROVED
B_105626,ACC_1007007,ACC_1010726,2024-01-31 18:43:03,APPROVED
B_105627,ACC_1007008,ACC_1008979,2023-05-30 06:47:52,APPROVED
B_105628,ACC_1007009,ACC_1004020,2017-06-09 20:53:55,APPROVED
B_105629,ACC_1007012,ACC_1009125,2023-07-07 09:02:05,APPROVED
B_105630,ACC_1007012,ACC_1002928,2023-07-05 09:02:05,APPROVED
B_105631,ACC_1007013,ACC_1005148,2023-07-18 08:41:05,APPROVED
B_105632,ACC_1007013,ACC_1000955,2023-07-13 08:41:05,APPROVED
B_105633,ACC_1007014,ACC_1010948,2020-05-14 14:04:18,APPROVED
B_105634,ACC_1007014,ACC_1011771,2020-05-15 14:04:18,APPROVED
B_105635,ACC_1007014,ACC_1006990,2020-05-07 14:04:18,APPROVED
B_105636,ACC_1007015,ACC_1003618,2020-05-13 01:55:18,APPROVED
B_105637,ACC_1007015,ACC_1010097,2020-05-16 01:55:18,APPROVED
B_105638,ACC_1007015,ACC_1010027,2020-05-12 01:55:18,APPROVED
B_105639,ACC_1007017,ACC_1014389,2024-10-26 13:48:12,APPROVED
B_105640,ACC_1007017,ACC_1008970,2024-10-25 13:48:12,APPROVED
B_105641,ACC_1007017,ACC_1006703,2024-10-30 13:48:12,APPROVED
B_105642,ACC_1007021,ACC_1004890,2020-12-12 10:05:39,APPROVED
B_105643,ACC_1007021,ACC_1001314,2020-12-08 10:05:39,APPROVED
B_105644,ACC_1007022,ACC_1006305,2020-12-14 17:26:39,APPROVED
B_105645,ACC_1007022,ACC_1000853,2020-12-07 17:26:39,APPROVED
B_105646,ACC_1007024,ACC_1001825,2018-07-29 03:42:43,APPROVED
B_105647,ACC_1007025,ACC_1012279,2016-10-24 10:43:52,APPROVED
B_105648,ACC_1007025,ACC_1013912,2016-10-26 10:43:52,APPROVED
B_105649,ACC_1007028,ACC_1005303,2023-10-01 12:03:57,APPROVED
B_105650,ACC_1007028,ACC_1013945,2023-10-08 12:03:57,PENDING
B_105651,ACC_1007028,ACC_1009534,2023-10-08 12:03:57,APPROVED
B_105652,ACC_1007035,ACC_1001018,2023-12-23 13:52:55,APPROVED
B_105653,ACC_1007036,ACC_1001080,2020-10-27 12:33:33,PENDING
B_105654,ACC_1007036,ACC_1009274,2020-10-29 12:33:33,APPROVED
B_105655,ACC_1007036,ACC_1008312,2020-10-22 12:33:33,APPROVED
B_105656,ACC_1007037,ACC_1002955,2025-07-12 00:13:37,APPROVED
B_105657,ACC_1007037,ACC_1001534,2025-07-16 00:13:37,APPROVED
B_105658,ACC_1007041,ACC_1013905,2023-01-07 09:30:05,APPROVED
B_105659,ACC_1007041,ACC_1006047,2023-01-11 09:30:05,APPROVED
B_105660,ACC_1007041,ACC_1014974,2023-01-16 09:30:05,APPROVED
B_105661,ACC_1007042,ACC_1002213,2017-09-30 23:18:03,APPROVED
B_105662,ACC_1007042,ACC_1009805,2017-10-02 23:18:03,APPROVED
B_105663,ACC_1007042,ACC_1003109,2017-10-02 23:18:03,APPROVED
B_105664,ACC_1007044,ACC_1008167,2025-09-10 14:10:31,APPROVED
B_105665,ACC_1007045,ACC_1000790,2025-09-10 17:03:31,APPROVED
B_105666,ACC_1007045,ACC_1010635,2025-09-10 17:03:31,APPROVED
B_105667,ACC_1007050,ACC_1013164,2025-11-28 17:03:56,APPROVED
B_105668,ACC_1007050,ACC_1010912,2025-12-02 17:03:56,APPROVED
B_105669,ACC_1007050,ACC_1012153,2025-11-30 17:03:56,APPROVED
B_105670,ACC_1007051,ACC_1006752,2025-11-30 20:35:56,APPROVED
B_105671,ACC_1007051,ACC_1000258,2025-12-03 20:35:56,APPROVED
B_105672,ACC_1007052,ACC_1004102,2023-12-24 16:06:54,APPROVED
B_105673,ACC_1007052,ACC_1014769,2023-12-27 16:06:54,APPROVED
B_105674,ACC_1007054,ACC_1009599,2018-12-14 10:02:49,APPROVED
B_105675,ACC_1007054,ACC_1001257,2018-12-19 10:02:49,APPROVED
B_105676,ACC_1007057,ACC_1004163,2019-08-01 14:24:09,APPROVED
B_105677,ACC_1007057,ACC_1006921,2019-08-05 14:24:09,APPROVED
B_105678,ACC_1007059,ACC_1001857,2021-09-26 14:55:42,APPROVED
B_105679,ACC_1007068,ACC_1010462,2017-12-13 08:28:55,APPROVED
B_105680,ACC_1007069,ACC_1012792,2025-01-24 02:18:35,APPROVED
B_105681,ACC_1007069,ACC_1014331,2025-01-26 02:18:35,APPROVED
B_105682,ACC_1007072,ACC_1000973,2024-05-15 03:12:59,APPROVED
B_105683,ACC_1007072,ACC_1002568,2024-05-11 03:12:59,APPROVED
B_105684,ACC_1007075,ACC_1009339,2022-09-15 23:49:52,APPROVED
B_105685,ACC_1007075,ACC_1004367,2022-09-18 23:49:52,APPROVED
B_105686,ACC_1007077,ACC_1000868,2022-02-12 12:42:50,APPROVED
B_105687,ACC_1007077,ACC_1012321,2022-02-11 12:42:50,APPROVED
B_105688,ACC_1007079,ACC_1014167,2021-01-16 03:32:37,APPROVED
B_105689,ACC_1007079,ACC_1011179,2021-01-15 03:32:37,APPROVED
B_105690,ACC_1007079,ACC_1007234,2021-01-13 03:32:37,APPROVED
B_105691,ACC_1007080,ACC_1013718,2021-01-20 23:14:37,APPROVED
B_105692,ACC_1007082,ACC_1007523,2018-11-22 14:30:48,APPROVED
B_105693,ACC_1007086,ACC_1010642,2023-07-03 03:23:34,APPROVED
B_105694,ACC_1007086,ACC_1004707,2023-07-06 03:23:34,APPROVED
B_105695,ACC_1007087,ACC_1005551,2021-11-14 12:52:26,APPROVED
B_105696,ACC_1007087,ACC_1014887,2021-11-16 12:52:26,APPROVED
B_105697,ACC_1007087,ACC_1013333,2021-11-14 12:52:26,APPROVED
B_105698,ACC_1007091,ACC_1006811,2020-10-24 23:21:58,APPROVED
B_105699,ACC_1007093,ACC_1006304,2023-08-30 09:37:53,APPROVED
B_105700,ACC_1007093,ACC_1006798,2023-09-06 09:37:53,APPROVED
B_105701,ACC_1007093,ACC_1013503,2023-09-07 09:37:53,APPROVED
B_105702,ACC_1007094,ACC_1000322,2017-03-26 05:29:29,APPROVED
B_105703,ACC_1007098,ACC_1001334,2018-06-08 13:06:54,APPROVED
B_105704,ACC_1007098,ACC_1008815,2018-06-14 13:06:54,APPROVED
B_105705,ACC_1007099,ACC_1012396,2020-03-29 22:39:11,APPROVED
B_105706,ACC_1007099,ACC_1006968,2020-03-31 22:39:11,APPROVED
B_105707,ACC_1007100,ACC_1010333,2021-01-19 19:29:14,APPROVED
B_105708,ACC_1007100,ACC_1005112,2021-01-16 19:29:14,APPROVED
B_105709,ACC_1007101,ACC_1007296,2025-12-07 19:06:49,APPROVED
B_105710,ACC_1007102,ACC_1011422,2020-05-06 05:21:43,APPROVED
B_105711,ACC_1007102,ACC_1000020,2020-05-04 05:21:43,APPROVED
B_105712,ACC_1007102,ACC_1006684,2020-04-30 05:21:43,APPROVED
B_105713,ACC_1007106,ACC_1009187,2024-06-18 12:17:38,APPROVED
B_105714,ACC_1007107,ACC_1003801,2022-01-27 22:26:32,APPROVED
B_105715,ACC_1007107,ACC_1005531,2022-01-25 22:26:32,APPROVED
B_105716,ACC_1007107,ACC_1004352,2022-01-26 22:26:32,PENDING
B_105717,ACC_1007108,ACC_1010146,2022-01-27 10:05:32,APPROVED
B_105718,ACC_1007110,ACC_1007680,2020-02-15 10:16:30,APPROVED
B_105719,ACC_1007114,ACC_1006446,2016-04-17 02:51:18,APPROVED
B_105720,ACC_1007114,ACC_1014996,2016-04-21 02:51:18,APPROVED
B_105721,ACC_1007117,ACC_1000452,2018-11-26 13:35:33,APPROVED
B_105722,ACC_1007117,ACC_1012244,2018-11-27 13:35:33,APPROVED
B_105723,ACC_1007118,ACC_1010863,2017-12-11 09:41:13,APPROVED
B_105724,ACC_1007118,ACC_1009625,2017-12-18 09:41:13,PENDING
B_105725,ACC_1007118,ACC_1011167,2017-12-15 09:41:13,APPROVED
B_105726,ACC_1007119,ACC_1007767,2019-08-09 18:27:48,APPROVED
B_105727,ACC_1007119,ACC_1013446,2019-08-13 18:27:48,APPROVED
B_105728,ACC_1007121,ACC_1009654,2019-10-17 01:50:50,APPROVED
B_105729,ACC_1007121,ACC_1004532,2019-10-21 01:50:50,APPROVED
B_105730,ACC_1007123,ACC_1013194,2023-09-22 21:52:09,PENDING
B_105731,ACC_1007123,ACC_1010851,2023-09-22 21:52:09,APPROVED
B_105732,ACC_1007126,ACC_1004647,2019-07-10 13:31:51,APPROVED
B_105733,ACC_1007126,ACC_1009171,2019-07-12 13:31:51,APPROVED
B_105734,ACC_1007126,ACC_1002310,2019-07-09 13:31:51,APPROVED
B_105735,ACC_1007133,ACC_1003484,2023-07-20 18:35:32,APPROVED
B_105736,ACC_1007133,ACC_1007135,2023-07-18 18:35:32,APPROVED
B_105737,ACC_1007133,ACC_1009393,2023-07-17 18:35:32,APPROVED
B_105738,ACC_1007137,ACC_1006941,2018-09-05 02:29:06,APPROVED
B_105739,ACC_1007137,ACC_1002667,2018-09-05 02:29:06,APPROVED
B_105740,ACC_1007137,ACC_1005183,2018-08-28 02:29:06,APPROVED
B_105741,ACC_1007138,ACC_1010543,2023-04-11 13:18:07,APPROVED
B_105742,ACC_1007138,ACC_1013759,2023-04-10 13:18:07,APPROVED
B_105743,ACC_1007138,ACC_1014581,2023-04-12 13:18:07,APPROVED
B_105744,ACC_1007146,ACC_1011643,2025-07-27 09:51:51,APPROVED
B_105745,ACC_1007149,ACC_1004343,2025-02-12 11:24:39,PENDING
B_105746,ACC_1007149,ACC_1013391,2025-02-04 11:24:39,APPROVED
B_105747,ACC_1007152,ACC_1011768,2019-08-31 12:15:45,APPROVED
B_105748,ACC_1007153,ACC_1005971,2024-01-12 20:35:46,APPROVED
B_105749,ACC_1007154,ACC_1000454,2024-01-07 23:02:46,APPROVED
B_105750,ACC_1007154,ACC_1002289,2024-01-03 23:02:46,APPROVED
B_105751,ACC_1007156,ACC_1002517,2021-05-11 19:19:03,APPROVED
B_105752,ACC_1007156,ACC_1000595,2021-05-08 19:19:03,APPROVED
B_105753,ACC_1007158,ACC_1012510,2020-10-21 11:17:32,APPROVED
B_105754,ACC_1007159,ACC_1007434,2018-03-02 10:49:07,APPROVED
B_105755,ACC_1007160,ACC_1002873,2016-07-18 04:33:42,APPROVED
B_105756,ACC_1007160,ACC_1007630,2016-07-20 04:33:42,APPROVED
B_105757,ACC_1007161,ACC_1001203,2016-07-26 03:50:42,APPROVED
B_105758,ACC_1007165,ACC_1003514,2022-08-14 12:47:00,APPROVED
B_105759,ACC_1007165,ACC_1000870,2022-08-16 12:47:00,APPROVED
B_105760,ACC_1007165,ACC_1009988,2022-08-18 12:47:00,APPROVED
B_105761,ACC_1007166,ACC_1002548,2022-08-18 06:51:00,APPROVED
B_105762,ACC_1007168,ACC_1007883,2019-12-24 10:33:59,APPROVED
B_105763,ACC_1007168,ACC_1002488,2019-12-24 10:33:59,APPROVED
B_105764,ACC_1007168,ACC_1001382,2019-12-25 10:33:59,APPROVED
B_105765,ACC_1007169,ACC_1000231,2020-01-01 10:49:59,APPROVED
B_105766,ACC_1007170,ACC_1008076,2021-06-21 01:04:39,APPROVED
B_105767,ACC_1007170,ACC_1012013,2021-06-20 01:04:39,APPROVED
B_105768,ACC_1007170,ACC_1012350,2021-06-19 01:04:39,APPROVED
B_105769,ACC_1007172,ACC_1004758,2018-01-02 14:36:50,APPROVED
B_105770,ACC_1007176,ACC_1010671,2020-12-05 18:25:16,APPROVED
B_105771,ACC_1007179,ACC_1005721,2020-05-02 08:37:23,APPROVED
B_105772,ACC_1007180,ACC_1002555,2020-05-14 23:16:23,APPROVED
B_105773,ACC_1007180,ACC_1002552,2020-05-12 23:16:23,APPROVED
B_105774,ACC_1007184,ACC_1001697,2017-09-13 00:43:07,PENDING
B_105775,ACC_1007184,ACC_1013189,2017-09-13 00:43:07,APPROVED
B_105776,ACC_1007185,ACC_1000686,2017-09-09 15:49:07,APPROVED
B_105777,ACC_1007185,ACC_1007157,2017-09-17 15:49:07,APPROVED
B_105778,ACC_1007188,ACC_1008880,2023-07-02 16:29:09,APPROVED
B_105779,ACC_1007188,ACC_1012812,2023-06-23 16:29:09,APPROVED
B_105780,ACC_1007191,ACC_1002706,2020-12-31 07:46:48,APPROVED
B_105781,ACC_1007193,ACC_1000959,2024-06-06 13:15:22,APPROVED
B_105782,ACC_1007193,ACC_1007307,2024-05-31 13:15:22,APPROVED
B_105783,ACC_1007197,ACC_1001716,2023-01-04 20:03:19,APPROVED
B_105784,ACC_1007197,ACC_1008005,2023-01-06 20:03:19,APPROVED
B_105785,ACC_1007197,ACC_1011026,2023-01-07 20:03:19,APPROVED
B_105786,ACC_1007199,ACC_1002594,2016-09-20 13:16:34,APPROVED
B_105787,ACC_1007199,ACC_1014067,2016-09-22 13:16:34,APPROVED
B_105788,ACC_1007202,ACC_1003270,2018-07-25 19:10:09,APPROVED
B_105789,ACC_1007202,ACC_1004037,2018-07-31 19:10:09,APPROVED
B_105790,ACC_1007205,ACC_1010009,2022-04-09 00:03:56,APPROVED
B_105791,ACC_1007206,ACC_1013303,2022-04-12 01:03:56,APPROVED
B_105792,ACC_1007206,ACC_1009800,2022-04-13 01:03:56,APPROVED
B_105793,ACC_1007206,ACC_1007793,2022-04-17 01:03:56,APPROVED
B_105794,ACC_1007210,ACC_1010809,2016-10-27 04:59:46,APPROVED
B_105795,ACC_1007211,ACC_1003266,2022-10-30 16:27:14,APPROVED
B_105796,ACC_1007211,ACC_1013650,2022-10-30 16:27:14,APPROVED
B_105797,ACC_1007211,ACC_1002673,2022-10-27 16:27:14,APPROVED
B_105798,ACC_1007212,ACC_1010057,2019-09-08 19:57:42,APPROVED
B_105799,ACC_1007212,ACC_1000825,2019-09-11 19:57:42,APPROVED
B_105800,ACC_1007216,ACC_1004157,2024-08-04 06:14:50,APPROVED
B_105801,ACC_1007216,ACC_1004068,2024-08-09 06:14:50,APPROVED
B_105802,ACC_1007216,ACC_1014157,2024-08-04 06:14:50,APPROVED
B_105803,ACC_1007217,ACC_1012179,2022-04-06 23:11:00,PENDING
B_105804,ACC_1007217,ACC_1000628,2022-04-08 23:11:00,APPROVED
B_105805,ACC_1007222,ACC_1001756,2019-11-26 06:36:18,APPROVED
B_105806,ACC_1007224,ACC_1011106,2024-09-15 08:57:10,APPROVED
B_105807,ACC_1007224,ACC_1012328,2024-09-12 08:57:10,APPROVED
B_105808,ACC_1007224,ACC_1008583,2024-09-09 08:57:10,APPROVED
B_105809,ACC_1007225,ACC_1012084,2018-12-03 10:56:07,APPROVED
B_105810,ACC_1007225,ACC_1007897,2018-12-10 10:56:07,APPROVED
B_105811,ACC_1007225,ACC_1007191,2018-12-09 10:56:07,APPROVED
B_105812,ACC_1007227,ACC_1006622,2017-10-03 23:23:53,APPROVED
B_105813,ACC_1007227,ACC_1003085,2017-10-05 23:23:53,APPROVED
B_105814,ACC_1007227,ACC_1012809,2017-10-10 23:23:53,APPROVED
B_105815,ACC_1007228,ACC_1001617,2025-10-05 21:10:40,APPROVED
B_105816,ACC_1007229,ACC_1002294,2025-09-30 14:17:40,APPROVED
B_105817,ACC_1007229,ACC_1001300,2025-10-02 14:17:40,APPROVED
B_105818,ACC_1007229,ACC_1006088,2025-10-01 14:17:40,APPROVED
B_105819,ACC_1007231,ACC_1001670,2020-11-30 00:42:14,APPROVED
B_105820,ACC_1007231,ACC_1009506,2020-12-01 00:42:14,APPROVED
B_105821,ACC_1007231,ACC_1008912,2020-12-03 00:42:14,APPROVED
B_105822,ACC_1007233,ACC_1014354,2017-05-16 11:35:40,APPROVED
B_105823,ACC_1007233,ACC_1005764,2017-05-12 11:35:40,APPROVED
B_105824,ACC_1007233,ACC_1013168,2017-05-16 11:35:40,APPROVED
B_105825,ACC_1007234,ACC_1007337,2017-05-29 21:49:40,APPROVED
B_105826,ACC_1007234,ACC_1002692,2017-05-31 21:49:40,APPROVED
B_105827,ACC_1007238,ACC_1004660,2025-12-08 09:31:19,APPROVED
B_105828,ACC_1007240,ACC_1004584,2024-05-18 14:04:48,APPROVED
B_105829,ACC_1007240,ACC_1005739,2024-05-20 14:04:48,APPROVED
B_105830,ACC_1007243,ACC_1011412,2020-03-30 14:23:17,APPROVED
B_105831,ACC_1007243,ACC_1005001,2020-04-03 14:23:17,APPROVED
B_105832,ACC_1007243,ACC_1003164,2020-03-28 14:23:17,APPROVED
B_105833,ACC_1007248,ACC_1001517,2017-08-27 18:26:24,APPROVED
B_105834,ACC_1007250,ACC_1008950,2016-04-07 15:00:05,APPROVED
B_105835,ACC_1007253,ACC_1000645,2026-01-22 05:53:09,APPROVED
B_105836,ACC_1007260,ACC_1008269,2021-10-08 03:05:35,APPROVED
B_105837,ACC_1007264,ACC_1014150,2021-10-09 18:11:25,APPROVED
B_105838,ACC_1007264,ACC_1008654,2021-10-16 18:11:25,APPROVED
B_105839,ACC_1007271,ACC_1008392,2022-08-06 20:35:24,APPROVED
B_105840,ACC_1007273,ACC_1008247,2017-09-23 14:20:28,APPROVED
B_105841,ACC_1007273,ACC_1004709,2017-09-24 14:20:28,PENDING
B_105842,ACC_1007274,ACC_1008865,2017-10-05 12:21:28,APPROVED
B_105843,ACC_1007274,ACC_1005122,2017-10-08 12:21:28,APPROVED
B_105844,ACC_1007280,ACC_1009103,2022-03-18 01:52:20,APPROVED
B_105845,ACC_1007280,ACC_1006944,2022-03-20 01:52:20,APPROVED
B_105846,ACC_1007282,ACC_1008056,2023-11-24 23:22:21,APPROVED
B_105847,ACC_1007282,ACC_1006608,2023-11-26 23:22:21,APPROVED
B_105848,ACC_1007282,ACC_1005466,2023-11-30 23:22:21,APPROVED
B_105849,ACC_1007283,ACC_1005182,2024-10-14 19:07:39,APPROVED
B_105850,ACC_1007283,ACC_1013685,2024-10-16 19:07:39,APPROVED
B_105851,ACC_1007283,ACC_1012459,2024-10-13 19:07:39,APPROVED
B_105852,ACC_1007285,ACC_1001751,2018-09-26 15:52:24,PENDING
B_105853,ACC_1007285,ACC_1010232,2018-09-21 15:52:24,APPROVED
B_105854,ACC_1007290,ACC_1012751,2016-05-18 18:45:42,APPROVED
B_105855,ACC_1007291,ACC_1007151,2016-06-06 05:35:42,APPROVED
B_105856,ACC_1007291,ACC_1012169,2016-06-03 05:35:42,APPROVED
B_105857,ACC_1007291,ACC_1003273,2016-06-01 05:35:42,APPROVED
B_105858,ACC_1007292,ACC_1012951,2025-08-11 07:56:17,APPROVED
B_105859,ACC_1007293,ACC_1012481,2023-10-22 02:59:27,APPROVED
B_105860,ACC_1007294,ACC_1009199,2023-11-09 20:04:27,APPROVED
B_105861,ACC_1007294,ACC_1005784,2023-11-09 20:04:27,APPROVED
B_105862,ACC_1007294,ACC_1002939,2023-11-08 20:04:27,PENDING
B_105863,ACC_1007301,ACC_1010306,2023-02-23 05:34:39,APPROVED
B_105864,ACC_1007303,ACC_1005456,2025-07-30 09:14:17,APPROVED
B_105865,ACC_1007303,ACC_1011260,2025-07-28 09:14:17,APPROVED
B_105866,ACC_1007304,ACC_1010164,2025-04-02 13:08:35,APPROVED
B_105867,ACC_1007305,ACC_1006878,2025-04-02 09:56:35,APPROVED
B_105868,ACC_1007305,ACC_1001146,2025-04-08 09:56:35,APPROVED
B_105869,ACC_1007305,ACC_1008493,2025-04-02 09:56:35,APPROVED
B_105870,ACC_1007309,ACC_1000335,2021-09-28 22:46:33,APPROVED
B_105871,ACC_1007311,ACC_1011619,2022-10-28 09:11:34,APPROVED
B_105872,ACC_1007316,ACC_1011921,2019-10-23 23:58:56,APPROVED
B_105873,ACC_1007316,ACC_1002845,2019-10-26 23:58:56,APPROVED
B_105874,ACC_1007318,ACC_1004446,2022-12-21 13:05:19,APPROVED
B_105875,ACC_1007322,ACC_1010647,2020-10-07 21:44:57,APPROVED
B_105876,ACC_1007322,ACC_1013332,2020-10-10 21:44:57,PENDING
B_105877,ACC_1007322,ACC_1011306,2020-10-03 21:44:57,APPROVED
B_105878,ACC_1007325,ACC_1003032,2024-09-15 05:59:30,APPROVED
B_105879,ACC_1007327,ACC_1009343,2022-01-25 19:39:13,APPROVED
B_105880,ACC_1007327,ACC_1004984,2022-01-19 19:39:13,APPROVED
B_105881,ACC_1007328,ACC_1011908,2021-12-23 04:42:34,APPROVED
B_105882,ACC_1007328,ACC_1003379,2021-12-21 04:42:34,APPROVED
B_105883,ACC_1007328,ACC_1014648,2021-12-29 04:42:34,APPROVED
B_105884,ACC_1007329,ACC_1013737,2022-05-15 03:33:38,APPROVED
B_105885,ACC_1007329,ACC_1012185,2022-05-18 03:33:38,APPROVED
B_105886,ACC_1007331,ACC_1011253,2022-03-31 09:02:10,APPROVED
B_105887,ACC_1007331,ACC_1000701,2022-04-01 09:02:10,APPROVED
B_105888,ACC_1007331,ACC_1014983,2022-03-31 09:02:10,APPROVED
B_105889,ACC_1007333,ACC_1007756,2016-12-01 12:57:43,APPROVED
B_105890,ACC_1007333,ACC_1008142,2016-11-27 12:57:43,APPROVED
B_105891,ACC_1007333,ACC_1001600,2016-11-27 12:57:43,APPROVED
B_105892,ACC_1007335,ACC_1007055,2024-11-16 04:34:12,APPROVED
B_105893,ACC_1007335,ACC_1014124,2024-11-09 04:34:12,APPROVED
B_105894,ACC_1007336,ACC_1014846,2019-11-18 01:14:21,APPROVED
B_105895,ACC_1007336,ACC_1007223,2019-11-15 01:14:21,APPROVED
B_105896,ACC_1007336,ACC_1009364,2019-11-15 01:14:21,APPROVED
B_105897,ACC_1007337,ACC_1012830,2024-08-11 04:54:43,APPROVED
B_105898,ACC_1007337,ACC_1004390,2024-08-10 04:54:43,APPROVED
B_105899,ACC_1007338,ACC_1006027,2022-03-19 06:31:31,APPROVED
B_105900,ACC_1007338,ACC_1008752,2022-03-24 06:31:31,APPROVED
B_105901,ACC_1007338,ACC_1009334,2022-03-16 06:31:31,APPROVED
B_105902,ACC_1007343,ACC_1008235,2019-06-19 22:24:10,APPROVED
B_105903,ACC_1007346,ACC_1011903,2022-03-27 22:00:09,APPROVED
B_105904,ACC_1007346,ACC_1006750,2022-04-02 22:00:09,APPROVED
B_105905,ACC_1007352,ACC_1004220,2024-02-02 00:39:48,APPROVED
B_105906,ACC_1007357,ACC_1004279,2022-07-02 23:44:12,APPROVED
B_105907,ACC_1007357,ACC_1009484,2022-07-04 23:44:12,APPROVED
B_105908,ACC_1007358,ACC_1012359,2018-10-19 08:30:14,PENDING
B_105909,ACC_1007358,ACC_1005892,2018-10-19 08:30:14,PENDING
B_105910,ACC_1007365,ACC_1007038,2020-06-17 11:08:04,APPROVED
B_105911,ACC_1007365,ACC_1009006,2020-06-13 11:08:04,APPROVED
B_105912,ACC_1007365,ACC_1005268,2020-06-12 11:08:04,APPROVED
B_105913,ACC_1007367,ACC_1004903,2020-06-13 05:58:04,APPROVED
B_105914,ACC_1007367,ACC_1002588,2020-06-14 05:58:04,APPROVED
B_105915,ACC_1007370,ACC_1012651,2020-03-22 12:37:44,APPROVED
B_105916,ACC_1007372,ACC_1006868,2020-03-24 23:38:44,APPROVED
B_105917,ACC_1007375,ACC_1010252,2024-08-22 18:45:35,APPROVED
B_105918,ACC_1007375,ACC_1000741,2024-08-24 18:45:35,PENDING
B_105919,ACC_1007375,ACC_1009961,2024-08-25 18:45:35,APPROVED
B_105920,ACC_1007381,ACC_1010340,2017-02-25 14:07:12,APPROVED
B_105921,ACC_1007381,ACC_1000091,2017-02-25 14:07:12,APPROVED
B_105922,ACC_1007381,ACC_1000130,2017-02-26 14:07:12,APPROVED
B_105923,ACC_1007382,ACC_1010599,2019-03-12 04:42:01,APPROVED
B_105924,ACC_1007382,ACC_1005027,2019-03-18 04:42:01,APPROVED
B_105925,ACC_1007385,ACC_1002878,2020-02-13 16:53:14,APPROVED
B_105926,ACC_1007385,ACC_1008228,2020-02-17 16:53:14,APPROVED
B_105927,ACC_1007386,ACC_1005702,2020-02-06 03:30:14,APPROVED
B_105928,ACC_1007387,ACC_1013918,2025-04-28 11:03:53,APPROVED
B_105929,ACC_1007387,ACC_1006316,2025-04-26 11:03:53,APPROVED
B_105930,ACC_1007388,ACC_1012610,2020-10-21 13:56:13,APPROVED
B_105931,ACC_1007390,ACC_1009883,2017-12-06 20:02:45,APPROVED
B_105932,ACC_1007390,ACC_1002841,2017-12-03 20:02:45,APPROVED
B_105933,ACC_1007392,ACC_1009645,2022-02-18 00:19:47,APPROVED
B_105934,ACC_1007392,ACC_1005941,2022-02-19 00:19:47,APPROVED
B_105935,ACC_1007392,ACC_1000337,2022-02-16 00:19:47,PENDING
B_105936,ACC_1007395,ACC_1010962,2025-09-10 07:55:08,APPROVED
B_105937,ACC_1007395,ACC_1003246,2025-09-02 07:55:08,APPROVED
B_105938,ACC_1007396,ACC_1007765,2025-09-27 00:23:08,APPROVED
B_105939,ACC_1007396,ACC_1002221,2025-09-28 00:23:08,APPROVED
B_105940,ACC_1007396,ACC_1010255,2025-09-29 00:23:08,APPROVED
B_105941,ACC_1007399,ACC_1011612,2025-08-22 16:41:12,APPROVED
B_105942,ACC_1007399,ACC_1009167,2025-08-15 16:41:12,APPROVED
B_105943,ACC_1007399,ACC_1006036,2025-08-17 16:41:12,APPROVED
B_105944,ACC_1007400,ACC_1001148,2025-08-24 05:57:12,APPROVED
B_105945,ACC_1007400,ACC_1009242,2025-08-31 05:57:12,APPROVED
B_105946,ACC_1007400,ACC_1004397,2025-08-29 05:57:12,APPROVED
B_105947,ACC_1007405,ACC_1005864,2020-08-26 22:28:06,APPROVED
B_105948,ACC_1007405,ACC_1014940,2020-08-25 22:28:06,APPROVED
B_105949,ACC_1007405,ACC_1004665,2020-08-25 22:28:06,APPROVED
B_105950,ACC_1007407,ACC_1010333,2020-03-22 18:43:52,APPROVED
B_105951,ACC_1007407,ACC_1004877,2020-03-21 18:43:52,APPROVED
B_105952,ACC_1007410,ACC_1003915,2023-04-03 14:05:09,PENDING
B_105953,ACC_1007410,ACC_1010558,2023-03-29 14:05:09,APPROVED
B_105954,ACC_1007411,ACC_1013511,2022-12-11 11:52:43,APPROVED
B_105955,ACC_1007411,ACC_1013063,2022-12-14 11:52:43,APPROVED
B_105956,ACC_1007411,ACC_1013403,2022-12-08 11:52:43,APPROVED
B_105957,ACC_1007412,ACC_1010309,2025-08-17 06:37:07,APPROVED
B_105958,ACC_1007412,ACC_1000047,2025-08-12 06:37:07,APPROVED
B_105959,ACC_1007412,ACC_1001108,2025-08-10 06:37:07,APPROVED
B_105960,ACC_1007413,ACC_1007430,2025-08-13 15:34:07,APPROVED
B_105961,ACC_1007416,ACC_1010976,2023-04-22 20:43:23,APPROVED
B_105962,ACC_1007416,ACC_1004934,2023-04-25 20:43:23,APPROVED
B_105963,ACC_1007421,ACC_1014060,2019-01-14 07:01:40,APPROVED
B_105964,ACC_1007421,ACC_1012599,2019-01-18 07:01:40,APPROVED
B_105965,ACC_1007422,ACC_1002383,2023-08-22 13:35:52,APPROVED
B_105966,ACC_1007422,ACC_1011830,2023-08-14 13:35:52,APPROVED
B_105967,ACC_1007425,ACC_1001438,2024-01-14 07:10:44,APPROVED
B_105968,ACC_1007428,ACC_1000808,2020-01-14 04:08:51,APPROVED
B_105969,ACC_1007432,ACC_1000542,2016-12-24 19:54:48,APPROVED
B_105970,ACC_1007432,ACC_1014471,2016-12-29 19:54:48,APPROVED
B_105971,ACC_1007432,ACC_1005412,2016-12-21 19:54:48,APPROVED
B_105972,ACC_1007436,ACC_1010835,2018-06-24 19:14:11,APPROVED
B_105973,ACC_1007436,ACC_1014538,2018-06-19 19:14:11,APPROVED
B_105974,ACC_1007436,ACC_1011894,2018-06-21 19:14:11,APPROVED
B_105975,ACC_1007443,ACC_1008057,2025-09-27 21:00:27,APPROVED
B_105976,ACC_1007443,ACC_1001063,2025-09-29 21:00:27,APPROVED
B_105977,ACC_1007443,ACC_1013590,2025-09-28 21:00:27,APPROVED
B_105978,ACC_1007444,ACC_1000196,2025-07-21 22:23:30,APPROVED
B_105979,ACC_1007444,ACC_1005548,2025-07-17 22:23:30,APPROVED
B_105980,ACC_1007446,ACC_1004492,2025-05-22 21:25:47,APPROVED
B_105981,ACC_1007446,ACC_1006915,2025-05-20 21:25:47,APPROVED
B_105982,ACC_1007446,ACC_1009073,2025-05-19 21:25:47,APPROVED
B_105983,ACC_1007449,ACC_1014683,2024-07-27 00:20:17,APPROVED
B_105984,ACC_1007451,ACC_1012945,2023-08-30 15:46:26,APPROVED
B_105985,ACC_1007453,ACC_1000610,2024-10-01 09:06:46,APPROVED
B_105986,ACC_1007453,ACC_1013521,2024-10-03 09:06:46,APPROVED
B_105987,ACC_1007453,ACC_1005657,2024-10-06 09:06:46,APPROVED
B_105988,ACC_1007454,ACC_1002006,2024-09-21 01:08:46,APPROVED
B_105989,ACC_1007455,ACC_1012308,2017-03-01 06:08:36,APPROVED
B_105990,ACC_1007455,ACC_1008742,2017-03-07 06:08:36,APPROVED
B_105991,ACC_1007455,ACC_1001570,2017-03-02 06:08:36,APPROVED
B_105992,ACC_1007458,ACC_1000739,2024-06-17 02:25:23,APPROVED
B_105993,ACC_1007458,ACC_1001491,2024-06-15 02:25:23,APPROVED
B_105994,ACC_1007458,ACC_1014827,2024-06-13 02:25:23,APPROVED
B_105995,ACC_1007462,ACC_1010511,2019-02-25 08:34:23,APPROVED
B_105996,ACC_1007465,ACC_1002276,2018-06-11 16:09:00,APPROVED
B_105997,ACC_1007470,ACC_1010535,2024-01-26 14:33:23,APPROVED
B_105998,ACC_1007470,ACC_1001361,2024-01-24 14:33:23,APPROVED
B_105999,ACC_1007471,ACC_1005665,2024-05-20 08:03:09,APPROVED
B_106000,ACC_1007471,ACC_1006444,2024-05-16 08:03:09,APPROVED
B_106001,ACC_1007471,ACC_1010384,2024-05-17 08:03:09,APPROVED
B_106002,ACC_1007472,ACC_1009310,2025-12-31 08:23:28,APPROVED
B_106003,ACC_1007476,ACC_1011565,2025-11-07 08:20:28,APPROVED
B_106004,ACC_1007476,ACC_1006281,2025-11-06 08:20:28,APPROVED
B_106005,ACC_1007480,ACC_1007436,2022-01-24 13:35:29,APPROVED
B_106006,ACC_1007481,ACC_1007596,2020-03-18 01:47:52,APPROVED
B_106007,ACC_1007481,ACC_1006279,2020-03-24 01:47:52,APPROVED
B_106008,ACC_1007482,ACC_1008795,2019-06-01 00:12:31,APPROVED
B_106009,ACC_1007485,ACC_1013343,2022-02-11 14:35:17,APPROVED
B_106010,ACC_1007485,ACC_1010786,2022-02-05 14:35:17,APPROVED
B_106011,ACC_1007485,ACC_1011590,2022-02-10 14:35:17,APPROVED
B_106012,ACC_1007486,ACC_1006560,2025-01-19 10:04:06,APPROVED
B_106013,ACC_1007488,ACC_1005503,2017-04-17 17:48:19,APPROVED
B_106014,ACC_1007489,ACC_1009702,2022-08-28 19:32:57,APPROVED
B_106015,ACC_1007489,ACC_1008061,2022-08-25 19:32:57,APPROVED
B_106016,ACC_1007489,ACC_1007103,2022-08-27 19:32:57,APPROVED
B_106017,ACC_1007492,ACC_1007390,2025-12-24 12:25:33,APPROVED
B_106018,ACC_1007494,ACC_1014965,2017-08-24 20:20:14,APPROVED
B_106019,ACC_1007494,ACC_1011251,2017-08-28 20:20:14,APPROVED
B_106020,ACC_1007494,ACC_1007887,2017-09-01 20:20:14,APPROVED
B_106021,ACC_1007497,ACC_1012913,2020-10-07 09:46:58,PENDING
B_106022,ACC_1007497,ACC_1001980,2020-10-10 09:46:58,APPROVED
B_106023,ACC_1007497,ACC_1012994,2020-10-13 09:46:58,APPROVED
B_106024,ACC_1007498,ACC_1000470,2020-10-29 09:30:58,APPROVED
B_106025,ACC_1007498,ACC_1003122,2020-10-29 09:30:58,APPROVED
B_106026,ACC_1007500,ACC_1005706,2022-03-06 01:34:57,APPROVED
B_106027,ACC_1007500,ACC_1014233,2022-02-26 01:34:57,APPROVED
B_106028,ACC_1007500,ACC_1008857,2022-03-04 01:34:57,APPROVED
B_106029,ACC_1007504,ACC_1004668,2019-04-02 19:41:19,APPROVED
B_106030,ACC_1007504,ACC_1000930,2019-04-07 19:41:19,APPROVED
B_106031,ACC_1007509,ACC_1013612,2024-01-18 20:09:03,APPROVED
B_106032,ACC_1007509,ACC_1007073,2024-01-23 20:09:03,APPROVED
B_106033,ACC_1007509,ACC_1011283,2024-01-19 20:09:03,PENDING
B_106034,ACC_1007512,ACC_1004119,2018-10-13 05:04:55,APPROVED
B_106035,ACC_1007512,ACC_1005814,2018-10-04 05:04:55,APPROVED
B_106036,ACC_1007512,ACC_1007415,2018-10-10 05:04:55,APPROVED
B_106037,ACC_1007514,ACC_1003014,2018-12-21 12:55:44,APPROVED
B_106038,ACC_1007514,ACC_1008433,2018-12-22 12:55:44,APPROVED
B_106039,ACC_1007514,ACC_1006052,2018-12-16 12:55:44,APPROVED
B_106040,ACC_1007516,ACC_1004052,2018-07-07 21:57:05,APPROVED
B_106041,ACC_1007516,ACC_1013756,2018-07-09 21:57:05,APPROVED
B_106042,ACC_1007519,ACC_1011621,2018-10-24 11:06:02,APPROVED
B_106043,ACC_1007519,ACC_1009676,2018-10-21 11:06:02,APPROVED
B_106044,ACC_1007522,ACC_1008606,2025-03-04 20:12:17,APPROVED
B_106045,ACC_1007523,ACC_1005661,2025-02-23 10:49:17,APPROVED
B_106046,ACC_1007523,ACC_1010157,2025-02-27 10:49:17,APPROVED
B_106047,ACC_1007524,ACC_1010146,2017-01-13 11:21:33,APPROVED
B_106048,ACC_1007524,ACC_1010595,2017-01-05 11:21:33,APPROVED
B_106049,ACC_1007524,ACC_1010785,2017-01-05 11:21:33,APPROVED
B_106050,ACC_1007526,ACC_1000026,2025-10-16 01:26:03,APPROVED
B_106051,ACC_1007533,ACC_1003236,2025-05-18 01:55:42,APPROVED
B_106052,ACC_1007534,ACC_1003060,2023-07-14 03:42:00,APPROVED
B_106053,ACC_1007538,ACC_1000415,2023-06-30 05:36:26,APPROVED
B_106054,ACC_1007538,ACC_1006385,2023-06-30 05:36:26,APPROVED
B_106055,ACC_1007538,ACC_1007552,2023-06-24 05:36:26,APPROVED
B_106056,ACC_1007541,ACC_1006702,2021-11-24 00:42:50,APPROVED
B_106057,ACC_1007541,ACC_1009840,2021-11-25 00:42:50,APPROVED
B_106058,ACC_1007542,ACC_1000034,2024-09-12 02:12:04,APPROVED
B_106059,ACC_1007543,ACC_1009326,2024-08-29 10:12:04,APPROVED
B_106060,ACC_1007546,ACC_1005520,2025-07-17 16:44:15,APPROVED
B_106061,ACC_1007547,ACC_1009495,2025-12-21 12:33:08,APPROVED
B_106062,ACC_1007547,ACC_1008617,2025-12-23 12:33:08,APPROVED
B_106063,ACC_1007547,ACC_1010179,2025-12-22 12:33:08,APPROVED
B_106064,ACC_1007553,ACC_1008500,2020-01-27 19:21:28,APPROVED
B_106065,ACC_1007554,ACC_1012233,2020-01-04 08:29:28,APPROVED
B_106066,ACC_1007556,ACC_1009613,2016-06-15 20:38:00,APPROVED
B_106067,ACC_1007556,ACC_1005559,2016-06-15 20:38:00,APPROVED
B_106068,ACC_1007559,ACC_1013022,2016-02-14 03:31:31,APPROVED
B_106069,ACC_1007559,ACC_1006617,2016-02-09 03:31:31,APPROVED
B_106070,ACC_1007559,ACC_1000505,2016-02-16 03:31:31,APPROVED
B_106071,ACC_1007564,ACC_1008035,2017-12-07 03:32:11,APPROVED
B_106072,ACC_1007564,ACC_1001166,2017-12-10 03:32:11,APPROVED
B_106073,ACC_1007564,ACC_1003828,2017-12-08 03:32:11,APPROVED
B_106074,ACC_1007567,ACC_1002575,2020-09-29 13:41:21,APPROVED
B_106075,ACC_1007567,ACC_1003551,2020-09-28 13:41:21,APPROVED
B_106076,ACC_1007568,ACC_1006693,2017-02-06 18:12:24,APPROVED
B_106077,ACC_1007568,ACC_1002684,2017-02-03 18:12:24,APPROVED
B_106078,ACC_1007570,ACC_1008494,2022-04-14 20:46:11,APPROVED
B_106079,ACC_1007571,ACC_1003869,2017-03-21 03:21:27,PENDING
B_106080,ACC_1007571,ACC_1010719,2017-03-21 03:21:27,APPROVED
B_106081,ACC_1007572,ACC_1001672,2017-03-31 19:35:27,APPROVED
B_106082,ACC_1007572,ACC_1000448,2017-03-29 19:35:27,APPROVED
B_106083,ACC_1007573,ACC_1011293,2017-07-28 19:15:03,APPROVED
B_106084,ACC_1007573,ACC_1005209,2017-07-30 19:15:03,APPROVED
B_106085,ACC_1007579,ACC_1010630,2016-03-13 01:41:38,APPROVED
B_106086,ACC_1007582,ACC_1000277,2025-12-22 13:15:17,APPROVED
B_106087,ACC_1007582,ACC_1012749,2025-12-25 13:15:17,APPROVED
B_106088,ACC_1007582,ACC_1005472,2025-12-23 13:15:17,APPROVED
B_106089,ACC_1007583,ACC_1008629,2025-12-22 15:42:17,APPROVED
B_106090,ACC_1007584,ACC_1013919,2018-08-09 11:18:57,APPROVED
B_106091,ACC_1007584,ACC_1013698,2018-08-02 11:18:57,APPROVED
B_106092,ACC_1007585,ACC_1006176,2018-08-10 07:49:57,APPROVED
B_106093,ACC_1007586,ACC_1002093,2021-05-05 22:28:26,APPROVED
B_106094,ACC_1007590,ACC_1014438,2017-05-15 12:10:54,APPROVED
B_106095,ACC_1007591,ACC_1009316,2018-10-21 19:45:22,APPROVED
B_106096,ACC_1007591,ACC_1010034,2018-10-25 19:45:22,APPROVED
B_106097,ACC_1007591,ACC_1005547,2018-10-24 19:45:22,APPROVED
B_106098,ACC_1007592,ACC_1007750,2022-10-27 05:31:54,APPROVED
B_106099,ACC_1007592,ACC_1002374,2022-10-26 05:31:54,APPROVED
B_106100,ACC_1007592,ACC_1005547,2022-10-20 05:31:54,APPROVED
B_106101,ACC_1007594,ACC_1012739,2023-02-17 04:52:14,APPROVED
B_106102,ACC_1007594,ACC_1014638,2023-02-22 04:52:14,APPROVED
B_106103,ACC_1007594,ACC_1003317,2023-02-22 04:52:14,APPROVED
B_106104,ACC_1007597,ACC_1013666,2023-09-03 14:29:34,APPROVED
B_106105,ACC_1007602,ACC_1000260,2023-06-26 23:37:43,APPROVED
B_106106,ACC_1007603,ACC_1000585,2018-03-10 16:39:29,PENDING
B_106107,ACC_1007603,ACC_1013421,2018-03-11 16:39:29,APPROVED
B_106108,ACC_1007604,ACC_1003926,2018-03-29 18:39:29,APPROVED
B_106109,ACC_1007608,ACC_1006024,2019-12-31 21:51:10,APPROVED
B_106110,ACC_1007612,ACC_1010068,2020-11-13 23:35:21,APPROVED
B_106111,ACC_1007615,ACC_1001050,2018-05-11 19:23:00,APPROVED
B_106112,ACC_1007615,ACC_1001871,2018-05-14 19:23:00,APPROVED
B_106113,ACC_1007618,ACC_1008369,2019-01-03 10:53:01,APPROVED
B_106114,ACC_1007618,ACC_1006924,2019-01-12 10:53:01,APPROVED
B_106115,ACC_1007619,ACC_1014569,2024-05-02 01:34:00,APPROVED
B_106116,ACC_1007619,ACC_1002276,2024-04-29 01:34:00,APPROVED
B_106117,ACC_1007619,ACC_1014605,2024-05-02 01:34:00,APPROVED
B_106118,ACC_1007620,ACC_1012852,2024-04-22 22:23:00,APPROVED
B_106119,ACC_1007620,ACC_1009279,2024-04-19 22:23:00,APPROVED
B_106120,ACC_1007620,ACC_1002352,2024-04-18 22:23:00,APPROVED
B_106121,ACC_1007622,ACC_1007909,2018-04-24 04:17:13,APPROVED
B_106122,ACC_1007623,ACC_1009646,2018-03-31 00:35:13,APPROVED
B_106123,ACC_1007623,ACC_1014580,2018-03-31 00:35:13,APPROVED
B_106124,ACC_1007626,ACC_1000154,2018-04-25 07:58:24,APPROVED
B_106125,ACC_1007626,ACC_1011351,2018-04-24 07:58:24,APPROVED
B_106126,ACC_1007628,ACC_1002461,2024-03-28 12:23:30,APPROVED
B_106127,ACC_1007628,ACC_1015021,2024-03-23 12:23:30,APPROVED
B_106128,ACC_1007628,ACC_1007410,2024-03-26 12:23:30,APPROVED
B_106129,ACC_1007629,ACC_1014430,2016-03-05 16:48:16,APPROVED
B_106130,ACC_1007629,ACC_1007549,2016-03-02 16:48:16,APPROVED
B_106131,ACC_1007629,ACC_1006599,2016-03-10 16:48:16,APPROVED
B_106132,ACC_1007635,ACC_1011203,2024-09-20 12:31:50,APPROVED
B_106133,ACC_1007635,ACC_1005406,2024-09-24 12:31:50,APPROVED
B_106134,ACC_1007635,ACC_1008946,2024-09-28 12:31:50,APPROVED
B_106135,ACC_1007637,ACC_1010483,2025-03-27 01:17:21,APPROVED
B_106136,ACC_1007637,ACC_1001223,2025-03-30 01:17:21,APPROVED
B_106137,ACC_1007638,ACC_1012659,2016-12-03 15:36:35,APPROVED
B_106138,ACC_1007638,ACC_1000800,2016-11-28 15:36:35,APPROVED
B_106139,ACC_1007639,ACC_1004209,2016-12-10 14:38:35,APPROVED
B_106140,ACC_1007644,ACC_1002944,2024-12-27 13:17:37,APPROVED
B_106141,ACC_1007648,ACC_1006757,2020-11-04 04:11:51,APPROVED
B_106142,ACC_1007651,ACC_1013487,2025-09-20 06:00:59,APPROVED
B_106143,ACC_1007651,ACC_1007449,2025-09-20 06:00:59,APPROVED
B_106144,ACC_1007652,ACC_1010549,2021-11-24 11:48:13,APPROVED
B_106145,ACC_1007652,ACC_1002902,2021-11-28 11:48:13,APPROVED
B_106146,ACC_1007652,ACC_1014663,2021-11-30 11:48:13,APPROVED
B_106147,ACC_1007653,ACC_1012992,2016-11-14 00:30:18,APPROVED
B_106148,ACC_1007653,ACC_1004794,2016-11-12 00:30:18,APPROVED
B_106149,ACC_1007657,ACC_1003901,2016-02-21 01:43:30,APPROVED
B_106150,ACC_1007657,ACC_1014091,2016-02-21 01:43:30,APPROVED
B_106151,ACC_1007658,ACC_1008142,2016-01-23 22:27:30,APPROVED
B_106152,ACC_1007661,ACC_1013300,2022-11-30 21:50:08,APPROVED
B_106153,ACC_1007661,ACC_1002301,2022-11-26 21:50:08,APPROVED
B_106154,ACC_1007662,ACC_1004029,2024-10-09 23:35:06,APPROVED
B_106155,ACC_1007665,ACC_1005519,2023-01-12 11:35:22,APPROVED
B_106156,ACC_1007667,ACC_1013797,2020-04-17 04:48:31,APPROVED
B_106157,ACC_1007667,ACC_1005619,2020-04-12 04:48:31,APPROVED
B_106158,ACC_1007667,ACC_1006976,2020-04-15 04:48:31,APPROVED
B_106159,ACC_1007669,ACC_1003720,2020-08-13 13:41:28,APPROVED
B_106160,ACC_1007669,ACC_1007344,2020-08-18 13:41:28,APPROVED
B_106161,ACC_1007669,ACC_1011829,2020-08-18 13:41:28,APPROVED
B_106162,ACC_1007670,ACC_1010249,2020-08-22 04:18:28,APPROVED
B_106163,ACC_1007670,ACC_1010194,2020-08-23 04:18:28,APPROVED
B_106164,ACC_1007673,ACC_1014626,2022-11-05 16:47:29,PENDING
B_106165,ACC_1007675,ACC_1013470,2018-02-16 04:45:57,APPROVED
B_106166,ACC_1007675,ACC_1003470,2018-02-16 04:45:57,APPROVED
B_106167,ACC_1007677,ACC_1006241,2019-09-01 11:22:33,APPROVED
B_106168,ACC_1007677,ACC_1013437,2019-08-29 11:22:33,APPROVED
B_106169,ACC_1007677,ACC_1004783,2019-09-02 11:22:33,APPROVED
B_106170,ACC_1007682,ACC_1001445,2019-04-20 22:06:55,APPROVED
B_106171,ACC_1007684,ACC_1000377,2019-04-16 17:48:55,APPROVED
B_106172,ACC_1007684,ACC_1006697,2019-04-16 17:48:55,APPROVED
B_106173,ACC_1007684,ACC_1014593,2019-04-21 17:48:55,APPROVED
B_106174,ACC_1007686,ACC_1004160,2020-08-07 04:06:12,APPROVED
B_106175,ACC_1007686,ACC_1003028,2020-08-07 04:06:12,APPROVED
B_106176,ACC_1007689,ACC_1002488,2022-11-16 00:36:12,APPROVED
B_106177,ACC_1007689,ACC_1009920,2022-11-18 00:36:12,APPROVED
B_106178,ACC_1007690,ACC_1005005,2020-05-10 06:38:21,APPROVED
B_106179,ACC_1007692,ACC_1005562,2017-11-22 17:39:28,APPROVED
B_106180,ACC_1007692,ACC_1010440,2017-11-24 17:39:28,APPROVED
B_106181,ACC_1007693,ACC_1015027,2017-11-11 17:45:28,APPROVED
B_106182,ACC_1007693,ACC_1007291,2017-11-14 17:45:28,APPROVED
B_106183,ACC_1007693,ACC_1010885,2017-11-13 17:45:28,APPROVED
B_106184,ACC_1007699,ACC_1005183,2016-12-22 02:51:50,APPROVED
B_106185,ACC_1007700,ACC_1012140,2023-01-18 22:31:15,APPROVED
B_106186,ACC_1007701,ACC_1013014,2023-01-05 14:27:15,APPROVED
B_106187,ACC_1007703,ACC_1001545,2016-09-27 06:08:03,APPROVED
B_106188,ACC_1007704,ACC_1011744,2021-03-17 18:29:49,APPROVED
B_106189,ACC_1007704,ACC_1014076,2021-03-17 18:29:49,APPROVED
B_106190,ACC_1007705,ACC_1006405,2021-02-20 12:01:49,APPROVED
B_106191,ACC_1007705,ACC_1005553,2021-02-18 12:01:49,APPROVED
B_106192,ACC_1007709,ACC_1014344,2017-05-08 16:28:38,APPROVED
B_106193,ACC_1007709,ACC_1011001,2017-05-15 16:28:38,APPROVED
B_106194,ACC_1007713,ACC_1003624,2023-02-10 16:39:40,APPROVED
B_106195,ACC_1007713,ACC_1006323,2023-02-05 16:39:40,APPROVED
B_106196,ACC_1007713,ACC_1002625,2023-02-06 16:39:40,APPROVED
B_106197,ACC_1007715,ACC_1000132,2024-09-05 21:37:36,APPROVED
B_106198,ACC_1007715,ACC_1004518,2024-09-08 21:37:36,APPROVED
B_106199,ACC_1007715,ACC_1005507,2024-09-05 21:37:36,APPROVED
B_106200,ACC_1007717,ACC_1006649,2018-07-22 22:02:04,APPROVED
B_106201,ACC_1007724,ACC_1008216,2019-08-05 23:28:30,APPROVED
B_106202,ACC_1007724,ACC_1011560,2019-07-31 23:28:30,APPROVED
B_106203,ACC_1007727,ACC_1003720,2016-11-18 19:37:51,APPROVED
B_106204,ACC_1007727,ACC_1014576,2016-11-15 19:37:51,APPROVED
B_106205,ACC_1007732,ACC_1000911,2019-07-22 05:18:07,APPROVED
B_106206,ACC_1007738,ACC_1012994,2023-03-16 05:25:02,APPROVED
B_106207,ACC_1007738,ACC_1007338,2023-03-12 05:25:02,APPROVED
B_106208,ACC_1007744,ACC_1009951,2021-10-11 15:40:56,APPROVED
B_106209,ACC_1007744,ACC_1000426,2021-10-13 15:40:56,APPROVED
B_106210,ACC_1007744,ACC_1013232,2021-10-09 15:40:56,APPROVED
B_106211,ACC_1007745,ACC_1004060,2021-10-11 22:23:56,APPROVED
B_106212,ACC_1007746,ACC_1009519,2021-10-11 16:08:56,APPROVED
B_106213,ACC_1007746,ACC_1000455,2021-10-14 16:08:56,APPROVED
B_106214,ACC_1007747,ACC_1004766,2024-05-15 23:06:06,APPROVED
B_106215,ACC_1007747,ACC_1002107,2024-05-24 23:06:06,APPROVED
B_106216,ACC_1007747,ACC_1010535,2024-05-22 23:06:06,APPROVED
B_106217,ACC_1007753,ACC_1005328,2023-07-05 02:23:25,APPROVED
B_106218,ACC_1007753,ACC_1003151,2023-07-01 02:23:25,APPROVED
B_106219,ACC_1007753,ACC_1009942,2023-07-05 02:23:25,APPROVED
B_106220,ACC_1007754,ACC_1008424,2021-01-07 19:20:46,APPROVED
B_106221,ACC_1007754,ACC_1006668,2021-01-06 19:20:46,APPROVED
B_106222,ACC_1007754,ACC_1010501,2021-01-01 19:20:46,APPROVED
B_106223,ACC_1007755,ACC_1001510,2020-12-21 12:27:46,PENDING
B_106224,ACC_1007755,ACC_1008229,2020-12-15 12:27:46,APPROVED
B_106225,ACC_1007757,ACC_1004404,2019-07-22 04:37:51,APPROVED
B_106226,ACC_1007757,ACC_1003860,2019-07-19 04:37:51,APPROVED
B_106227,ACC_1007761,ACC_1012976,2024-07-21 15:55:14,APPROVED
B_106228,ACC_1007763,ACC_1010479,2020-03-21 15:50:05,APPROVED
B_106229,ACC_1007767,ACC_1007464,2025-05-20 08:25:32,APPROVED
B_106230,ACC_1007767,ACC_1007051,2025-05-13 08:25:32,APPROVED
B_106231,ACC_1007767,ACC_1003778,2025-05-21 08:25:32,APPROVED
B_106232,ACC_1007768,ACC_1010024,2020-11-20 14:47:24,APPROVED
B_106233,ACC_1007769,ACC_1002142,2020-11-27 01:21:24,APPROVED
B_106234,ACC_1007769,ACC_1003620,2020-12-03 01:21:24,APPROVED
B_106235,ACC_1007769,ACC_1000941,2020-12-01 01:21:24,PENDING
B_106236,ACC_1007771,ACC_1001567,2023-03-30 23:56:49,APPROVED
B_106237,ACC_1007771,ACC_1005309,2023-04-05 23:56:49,APPROVED
B_106238,ACC_1007771,ACC_1014102,2023-04-04 23:56:49,APPROVED
B_106239,ACC_1007772,ACC_1002488,2023-03-28 09:16:49,APPROVED
B_106240,ACC_1007772,ACC_1010172,2023-03-31 09:16:49,APPROVED
B_106241,ACC_1007772,ACC_1012587,2023-03-31 09:16:49,APPROVED
B_106242,ACC_1007773,ACC_1012140,2021-01-24 11:34:10,APPROVED
B_106243,ACC_1007775,ACC_1009573,2016-04-01 23:54:20,APPROVED
B_106244,ACC_1007779,ACC_1010025,2016-07-03 06:23:35,APPROVED
B_106245,ACC_1007780,ACC_1012599,2023-05-11 05:10:27,APPROVED
B_106246,ACC_1007780,ACC_1014358,2023-05-09 05:10:27,PENDING
B_106247,ACC_1007780,ACC_1013513,2023-05-12 05:10:27,APPROVED
B_106248,ACC_1007784,ACC_1001517,2021-07-21 11:02:02,APPROVED
B_106249,ACC_1007784,ACC_1005498,2021-07-17 11:02:02,PENDING
B_106250,ACC_1007794,ACC_1002840,2025-02-06 05:20:21,APPROVED
B_106251,ACC_1007794,ACC_1000595,2025-02-08 05:20:21,PENDING
B_106252,ACC_1007795,ACC_1003302,2025-02-13 21:07:21,APPROVED
B_106253,ACC_1007795,ACC_1010669,2025-02-18 21:07:21,APPROVED
B_106254,ACC_1007795,ACC_1002323,2025-02-13 21:07:21,APPROVED
B_106255,ACC_1007802,ACC_1010567,2024-03-13 02:53:35,APPROVED
B_106256,ACC_1007802,ACC_1005826,2024-03-15 02:53:35,APPROVED
B_106257,ACC_1007802,ACC_1006564,2024-03-11 02:53:35,APPROVED
B_106258,ACC_1007805,ACC_1007709,2025-03-14 06:46:37,APPROVED
B_106259,ACC_1007805,ACC_1011658,2025-03-15 06:46:37,APPROVED
B_106260,ACC_1007805,ACC_1007445,2025-03-14 06:46:37,APPROVED
B_106261,ACC_1007809,ACC_1011430,2019-11-07 06:20:13,APPROVED
B_106262,ACC_1007813,ACC_1007474,2020-11-20 02:55:44,APPROVED
B_106263,ACC_1007813,ACC_1002755,2020-11-18 02:55:44,APPROVED
B_106264,ACC_1007813,ACC_1000566,2020-11-14 02:55:44,APPROVED
B_106265,ACC_1007814,ACC_1007365,2020-11-09 11:54:44,APPROVED
B_106266,ACC_1007814,ACC_1013286,2020-11-02 11:54:44,APPROVED
B_106267,ACC_1007814,ACC_1012103,2020-11-03 11:54:44,APPROVED
B_106268,ACC_1007817,ACC_1011025,2017-07-27 22:38:36,APPROVED
B_106269,ACC_1007817,ACC_1014568,2017-07-31 22:38:36,APPROVED
B_106270,ACC_1007817,ACC_1009325,2017-07-29 22:38:36,APPROVED
B_106271,ACC_1007821,ACC_1002141,2019-10-16 14:57:11,APPROVED
B_106272,ACC_1007831,ACC_1005207,2022-08-29 02:28:22,APPROVED
B_106273,ACC_1007831,ACC_1010001,2022-08-31 02:28:22,APPROVED
B_106274,ACC_1007831,ACC_1005258,2022-08-23 02:28:22,APPROVED
B_106275,ACC_1007833,ACC_1006780,2021-09-12 08:18:09,APPROVED
B_106276,ACC_1007836,ACC_1012711,2024-04-25 18:33:36,APPROVED
B_106277,ACC_1007837,ACC_1011163,2024-11-30 07:48:38,APPROVED
B_106278,ACC_1007838,ACC_1002036,2019-01-01 12:55:58,APPROVED
B_106279,ACC_1007838,ACC_1011560,2019-01-01 12:55:58,APPROVED
B_106280,ACC_1007838,ACC_1005437,2019-01-02 12:55:58,APPROVED
B_106281,ACC_1007839,ACC_1013464,2018-12-31 10:52:58,APPROVED
B_106282,ACC_1007839,ACC_1008730,2019-01-03 10:52:58,APPROVED
B_106283,ACC_1007840,ACC_1007819,2021-11-23 09:48:35,APPROVED
B_106284,ACC_1007841,ACC_1009916,2021-12-08 00:40:35,APPROVED
B_106285,ACC_1007841,ACC_1001479,2021-12-11 00:40:35,APPROVED
B_106286,ACC_1007842,ACC_1002150,2019-04-29 05:08:15,APPROVED
B_106287,ACC_1007842,ACC_1007070,2019-05-06 05:08:15,APPROVED
B_106288,ACC_1007843,ACC_1002185,2019-05-13 14:07:15,APPROVED
B_106289,ACC_1007847,ACC_1004546,2017-12-04 21:00:40,APPROVED
B_106290,ACC_1007854,ACC_1012208,2017-09-10 14:34:02,APPROVED
B_106291,ACC_1007854,ACC_1000767,2017-09-06 14:34:02,APPROVED
B_106292,ACC_1007857,ACC_1007325,2023-07-18 06:14:31,APPROVED
B_106293,ACC_1007859,ACC_1002665,2025-10-16 12:43:47,APPROVED
B_106294,ACC_1007859,ACC_1012198,2025-10-19 12:43:47,APPROVED
B_106295,ACC_1007866,ACC_1011149,2022-07-20 09:22:20,PENDING
B_106296,ACC_1007866,ACC_1013755,2022-07-29 09:22:20,APPROVED
B_106297,ACC_1007866,ACC_1004678,2022-07-20 09:22:20,APPROVED
B_106298,ACC_1007868,ACC_1006912,2024-01-12 12:09:54,APPROVED
B_106299,ACC_1007868,ACC_1012838,2024-01-04 12:09:54,APPROVED
B_106300,ACC_1007869,ACC_1003603,2021-07-15 03:48:37,PENDING
B_106301,ACC_1007869,ACC_1002244,2021-07-17 03:48:37,APPROVED
B_106302,ACC_1007869,ACC_1007308,2021-07-09 03:48:37,APPROVED
B_106303,ACC_1007874,ACC_1006450,2023-03-28 11:05:50,APPROVED
B_106304,ACC_1007874,ACC_1005340,2023-03-24 11:05:50,APPROVED
B_106305,ACC_1007874,ACC_1000642,2023-03-28 11:05:50,APPROVED
B_106306,ACC_1007877,ACC_1014639,2022-04-07 03:46:17,APPROVED
B_106307,ACC_1007878,ACC_1012319,2020-07-10 19:44:27,PENDING
B_106308,ACC_1007878,ACC_1001543,2020-07-05 19:44:27,APPROVED
B_106309,ACC_1007879,ACC_1004471,2018-03-07 08:52:01,APPROVED
B_106310,ACC_1007881,ACC_1002016,2023-11-21 06:52:01,APPROVED
B_106311,ACC_1007881,ACC_1011885,2023-11-25 06:52:01,APPROVED
B_106312,ACC_1007883,ACC_1008327,2022-09-10 01:01:23,APPROVED
B_106313,ACC_1007883,ACC_1010604,2022-09-11 01:01:23,APPROVED
B_106314,ACC_1007883,ACC_1008036,2022-09-11 01:01:23,APPROVED
B_106315,ACC_1007884,ACC_1007987,2023-12-01 08:16:56,APPROVED
B_106316,ACC_1007884,ACC_1006061,2023-12-05 08:16:56,APPROVED
B_106317,ACC_1007885,ACC_1003709,2019-01-31 22:51:09,APPROVED
B_106318,ACC_1007888,ACC_1009282,2021-11-02 15:06:45,APPROVED
B_106319,ACC_1007890,ACC_1014346,2016-03-25 17:02:53,PENDING
B_106320,ACC_1007890,ACC_1013398,2016-03-28 17:02:53,APPROVED
B_106321,ACC_1007890,ACC_1000643,2016-03-26 17:02:53,APPROVED
B_106322,ACC_1007891,ACC_1002168,2016-09-21 07:04:57,APPROVED
B_106323,ACC_1007891,ACC_1004980,2016-09-25 07:04:57,APPROVED
B_106324,ACC_1007893,ACC_1010117,2016-08-25 15:33:57,APPROVED
B_106325,ACC_1007893,ACC_1001479,2016-08-27 15:33:57,APPROVED
B_106326,ACC_1007893,ACC_1009357,2016-08-28 15:33:57,APPROVED
B_106327,ACC_1007894,ACC_1006179,2021-03-30 07:18:32,APPROVED
B_106328,ACC_1007895,ACC_1007026,2021-04-19 04:09:32,APPROVED
B_106329,ACC_1007898,ACC_1007737,2020-10-10 00:06:37,APPROVED
B_106330,ACC_1007898,ACC_1005342,2020-10-13 00:06:37,APPROVED
B_106331,ACC_1007904,ACC_1007194,2020-04-11 17:27:48,APPROVED
B_106332,ACC_1007904,ACC_1012887,2020-04-12 17:27:48,APPROVED
B_106333,ACC_1007904,ACC_1002881,2020-04-09 17:27:48,APPROVED
B_106334,ACC_1007905,ACC_1009963,2016-06-18 15:08:11,APPROVED
B_106335,ACC_1007905,ACC_1014696,2016-06-20 15:08:11,APPROVED
B_106336,ACC_1007908,ACC_1010855,2017-11-12 14:11:32,APPROVED
B_106337,ACC_1007908,ACC_1002083,2017-11-13 14:11:32,APPROVED
B_106338,ACC_1007911,ACC_1000167,2024-11-15 03:00:03,APPROVED
B_106339,ACC_1007911,ACC_1006842,2024-11-20 03:00:03,APPROVED
B_106340,ACC_1007914,ACC_1000963,2017-01-01 19:52:56,APPROVED
B_106341,ACC_1007915,ACC_1013454,2022-05-17 08:22:26,APPROVED
B_106342,ACC_1007915,ACC_1014442,2022-05-16 08:22:26,APPROVED
B_106343,ACC_1007916,ACC_1006415,2021-01-26 09:21:15,APPROVED
B_106344,ACC_1007916,ACC_1007505,2021-01-27 09:21:15,APPROVED
B_106345,ACC_1007916,ACC_1000836,2021-01-21 09:21:15,APPROVED
B_106346,ACC_1007918,ACC_1000742,2021-02-18 14:15:15,APPROVED
B_106347,ACC_1007918,ACC_1009514,2021-02-13 14:15:15,APPROVED
B_106348,ACC_1007918,ACC_1014854,2021-02-13 14:15:15,APPROVED
B_106349,ACC_1007920,ACC_1000885,2020-05-07 06:17:58,APPROVED
B_106350,ACC_1007920,ACC_1011539,2020-05-03 06:17:58,APPROVED
B_106351,ACC_1007922,ACC_1010802,2021-08-26 04:56:55,APPROVED
B_106352,ACC_1007922,ACC_1004846,2021-08-26 04:56:55,PENDING
B_106353,ACC_1007923,ACC_1009753,2016-07-19 05:03:00,APPROVED
B_106354,ACC_1007923,ACC_1005549,2016-07-23 05:03:00,APPROVED
B_106355,ACC_1007923,ACC_1006304,2016-07-22 05:03:00,APPROVED
B_106356,ACC_1007925,ACC_1012856,2021-10-16 18:03:07,PENDING
B_106357,ACC_1007929,ACC_1014347,2016-10-22 15:42:34,APPROVED
B_106358,ACC_1007929,ACC_1002225,2016-10-30 15:42:34,APPROVED
B_106359,ACC_1007929,ACC_1014013,2016-10-29 15:42:34,APPROVED
B_106360,ACC_1007930,ACC_1012970,2025-11-17 16:36:06,APPROVED
B_106361,ACC_1007930,ACC_1013668,2025-11-21 16:36:06,APPROVED
B_106362,ACC_1007930,ACC_1004744,2025-11-21 16:36:06,APPROVED
B_106363,ACC_1007931,ACC_1005847,2025-11-19 16:44:06,PENDING
B_106364,ACC_1007931,ACC_1009108,2025-11-19 16:44:06,APPROVED
B_106365,ACC_1007931,ACC_1008343,2025-11-23 16:44:06,APPROVED
B_106366,ACC_1007932,ACC_1011242,2017-03-27 17:14:08,APPROVED
B_106367,ACC_1007932,ACC_1001286,2017-03-28 17:14:08,APPROVED
B_106368,ACC_1007939,ACC_1001805,2019-07-05 17:35:09,APPROVED
B_106369,ACC_1007939,ACC_1013893,2019-07-10 17:35:09,APPROVED
B_106370,ACC_1007939,ACC_1012416,2019-07-07 17:35:09,APPROVED
B_106371,ACC_1007941,ACC_1002199,2024-03-10 10:39:06,APPROVED
B_106372,ACC_1007941,ACC_1008418,2024-03-11 10:39:06,APPROVED
B_106373,ACC_1007941,ACC_1001137,2024-03-07 10:39:06,APPROVED
B_106374,ACC_1007942,ACC_1011173,2017-08-03 03:33:19,APPROVED
B_106375,ACC_1007942,ACC_1002772,2017-08-06 03:33:19,APPROVED
B_106376,ACC_1007946,ACC_1007002,2019-09-08 11:44:44,APPROVED
B_106377,ACC_1007946,ACC_1003329,2019-09-13 11:44:44,APPROVED
B_106378,ACC_1007946,ACC_1013196,2019-09-09 11:44:44,APPROVED
B_106379,ACC_1007948,ACC_1013564,2021-10-29 19:47:09,APPROVED
B_106380,ACC_1007948,ACC_1011374,2021-11-05 19:47:09,APPROVED
B_106381,ACC_1007948,ACC_1012262,2021-11-06 19:47:09,APPROVED
B_106382,ACC_1007954,ACC_1002546,2024-08-15 13:06:08,APPROVED
B_106383,ACC_1007954,ACC_1013577,2024-08-13 13:06:08,APPROVED
B_106384,ACC_1007955,ACC_1001922,2022-09-13 23:19:17,APPROVED
B_106385,ACC_1007955,ACC_1004654,2022-09-19 23:19:17,APPROVED
B_106386,ACC_1007956,ACC_1013209,2022-09-30 16:33:17,PENDING
B_106387,ACC_1007956,ACC_1002880,2022-09-30 16:33:17,APPROVED
B_106388,ACC_1007956,ACC_1010895,2022-09-29 16:33:17,APPROVED
B_106389,ACC_1007960,ACC_1011144,2025-12-30 12:49:59,APPROVED
B_106390,ACC_1007962,ACC_1011270,2018-02-05 11:54:09,APPROVED
B_106391,ACC_1007963,ACC_1005917,2024-04-01 14:53:33,APPROVED
B_106392,ACC_1007963,ACC_1014857,2024-04-02 14:53:33,APPROVED
B_106393,ACC_1007963,ACC_1003706,2024-03-27 14:53:33,APPROVED
B_106394,ACC_1007965,ACC_1012635,2016-07-06 11:39:03,APPROVED
B_106395,ACC_1007965,ACC_1006130,2016-07-09 11:39:03,APPROVED
B_106396,ACC_1007965,ACC_1003999,2016-07-09 11:39:03,APPROVED
B_106397,ACC_1007966,ACC_1005622,2017-09-04 18:13:59,APPROVED
B_106398,ACC_1007966,ACC_1007674,2017-09-04 18:13:59,APPROVED
B_106399,ACC_1007972,ACC_1010601,2022-04-15 00:35:17,APPROVED
B_106400,ACC_1007977,ACC_1012518,2016-01-19 06:13:40,APPROVED
B_106401,ACC_1007977,ACC_1001462,2016-01-25 06:13:40,APPROVED
B_106402,ACC_1007977,ACC_1001431,2016-01-21 06:13:40,APPROVED
B_106403,ACC_1007978,ACC_1000669,2016-01-18 16:37:40,APPROVED
B_106404,ACC_1007980,ACC_1005097,2022-01-11 02:59:03,APPROVED
B_106405,ACC_1007983,ACC_1000224,2025-04-22 09:56:26,APPROVED
B_106406,ACC_1007983,ACC_1000082,2025-04-22 09:56:26,APPROVED
B_106407,ACC_1007986,ACC_1012913,2018-06-22 19:13:32,APPROVED
B_106408,ACC_1007986,ACC_1002027,2018-06-30 19:13:32,APPROVED
B_106409,ACC_1007989,ACC_1005542,2019-10-16 12:22:52,APPROVED
B_106410,ACC_1007989,ACC_1000748,2019-10-21 12:22:52,APPROVED
B_106411,ACC_1007989,ACC_1001553,2019-10-18 12:22:52,APPROVED
B_106412,ACC_1007990,ACC_1000582,2017-09-25 23:35:35,APPROVED
B_106413,ACC_1007990,ACC_1005863,2017-09-26 23:35:35,APPROVED
B_106414,ACC_1007992,ACC_1001866,2018-08-24 00:41:14,APPROVED
B_106415,ACC_1007992,ACC_1008913,2018-08-18 00:41:14,APPROVED
B_106416,ACC_1007993,ACC_1000752,2021-07-12 13:57:03,APPROVED
B_106417,ACC_1007993,ACC_1005344,2021-07-07 13:57:03,APPROVED
B_106418,ACC_1007998,ACC_1000508,2018-09-04 12:03:57,APPROVED
B_106419,ACC_1007998,ACC_1004737,2018-09-09 12:03:57,APPROVED
B_106420,ACC_1008000,ACC_1001792,2020-10-22 00:25:28,APPROVED
B_106421,ACC_1008000,ACC_1002460,2020-10-26 00:25:28,APPROVED
B_106422,ACC_1008002,ACC_1003046,2017-09-23 04:33:44,APPROVED
B_106423,ACC_1008002,ACC_1004515,2017-09-19 04:33:44,APPROVED
B_106424,ACC_1008003,ACC_1004516,2022-02-14 11:21:15,APPROVED
B_106425,ACC_1008003,ACC_1001312,2022-02-15 11:21:15,APPROVED
B_106426,ACC_1008004,ACC_1005018,2022-09-21 20:51:28,PENDING
B_106427,ACC_1008004,ACC_1013733,2022-09-22 20:51:28,APPROVED
B_106428,ACC_1008004,ACC_1001255,2022-09-21 20:51:28,APPROVED
B_106429,ACC_1008006,ACC_1011859,2022-10-05 13:27:28,APPROVED
B_106430,ACC_1008007,ACC_1005243,2019-09-04 12:12:47,APPROVED
B_106431,ACC_1008011,ACC_1002790,2023-07-26 16:45:04,APPROVED
B_106432,ACC_1008011,ACC_1013358,2023-07-22 16:45:04,APPROVED
B_106433,ACC_1008011,ACC_1007419,2023-07-22 16:45:04,APPROVED
B_106434,ACC_1008014,ACC_1012012,2025-03-27 08:12:48,APPROVED
B_106435,ACC_1008018,ACC_1002774,2019-12-06 06:32:18,APPROVED
B_106436,ACC_1008023,ACC_1001195,2021-08-28 18:26:56,APPROVED
B_106437,ACC_1008023,ACC_1003307,2021-08-25 18:26:56,APPROVED
B_106438,ACC_1008024,ACC_1006692,2017-02-18 12:33:22,APPROVED
B_106439,ACC_1008024,ACC_1003678,2017-02-22 12:33:22,PENDING
B_106440,ACC_1008026,ACC_1000262,2025-03-22 20:46:23,APPROVED
B_106441,ACC_1008026,ACC_1014752,2025-03-21 20:46:23,APPROVED
B_106442,ACC_1008026,ACC_1003774,2025-03-26 20:46:23,APPROVED
B_106443,ACC_1008027,ACC_1006951,2025-04-10 20:35:23,APPROVED
B_106444,ACC_1008027,ACC_1006925,2025-04-09 20:35:23,APPROVED
B_106445,ACC_1008027,ACC_1006734,2025-04-10 20:35:23,APPROVED
B_106446,ACC_1008028,ACC_1009620,2025-01-05 20:48:32,APPROVED
B_106447,ACC_1008029,ACC_1014938,2025-01-07 03:39:32,APPROVED
B_106448,ACC_1008029,ACC_1007280,2025-01-02 03:39:32,APPROVED
B_106449,ACC_1008030,ACC_1005096,2024-12-22 16:23:32,APPROVED
B_106450,ACC_1008032,ACC_1006759,2016-08-22 21:01:55,APPROVED
B_106451,ACC_1008036,ACC_1010063,2017-09-13 00:16:09,APPROVED
B_106452,ACC_1008036,ACC_1009116,2017-09-17 00:16:09,APPROVED
B_106453,ACC_1008036,ACC_1000613,2017-09-09 00:16:09,APPROVED
B_106454,ACC_1008037,ACC_1009242,2024-05-03 14:15:41,APPROVED
B_106455,ACC_1008038,ACC_1000399,2024-05-08 23:29:41,APPROVED
B_106456,ACC_1008038,ACC_1009250,2024-04-30 23:29:41,APPROVED
B_106457,ACC_1008041,ACC_1004792,2024-09-29 16:38:51,APPROVED
B_106458,ACC_1008044,ACC_1012931,2023-05-01 23:47:40,APPROVED
B_106459,ACC_1008044,ACC_1010882,2023-04-30 23:47:40,APPROVED
B_106460,ACC_1008044,ACC_1013764,2023-04-26 23:47:40,APPROVED
B_106461,ACC_1008047,ACC_1003037,2018-09-02 00:56:51,APPROVED
B_106462,ACC_1008047,ACC_1006397,2018-08-25 00:56:51,PENDING
B_106463,ACC_1008049,ACC_1002486,2017-07-07 04:16:54,APPROVED
B_106464,ACC_1008050,ACC_1011217,2022-08-20 12:23:59,APPROVED
B_106465,ACC_1008050,ACC_1013759,2022-08-18 12:23:59,APPROVED
B_106466,ACC_1008054,ACC_1000812,2019-04-25 14:14:38,APPROVED
B_106467,ACC_1008054,ACC_1002871,2019-04-27 14:14:38,APPROVED
B_106468,ACC_1008054,ACC_1000507,2019-04-25 14:14:38,APPROVED
B_106469,ACC_1008055,ACC_1014476,2024-11-21 17:06:23,APPROVED
B_106470,ACC_1008055,ACC_1010673,2024-11-15 17:06:23,APPROVED
B_106471,ACC_1008055,ACC_1009098,2024-11-19 17:06:23,APPROVED
B_106472,ACC_1008057,ACC_1007873,2021-11-21 00:14:57,APPROVED
B_106473,ACC_1008057,ACC_1006131,2021-11-23 00:14:57,APPROVED
B_106474,ACC_1008061,ACC_1006413,2018-03-21 18:56:04,APPROVED
B_106475,ACC_1008061,ACC_1004448,2018-03-22 18:56:04,APPROVED
B_106476,ACC_1008068,ACC_1006571,2023-12-05 14:02:23,APPROVED
B_106477,ACC_1008068,ACC_1007704,2023-12-10 14:02:23,APPROVED
B_106478,ACC_1008072,ACC_1008409,2019-06-19 21:21:56,APPROVED
B_106479,ACC_1008072,ACC_1014581,2019-06-16 21:21:56,APPROVED
B_106480,ACC_1008072,ACC_1003944,2019-06-13 21:21:56,APPROVED
B_106481,ACC_1008073,ACC_1009045,2023-03-20 14:34:48,APPROVED
B_106482,ACC_1008075,ACC_1012183,2021-05-30 09:23:30,APPROVED
B_106483,ACC_1008075,ACC_1014014,2021-05-26 09:23:30,APPROVED
B_106484,ACC_1008077,ACC_1004248,2016-10-10 08:50:20,APPROVED
B_106485,ACC_1008079,ACC_1014509,2018-03-14 15:34:00,APPROVED
B_106486,ACC_1008079,ACC_1006359,2018-03-13 15:34:00,APPROVED
B_106487,ACC_1008079,ACC_1000544,2018-03-08 15:34:00,APPROVED
B_106488,ACC_1008086,ACC_1001514,2023-04-09 23:50:12,APPROVED
B_106489,ACC_1008091,ACC_1008547,2022-09-17 10:45:57,PENDING
B_106490,ACC_1008093,ACC_1009792,2024-02-02 18:03:32,APPROVED
B_106491,ACC_1008093,ACC_1008533,2024-01-28 18:03:32,APPROVED
B_106492,ACC_1008093,ACC_1013065,2024-02-03 18:03:32,APPROVED
B_106493,ACC_1008095,ACC_1011013,2016-08-01 08:56:06,APPROVED
B_106494,ACC_1008095,ACC_1011599,2016-08-06 08:56:06,APPROVED
B_106495,ACC_1008095,ACC_1007343,2016-08-06 08:56:06,APPROVED
B_106496,ACC_1008096,ACC_1007307,2023-12-30 16:36:03,APPROVED
B_106497,ACC_1008096,ACC_1007793,2023-12-27 16:36:03,APPROVED
B_106498,ACC_1008098,ACC_1002272,2018-05-31 04:39:39,APPROVED
B_106499,ACC_1008098,ACC_1006868,2018-06-07 04:39:39,APPROVED
B_106500,ACC_1008099,ACC_1010358,2017-01-17 17:37:47,APPROVED
B_106501,ACC_1008103,ACC_1006332,2023-03-30 08:03:53,APPROVED
B_106502,ACC_1008104,ACC_1014252,2023-04-12 19:12:53,APPROVED
B_106503,ACC_1008105,ACC_1006755,2019-09-10 11:14:33,APPROVED
B_106504,ACC_1008105,ACC_1000928,2019-09-06 11:14:33,APPROVED
B_106505,ACC_1008105,ACC_1007242,2019-09-13 11:14:33,APPROVED
B_106506,ACC_1008106,ACC_1008913,2022-08-14 23:41:38,PENDING
B_106507,ACC_1008106,ACC_1001721,2022-08-07 23:41:38,APPROVED
B_106508,ACC_1008106,ACC_1006491,2022-08-12 23:41:38,APPROVED
B_106509,ACC_1008109,ACC_1009431,2020-07-07 07:22:03,APPROVED
B_106510,ACC_1008109,ACC_1012451,2020-07-04 07:22:03,APPROVED
B_106511,ACC_1008109,ACC_1001761,2020-07-05 07:22:03,PENDING
B_106512,ACC_1008113,ACC_1006551,2016-08-31 09:19:56,APPROVED
B_106513,ACC_1008113,ACC_1008011,2016-08-23 09:19:56,APPROVED
B_106514,ACC_1008114,ACC_1009587,2025-09-08 15:28:39,APPROVED
B_106515,ACC_1008114,ACC_1012783,2025-09-05 15:28:39,APPROVED
B_106516,ACC_1008114,ACC_1011652,2025-09-01 15:28:39,APPROVED
B_106517,ACC_1008116,ACC_1004271,2019-12-28 16:05:32,APPROVED
B_106518,ACC_1008117,ACC_1013917,2019-12-25 17:30:32,APPROVED
B_106519,ACC_1008117,ACC_1005046,2019-12-25 17:30:32,APPROVED
B_106520,ACC_1008117,ACC_1004162,2019-12-29 17:30:32,APPROVED
B_106521,ACC_1008124,ACC_1002841,2022-11-11 07:47:28,APPROVED
B_106522,ACC_1008124,ACC_1000442,2022-11-03 07:47:28,APPROVED
B_106523,ACC_1008125,ACC_1001423,2022-11-24 17:54:28,APPROVED
B_106524,ACC_1008125,ACC_1001458,2022-11-17 17:54:28,APPROVED
B_106525,ACC_1008125,ACC_1007175,2022-11-20 17:54:28,APPROVED
B_106526,ACC_1008127,ACC_1009389,2018-08-19 05:03:11,APPROVED
B_106527,ACC_1008127,ACC_1008401,2018-08-16 05:03:11,APPROVED
B_106528,ACC_1008128,ACC_1012659,2018-08-27 14:35:11,APPROVED
B_106529,ACC_1008128,ACC_1013092,2018-08-24 14:35:11,APPROVED
B_106530,ACC_1008128,ACC_1011684,2018-08-27 14:35:11,APPROVED
B_106531,ACC_1008129,ACC_1010071,2018-07-11 23:57:01,APPROVED
B_106532,ACC_1008129,ACC_1002693,2018-07-12 23:57:01,PENDING
B_106533,ACC_1008129,ACC_1006631,2018-07-13 23:57:01,APPROVED
B_106534,ACC_1008132,ACC_1011078,2020-08-08 15:19:53,APPROVED
B_106535,ACC_1008132,ACC_1008608,2020-08-11 15:19:53,APPROVED
B_106536,ACC_1008132,ACC_1004386,2020-08-17 15:19:53,APPROVED
B_106537,ACC_1008133,ACC_1007537,2019-08-29 06:25:39,APPROVED
B_106538,ACC_1008134,ACC_1005450,2019-08-07 09:07:39,APPROVED
B_106539,ACC_1008134,ACC_1001882,2019-08-03 09:07:39,APPROVED
B_106540,ACC_1008135,ACC_1012378,2025-07-31 01:53:52,APPROVED
B_106541,ACC_1008135,ACC_1007008,2025-08-01 01:53:52,APPROVED
B_106542,ACC_1008135,ACC_1004640,2025-07-29 01:53:52,APPROVED
B_106543,ACC_1008136,ACC_1011438,2016-07-16 12:49:47,APPROVED
B_106544,ACC_1008136,ACC_1010952,2016-07-20 12:49:47,APPROVED
B_106545,ACC_1008137,ACC_1009270,2016-06-27 23:20:47,APPROVED
B_106546,ACC_1008138,ACC_1013587,2022-06-28 23:25:39,APPROVED
B_106547,ACC_1008141,ACC_1000461,2020-07-28 11:55:30,APPROVED
B_106548,ACC_1008142,ACC_1008635,2020-08-01 19:41:30,APPROVED
B_106549,ACC_1008142,ACC_1003852,2020-07-27 19:41:30,APPROVED
B_106550,ACC_1008142,ACC_1008617,2020-07-30 19:41:30,APPROVED
B_106551,ACC_1008145,ACC_1015052,2025-03-04 02:53:16,APPROVED
B_106552,ACC_1008147,ACC_1013344,2017-01-19 12:40:38,APPROVED
B_106553,ACC_1008147,ACC_1000162,2017-01-20 12:40:38,APPROVED
B_106554,ACC_1008149,ACC_1014008,2022-10-05 17:15:42,APPROVED
B_106555,ACC_1008149,ACC_1010380,2022-10-10 17:15:42,PENDING
B_106556,ACC_1008149,ACC_1000977,2022-10-07 17:15:42,APPROVED
B_106557,ACC_1008151,ACC_1001556,2021-01-24 11:53:19,APPROVED
B_106558,ACC_1008151,ACC_1007713,2021-01-28 11:53:19,APPROVED
B_106559,ACC_1008152,ACC_1010726,2021-01-29 17:17:19,APPROVED
B_106560,ACC_1008152,ACC_1009992,2021-01-27 17:17:19,APPROVED
B_106561,ACC_1008152,ACC_1004977,2021-01-31 17:17:19,APPROVED
B_106562,ACC_1008157,ACC_1000987,2024-08-20 14:34:29,APPROVED
B_106563,ACC_1008157,ACC_1000483,2024-08-17 14:34:29,APPROVED
B_106564,ACC_1008160,ACC_1011541,2019-11-29 01:03:15,APPROVED
B_106565,ACC_1008160,ACC_1004842,2019-12-07 01:03:15,APPROVED
B_106566,ACC_1008160,ACC_1004158,2019-12-07 01:03:15,APPROVED
B_106567,ACC_1008164,ACC_1003141,2020-04-24 09:41:43,APPROVED
B_106568,ACC_1008168,ACC_1007739,2022-04-21 00:25:10,APPROVED
B_106569,ACC_1008168,ACC_1012781,2022-04-21 00:25:10,APPROVED
B_106570,ACC_1008168,ACC_1012982,2022-04-21 00:25:10,APPROVED
B_106571,ACC_1008171,ACC_1011622,2021-05-15 11:00:13,APPROVED
B_106572,ACC_1008176,ACC_1010865,2021-08-20 06:03:49,APPROVED
B_106573,ACC_1008183,ACC_1003562,2025-03-31 10:33:35,APPROVED
B_106574,ACC_1008183,ACC_1011722,2025-03-26 10:33:35,APPROVED
B_106575,ACC_1008183,ACC_1012532,2025-03-28 10:33:35,APPROVED
B_106576,ACC_1008185,ACC_1014661,2025-07-12 21:08:05,APPROVED
B_106577,ACC_1008185,ACC_1000067,2025-07-13 21:08:05,APPROVED
B_106578,ACC_1008187,ACC_1002059,2021-10-20 01:57:13,APPROVED
B_106579,ACC_1008187,ACC_1011712,2021-10-21 01:57:13,APPROVED
B_106580,ACC_1008191,ACC_1002911,2017-06-15 02:13:48,APPROVED
B_106581,ACC_1008193,ACC_1006677,2024-05-07 15:32:25,APPROVED
B_106582,ACC_1008193,ACC_1001995,2024-05-08 15:32:25,APPROVED
B_106583,ACC_1008193,ACC_1011485,2024-05-09 15:32:25,APPROVED
B_106584,ACC_1008194,ACC_1009961,2024-05-11 13:57:25,PENDING
B_106585,ACC_1008194,ACC_1013546,2024-05-17 13:57:25,PENDING
B_106586,ACC_1008194,ACC_1003338,2024-05-14 13:57:25,APPROVED
B_106587,ACC_1008196,ACC_1011214,2023-10-29 08:57:23,APPROVED
B_106588,ACC_1008198,ACC_1011732,2024-06-01 17:44:30,APPROVED
B_106589,ACC_1008199,ACC_1006269,2024-06-03 14:41:30,APPROVED
B_106590,ACC_1008199,ACC_1006736,2024-06-05 14:41:30,APPROVED
B_106591,ACC_1008200,ACC_1008262,2020-06-12 18:02:22,APPROVED
B_106592,ACC_1008200,ACC_1010165,2020-06-18 18:02:22,APPROVED
B_106593,ACC_1008203,ACC_1009701,2019-11-03 06:43:22,APPROVED
B_106594,ACC_1008203,ACC_1012222,2019-11-01 06:43:22,APPROVED
B_106595,ACC_1008203,ACC_1006710,2019-11-05 06:43:22,PENDING
B_106596,ACC_1008205,ACC_1011908,2016-09-06 09:54:33,APPROVED
B_106597,ACC_1008205,ACC_1005046,2016-09-07 09:54:33,APPROVED
B_106598,ACC_1008206,ACC_1013333,2019-01-27 00:02:52,APPROVED
B_106599,ACC_1008206,ACC_1001426,2019-01-23 00:02:52,APPROVED
B_106600,ACC_1008207,ACC_1000514,2019-01-30 03:29:52,APPROVED
B_106601,ACC_1008207,ACC_1002252,2019-01-24 03:29:52,APPROVED
B_106602,ACC_1008209,ACC_1004714,2020-12-19 03:25:36,APPROVED
B_106603,ACC_1008209,ACC_1003642,2020-12-15 03:25:36,APPROVED
B_106604,ACC_1008209,ACC_1007083,2020-12-15 03:25:36,APPROVED
B_106605,ACC_1008211,ACC_1006281,2025-10-08 22:33:24,APPROVED
B_106606,ACC_1008211,ACC_1013823,2025-10-08 22:33:24,APPROVED
B_106607,ACC_1008214,ACC_1005493,2019-06-01 23:55:27,APPROVED
B_106608,ACC_1008214,ACC_1006269,2019-06-06 23:55:27,APPROVED
B_106609,ACC_1008214,ACC_1003923,2019-05-31 23:55:27,APPROVED
B_106610,ACC_1008216,ACC_1011571,2022-10-22 20:29:25,APPROVED
B_106611,ACC_1008216,ACC_1014158,2022-10-21 20:29:25,APPROVED
B_106612,ACC_1008217,ACC_1014914,2022-01-19 11:29:18,APPROVED
B_106613,ACC_1008217,ACC_1010681,2022-01-18 11:29:18,APPROVED
B_106614,ACC_1008217,ACC_1006313,2022-01-22 11:29:18,APPROVED
B_106615,ACC_1008225,ACC_1011688,2024-11-16 01:42:17,APPROVED
B_106616,ACC_1008225,ACC_1007938,2024-11-19 01:42:17,APPROVED
B_106617,ACC_1008227,ACC_1001172,2024-11-12 07:09:17,APPROVED
B_106618,ACC_1008227,ACC_1014571,2024-11-07 07:09:17,APPROVED
B_106619,ACC_1008229,ACC_1010340,2024-12-17 23:21:46,APPROVED
B_106620,ACC_1008229,ACC_1004386,2024-12-18 23:21:46,APPROVED
B_106621,ACC_1008229,ACC_1000722,2024-12-20 23:21:46,APPROVED
B_106622,ACC_1008231,ACC_1012025,2022-06-24 12:37:54,APPROVED
B_106623,ACC_1008236,ACC_1005168,2022-10-09 18:47:25,APPROVED
B_106624,ACC_1008237,ACC_1005796,2016-12-07 13:02:20,APPROVED
B_106625,ACC_1008239,ACC_1008663,2016-12-11 21:38:20,APPROVED
B_106626,ACC_1008239,ACC_1000788,2016-12-04 21:38:20,APPROVED
B_106627,ACC_1008239,ACC_1006873,2016-12-04 21:38:20,APPROVED
B_106628,ACC_1008242,ACC_1011127,2025-01-15 06:41:08,APPROVED
B_106629,ACC_1008242,ACC_1010896,2025-01-11 06:41:08,APPROVED
B_106630,ACC_1008242,ACC_1014679,2025-01-17 06:41:08,APPROVED
B_106631,ACC_1008245,ACC_1006238,2023-01-09 08:59:13,APPROVED
B_106632,ACC_1008245,ACC_1009920,2023-01-02 08:59:13,APPROVED
B_106633,ACC_1008251,ACC_1013498,2022-07-26 21:59:30,APPROVED
B_106634,ACC_1008255,ACC_1014734,2017-02-05 04:51:41,APPROVED
B_106635,ACC_1008258,ACC_1001297,2021-08-11 19:25:31,APPROVED
B_106636,ACC_1008258,ACC_1006284,2021-08-18 19:25:31,APPROVED
B_106637,ACC_1008258,ACC_1006128,2021-08-18 19:25:31,PENDING
B_106638,ACC_1008263,ACC_1012006,2017-10-04 00:09:02,APPROVED
B_106639,ACC_1008267,ACC_1014929,2018-11-06 10:17:06,APPROVED
B_106640,ACC_1008268,ACC_1008919,2025-12-24 21:08:57,APPROVED
B_106641,ACC_1008268,ACC_1008824,2025-12-21 21:08:57,APPROVED
B_106642,ACC_1008272,ACC_1002649,2017-07-03 03:39:40,APPROVED
B_106643,ACC_1008275,ACC_1010031,2024-07-02 20:50:03,APPROVED
B_106644,ACC_1008278,ACC_1010813,2019-11-06 10:46:23,PENDING
B_106645,ACC_1008278,ACC_1001619,2019-10-31 10:46:23,APPROVED
B_106646,ACC_1008279,ACC_1004740,2018-03-16 13:27:06,APPROVED
B_106647,ACC_1008279,ACC_1014979,2018-03-15 13:27:06,APPROVED
B_106648,ACC_1008279,ACC_1010220,2018-03-20 13:27:06,APPROVED
B_106649,ACC_1008280,ACC_1004696,2018-01-18 21:01:51,APPROVED
B_106650,ACC_1008285,ACC_1014397,2016-08-03 16:50:08,APPROVED
B_106651,ACC_1008288,ACC_1014066,2017-08-20 21:20:52,APPROVED
B_106652,ACC_1008288,ACC_1000588,2017-08-18 21:20:52,APPROVED
B_106653,ACC_1008289,ACC_1014802,2021-06-07 07:48:53,APPROVED
B_106654,ACC_1008289,ACC_1014065,2021-06-13 07:48:53,APPROVED
B_106655,ACC_1008292,ACC_1009042,2024-02-18 04:08:52,PENDING
B_106656,ACC_1008292,ACC_1007475,2024-02-25 04:08:52,APPROVED
B_106657,ACC_1008294,ACC_1003239,2018-10-04 10:15:04,APPROVED
B_106658,ACC_1008294,ACC_1000766,2018-10-04 10:15:04,APPROVED
B_106659,ACC_1008295,ACC_1006808,2017-08-05 03:38:02,APPROVED
B_106660,ACC_1008298,ACC_1015049,2023-06-18 13:58:13,APPROVED
B_106661,ACC_1008298,ACC_1013887,2023-06-25 13:58:13,APPROVED
B_106662,ACC_1008301,ACC_1000407,2020-12-11 16:17:25,APPROVED
B_106663,ACC_1008301,ACC_1003282,2020-12-15 16:17:25,APPROVED
B_106664,ACC_1008301,ACC_1005114,2020-12-13 16:17:25,APPROVED
B_106665,ACC_1008303,ACC_1013574,2018-06-22 07:43:41,APPROVED
B_106666,ACC_1008303,ACC_1013082,2018-06-16 07:43:41,APPROVED
B_106667,ACC_1008309,ACC_1001343,2019-06-23 13:26:27,APPROVED
B_106668,ACC_1008309,ACC_1001937,2019-06-23 13:26:27,PENDING
B_106669,ACC_1008314,ACC_1000458,2024-12-12 01:07:10,APPROVED
B_106670,ACC_1008314,ACC_1012646,2024-12-10 01:07:10,APPROVED
B_106671,ACC_1008314,ACC_1008350,2024-12-12 01:07:10,APPROVED
B_106672,ACC_1008322,ACC_1011712,2025-03-16 02:45:17,APPROVED
B_106673,ACC_1008323,ACC_1003436,2025-03-31 15:41:17,APPROVED
B_106674,ACC_1008323,ACC_1013173,2025-03-31 15:41:17,APPROVED
B_106675,ACC_1008329,ACC_1013959,2021-07-28 21:36:21,APPROVED
B_106676,ACC_1008329,ACC_1001332,2021-07-26 21:36:21,PENDING
B_106677,ACC_1008329,ACC_1003004,2021-07-21 21:36:21,APPROVED
B_106678,ACC_1008334,ACC_1001706,2023-03-02 06:54:18,APPROVED
B_106679,ACC_1008334,ACC_1006762,2023-03-05 06:54:18,APPROVED
B_106680,ACC_1008335,ACC_1010119,2016-08-30 02:18:27,APPROVED
B_106681,ACC_1008335,ACC_1000832,2016-08-26 02:18:27,APPROVED
B_106682,ACC_1008335,ACC_1010188,2016-08-29 02:18:27,APPROVED
B_106683,ACC_1008337,ACC_1007814,2016-09-09 07:58:27,APPROVED
B_106684,ACC_1008339,ACC_1011641,2018-02-23 03:47:27,APPROVED
B_106685,ACC_1008339,ACC_1009898,2018-02-24 03:47:27,APPROVED
B_106686,ACC_1008339,ACC_1012057,2018-02-22 03:47:27,APPROVED
B_106687,ACC_1008345,ACC_1000759,2017-10-06 15:08:48,APPROVED
B_106688,ACC_1008351,ACC_1011303,2020-03-31 07:44:17,APPROVED
B_106689,ACC_1008351,ACC_1005977,2020-03-27 07:44:17,APPROVED
B_106690,ACC_1008351,ACC_1003174,2020-03-26 07:44:17,APPROVED
B_106691,ACC_1008352,ACC_1000991,2020-04-01 18:22:17,APPROVED
B_106692,ACC_1008352,ACC_1004170,2020-04-07 18:22:17,APPROVED
B_106693,ACC_1008352,ACC_1001563,2020-03-29 18:22:17,APPROVED
B_106694,ACC_1008353,ACC_1004059,2020-05-29 04:48:03,APPROVED
B_106695,ACC_1008354,ACC_1014631,2023-02-22 20:45:58,APPROVED
B_106696,ACC_1008355,ACC_1000130,2018-07-11 19:32:05,APPROVED
B_106697,ACC_1008360,ACC_1013736,2018-08-28 01:59:06,APPROVED
B_106698,ACC_1008360,ACC_1010264,2018-08-24 01:59:06,APPROVED
B_106699,ACC_1008360,ACC_1012527,2018-09-02 01:59:06,APPROVED
B_106700,ACC_1008361,ACC_1000705,2018-09-07 14:45:06,APPROVED
B_106701,ACC_1008361,ACC_1000876,2018-09-12 14:45:06,APPROVED
B_106702,ACC_1008363,ACC_1010180,2019-04-02 14:13:01,APPROVED
B_106703,ACC_1008363,ACC_1006238,2019-03-31 14:13:01,PENDING
B_106704,ACC_1008363,ACC_1000709,2019-04-05 14:13:01,APPROVED
B_106705,ACC_1008364,ACC_1002952,2018-11-14 16:03:49,APPROVED
B_106706,ACC_1008364,ACC_1001098,2018-11-08 16:03:49,APPROVED
B_106707,ACC_1008364,ACC_1008073,2018-11-15 16:03:49,APPROVED
B_106708,ACC_1008366,ACC_1005063,2018-11-16 13:46:49,APPROVED
B_106709,ACC_1008366,ACC_1000490,2018-11-17 13:46:49,APPROVED
B_106710,ACC_1008368,ACC_1014731,2017-11-26 21:14:15,APPROVED
B_106711,ACC_1008368,ACC_1013912,2017-11-25 21:14:15,APPROVED
B_106712,ACC_1008368,ACC_1002416,2017-11-27 21:14:15,APPROVED
B_106713,ACC_1008369,ACC_1000404,2023-07-28 22:51:20,APPROVED
B_106714,ACC_1008371,ACC_1003931,2023-06-06 10:52:44,APPROVED
B_106715,ACC_1008374,ACC_1011913,2022-03-25 15:51:53,PENDING
B_106716,ACC_1008374,ACC_1003255,2022-03-28 15:51:53,APPROVED
B_106717,ACC_1008376,ACC_1002261,2024-02-20 10:58:28,APPROVED
B_106718,ACC_1008376,ACC_1004390,2024-02-21 10:58:28,APPROVED
B_106719,ACC_1008376,ACC_1007031,2024-02-20 10:58:28,APPROVED
B_106720,ACC_1008377,ACC_1007507,2017-07-11 15:38:49,APPROVED
B_106721,ACC_1008377,ACC_1006293,2017-07-06 15:38:49,APPROVED
B_106722,ACC_1008378,ACC_1014525,2020-04-24 10:59:09,APPROVED
B_106723,ACC_1008380,ACC_1008726,2020-09-17 19:33:23,APPROVED
B_106724,ACC_1008380,ACC_1012182,2020-09-15 19:33:23,APPROVED
B_106725,ACC_1008381,ACC_1009828,2020-09-07 15:37:23,APPROVED
B_106726,ACC_1008381,ACC_1000032,2020-09-06 15:37:23,APPROVED
B_106727,ACC_1008381,ACC_1008514,2020-09-11 15:37:23,APPROVED
B_106728,ACC_1008382,ACC_1009449,2025-03-13 15:58:10,APPROVED
B_106729,ACC_1008382,ACC_1008227,2025-03-08 15:58:10,APPROVED
B_106730,ACC_1008384,ACC_1006421,2025-09-04 14:54:37,APPROVED
B_106731,ACC_1008386,ACC_1014277,2021-09-20 12:29:43,APPROVED
B_106732,ACC_1008386,ACC_1004840,2021-09-19 12:29:43,APPROVED
B_106733,ACC_1008387,ACC_1011042,2022-07-16 13:37:35,APPROVED
B_106734,ACC_1008389,ACC_1009237,2021-06-11 08:43:32,APPROVED
B_106735,ACC_1008389,ACC_1011963,2021-06-08 08:43:32,APPROVED
B_106736,ACC_1008391,ACC_1008168,2023-06-19 21:57:25,APPROVED
B_106737,ACC_1008391,ACC_1005772,2023-06-16 21:57:25,APPROVED
B_106738,ACC_1008394,ACC_1014460,2019-12-21 14:34:07,APPROVED
B_106739,ACC_1008395,ACC_1005504,2016-05-02 12:27:13,APPROVED
B_106740,ACC_1008395,ACC_1010659,2016-04-26 12:27:13,APPROVED
B_106741,ACC_1008395,ACC_1012516,2016-05-03 12:27:13,APPROVED
B_106742,ACC_1008399,ACC_1005255,2017-04-10 08:33:41,APPROVED
B_106743,ACC_1008400,ACC_1013638,2023-02-22 01:28:18,APPROVED
B_106744,ACC_1008400,ACC_1008777,2023-02-21 01:28:18,APPROVED
B_106745,ACC_1008402,ACC_1013373,2025-04-20 05:03:02,APPROVED
B_106746,ACC_1008402,ACC_1003818,2025-04-16 05:03:02,APPROVED
B_106747,ACC_1008402,ACC_1013277,2025-04-16 05:03:02,APPROVED
B_106748,ACC_1008403,ACC_1000692,2025-04-06 00:30:02,APPROVED
B_106749,ACC_1008403,ACC_1001083,2025-04-01 00:30:02,APPROVED
B_106750,ACC_1008404,ACC_1010585,2025-10-27 04:24:46,APPROVED
B_106751,ACC_1008404,ACC_1013421,2025-10-25 04:24:46,APPROVED
B_106752,ACC_1008406,ACC_1000129,2023-01-05 15:40:01,APPROVED
B_106753,ACC_1008406,ACC_1013635,2023-01-05 15:40:01,APPROVED
B_106754,ACC_1008406,ACC_1009421,2023-01-02 15:40:01,APPROVED
B_106755,ACC_1008410,ACC_1011563,2017-09-13 15:55:37,APPROVED
B_106756,ACC_1008412,ACC_1005971,2022-07-27 10:53:48,APPROVED
B_106757,ACC_1008413,ACC_1006785,2023-06-24 20:57:05,APPROVED
B_106758,ACC_1008415,ACC_1006426,2025-06-07 09:19:11,APPROVED
B_106759,ACC_1008415,ACC_1000294,2025-06-12 09:19:11,APPROVED
B_106760,ACC_1008416,ACC_1003500,2024-05-04 20:30:58,APPROVED
B_106761,ACC_1008416,ACC_1010103,2024-04-27 20:30:58,APPROVED
B_106762,ACC_1008416,ACC_1012999,2024-04-27 20:30:58,APPROVED
B_106763,ACC_1008421,ACC_1013122,2017-10-04 18:15:17,APPROVED
B_106764,ACC_1008421,ACC_1010779,2017-10-08 18:15:17,APPROVED
B_106765,ACC_1008427,ACC_1003674,2019-02-21 20:18:13,APPROVED
B_106766,ACC_1008427,ACC_1011830,2019-02-16 20:18:13,APPROVED
B_106767,ACC_1008431,ACC_1010151,2017-10-31 07:48:58,PENDING
B_106768,ACC_1008436,ACC_1014480,2018-05-02 22:26:05,APPROVED
B_106769,ACC_1008436,ACC_1008015,2018-04-25 22:26:05,APPROVED
B_106770,ACC_1008440,ACC_1000993,2023-08-11 04:54:54,APPROVED
B_106771,ACC_1008441,ACC_1005285,2017-01-13 17:24:11,APPROVED
B_106772,ACC_1008441,ACC_1011774,2017-01-13 17:24:11,APPROVED
B_106773,ACC_1008446,ACC_1007239,2019-06-13 03:40:05,APPROVED
B_106774,ACC_1008446,ACC_1002528,2019-06-12 03:40:05,APPROVED
B_106775,ACC_1008448,ACC_1007246,2023-04-11 06:04:20,APPROVED
B_106776,ACC_1008448,ACC_1007030,2023-04-11 06:04:20,APPROVED
B_106777,ACC_1008449,ACC_1006635,2023-04-19 22:15:20,APPROVED
B_106778,ACC_1008449,ACC_1011075,2023-04-20 22:15:20,APPROVED
B_106779,ACC_1008451,ACC_1006813,2017-04-02 00:33:41,APPROVED
B_106780,ACC_1008451,ACC_1006294,2017-03-30 00:33:41,APPROVED
B_106781,ACC_1008451,ACC_1013969,2017-04-01 00:33:41,APPROVED
B_106782,ACC_1008452,ACC_1005384,2020-12-18 09:34:26,APPROVED
B_106783,ACC_1008452,ACC_1000768,2020-12-15 09:34:26,APPROVED
B_106784,ACC_1008452,ACC_1003675,2020-12-17 09:34:26,APPROVED
B_106785,ACC_1008453,ACC_1012280,2020-11-24 22:23:26,APPROVED
B_106786,ACC_1008453,ACC_1006611,2020-11-24 22:23:26,APPROVED
B_106787,ACC_1008457,ACC_1012107,2024-12-02 10:18:34,APPROVED
B_106788,ACC_1008457,ACC_1005492,2024-11-30 10:18:34,APPROVED
B_106789,ACC_1008457,ACC_1014505,2024-12-03 10:18:34,APPROVED
B_106790,ACC_1008458,ACC_1013096,2025-08-20 15:10:54,APPROVED
B_106791,ACC_1008458,ACC_1001370,2025-08-14 15:10:54,PENDING
B_106792,ACC_1008462,ACC_1004823,2017-03-21 02:32:43,APPROVED
B_106793,ACC_1008462,ACC_1007409,2017-03-29 02:32:43,APPROVED
B_106794,ACC_1008464,ACC_1014172,2022-04-09 04:01:19,APPROVED
B_106795,ACC_1008473,ACC_1013176,2025-11-02 15:01:51,APPROVED
B_106796,ACC_1008473,ACC_1006222,2025-11-04 15:01:51,APPROVED
B_106797,ACC_1008474,ACC_1003221,2025-01-03 07:43:22,APPROVED
B_106798,ACC_1008481,ACC_1004463,2023-11-07 22:10:36,APPROVED
B_106799,ACC_1008485,ACC_1010239,2025-07-08 03:41:36,APPROVED
B_106800,ACC_1008485,ACC_1007627,2025-07-05 03:41:36,APPROVED
B_106801,ACC_1008485,ACC_1012558,2025-07-09 03:41:36,APPROVED
B_106802,ACC_1008486,ACC_1004406,2019-07-04 02:24:20,APPROVED
B_106803,ACC_1008488,ACC_1014183,2018-05-02 09:47:18,APPROVED
B_106804,ACC_1008490,ACC_1001732,2023-06-25 23:09:36,APPROVED
B_106805,ACC_1008490,ACC_1005748,2023-06-21 23:09:36,APPROVED
B_106806,ACC_1008491,ACC_1006921,2023-12-08 13:16:09,APPROVED
B_106807,ACC_1008491,ACC_1002257,2023-12-11 13:16:09,APPROVED
B_106808,ACC_1008491,ACC_1007143,2023-12-03 13:16:09,APPROVED
B_106809,ACC_1008493,ACC_1001058,2018-08-22 17:21:44,APPROVED
B_106810,ACC_1008497,ACC_1008780,2021-06-09 09:05:02,APPROVED
B_106811,ACC_1008497,ACC_1004702,2021-06-11 09:05:02,APPROVED
B_106812,ACC_1008500,ACC_1013376,2024-09-21 15:50:11,APPROVED
B_106813,ACC_1008504,ACC_1000332,2018-05-05 01:52:50,APPROVED
B_106814,ACC_1008506,ACC_1007893,2018-04-30 05:09:50,APPROVED
B_106815,ACC_1008506,ACC_1008959,2018-05-07 05:09:50,APPROVED
B_106816,ACC_1008507,ACC_1012284,2023-10-05 04:03:01,APPROVED
B_106817,ACC_1008508,ACC_1002688,2023-10-09 19:23:01,APPROVED
B_106818,ACC_1008508,ACC_1005703,2023-10-10 19:23:01,APPROVED
B_106819,ACC_1008508,ACC_1013171,2023-10-05 19:23:01,APPROVED
B_106820,ACC_1008511,ACC_1009392,2016-02-10 19:38:47,APPROVED
B_106821,ACC_1008512,ACC_1002695,2019-07-28 11:48:46,APPROVED
B_106822,ACC_1008512,ACC_1014807,2019-07-28 11:48:46,APPROVED
B_106823,ACC_1008513,ACC_1014416,2019-07-16 16:28:46,APPROVED
B_106824,ACC_1008513,ACC_1013529,2019-07-19 16:28:46,APPROVED
B_106825,ACC_1008513,ACC_1007484,2019-07-20 16:28:46,APPROVED
B_106826,ACC_1008515,ACC_1013856,2023-11-02 01:49:44,APPROVED
B_106827,ACC_1008515,ACC_1009355,2023-10-29 01:49:44,APPROVED
B_106828,ACC_1008516,ACC_1005092,2021-09-04 23:11:16,APPROVED
B_106829,ACC_1008516,ACC_1008501,2021-09-06 23:11:16,APPROVED
B_106830,ACC_1008516,ACC_1003775,2021-08-31 23:11:16,APPROVED
B_106831,ACC_1008520,ACC_1008476,2016-07-09 10:29:00,APPROVED
B_106832,ACC_1008524,ACC_1006021,2019-08-12 03:22:44,APPROVED
B_106833,ACC_1008524,ACC_1002907,2019-08-16 03:22:44,PENDING
B_106834,ACC_1008526,ACC_1006995,2020-06-09 17:15:36,APPROVED
B_106835,ACC_1008527,ACC_1013818,2020-06-01 07:31:36,APPROVED
B_106836,ACC_1008532,ACC_1006802,2023-10-09 06:35:06,PENDING
B_106837,ACC_1008532,ACC_1005945,2023-10-14 06:35:06,APPROVED
B_106838,ACC_1008532,ACC_1000571,2023-10-14 06:35:06,PENDING
B_106839,ACC_1008534,ACC_1003356,2017-07-07 07:42:20,APPROVED
B_106840,ACC_1008534,ACC_1003619,2017-07-11 07:42:20,APPROVED
B_106841,ACC_1008538,ACC_1007257,2026-01-10 04:58:57,APPROVED
B_106842,ACC_1008538,ACC_1010596,2026-01-06 04:58:57,APPROVED
B_106843,ACC_1008538,ACC_1013412,2026-01-10 04:58:57,APPROVED
B_106844,ACC_1008540,ACC_1001368,2017-10-31 21:20:17,APPROVED
B_106845,ACC_1008545,ACC_1014699,2021-08-07 11:49:13,APPROVED
B_106846,ACC_1008545,ACC_1011892,2021-08-06 11:49:13,APPROVED
B_106847,ACC_1008545,ACC_1005560,2021-08-11 11:49:13,APPROVED
B_106848,ACC_1008554,ACC_1006410,2024-08-26 03:08:07,APPROVED
B_106849,ACC_1008556,ACC_1014675,2024-02-16 04:40:23,APPROVED
B_106850,ACC_1008556,ACC_1011149,2024-02-18 04:40:23,APPROVED
B_106851,ACC_1008556,ACC_1001163,2024-02-13 04:40:23,APPROVED
B_106852,ACC_1008557,ACC_1012252,2017-02-20 00:34:28,APPROVED
B_106853,ACC_1008557,ACC_1013602,2017-02-18 00:34:28,APPROVED
B_106854,ACC_1008559,ACC_1003329,2022-09-18 08:26:17,APPROVED
B_106855,ACC_1008559,ACC_1007693,2022-09-22 08:26:17,APPROVED
B_106856,ACC_1008559,ACC_1013347,2022-09-22 08:26:17,APPROVED
B_106857,ACC_1008560,ACC_1009630,2019-07-15 17:49:28,APPROVED
B_106858,ACC_1008561,ACC_1008007,2019-08-09 14:00:28,APPROVED
B_106859,ACC_1008561,ACC_1005222,2019-08-08 14:00:28,APPROVED
B_106860,ACC_1008561,ACC_1006448,2019-08-03 14:00:28,APPROVED
B_106861,ACC_1008563,ACC_1003230,2023-05-09 17:40:49,PENDING
B_106862,ACC_1008565,ACC_1004285,2016-11-30 03:17:26,APPROVED
B_106863,ACC_1008565,ACC_1007507,2016-11-22 03:17:26,PENDING
B_106864,ACC_1008575,ACC_1012960,2026-01-04 01:07:53,PENDING
B_106865,ACC_1008575,ACC_1000728,2026-01-09 01:07:53,APPROVED
B_106866,ACC_1008575,ACC_1005086,2026-01-13 01:07:53,APPROVED
B_106867,ACC_1008577,ACC_1012233,2016-02-06 05:04:20,APPROVED
B_106868,ACC_1008577,ACC_1008959,2016-02-11 05:04:20,APPROVED
B_106869,ACC_1008585,ACC_1008616,2020-11-05 10:43:47,APPROVED
B_106870,ACC_1008585,ACC_1009757,2020-11-02 10:43:47,APPROVED
B_106871,ACC_1008585,ACC_1012084,2020-11-03 10:43:47,APPROVED
B_106872,ACC_1008590,ACC_1010248,2023-06-27 06:07:19,APPROVED
B_106873,ACC_1008590,ACC_1008223,2023-07-02 06:07:19,PENDING
B_106874,ACC_1008590,ACC_1004092,2023-06-27 06:07:19,APPROVED
B_106875,ACC_1008593,ACC_1005016,2022-09-17 00:15:44,PENDING
B_106876,ACC_1008593,ACC_1007517,2022-09-18 00:15:44,APPROVED
B_106877,ACC_1008598,ACC_1008491,2016-03-21 14:48:29,APPROVED
B_106878,ACC_1008599,ACC_1003379,2021-09-26 11:58:10,APPROVED
B_106879,ACC_1008599,ACC_1008995,2021-09-30 11:58:10,APPROVED
B_106880,ACC_1008601,ACC_1006421,2022-10-14 07:42:11,APPROVED
B_106881,ACC_1008601,ACC_1007239,2022-10-16 07:42:11,APPROVED
B_106882,ACC_1008601,ACC_1007024,2022-10-21 07:42:11,APPROVED
B_106883,ACC_1008602,ACC_1014250,2017-08-17 18:45:17,APPROVED
B_106884,ACC_1008603,ACC_1006498,2017-08-16 17:38:17,APPROVED
B_106885,ACC_1008603,ACC_1008098,2017-08-10 17:38:17,APPROVED
B_106886,ACC_1008604,ACC_1010225,2024-08-18 21:16:59,APPROVED
B_106887,ACC_1008606,ACC_1003835,2017-02-23 01:20:08,APPROVED
B_106888,ACC_1008607,ACC_1010557,2016-09-22 01:50:47,APPROVED
B_106889,ACC_1008608,ACC_1013912,2018-11-11 18:49:57,APPROVED
B_106890,ACC_1008608,ACC_1004288,2018-11-05 18:49:57,APPROVED
B_106891,ACC_1008610,ACC_1012980,2025-11-24 13:14:06,APPROVED
B_106892,ACC_1008611,ACC_1000050,2017-01-27 00:25:51,APPROVED
B_106893,ACC_1008613,ACC_1010412,2017-03-27 20:53:55,APPROVED
B_106894,ACC_1008613,ACC_1011203,2017-03-25 20:53:55,APPROVED
B_106895,ACC_1008613,ACC_1010353,2017-03-23 20:53:55,APPROVED
B_106896,ACC_1008614,ACC_1006334,2023-03-24 01:19:39,APPROVED
B_106897,ACC_1008619,ACC_1011674,2019-03-29 06:24:20,APPROVED
B_106898,ACC_1008619,ACC_1009435,2019-04-01 06:24:20,APPROVED
B_106899,ACC_1008620,ACC_1013643,2019-04-11 09:06:20,APPROVED
B_106900,ACC_1008626,ACC_1004670,2023-12-24 13:06:38,APPROVED
B_106901,ACC_1008626,ACC_1002927,2023-12-27 13:06:38,APPROVED
B_106902,ACC_1008626,ACC_1005004,2023-12-25 13:06:38,APPROVED
B_106903,ACC_1008627,ACC_1006287,2016-03-16 12:27:54,APPROVED
B_106904,ACC_1008629,ACC_1012808,2019-05-10 23:06:09,APPROVED
B_106905,ACC_1008631,ACC_1011977,2020-12-19 14:52:28,APPROVED
B_106906,ACC_1008631,ACC_1012529,2020-12-25 14:52:28,APPROVED
B_106907,ACC_1008639,ACC_1011814,2022-10-25 14:02:53,APPROVED
B_106908,ACC_1008639,ACC_1004522,2022-10-23 14:02:53,APPROVED
B_106909,ACC_1008644,ACC_1007558,2021-12-12 04:23:31,APPROVED
B_106910,ACC_1008644,ACC_1011483,2021-12-12 04:23:31,APPROVED
B_106911,ACC_1008650,ACC_1009816,2025-04-30 15:03:55,APPROVED
B_106912,ACC_1008651,ACC_1013864,2025-04-21 12:24:55,PENDING
B_106913,ACC_1008651,ACC_1001608,2025-04-19 12:24:55,APPROVED
B_106914,ACC_1008651,ACC_1012945,2025-04-25 12:24:55,APPROVED
B_106915,ACC_1008652,ACC_1004182,2018-03-26 08:29:59,APPROVED
B_106916,ACC_1008652,ACC_1002256,2018-03-22 08:29:59,APPROVED
B_106917,ACC_1008654,ACC_1012142,2017-07-30 22:09:32,APPROVED
B_106918,ACC_1008656,ACC_1002871,2018-01-18 23:37:23,APPROVED
B_106919,ACC_1008659,ACC_1005768,2022-07-10 13:50:31,APPROVED
B_106920,ACC_1008659,ACC_1013794,2022-07-06 13:50:31,APPROVED
B_106921,ACC_1008659,ACC_1005657,2022-07-12 13:50:31,APPROVED
B_106922,ACC_1008660,ACC_1011243,2022-06-28 14:53:31,APPROVED
B_106923,ACC_1008660,ACC_1005379,2022-07-01 14:53:31,APPROVED
B_106924,ACC_1008663,ACC_1008941,2022-01-10 02:36:32,APPROVED
B_106925,ACC_1008663,ACC_1000907,2022-01-07 02:36:32,APPROVED
B_106926,ACC_1008664,ACC_1013843,2025-10-15 12:09:14,APPROVED
B_106927,ACC_1008664,ACC_1000909,2025-10-14 12:09:14,APPROVED
B_106928,ACC_1008664,ACC_1007270,2025-10-16 12:09:14,APPROVED
B_106929,ACC_1008666,ACC_1006684,2016-06-01 00:47:15,APPROVED
B_106930,ACC_1008666,ACC_1002407,2016-05-25 00:47:15,APPROVED
B_106931,ACC_1008674,ACC_1014908,2017-05-15 01:52:58,APPROVED
B_106932,ACC_1008678,ACC_1005487,2022-09-25 16:00:59,APPROVED
B_106933,ACC_1008680,ACC_1011212,2017-12-18 02:51:13,APPROVED
B_106934,ACC_1008680,ACC_1003841,2017-12-15 02:51:13,APPROVED
B_106935,ACC_1008680,ACC_1009654,2017-12-17 02:51:13,APPROVED
B_106936,ACC_1008682,ACC_1004646,2017-09-06 19:27:01,APPROVED
B_106937,ACC_1008683,ACC_1002822,2022-12-17 23:54:52,APPROVED
B_106938,ACC_1008684,ACC_1009881,2018-07-12 20:35:56,APPROVED
B_106939,ACC_1008684,ACC_1003553,2018-07-15 20:35:56,APPROVED
B_106940,ACC_1008684,ACC_1005340,2018-07-17 20:35:56,APPROVED
B_106941,ACC_1008685,ACC_1002624,2018-07-06 14:41:56,APPROVED
B_106942,ACC_1008685,ACC_1005866,2018-07-07 14:41:56,APPROVED
B_106943,ACC_1008685,ACC_1010314,2018-07-05 14:41:56,APPROVED
B_106944,ACC_1008686,ACC_1013081,2022-06-10 20:16:14,APPROVED
B_106945,ACC_1008686,ACC_1014500,2022-06-08 20:16:14,APPROVED
B_106946,ACC_1008687,ACC_1004592,2018-12-03 16:37:33,APPROVED
B_106947,ACC_1008687,ACC_1002099,2018-12-07 16:37:33,APPROVED
B_106948,ACC_1008687,ACC_1007652,2018-12-04 16:37:33,APPROVED
B_106949,ACC_1008689,ACC_1006893,2020-01-15 18:33:04,APPROVED
B_106950,ACC_1008689,ACC_1003069,2020-01-13 18:33:04,APPROVED
B_106951,ACC_1008690,ACC_1011698,2019-12-16 18:14:04,APPROVED
B_106952,ACC_1008692,ACC_1009435,2022-11-22 02:15:44,APPROVED
B_106953,ACC_1008692,ACC_1008035,2022-11-22 02:15:44,APPROVED
B_106954,ACC_1008692,ACC_1003271,2022-11-27 02:15:44,APPROVED
B_106955,ACC_1008693,ACC_1012083,2019-04-26 01:46:56,APPROVED
B_106956,ACC_1008694,ACC_1007901,2019-05-12 17:53:56,APPROVED
B_106957,ACC_1008694,ACC_1001517,2019-05-17 17:53:56,APPROVED
B_106958,ACC_1008694,ACC_1010262,2019-05-13 17:53:56,APPROVED
B_106959,ACC_1008695,ACC_1002164,2019-04-15 15:01:56,APPROVED
B_106960,ACC_1008697,ACC_1000324,2019-09-19 00:43:51,APPROVED
B_106961,ACC_1008697,ACC_1009844,2019-09-16 00:43:51,APPROVED
B_106962,ACC_1008697,ACC_1012801,2019-09-23 00:43:51,APPROVED
B_106963,ACC_1008699,ACC_1013542,2020-08-12 05:57:11,APPROVED
B_106964,ACC_1008699,ACC_1009016,2020-08-07 05:57:11,APPROVED
B_106965,ACC_1008699,ACC_1000014,2020-08-07 05:57:11,APPROVED
B_106966,ACC_1008700,ACC_1014857,2017-11-04 21:58:06,APPROVED
B_106967,ACC_1008700,ACC_1003742,2017-10-31 21:58:06,APPROVED
B_106968,ACC_1008701,ACC_1009486,2020-12-07 07:17:28,APPROVED
B_106969,ACC_1008703,ACC_1004246,2020-05-22 09:09:13,APPROVED
B_106970,ACC_1008703,ACC_1005382,2020-05-27 09:09:13,APPROVED
B_106971,ACC_1008704,ACC_1004592,2020-03-17 08:22:26,APPROVED
B_106972,ACC_1008704,ACC_1009849,2020-03-19 08:22:26,APPROVED
B_106973,ACC_1008704,ACC_1010787,2020-03-14 08:22:26,PENDING
B_106974,ACC_1008707,ACC_1003345,2016-04-11 02:40:12,APPROVED
B_106975,ACC_1008707,ACC_1005077,2016-04-20 02:40:12,APPROVED
B_106976,ACC_1008708,ACC_1001080,2017-11-12 11:05:55,APPROVED
B_106977,ACC_1008708,ACC_1010359,2017-11-10 11:05:55,APPROVED
B_106978,ACC_1008708,ACC_1002478,2017-11-09 11:05:55,APPROVED
B_106979,ACC_1008712,ACC_1008040,2020-09-07 09:51:25,APPROVED
B_106980,ACC_1008713,ACC_1010337,2023-03-08 17:17:38,PENDING
B_106981,ACC_1008716,ACC_1013570,2016-08-19 16:28:14,APPROVED
B_106982,ACC_1008716,ACC_1006428,2016-08-18 16:28:14,APPROVED
B_106983,ACC_1008716,ACC_1003723,2016-08-13 16:28:14,APPROVED
B_106984,ACC_1008719,ACC_1011031,2019-10-29 22:04:18,APPROVED
B_106985,ACC_1008719,ACC_1010328,2019-10-31 22:04:18,APPROVED
B_106986,ACC_1008720,ACC_1002883,2019-11-07 03:52:18,APPROVED
B_106987,ACC_1008720,ACC_1006953,2019-11-13 03:52:18,APPROVED
B_106988,ACC_1008720,ACC_1006218,2019-11-11 03:52:18,APPROVED
B_106989,ACC_1008722,ACC_1004370,2022-02-27 11:22:54,APPROVED
B_106990,ACC_1008731,ACC_1010760,2016-09-25 12:07:48,APPROVED
B_106991,ACC_1008731,ACC_1012246,2016-09-28 12:07:48,APPROVED
B_106992,ACC_1008731,ACC_1005058,2016-09-24 12:07:48,APPROVED
B_106993,ACC_1008736,ACC_1010810,2025-06-23 07:23:26,APPROVED
B_106994,ACC_1008736,ACC_1012471,2025-06-20 07:23:26,APPROVED
B_106995,ACC_1008737,ACC_1008178,2025-06-30 01:36:26,APPROVED
B_106996,ACC_1008737,ACC_1003928,2025-07-06 01:36:26,APPROVED
B_106997,ACC_1008739,ACC_1013514,2017-07-06 12:09:20,PENDING
B_106998,ACC_1008743,ACC_1006266,2016-03-09 18:51:04,APPROVED
B_106999,ACC_1008743,ACC_1006074,2016-03-04 18:51:04,APPROVED
B_107000,ACC_1008743,ACC_1001030,2016-03-05 18:51:04,APPROVED
B_107001,ACC_1008748,ACC_1005887,2023-03-23 14:50:55,APPROVED
B_107002,ACC_1008750,ACC_1005590,2018-05-23 11:07:30,APPROVED
B_107003,ACC_1008750,ACC_1010369,2018-05-19 11:07:30,PENDING
B_107004,ACC_1008750,ACC_1001721,2018-05-20 11:07:30,APPROVED
B_107005,ACC_1008752,ACC_1005599,2024-10-06 07:25:04,APPROVED
B_107006,ACC_1008752,ACC_1006800,2024-10-12 07:25:04,APPROVED
B_107007,ACC_1008752,ACC_1005706,2024-10-08 07:25:04,APPROVED
B_107008,ACC_1008754,ACC_1008186,2016-05-10 01:45:58,APPROVED
B_107009,ACC_1008755,ACC_1004481,2022-05-07 04:30:00,APPROVED
B_107010,ACC_1008757,ACC_1014354,2019-07-03 14:34:13,APPROVED
B_107011,ACC_1008757,ACC_1009031,2019-07-07 14:34:13,APPROVED
B_107012,ACC_1008757,ACC_1012171,2019-06-29 14:34:13,APPROVED
B_107013,ACC_1008758,ACC_1006979,2017-07-13 10:46:22,APPROVED
B_107014,ACC_1008767,ACC_1010914,2020-01-30 01:18:21,APPROVED
B_107015,ACC_1008767,ACC_1003933,2020-01-30 01:18:21,PENDING
B_107016,ACC_1008767,ACC_1001618,2020-01-28 01:18:21,APPROVED
B_107017,ACC_1008769,ACC_1010668,2022-10-10 10:37:44,APPROVED
B_107018,ACC_1008771,ACC_1005152,2019-01-16 14:54:13,APPROVED
B_107019,ACC_1008776,ACC_1000017,2019-01-15 21:55:12,APPROVED
B_107020,ACC_1008776,ACC_1013096,2019-01-15 21:55:12,APPROVED
B_107021,ACC_1008777,ACC_1001362,2019-01-01 20:02:12,APPROVED
B_107022,ACC_1008778,ACC_1009512,2018-12-22 01:47:19,APPROVED
B_107023,ACC_1008782,ACC_1012598,2019-07-21 11:38:35,APPROVED
B_107024,ACC_1008786,ACC_1007821,2022-02-27 14:20:57,APPROVED
B_107025,ACC_1008787,ACC_1008824,2019-03-19 13:09:41,APPROVED
B_107026,ACC_1008787,ACC_1001813,2019-03-15 13:09:41,APPROVED
B_107027,ACC_1008790,ACC_1010802,2016-05-30 16:47:42,PENDING
B_107028,ACC_1008791,ACC_1008581,2016-05-21 19:05:42,APPROVED
B_107029,ACC_1008791,ACC_1010555,2016-05-17 19:05:42,APPROVED
B_107030,ACC_1008791,ACC_1005156,2016-05-16 19:05:42,APPROVED
B_107031,ACC_1008796,ACC_1005241,2020-07-14 04:02:19,APPROVED
B_107032,ACC_1008798,ACC_1011269,2019-07-10 00:25:07,APPROVED
B_107033,ACC_1008798,ACC_1002445,2019-07-07 00:25:07,APPROVED
B_107034,ACC_1008798,ACC_1008905,2019-07-14 00:25:07,APPROVED
B_107035,ACC_1008804,ACC_1007543,2022-03-12 02:18:57,APPROVED
B_107036,ACC_1008804,ACC_1000243,2022-03-11 02:18:57,APPROVED
B_107037,ACC_1008804,ACC_1005122,2022-03-04 02:18:57,APPROVED
B_107038,ACC_1008806,ACC_1014966,2023-07-31 17:36:45,APPROVED
B_107039,ACC_1008806,ACC_1004591,2023-08-04 17:36:45,APPROVED
B_107040,ACC_1008806,ACC_1000511,2023-07-29 17:36:45,APPROVED
B_107041,ACC_1008807,ACC_1008918,2019-10-14 18:55:22,APPROVED
B_107042,ACC_1008807,ACC_1005460,2019-10-13 18:55:22,APPROVED
B_107043,ACC_1008807,ACC_1006336,2019-10-15 18:55:22,PENDING
B_107044,ACC_1008808,ACC_1012415,2018-04-29 21:48:20,APPROVED
B_107045,ACC_1008812,ACC_1006790,2023-05-23 12:11:37,APPROVED
B_107046,ACC_1008813,ACC_1014540,2023-06-12 15:02:37,APPROVED
B_107047,ACC_1008813,ACC_1006319,2023-06-16 15:02:37,APPROVED
B_107048,ACC_1008817,ACC_1006577,2022-06-03 15:06:48,APPROVED
B_107049,ACC_1008817,ACC_1001213,2022-06-08 15:06:48,APPROVED
B_107050,ACC_1008817,ACC_1000219,2022-06-07 15:06:48,APPROVED
B_107051,ACC_1008818,ACC_1002992,2023-12-28 23:25:51,APPROVED
B_107052,ACC_1008819,ACC_1005610,2023-10-22 13:46:46,APPROVED
B_107053,ACC_1008820,ACC_1010383,2024-05-11 10:51:23,APPROVED
B_107054,ACC_1008820,ACC_1008104,2024-05-11 10:51:23,APPROVED
B_107055,ACC_1008820,ACC_1003131,2024-05-09 10:51:23,APPROVED
B_107056,ACC_1008823,ACC_1009619,2018-04-26 04:51:46,APPROVED
B_107057,ACC_1008825,ACC_1001079,2018-04-07 18:33:20,PENDING
B_107058,ACC_1008826,ACC_1010979,2018-04-10 21:29:20,APPROVED
B_107059,ACC_1008834,ACC_1005010,2020-08-25 23:02:38,APPROVED
B_107060,ACC_1008836,ACC_1005067,2016-10-21 12:14:36,APPROVED
B_107061,ACC_1008836,ACC_1008091,2016-10-22 12:14:36,APPROVED
B_107062,ACC_1008836,ACC_1011852,2016-10-22 12:14:36,APPROVED
B_107063,ACC_1008837,ACC_1009905,2018-05-12 14:13:27,PENDING
B_107064,ACC_1008844,ACC_1005098,2016-02-21 15:55:00,APPROVED
B_107065,ACC_1008846,ACC_1000031,2024-06-22 14:20:20,APPROVED
B_107066,ACC_1008846,ACC_1008179,2024-06-16 14:20:20,APPROVED
B_107067,ACC_1008846,ACC_1011972,2024-06-16 14:20:20,APPROVED
B_107068,ACC_1008847,ACC_1008294,2018-07-24 08:05:07,APPROVED
B_107069,ACC_1008847,ACC_1001027,2018-07-22 08:05:07,APPROVED
B_107070,ACC_1008847,ACC_1013975,2018-07-23 08:05:07,APPROVED
B_107071,ACC_1008848,ACC_1007431,2018-04-30 01:14:43,APPROVED
B_107072,ACC_1008848,ACC_1012062,2018-05-04 01:14:43,APPROVED
B_107073,ACC_1008848,ACC_1010348,2018-05-01 01:14:43,APPROVED
B_107074,ACC_1008851,ACC_1010840,2017-04-05 06:04:29,APPROVED
B_107075,ACC_1008851,ACC_1005730,2017-04-08 06:04:29,APPROVED
B_107076,ACC_1008853,ACC_1012982,2024-10-26 03:54:04,APPROVED
B_107077,ACC_1008855,ACC_1014637,2019-06-06 04:12:34,APPROVED
B_107078,ACC_1008855,ACC_1004314,2019-06-10 04:12:34,APPROVED
B_107079,ACC_1008857,ACC_1008971,2024-10-27 07:11:33,PENDING
B_107080,ACC_1008857,ACC_1004608,2024-10-31 07:11:33,APPROVED
B_107081,ACC_1008857,ACC_1012703,2024-10-25 07:11:33,APPROVED
B_107082,ACC_1008860,ACC_1003041,2020-05-04 21:58:44,APPROVED
B_107083,ACC_1008860,ACC_1005914,2020-05-06 21:58:44,APPROVED
B_107084,ACC_1008860,ACC_1003009,2020-04-29 21:58:44,APPROVED
B_107085,ACC_1008863,ACC_1010876,2017-01-07 19:45:11,APPROVED
B_107086,ACC_1008864,ACC_1014698,2017-01-14 00:07:43,APPROVED
B_107087,ACC_1008864,ACC_1010801,2017-01-09 00:07:43,APPROVED
B_107088,ACC_1008867,ACC_1012062,2020-12-23 22:07:51,PENDING
B_107089,ACC_1008867,ACC_1005813,2020-12-24 22:07:51,APPROVED
B_107090,ACC_1008868,ACC_1000914,2021-04-29 22:31:31,APPROVED
B_107091,ACC_1008871,ACC_1009680,2017-05-09 04:02:52,APPROVED
B_107092,ACC_1008871,ACC_1012658,2017-05-07 04:02:52,APPROVED
B_107093,ACC_1008871,ACC_1004510,2017-05-08 04:02:52,APPROVED
B_107094,ACC_1008872,ACC_1012549,2023-12-21 02:47:38,APPROVED
B_107095,ACC_1008872,ACC_1012239,2023-12-17 02:47:38,APPROVED
B_107096,ACC_1008873,ACC_1007267,2023-04-03 17:29:11,APPROVED
B_107097,ACC_1008874,ACC_1011516,2023-04-10 09:06:11,APPROVED
B_107098,ACC_1008874,ACC_1003065,2023-04-04 09:06:11,APPROVED
B_107099,ACC_1008876,ACC_1002108,2019-12-31 09:37:20,APPROVED
B_107100,ACC_1008878,ACC_1014414,2022-10-27 11:35:36,APPROVED
B_107101,ACC_1008878,ACC_1003053,2022-10-26 11:35:36,APPROVED
B_107102,ACC_1008878,ACC_1007699,2022-10-18 11:35:36,APPROVED
B_107103,ACC_1008883,ACC_1007010,2022-06-06 08:42:12,APPROVED
B_107104,ACC_1008887,ACC_1002353,2017-02-28 04:17:03,APPROVED
B_107105,ACC_1008887,ACC_1012803,2017-02-22 04:17:03,APPROVED
B_107106,ACC_1008889,ACC_1013749,2018-11-14 02:51:13,APPROVED
B_107107,ACC_1008889,ACC_1004276,2018-11-11 02:51:13,APPROVED
B_107108,ACC_1008890,ACC_1007645,2018-10-27 18:52:13,APPROVED
B_107109,ACC_1008890,ACC_1014011,2018-10-22 18:52:13,APPROVED
B_107110,ACC_1008891,ACC_1003596,2023-02-21 19:26:08,APPROVED
B_107111,ACC_1008891,ACC_1010441,2023-02-24 19:26:08,APPROVED
B_107112,ACC_1008892,ACC_1001565,2020-11-10 18:21:38,APPROVED
B_107113,ACC_1008892,ACC_1007457,2020-11-07 18:21:38,APPROVED
B_107114,ACC_1008892,ACC_1001116,2020-11-07 18:21:38,APPROVED
B_107115,ACC_1008898,ACC_1009655,2025-12-20 00:01:15,APPROVED
B_107116,ACC_1008900,ACC_1008794,2025-12-18 15:14:07,APPROVED
B_107117,ACC_1008900,ACC_1007555,2025-12-16 15:14:07,APPROVED
B_107118,ACC_1008902,ACC_1013662,2025-12-11 18:25:07,APPROVED
B_107119,ACC_1008903,ACC_1014583,2017-11-04 19:43:31,APPROVED
B_107120,ACC_1008903,ACC_1010479,2017-11-03 19:43:31,APPROVED
B_107121,ACC_1008903,ACC_1008727,2017-11-06 19:43:31,APPROVED
B_107122,ACC_1008905,ACC_1005325,2021-06-04 19:40:22,APPROVED
B_107123,ACC_1008905,ACC_1008953,2021-06-08 19:40:22,APPROVED
B_107124,ACC_1008905,ACC_1008199,2021-06-11 19:40:22,APPROVED
B_107125,ACC_1008907,ACC_1002904,2023-02-26 18:39:50,APPROVED
B_107126,ACC_1008907,ACC_1000789,2023-02-18 18:39:50,APPROVED
B_107127,ACC_1008907,ACC_1004994,2023-02-18 18:39:50,APPROVED
B_107128,ACC_1008908,ACC_1003715,2016-08-14 01:42:29,APPROVED
B_107129,ACC_1008909,ACC_1012338,2016-09-03 12:49:29,APPROVED
B_107130,ACC_1008909,ACC_1010265,2016-08-30 12:49:29,APPROVED
B_107131,ACC_1008909,ACC_1010526,2016-08-28 12:49:29,PENDING
B_107132,ACC_1008910,ACC_1012830,2024-09-07 09:12:52,APPROVED
B_107133,ACC_1008911,ACC_1001418,2021-04-08 19:46:38,APPROVED
B_107134,ACC_1008911,ACC_1003897,2021-04-15 19:46:38,APPROVED
B_107135,ACC_1008913,ACC_1006178,2021-07-18 00:34:24,APPROVED
B_107136,ACC_1008913,ACC_1009266,2021-07-21 00:34:24,APPROVED
B_107137,ACC_1008913,ACC_1000097,2021-07-18 00:34:24,APPROVED
B_107138,ACC_1008914,ACC_1003626,2019-03-04 12:50:39,APPROVED
B_107139,ACC_1008915,ACC_1004088,2021-08-11 22:25:49,APPROVED
B_107140,ACC_1008919,ACC_1007294,2020-07-22 21:30:54,APPROVED
B_107141,ACC_1008919,ACC_1006508,2020-07-29 21:30:54,APPROVED
B_107142,ACC_1008923,ACC_1013128,2020-06-09 18:11:26,APPROVED
B_107143,ACC_1008923,ACC_1003379,2020-06-05 18:11:26,APPROVED
B_107144,ACC_1008926,ACC_1010194,2016-12-12 12:22:44,APPROVED
B_107145,ACC_1008926,ACC_1001841,2016-12-09 12:22:44,APPROVED
B_107146,ACC_1008927,ACC_1008826,2022-06-27 16:51:23,APPROVED
B_107147,ACC_1008927,ACC_1001562,2022-06-28 16:51:23,APPROVED
B_107148,ACC_1008927,ACC_1010937,2022-06-25 16:51:23,APPROVED
B_107149,ACC_1008932,ACC_1006167,2019-02-05 02:21:18,APPROVED
B_107150,ACC_1008932,ACC_1001132,2019-02-08 02:21:18,APPROVED
B_107151,ACC_1008935,ACC_1006070,2018-10-13 06:06:30,APPROVED
B_107152,ACC_1008938,ACC_1002201,2020-07-04 14:38:20,APPROVED
B_107153,ACC_1008938,ACC_1008884,2020-07-10 14:38:20,APPROVED
B_107154,ACC_1008938,ACC_1008472,2020-07-03 14:38:20,APPROVED
B_107155,ACC_1008939,ACC_1007788,2024-02-06 02:38:23,APPROVED
B_107156,ACC_1008939,ACC_1002720,2024-02-05 02:38:23,APPROVED
B_107157,ACC_1008939,ACC_1008571,2024-02-04 02:38:23,APPROVED
B_107158,ACC_1008943,ACC_1003830,2022-09-22 07:29:16,APPROVED
B_107159,ACC_1008943,ACC_1014958,2022-09-21 07:29:16,APPROVED
B_107160,ACC_1008943,ACC_1010450,2022-09-21 07:29:16,APPROVED
B_107161,ACC_1008944,ACC_1010113,2024-01-31 12:47:59,APPROVED
B_107162,ACC_1008944,ACC_1004182,2024-01-29 12:47:59,APPROVED
B_107163,ACC_1008949,ACC_1000436,2022-05-21 17:11:21,APPROVED
B_107164,ACC_1008949,ACC_1002757,2022-05-25 17:11:21,APPROVED
B_107165,ACC_1008953,ACC_1006074,2020-08-20 03:05:30,APPROVED
B_107166,ACC_1008958,ACC_1010648,2025-10-18 13:41:53,APPROVED
B_107167,ACC_1008960,ACC_1011546,2021-07-15 05:55:33,PENDING
B_107168,ACC_1008960,ACC_1004724,2021-07-18 05:55:33,APPROVED
B_107169,ACC_1008961,ACC_1002530,2021-07-11 15:25:06,APPROVED
B_107170,ACC_1008962,ACC_1000019,2021-06-30 22:01:06,APPROVED
B_107171,ACC_1008963,ACC_1005798,2023-11-05 08:42:46,APPROVED
B_107172,ACC_1008963,ACC_1006704,2023-11-08 08:42:46,APPROVED
B_107173,ACC_1008969,ACC_1000534,2023-08-11 08:47:20,APPROVED
B_107174,ACC_1008969,ACC_1011694,2023-08-12 08:47:20,APPROVED
B_107175,ACC_1008969,ACC_1010919,2023-08-20 08:47:20,APPROVED
B_107176,ACC_1008978,ACC_1000400,2024-09-11 00:19:19,APPROVED
B_107177,ACC_1008978,ACC_1010861,2024-09-06 00:19:19,APPROVED
B_107178,ACC_1008979,ACC_1004131,2024-08-13 21:14:19,APPROVED
B_107179,ACC_1008979,ACC_1004261,2024-08-17 21:14:19,APPROVED
B_107180,ACC_1008979,ACC_1005339,2024-08-08 21:14:19,APPROVED
B_107181,ACC_1008980,ACC_1013232,2021-02-08 21:22:14,APPROVED
B_107182,ACC_1008981,ACC_1000386,2021-02-09 09:27:14,APPROVED
B_107183,ACC_1008982,ACC_1002907,2016-06-30 05:17:07,APPROVED
B_107184,ACC_1008983,ACC_1003754,2016-07-14 14:12:07,APPROVED
B_107185,ACC_1008983,ACC_1012425,2016-07-18 14:12:07,APPROVED
B_107186,ACC_1008983,ACC_1007100,2016-07-16 14:12:07,APPROVED
B_107187,ACC_1008989,ACC_1010767,2019-07-29 11:28:05,APPROVED
B_107188,ACC_1008991,ACC_1008385,2022-07-05 17:08:25,APPROVED
B_107189,ACC_1008991,ACC_1008592,2022-07-14 17:08:25,PENDING
B_107190,ACC_1008991,ACC_1014279,2022-07-11 17:08:25,APPROVED
B_107191,ACC_1008992,ACC_1010345,2016-07-30 13:58:57,APPROVED
B_107192,ACC_1008992,ACC_1006354,2016-07-29 13:58:57,APPROVED
B_107193,ACC_1008992,ACC_1005947,2016-07-24 13:58:57,PENDING
B_107194,ACC_1008994,ACC_1001064,2023-05-30 06:32:09,APPROVED
B_107195,ACC_1008995,ACC_1001888,2023-06-01 01:35:09,APPROVED
B_107196,ACC_1008995,ACC_1002988,2023-05-30 01:35:09,APPROVED
B_107197,ACC_1008995,ACC_1010632,2023-06-01 01:35:09,APPROVED
B_107198,ACC_1008996,ACC_1003607,2018-12-27 03:23:41,APPROVED
B_107199,ACC_1008996,ACC_1010327,2018-12-31 03:23:41,APPROVED
B_107200,ACC_1008996,ACC_1003909,2018-12-30 03:23:41,PENDING
B_107201,ACC_1009000,ACC_1002517,2025-07-19 13:09:22,APPROVED
B_107202,ACC_1009000,ACC_1004361,2025-07-20 13:09:22,APPROVED
B_107203,ACC_1009002,ACC_1002729,2019-07-16 17:39:39,APPROVED
B_107204,ACC_1009003,ACC_1009495,2024-10-25 02:46:09,APPROVED
B_107205,ACC_1009003,ACC_1008016,2024-10-30 02:46:09,APPROVED
B_107206,ACC_1009003,ACC_1010390,2024-11-02 02:46:09,APPROVED
B_107207,ACC_1009006,ACC_1008368,2021-03-13 10:03:24,APPROVED
B_107208,ACC_1009010,ACC_1003154,2025-10-25 22:19:53,APPROVED
B_107209,ACC_1009010,ACC_1013198,2025-10-20 22:19:53,APPROVED
B_107210,ACC_1009010,ACC_1000795,2025-10-26 22:19:53,APPROVED
B_107211,ACC_1009012,ACC_1011624,2023-03-11 00:56:58,APPROVED
B_107212,ACC_1009014,ACC_1001122,2023-02-23 00:43:58,APPROVED
B_107213,ACC_1009014,ACC_1003289,2023-02-27 00:43:58,APPROVED
B_107214,ACC_1009015,ACC_1010217,2018-03-16 15:44:30,PENDING
B_107215,ACC_1009015,ACC_1012746,2018-03-21 15:44:30,APPROVED
B_107216,ACC_1009015,ACC_1010674,2018-03-20 15:44:30,APPROVED
B_107217,ACC_1009019,ACC_1002333,2020-06-21 14:01:14,APPROVED
B_107218,ACC_1009019,ACC_1005273,2020-06-29 14:01:14,APPROVED
B_107219,ACC_1009019,ACC_1011256,2020-06-27 14:01:14,APPROVED
B_107220,ACC_1009022,ACC_1009922,2022-05-05 06:36:47,PENDING
B_107221,ACC_1009022,ACC_1000806,2022-05-01 06:36:47,APPROVED
B_107222,ACC_1009023,ACC_1013855,2016-08-30 00:49:08,APPROVED
B_107223,ACC_1009023,ACC_1002807,2016-08-22 00:49:08,APPROVED
B_107224,ACC_1009025,ACC_1003415,2022-04-30 21:12:43,APPROVED
B_107225,ACC_1009026,ACC_1011466,2025-01-15 22:27:08,APPROVED
B_107226,ACC_1009026,ACC_1011942,2025-01-21 22:27:08,APPROVED
B_107227,ACC_1009027,ACC_1004595,2017-02-02 16:41:20,APPROVED
B_107228,ACC_1009027,ACC_1012175,2017-02-07 16:41:20,APPROVED
B_107229,ACC_1009027,ACC_1004265,2017-02-04 16:41:20,APPROVED
B_107230,ACC_1009028,ACC_1008083,2025-06-04 00:36:23,APPROVED
B_107231,ACC_1009028,ACC_1004924,2025-06-06 00:36:23,APPROVED
B_107232,ACC_1009030,ACC_1014016,2017-12-07 06:36:27,APPROVED
B_107233,ACC_1009030,ACC_1005797,2017-12-15 06:36:27,APPROVED
B_107234,ACC_1009031,ACC_1003158,2020-11-27 14:41:27,APPROVED
B_107235,ACC_1009031,ACC_1014672,2020-11-30 14:41:27,APPROVED
B_107236,ACC_1009032,ACC_1000198,2026-01-15 13:02:53,APPROVED
B_107237,ACC_1009032,ACC_1003121,2026-01-10 13:02:53,APPROVED
B_107238,ACC_1009032,ACC_1001420,2026-01-13 13:02:53,APPROVED
B_107239,ACC_1009033,ACC_1000110,2023-06-30 00:44:07,APPROVED
B_107240,ACC_1009034,ACC_1000415,2023-07-02 19:04:07,APPROVED
B_107241,ACC_1009034,ACC_1002154,2023-06-25 19:04:07,APPROVED
B_107242,ACC_1009035,ACC_1009411,2018-04-14 21:30:46,APPROVED
B_107243,ACC_1009036,ACC_1011703,2019-05-15 11:23:02,PENDING
B_107244,ACC_1009040,ACC_1003095,2016-03-11 08:14:49,APPROVED
B_107245,ACC_1009043,ACC_1004148,2016-07-03 02:02:51,APPROVED
B_107246,ACC_1009043,ACC_1000473,2016-07-10 02:02:51,APPROVED
B_107247,ACC_1009043,ACC_1011007,2016-07-10 02:02:51,APPROVED
B_107248,ACC_1009044,ACC_1013796,2017-07-09 23:49:34,APPROVED
B_107249,ACC_1009044,ACC_1003537,2017-07-09 23:49:34,APPROVED
B_107250,ACC_1009045,ACC_1007857,2016-12-30 03:06:08,APPROVED
B_107251,ACC_1009045,ACC_1007661,2016-12-25 03:06:08,APPROVED
B_107252,ACC_1009045,ACC_1011342,2017-01-03 03:06:08,APPROVED
B_107253,ACC_1009047,ACC_1004386,2017-01-18 12:40:08,APPROVED
B_107254,ACC_1009047,ACC_1009037,2017-01-27 12:40:08,APPROVED
B_107255,ACC_1009047,ACC_1000328,2017-01-22 12:40:08,APPROVED
B_107256,ACC_1009048,ACC_1010596,2019-12-28 23:34:30,APPROVED
B_107257,ACC_1009048,ACC_1007342,2019-12-30 23:34:30,APPROVED
B_107258,ACC_1009048,ACC_1008623,2019-12-28 23:34:30,PENDING
B_107259,ACC_1009052,ACC_1010882,2021-09-26 03:18:17,APPROVED
B_107260,ACC_1009052,ACC_1011363,2021-09-28 03:18:17,APPROVED
B_107261,ACC_1009054,ACC_1009838,2021-06-29 09:03:36,APPROVED
B_107262,ACC_1009054,ACC_1011672,2021-06-29 09:03:36,APPROVED
B_107263,ACC_1009054,ACC_1001373,2021-06-22 09:03:36,APPROVED
B_107264,ACC_1009055,ACC_1002502,2016-08-16 16:47:56,APPROVED
B_107265,ACC_1009055,ACC_1014688,2016-08-18 16:47:56,APPROVED
B_107266,ACC_1009056,ACC_1000879,2019-07-31 05:17:37,APPROVED
B_107267,ACC_1009056,ACC_1009464,2019-07-29 05:17:37,APPROVED
B_107268,ACC_1009059,ACC_1003843,2020-04-11 21:42:38,APPROVED
B_107269,ACC_1009060,ACC_1010766,2020-04-19 04:57:38,APPROVED
B_107270,ACC_1009060,ACC_1004674,2020-04-26 04:57:38,APPROVED
B_107271,ACC_1009060,ACC_1000788,2020-04-18 04:57:38,APPROVED
B_107272,ACC_1009063,ACC_1009729,2018-02-03 14:01:20,APPROVED
B_107273,ACC_1009063,ACC_1012830,2018-01-31 14:01:20,APPROVED
B_107274,ACC_1009063,ACC_1011206,2018-02-02 14:01:20,APPROVED
B_107275,ACC_1009066,ACC_1002865,2024-12-15 16:48:25,APPROVED
B_107276,ACC_1009071,ACC_1010777,2025-12-17 13:26:11,APPROVED
B_107277,ACC_1009071,ACC_1006460,2025-12-12 13:26:11,APPROVED
B_107278,ACC_1009071,ACC_1000671,2025-12-18 13:26:11,APPROVED
B_107279,ACC_1009080,ACC_1011219,2023-08-03 17:05:43,APPROVED
B_107280,ACC_1009080,ACC_1007083,2023-07-30 17:05:43,APPROVED
B_107281,ACC_1009080,ACC_1003054,2023-08-03 17:05:43,APPROVED
B_107282,ACC_1009087,ACC_1014470,2021-09-17 05:07:53,APPROVED
B_107283,ACC_1009089,ACC_1014033,2020-04-06 09:37:32,APPROVED
B_107284,ACC_1009089,ACC_1011958,2020-03-29 09:37:32,APPROVED
B_107285,ACC_1009092,ACC_1012677,2025-07-27 21:07:25,APPROVED
B_107286,ACC_1009092,ACC_1008514,2025-07-28 21:07:25,APPROVED
B_107287,ACC_1009092,ACC_1007439,2025-07-22 21:07:25,APPROVED
B_107288,ACC_1009101,ACC_1010609,2024-05-16 12:42:46,APPROVED
B_107289,ACC_1009101,ACC_1007053,2024-05-20 12:42:46,APPROVED
B_107290,ACC_1009108,ACC_1003693,2025-11-27 18:26:15,APPROVED
B_107291,ACC_1009108,ACC_1006274,2025-12-02 18:26:15,APPROVED
B_107292,ACC_1009108,ACC_1012900,2025-11-29 18:26:15,APPROVED
B_107293,ACC_1009110,ACC_1014214,2016-12-13 23:56:04,APPROVED
B_107294,ACC_1009110,ACC_1008485,2016-12-12 23:56:04,APPROVED
B_107295,ACC_1009111,ACC_1004223,2016-12-20 14:17:04,APPROVED
B_107296,ACC_1009111,ACC_1006453,2016-12-12 14:17:04,APPROVED
B_107297,ACC_1009111,ACC_1007671,2016-12-17 14:17:04,APPROVED
B_107298,ACC_1009112,ACC_1003160,2023-07-02 08:53:01,APPROVED
B_107299,ACC_1009112,ACC_1006405,2023-07-03 08:53:01,APPROVED
B_107300,ACC_1009114,ACC_1003875,2021-03-10 09:47:05,APPROVED
B_107301,ACC_1009114,ACC_1010814,2021-03-19 09:47:05,APPROVED
B_107302,ACC_1009114,ACC_1009070,2021-03-14 09:47:05,APPROVED
B_107303,ACC_1009117,ACC_1014308,2025-05-17 05:08:43,APPROVED
B_107304,ACC_1009117,ACC_1007240,2025-05-16 05:08:43,APPROVED
B_107305,ACC_1009118,ACC_1007817,2018-12-06 09:58:30,APPROVED
B_107306,ACC_1009118,ACC_1012483,2018-12-04 09:58:30,APPROVED
B_107307,ACC_1009118,ACC_1006817,2018-12-06 09:58:30,APPROVED
B_107308,ACC_1009119,ACC_1005994,2020-01-21 07:26:53,APPROVED
B_107309,ACC_1009119,ACC_1012713,2020-01-14 07:26:53,APPROVED
B_107310,ACC_1009119,ACC_1001178,2020-01-22 07:26:53,APPROVED
B_107311,ACC_1009120,ACC_1014316,2020-01-14 03:35:53,APPROVED
B_107312,ACC_1009120,ACC_1013900,2020-01-09 03:35:53,APPROVED
B_107313,ACC_1009120,ACC_1005013,2020-01-12 03:35:53,APPROVED
B_107314,ACC_1009124,ACC_1009744,2019-06-04 07:36:13,APPROVED
B_107315,ACC_1009124,ACC_1012415,2019-06-07 07:36:13,APPROVED
B_107316,ACC_1009125,ACC_1005710,2024-05-29 22:31:33,APPROVED
B_107317,ACC_1009125,ACC_1005784,2024-05-27 22:31:33,APPROVED
B_107318,ACC_1009126,ACC_1011521,2024-05-07 00:29:33,APPROVED
B_107319,ACC_1009126,ACC_1010454,2024-05-08 00:29:33,APPROVED
B_107320,ACC_1009129,ACC_1006052,2016-02-21 21:34:23,APPROVED
B_107321,ACC_1009130,ACC_1012725,2016-01-28 09:38:23,APPROVED
B_107322,ACC_1009131,ACC_1001368,2025-10-20 13:24:50,APPROVED
B_107323,ACC_1009131,ACC_1007671,2025-10-15 13:24:50,APPROVED
B_107324,ACC_1009133,ACC_1006937,2024-11-30 10:41:09,APPROVED
B_107325,ACC_1009133,ACC_1013665,2024-12-02 10:41:09,APPROVED
B_107326,ACC_1009134,ACC_1007592,2022-10-30 15:01:10,APPROVED
B_107327,ACC_1009134,ACC_1013024,2022-10-27 15:01:10,APPROVED
B_107328,ACC_1009135,ACC_1000466,2019-01-02 02:21:52,APPROVED
B_107329,ACC_1009135,ACC_1007967,2019-01-08 02:21:52,APPROVED
B_107330,ACC_1009137,ACC_1010289,2018-09-28 12:15:48,APPROVED
B_107331,ACC_1009137,ACC_1011580,2018-09-24 12:15:48,APPROVED
B_107332,ACC_1009137,ACC_1001792,2018-09-19 12:15:48,APPROVED
B_107333,ACC_1009138,ACC_1013194,2018-09-20 12:23:48,APPROVED
B_107334,ACC_1009138,ACC_1000052,2018-09-18 12:23:48,APPROVED
B_107335,ACC_1009140,ACC_1004418,2019-06-16 12:22:14,APPROVED
B_107336,ACC_1009140,ACC_1005404,2019-06-17 12:22:14,APPROVED
B_107337,ACC_1009143,ACC_1000022,2025-05-24 19:12:01,APPROVED
B_107338,ACC_1009150,ACC_1006737,2019-04-28 20:04:18,APPROVED
B_107339,ACC_1009150,ACC_1006023,2019-04-29 20:04:18,APPROVED
B_107340,ACC_1009151,ACC_1014521,2019-06-14 03:33:42,APPROVED
B_107341,ACC_1009151,ACC_1003844,2019-06-11 03:33:42,APPROVED
B_107342,ACC_1009153,ACC_1000903,2019-08-01 12:25:40,APPROVED
B_107343,ACC_1009153,ACC_1003259,2019-08-01 12:25:40,APPROVED
B_107344,ACC_1009153,ACC_1013988,2019-08-02 12:25:40,APPROVED
B_107345,ACC_1009155,ACC_1010347,2021-11-02 11:44:43,APPROVED
B_107346,ACC_1009155,ACC_1003289,2021-11-03 11:44:43,APPROVED
B_107347,ACC_1009157,ACC_1004636,2023-06-28 15:11:13,APPROVED
B_107348,ACC_1009157,ACC_1005925,2023-06-20 15:11:13,APPROVED
B_107349,ACC_1009157,ACC_1008093,2023-06-19 15:11:13,APPROVED
B_107350,ACC_1009158,ACC_1009647,2023-06-19 14:02:13,APPROVED
B_107351,ACC_1009158,ACC_1000204,2023-06-25 14:02:13,APPROVED
B_107352,ACC_1009158,ACC_1009300,2023-06-26 14:02:13,APPROVED
B_107353,ACC_1009160,ACC_1002064,2022-10-04 07:35:38,APPROVED
B_107354,ACC_1009164,ACC_1002039,2021-10-02 05:21:27,APPROVED
B_107355,ACC_1009164,ACC_1012024,2021-09-29 05:21:27,APPROVED
B_107356,ACC_1009166,ACC_1005459,2021-08-24 00:25:27,APPROVED
B_107357,ACC_1009168,ACC_1002823,2018-04-08 23:15:06,APPROVED
B_107358,ACC_1009168,ACC_1004661,2018-04-07 23:15:06,APPROVED
B_107359,ACC_1009170,ACC_1013763,2024-09-04 02:12:53,APPROVED
B_107360,ACC_1009170,ACC_1007843,2024-09-07 02:12:53,APPROVED
B_107361,ACC_1009170,ACC_1000366,2024-09-04 02:12:53,APPROVED
B_107362,ACC_1009174,ACC_1000538,2025-09-11 13:35:05,APPROVED
B_107363,ACC_1009174,ACC_1010196,2025-09-02 13:35:05,APPROVED
B_107364,ACC_1009175,ACC_1011391,2017-05-20 23:16:20,APPROVED
B_107365,ACC_1009176,ACC_1001083,2017-09-12 22:38:09,APPROVED
B_107366,ACC_1009179,ACC_1001079,2020-03-10 14:15:30,APPROVED
B_107367,ACC_1009179,ACC_1010180,2020-03-13 14:15:30,APPROVED
B_107368,ACC_1009179,ACC_1011582,2020-03-14 14:15:30,APPROVED
B_107369,ACC_1009180,ACC_1012864,2016-08-10 06:13:17,APPROVED
B_107370,ACC_1009180,ACC_1008488,2016-08-08 06:13:17,APPROVED
B_107371,ACC_1009180,ACC_1003596,2016-08-12 06:13:17,APPROVED
B_107372,ACC_1009185,ACC_1003119,2020-04-01 09:27:01,APPROVED
B_107373,ACC_1009185,ACC_1014208,2020-04-03 09:27:01,APPROVED
B_107374,ACC_1009188,ACC_1004901,2022-02-24 23:26:55,APPROVED
B_107375,ACC_1009188,ACC_1004039,2022-02-23 23:26:55,APPROVED
B_107376,ACC_1009189,ACC_1001785,2020-06-18 22:32:47,APPROVED
B_107377,ACC_1009189,ACC_1003441,2020-06-25 22:32:47,APPROVED
B_107378,ACC_1009189,ACC_1005567,2020-06-22 22:32:47,APPROVED
B_107379,ACC_1009193,ACC_1002199,2019-02-06 02:09:26,APPROVED
B_107380,ACC_1009193,ACC_1012188,2019-02-14 02:09:26,APPROVED
B_107381,ACC_1009195,ACC_1006622,2022-05-19 06:50:11,APPROVED
B_107382,ACC_1009195,ACC_1003292,2022-05-20 06:50:11,APPROVED
B_107383,ACC_1009195,ACC_1005405,2022-05-13 06:50:11,APPROVED
B_107384,ACC_1009199,ACC_1014135,2020-12-30 08:56:48,APPROVED
B_107385,ACC_1009199,ACC_1009891,2020-12-26 08:56:48,APPROVED
B_107386,ACC_1009199,ACC_1006365,2020-12-30 08:56:48,APPROVED
B_107387,ACC_1009200,ACC_1004308,2020-12-21 21:54:48,APPROVED
B_107388,ACC_1009200,ACC_1009322,2020-12-21 21:54:48,PENDING
B_107389,ACC_1009201,ACC_1014499,2019-03-16 06:06:12,APPROVED
B_107390,ACC_1009201,ACC_1007300,2019-03-18 06:06:12,APPROVED
B_107391,ACC_1009203,ACC_1003524,2019-03-09 05:18:38,APPROVED
B_107392,ACC_1009209,ACC_1007531,2022-01-05 18:40:29,APPROVED
B_107393,ACC_1009209,ACC_1008374,2022-01-04 18:40:29,APPROVED
B_107394,ACC_1009209,ACC_1014564,2022-01-05 18:40:29,APPROVED
B_107395,ACC_1009211,ACC_1005415,2025-01-06 10:07:07,APPROVED
B_107396,ACC_1009211,ACC_1005001,2025-01-13 10:07:07,APPROVED
B_107397,ACC_1009214,ACC_1010103,2025-09-05 09:04:47,APPROVED
B_107398,ACC_1009214,ACC_1008447,2025-09-07 09:04:47,APPROVED
B_107399,ACC_1009214,ACC_1002919,2025-09-06 09:04:47,APPROVED
B_107400,ACC_1009215,ACC_1014460,2025-09-03 03:10:47,APPROVED
B_107401,ACC_1009217,ACC_1013536,2025-05-07 05:53:10,APPROVED
B_107402,ACC_1009217,ACC_1005780,2025-05-03 05:53:10,APPROVED
B_107403,ACC_1009217,ACC_1002199,2025-05-05 05:53:10,APPROVED
B_107404,ACC_1009219,ACC_1012739,2023-02-20 16:10:20,APPROVED
B_107405,ACC_1009220,ACC_1002616,2023-02-12 02:16:20,APPROVED
B_107406,ACC_1009220,ACC_1005734,2023-02-21 02:16:20,APPROVED
B_107407,ACC_1009220,ACC_1009479,2023-02-16 02:16:20,PENDING
B_107408,ACC_1009221,ACC_1014870,2016-08-08 19:11:57,APPROVED
B_107409,ACC_1009221,ACC_1008486,2016-08-14 19:11:57,APPROVED
B_107410,ACC_1009221,ACC_1013656,2016-08-12 19:11:57,APPROVED
B_107411,ACC_1009222,ACC_1002968,2016-08-12 01:22:57,APPROVED
B_107412,ACC_1009222,ACC_1012263,2016-08-07 01:22:57,APPROVED
B_107413,ACC_1009225,ACC_1001458,2021-08-13 02:05:41,APPROVED
B_107414,ACC_1009225,ACC_1009003,2021-08-15 02:05:41,APPROVED
B_107415,ACC_1009226,ACC_1014202,2021-08-08 04:45:41,APPROVED
B_107416,ACC_1009226,ACC_1011174,2021-08-12 04:45:41,APPROVED
B_107417,ACC_1009226,ACC_1000729,2021-08-10 04:45:41,APPROVED
B_107418,ACC_1009227,ACC_1003290,2022-04-15 04:31:59,APPROVED
B_107419,ACC_1009227,ACC_1000559,2022-04-14 04:31:59,APPROVED
B_107420,ACC_1009228,ACC_1005008,2025-07-18 16:51:42,APPROVED
B_107421,ACC_1009228,ACC_1004087,2025-07-20 16:51:42,APPROVED
B_107422,ACC_1009228,ACC_1003166,2025-07-22 16:51:42,APPROVED
B_107423,ACC_1009231,ACC_1013474,2016-04-20 16:08:37,APPROVED
B_107424,ACC_1009231,ACC_1007794,2016-04-23 16:08:37,APPROVED
B_107425,ACC_1009231,ACC_1007293,2016-04-23 16:08:37,APPROVED
B_107426,ACC_1009236,ACC_1013701,2017-02-02 21:32:30,APPROVED
B_107427,ACC_1009236,ACC_1002644,2017-02-04 21:32:30,APPROVED
B_107428,ACC_1009236,ACC_1014743,2017-02-07 21:32:30,APPROVED
B_107429,ACC_1009238,ACC_1011082,2016-02-07 14:36:39,APPROVED
B_107430,ACC_1009238,ACC_1000675,2016-02-10 14:36:39,APPROVED
B_107431,ACC_1009238,ACC_1012328,2016-02-08 14:36:39,PENDING
B_107432,ACC_1009240,ACC_1002882,2019-07-31 13:05:18,APPROVED
B_107433,ACC_1009244,ACC_1012572,2017-12-27 01:18:11,APPROVED
B_107434,ACC_1009244,ACC_1009332,2017-12-27 01:18:11,APPROVED
B_107435,ACC_1009244,ACC_1003700,2018-01-01 01:18:11,APPROVED
B_107436,ACC_1009246,ACC_1006418,2018-03-11 14:24:08,APPROVED
B_107437,ACC_1009246,ACC_1007373,2018-03-06 14:24:08,APPROVED
B_107438,ACC_1009246,ACC_1009739,2018-03-06 14:24:08,APPROVED
B_107439,ACC_1009249,ACC_1001998,2020-03-04 06:37:27,APPROVED
B_107440,ACC_1009251,ACC_1006621,2024-10-01 19:52:56,APPROVED
B_107441,ACC_1009256,ACC_1002471,2016-08-15 00:49:36,APPROVED
B_107442,ACC_1009256,ACC_1011051,2016-08-18 00:49:36,APPROVED
B_107443,ACC_1009258,ACC_1000474,2024-06-18 03:49:56,APPROVED
B_107444,ACC_1009258,ACC_1014246,2024-06-18 03:49:56,APPROVED
B_107445,ACC_1009259,ACC_1014321,2025-06-23 07:00:29,PENDING
B_107446,ACC_1009259,ACC_1011940,2025-06-17 07:00:29,APPROVED
B_107447,ACC_1009263,ACC_1010083,2022-03-07 05:21:01,APPROVED
B_107448,ACC_1009263,ACC_1010356,2022-03-06 05:21:01,APPROVED
B_107449,ACC_1009265,ACC_1014504,2022-06-28 21:26:23,APPROVED
B_107450,ACC_1009270,ACC_1002681,2023-09-22 00:25:22,APPROVED
B_107451,ACC_1009271,ACC_1000898,2022-02-08 08:11:45,APPROVED
B_107452,ACC_1009271,ACC_1012215,2022-02-10 08:11:45,APPROVED
B_107453,ACC_1009272,ACC_1006552,2017-03-03 19:10:01,APPROVED
B_107454,ACC_1009272,ACC_1002831,2017-03-05 19:10:01,APPROVED
B_107455,ACC_1009272,ACC_1007627,2017-03-04 19:10:01,APPROVED
B_107456,ACC_1009275,ACC_1004901,2022-01-19 05:15:31,APPROVED
B_107457,ACC_1009276,ACC_1000501,2022-01-21 08:41:31,APPROVED
B_107458,ACC_1009278,ACC_1009977,2022-09-01 13:40:54,APPROVED
B_107459,ACC_1009280,ACC_1005996,2023-01-17 00:19:42,APPROVED
B_107460,ACC_1009280,ACC_1013199,2023-01-12 00:19:42,APPROVED
B_107461,ACC_1009282,ACC_1008391,2023-01-22 05:55:42,APPROVED
B_107462,ACC_1009283,ACC_1007348,2016-04-11 21:08:58,APPROVED
B_107463,ACC_1009283,ACC_1010302,2016-04-11 21:08:58,APPROVED
B_107464,ACC_1009283,ACC_1009233,2016-04-07 21:08:58,APPROVED
B_107465,ACC_1009284,ACC_1012464,2016-04-08 23:13:58,APPROVED
B_107466,ACC_1009286,ACC_1008327,2021-01-12 07:05:03,APPROVED
B_107467,ACC_1009286,ACC_1009058,2021-01-11 07:05:03,APPROVED
B_107468,ACC_1009286,ACC_1008773,2021-01-11 07:05:03,APPROVED
B_107469,ACC_1009292,ACC_1002876,2020-09-26 06:09:13,APPROVED
B_107470,ACC_1009292,ACC_1013379,2020-09-24 06:09:13,APPROVED
B_107471,ACC_1009295,ACC_1012874,2026-02-07 05:23:19,APPROVED
B_107472,ACC_1009295,ACC_1011551,2026-01-31 05:23:19,APPROVED
B_107473,ACC_1009295,ACC_1014627,2026-02-01 05:23:19,APPROVED
B_107474,ACC_1009297,ACC_1005561,2024-07-12 08:32:34,APPROVED
B_107475,ACC_1009297,ACC_1006816,2024-07-07 08:32:34,APPROVED
B_107476,ACC_1009297,ACC_1010968,2024-07-12 08:32:34,PENDING
B_107477,ACC_1009302,ACC_1008378,2024-09-07 04:55:00,APPROVED
B_107478,ACC_1009302,ACC_1012149,2024-09-09 04:55:00,APPROVED
B_107479,ACC_1009303,ACC_1003149,2024-09-12 12:34:00,APPROVED
B_107480,ACC_1009303,ACC_1002520,2024-09-20 12:34:00,APPROVED
B_107481,ACC_1009303,ACC_1003117,2024-09-12 12:34:00,APPROVED
B_107482,ACC_1009307,ACC_1006153,2017-10-18 11:32:59,PENDING
B_107483,ACC_1009310,ACC_1011565,2019-09-22 03:00:44,APPROVED
B_107484,ACC_1009311,ACC_1010114,2022-03-22 22:53:01,APPROVED
B_107485,ACC_1009316,ACC_1010850,2023-01-23 04:50:27,APPROVED
B_107486,ACC_1009316,ACC_1007460,2023-01-25 04:50:27,APPROVED
B_107487,ACC_1009316,ACC_1011886,2023-01-23 04:50:27,APPROVED
B_107488,ACC_1009319,ACC_1006568,2022-02-02 03:38:39,APPROVED
B_107489,ACC_1009319,ACC_1012912,2022-02-06 03:38:39,APPROVED
B_107490,ACC_1009320,ACC_1001530,2022-02-15 06:05:39,APPROVED
B_107491,ACC_1009320,ACC_1013907,2022-02-18 06:05:39,APPROVED
B_107492,ACC_1009320,ACC_1014171,2022-02-17 06:05:39,APPROVED
B_107493,ACC_1009323,ACC_1012240,2016-03-03 17:08:00,APPROVED
B_107494,ACC_1009324,ACC_1012292,2017-09-13 17:09:12,APPROVED
B_107495,ACC_1009324,ACC_1009279,2017-09-12 17:09:12,APPROVED
B_107496,ACC_1009330,ACC_1009889,2025-03-10 21:43:19,APPROVED
B_107497,ACC_1009330,ACC_1002110,2025-03-09 21:43:19,APPROVED
B_107498,ACC_1009330,ACC_1000651,2025-03-08 21:43:19,APPROVED
B_107499,ACC_1009331,ACC_1002867,2020-03-29 21:18:29,APPROVED
B_107500,ACC_1009331,ACC_1000631,2020-03-25 21:18:29,APPROVED
B_107501,ACC_1009331,ACC_1010127,2020-03-29 21:18:29,PENDING
B_107502,ACC_1009339,ACC_1001714,2020-09-11 20:48:27,APPROVED
B_107503,ACC_1009344,ACC_1008071,2023-05-12 01:45:05,APPROVED
B_107504,ACC_1009344,ACC_1008684,2023-05-12 01:45:05,APPROVED
B_107505,ACC_1009349,ACC_1009513,2020-07-03 16:49:22,APPROVED
B_107506,ACC_1009349,ACC_1009655,2020-07-08 16:49:22,APPROVED
B_107507,ACC_1009355,ACC_1004151,2022-06-14 12:51:44,APPROVED
B_107508,ACC_1009357,ACC_1003556,2019-05-10 19:06:18,APPROVED
B_107509,ACC_1009357,ACC_1014869,2019-05-11 19:06:18,APPROVED
B_107510,ACC_1009360,ACC_1002142,2018-01-17 22:08:04,APPROVED
B_107511,ACC_1009360,ACC_1011065,2018-01-22 22:08:04,APPROVED
B_107512,ACC_1009360,ACC_1011482,2018-01-16 22:08:04,APPROVED
B_107513,ACC_1009361,ACC_1014196,2021-04-14 08:04:31,APPROVED
B_107514,ACC_1009361,ACC_1014358,2021-04-06 08:04:31,APPROVED
B_107515,ACC_1009365,ACC_1013464,2020-01-03 10:54:05,APPROVED
B_107516,ACC_1009365,ACC_1005086,2020-01-11 10:54:05,APPROVED
B_107517,ACC_1009365,ACC_1006699,2020-01-10 10:54:05,APPROVED
B_107518,ACC_1009369,ACC_1015021,2017-12-15 00:41:01,PENDING
B_107519,ACC_1009373,ACC_1012461,2023-08-06 19:36:11,APPROVED
B_107520,ACC_1009375,ACC_1011271,2021-04-19 04:10:53,APPROVED
B_107521,ACC_1009387,ACC_1011732,2026-01-21 09:57:38,APPROVED
B_107522,ACC_1009387,ACC_1001211,2026-01-17 09:57:38,APPROVED
B_107523,ACC_1009388,ACC_1006757,2024-03-23 21:21:47,APPROVED
B_107524,ACC_1009388,ACC_1012066,2024-03-20 21:21:47,APPROVED
B_107525,ACC_1009389,ACC_1011327,2024-01-12 23:35:35,APPROVED
B_107526,ACC_1009389,ACC_1012874,2024-01-17 23:35:35,APPROVED
B_107527,ACC_1009389,ACC_1014706,2024-01-19 23:35:35,APPROVED
B_107528,ACC_1009392,ACC_1014183,2018-09-15 14:48:59,APPROVED
B_107529,ACC_1009392,ACC_1011120,2018-09-16 14:48:59,APPROVED
B_107530,ACC_1009392,ACC_1010627,2018-09-14 14:48:59,APPROVED
B_107531,ACC_1009395,ACC_1008944,2021-04-29 06:28:05,PENDING
B_107532,ACC_1009397,ACC_1000796,2022-06-03 21:14:04,APPROVED
B_107533,ACC_1009399,ACC_1006301,2021-09-23 18:37:29,APPROVED
B_107534,ACC_1009399,ACC_1011885,2021-09-21 18:37:29,PENDING
B_107535,ACC_1009399,ACC_1009702,2021-09-18 18:37:29,APPROVED
B_107536,ACC_1009410,ACC_1011372,2024-02-24 13:01:25,APPROVED
B_107537,ACC_1009410,ACC_1009194,2024-03-03 13:01:25,PENDING
B_107538,ACC_1009412,ACC_1014499,2025-10-29 09:24:44,APPROVED
B_107539,ACC_1009413,ACC_1010153,2025-10-22 19:39:44,APPROVED
B_107540,ACC_1009413,ACC_1002543,2025-10-18 19:39:44,APPROVED
B_107541,ACC_1009413,ACC_1010183,2025-10-23 19:39:44,APPROVED
B_107542,ACC_1009414,ACC_1013910,2021-08-11 21:56:26,APPROVED
B_107543,ACC_1009415,ACC_1004228,2023-05-18 09:43:14,APPROVED
B_107544,ACC_1009415,ACC_1012767,2023-05-17 09:43:14,APPROVED
B_107545,ACC_1009415,ACC_1005715,2023-05-19 09:43:14,APPROVED
B_107546,ACC_1009417,ACC_1001291,2017-11-13 06:50:06,APPROVED
B_107547,ACC_1009417,ACC_1006873,2017-11-17 06:50:06,APPROVED
B_107548,ACC_1009418,ACC_1012048,2019-06-24 23:44:11,APPROVED
B_107549,ACC_1009419,ACC_1004540,2019-05-28 20:49:11,APPROVED
B_107550,ACC_1009434,ACC_1009955,2016-06-20 06:32:32,APPROVED
B_107551,ACC_1009435,ACC_1010112,2016-07-03 17:59:32,APPROVED
B_107552,ACC_1009435,ACC_1012770,2016-07-03 17:59:32,APPROVED
B_107553,ACC_1009436,ACC_1012573,2016-06-22 09:14:32,APPROVED
B_107554,ACC_1009440,ACC_1014510,2020-12-03 21:34:34,APPROVED
B_107555,ACC_1009443,ACC_1010194,2018-03-29 17:51:29,APPROVED
B_107556,ACC_1009443,ACC_1004555,2018-03-31 17:51:29,APPROVED
B_107557,ACC_1009444,ACC_1001487,2020-08-05 18:41:18,APPROVED
B_107558,ACC_1009444,ACC_1000411,2020-08-12 18:41:18,APPROVED
B_107559,ACC_1009444,ACC_1000939,2020-08-12 18:41:18,APPROVED
B_107560,ACC_1009446,ACC_1009150,2020-07-27 22:20:18,APPROVED
B_107561,ACC_1009446,ACC_1001473,2020-07-20 22:20:18,APPROVED
B_107562,ACC_1009446,ACC_1014795,2020-07-27 22:20:18,APPROVED
B_107563,ACC_1009447,ACC_1003077,2019-08-02 20:55:26,APPROVED
B_107564,ACC_1009448,ACC_1011112,2021-12-14 14:33:36,APPROVED
B_107565,ACC_1009448,ACC_1011335,2021-12-14 14:33:36,APPROVED
B_107566,ACC_1009451,ACC_1003464,2020-08-07 09:09:22,APPROVED
B_107567,ACC_1009451,ACC_1012527,2020-08-08 09:09:22,APPROVED
B_107568,ACC_1009451,ACC_1002161,2020-08-05 09:09:22,APPROVED
B_107569,ACC_1009452,ACC_1014491,2025-06-25 13:42:55,APPROVED
B_107570,ACC_1009453,ACC_1002826,2024-07-10 16:03:14,APPROVED
B_107571,ACC_1009454,ACC_1013285,2024-07-02 23:52:14,APPROVED
B_107572,ACC_1009454,ACC_1010127,2024-07-03 23:52:14,APPROVED
B_107573,ACC_1009454,ACC_1010181,2024-07-05 23:52:14,APPROVED
B_107574,ACC_1009455,ACC_1011487,2022-07-31 07:29:11,APPROVED
B_107575,ACC_1009458,ACC_1015000,2016-09-02 12:47:33,APPROVED
B_107576,ACC_1009458,ACC_1006570,2016-08-30 12:47:33,APPROVED
B_107577,ACC_1009458,ACC_1008528,2016-08-31 12:47:33,APPROVED
B_107578,ACC_1009460,ACC_1000031,2016-09-07 04:26:33,APPROVED
B_107579,ACC_1009460,ACC_1014449,2016-09-06 04:26:33,APPROVED
B_107580,ACC_1009462,ACC_1007383,2016-09-30 20:18:45,APPROVED
B_107581,ACC_1009464,ACC_1001628,2022-08-28 13:53:15,APPROVED
B_107582,ACC_1009465,ACC_1004907,2022-09-10 15:45:15,APPROVED
B_107583,ACC_1009466,ACC_1006001,2022-05-01 02:02:25,APPROVED
B_107584,ACC_1009466,ACC_1011511,2022-04-27 02:02:25,APPROVED
B_107585,ACC_1009468,ACC_1011625,2022-05-03 06:27:25,APPROVED
B_107586,ACC_1009468,ACC_1004245,2022-05-01 06:27:25,APPROVED
B_107587,ACC_1009471,ACC_1006432,2024-04-27 16:06:45,APPROVED
B_107588,ACC_1009471,ACC_1000082,2024-05-03 16:06:45,APPROVED
B_107589,ACC_1009471,ACC_1001696,2024-05-06 16:06:45,APPROVED
B_107590,ACC_1009472,ACC_1008929,2018-05-07 18:27:38,APPROVED
B_107591,ACC_1009473,ACC_1001007,2018-05-21 14:43:38,APPROVED
B_107592,ACC_1009473,ACC_1000670,2018-05-15 14:43:38,APPROVED
B_107593,ACC_1009473,ACC_1008103,2018-05-15 14:43:38,APPROVED
B_107594,ACC_1009476,ACC_1009597,2018-07-22 22:39:40,APPROVED
B_107595,ACC_1009476,ACC_1010376,2018-07-24 22:39:40,APPROVED
B_107596,ACC_1009476,ACC_1008168,2018-07-25 22:39:40,APPROVED
B_107597,ACC_1009487,ACC_1005027,2025-06-01 07:52:17,APPROVED
B_107598,ACC_1009488,ACC_1011987,2025-06-17 18:11:17,APPROVED
B_107599,ACC_1009488,ACC_1012576,2025-06-11 18:11:17,APPROVED
B_107600,ACC_1009488,ACC_1006490,2025-06-10 18:11:17,APPROVED
B_107601,ACC_1009491,ACC_1004143,2021-08-20 09:27:33,APPROVED
B_107602,ACC_1009491,ACC_1009225,2021-08-21 09:27:33,APPROVED
B_107603,ACC_1009491,ACC_1006590,2021-08-14 09:27:33,APPROVED
B_107604,ACC_1009492,ACC_1012919,2022-02-17 07:23:05,APPROVED
B_107605,ACC_1009504,ACC_1000502,2020-09-16 20:59:37,APPROVED
B_107606,ACC_1009504,ACC_1005798,2020-09-19 20:59:37,APPROVED
B_107607,ACC_1009504,ACC_1001667,2020-09-15 20:59:37,PENDING
B_107608,ACC_1009507,ACC_1012562,2021-04-07 08:46:55,APPROVED
B_107609,ACC_1009509,ACC_1005434,2016-08-01 22:31:33,APPROVED
B_107610,ACC_1009509,ACC_1013739,2016-08-07 22:31:33,APPROVED
B_107611,ACC_1009510,ACC_1005814,2016-08-03 01:43:33,APPROVED
B_107612,ACC_1009510,ACC_1006755,2016-08-05 01:43:33,APPROVED
B_107613,ACC_1009510,ACC_1013848,2016-08-07 01:43:33,APPROVED
B_107614,ACC_1009515,ACC_1000069,2017-01-15 13:22:06,APPROVED
B_107615,ACC_1009515,ACC_1013932,2017-01-21 13:22:06,APPROVED
B_107616,ACC_1009515,ACC_1001360,2017-01-14 13:22:06,APPROVED
B_107617,ACC_1009518,ACC_1009623,2019-11-17 23:53:33,APPROVED
B_107618,ACC_1009518,ACC_1014310,2019-11-23 23:53:33,APPROVED
B_107619,ACC_1009518,ACC_1012841,2019-11-17 23:53:33,APPROVED
B_107620,ACC_1009521,ACC_1001328,2020-07-16 18:09:57,APPROVED
B_107621,ACC_1009527,ACC_1007683,2020-11-24 05:47:06,PENDING
B_107622,ACC_1009527,ACC_1012706,2020-11-22 05:47:06,APPROVED
B_107623,ACC_1009527,ACC_1005126,2020-11-29 05:47:06,APPROVED
B_107624,ACC_1009528,ACC_1011836,2020-11-13 12:28:06,APPROVED
B_107625,ACC_1009528,ACC_1012103,2020-11-19 12:28:06,APPROVED
B_107626,ACC_1009530,ACC_1009032,2025-12-24 20:26:06,APPROVED
B_107627,ACC_1009531,ACC_1008032,2017-08-23 02:54:37,APPROVED
B_107628,ACC_1009532,ACC_1002745,2024-10-04 05:16:15,APPROVED
B_107629,ACC_1009532,ACC_1012414,2024-10-01 05:16:15,APPROVED
B_107630,ACC_1009535,ACC_1014298,2017-02-23 21:08:05,APPROVED
B_107631,ACC_1009535,ACC_1005115,2017-02-20 21:08:05,APPROVED
B_107632,ACC_1009535,ACC_1004644,2017-02-28 21:08:05,APPROVED
B_107633,ACC_1009537,ACC_1002860,2025-01-02 23:33:13,APPROVED
B_107634,ACC_1009540,ACC_1014235,2021-10-03 02:51:55,APPROVED
B_107635,ACC_1009543,ACC_1010033,2020-07-24 12:30:16,APPROVED
B_107636,ACC_1009544,ACC_1005591,2022-11-29 13:02:13,APPROVED
B_107637,ACC_1009547,ACC_1003304,2020-01-28 12:47:17,APPROVED
B_107638,ACC_1009550,ACC_1004259,2017-07-26 15:51:06,APPROVED
B_107639,ACC_1009550,ACC_1006997,2017-07-25 15:51:06,APPROVED
B_107640,ACC_1009551,ACC_1004072,2026-01-18 04:25:56,APPROVED
B_107641,ACC_1009551,ACC_1005296,2026-01-12 04:25:56,APPROVED
B_107642,ACC_1009552,ACC_1012524,2026-01-10 07:18:56,APPROVED
B_107643,ACC_1009552,ACC_1002456,2026-01-10 07:18:56,APPROVED
B_107644,ACC_1009553,ACC_1000190,2017-08-03 02:38:56,APPROVED
B_107645,ACC_1009553,ACC_1014159,2017-08-06 02:38:56,APPROVED
B_107646,ACC_1009554,ACC_1009034,2019-11-13 07:25:08,APPROVED
B_107647,ACC_1009554,ACC_1007409,2019-11-12 07:25:08,APPROVED
B_107648,ACC_1009555,ACC_1002363,2019-11-08 09:35:08,APPROVED
B_107649,ACC_1009555,ACC_1013724,2019-11-09 09:35:08,APPROVED
B_107650,ACC_1009555,ACC_1013865,2019-11-08 09:35:08,APPROVED
B_107651,ACC_1009556,ACC_1002360,2025-03-03 06:27:55,APPROVED
B_107652,ACC_1009556,ACC_1006703,2025-03-03 06:27:55,APPROVED
B_107653,ACC_1009556,ACC_1005161,2025-02-28 06:27:55,APPROVED
B_107654,ACC_1009559,ACC_1014135,2018-06-28 00:36:34,APPROVED
B_107655,ACC_1009559,ACC_1000411,2018-07-02 00:36:34,APPROVED
B_107656,ACC_1009560,ACC_1002485,2024-07-22 09:06:08,APPROVED
B_107657,ACC_1009568,ACC_1002613,2024-12-04 03:02:09,APPROVED
B_107658,ACC_1009568,ACC_1009085,2024-11-27 03:02:09,APPROVED
B_107659,ACC_1009568,ACC_1012620,2024-11-29 03:02:09,PENDING
B_107660,ACC_1009569,ACC_1010217,2018-12-02 05:17:18,APPROVED
B_107661,ACC_1009569,ACC_1011952,2018-12-03 05:17:18,PENDING
B_107662,ACC_1009569,ACC_1002739,2018-12-01 05:17:18,PENDING
B_107663,ACC_1009570,ACC_1012560,2018-12-19 10:49:18,APPROVED
B_107664,ACC_1009570,ACC_1007732,2018-12-16 10:49:18,APPROVED
B_107665,ACC_1009574,ACC_1010639,2017-12-13 18:15:39,APPROVED
B_107666,ACC_1009574,ACC_1001871,2017-12-16 18:15:39,APPROVED
B_107667,ACC_1009574,ACC_1005876,2017-12-20 18:15:39,APPROVED
B_107668,ACC_1009575,ACC_1003951,2017-12-24 02:35:39,PENDING
B_107669,ACC_1009575,ACC_1009152,2017-12-18 02:35:39,APPROVED
B_107670,ACC_1009575,ACC_1004690,2017-12-18 02:35:39,APPROVED
B_107671,ACC_1009577,ACC_1000190,2022-09-07 16:49:00,APPROVED
B_107672,ACC_1009579,ACC_1002584,2023-07-31 22:01:37,APPROVED
B_107673,ACC_1009580,ACC_1008782,2023-08-05 11:13:37,APPROVED
B_107674,ACC_1009580,ACC_1005450,2023-08-04 11:13:37,APPROVED
B_107675,ACC_1009581,ACC_1001695,2024-12-10 19:33:33,APPROVED
B_107676,ACC_1009581,ACC_1006344,2024-12-10 19:33:33,APPROVED
B_107677,ACC_1009581,ACC_1003453,2024-12-05 19:33:33,APPROVED
B_107678,ACC_1009584,ACC_1010120,2016-03-17 16:45:56,APPROVED
B_107679,ACC_1009588,ACC_1009952,2022-06-08 01:04:24,APPROVED
B_107680,ACC_1009588,ACC_1013872,2022-06-11 01:04:24,APPROVED
B_107681,ACC_1009588,ACC_1013294,2022-06-05 01:04:24,APPROVED
B_107682,ACC_1009589,ACC_1004504,2024-10-21 04:45:38,APPROVED
B_107683,ACC_1009589,ACC_1002032,2024-10-29 04:45:38,APPROVED
B_107684,ACC_1009589,ACC_1005959,2024-10-21 04:45:38,APPROVED
B_107685,ACC_1009590,ACC_1000121,2021-05-16 08:33:53,APPROVED
B_107686,ACC_1009591,ACC_1007047,2019-08-12 19:36:31,APPROVED
B_107687,ACC_1009594,ACC_1012960,2023-06-01 02:35:14,APPROVED
B_107688,ACC_1009594,ACC_1014964,2023-06-10 02:35:14,APPROVED
B_107689,ACC_1009594,ACC_1006556,2023-06-04 02:35:14,APPROVED
B_107690,ACC_1009602,ACC_1011937,2020-03-22 03:56:13,APPROVED
B_107691,ACC_1009603,ACC_1010967,2023-05-29 02:07:53,PENDING
B_107692,ACC_1009604,ACC_1008945,2017-09-19 23:35:09,APPROVED
B_107693,ACC_1009604,ACC_1004251,2017-09-19 23:35:09,APPROVED
B_107694,ACC_1009616,ACC_1006253,2023-04-16 12:47:25,APPROVED
B_107695,ACC_1009617,ACC_1007957,2019-03-21 07:57:53,APPROVED
B_107696,ACC_1009617,ACC_1002726,2019-03-16 07:57:53,APPROVED
B_107697,ACC_1009617,ACC_1009629,2019-03-17 07:57:53,APPROVED
B_107698,ACC_1009619,ACC_1012071,2020-09-08 12:30:21,APPROVED
B_107699,ACC_1009624,ACC_1013974,2016-05-03 18:11:55,APPROVED
B_107700,ACC_1009624,ACC_1000498,2016-05-07 18:11:55,APPROVED
B_107701,ACC_1009624,ACC_1011401,2016-05-10 18:11:55,APPROVED
B_107702,ACC_1009628,ACC_1008130,2018-10-29 01:14:43,APPROVED
B_107703,ACC_1009628,ACC_1004934,2018-10-21 01:14:43,APPROVED
B_107704,ACC_1009628,ACC_1006305,2018-10-27 01:14:43,APPROVED
B_107705,ACC_1009631,ACC_1005956,2024-09-28 11:55:24,APPROVED
B_107706,ACC_1009632,ACC_1014134,2024-09-25 15:52:24,APPROVED
B_107707,ACC_1009633,ACC_1008842,2022-01-09 01:39:58,APPROVED
B_107708,ACC_1009633,ACC_1000492,2022-01-14 01:39:58,APPROVED
B_107709,ACC_1009634,ACC_1012772,2022-01-14 20:21:58,APPROVED
B_107710,ACC_1009637,ACC_1006414,2023-06-14 14:39:31,APPROVED
B_107711,ACC_1009641,ACC_1014466,2020-10-31 21:32:17,APPROVED
B_107712,ACC_1009644,ACC_1004815,2017-10-19 09:00:54,APPROVED
B_107713,ACC_1009645,ACC_1003905,2017-10-19 10:22:54,APPROVED
B_107714,ACC_1009646,ACC_1014053,2019-12-29 18:51:41,APPROVED
B_107715,ACC_1009646,ACC_1014662,2019-12-23 18:51:41,APPROVED
B_107716,ACC_1009646,ACC_1011833,2019-12-24 18:51:41,APPROVED
B_107717,ACC_1009648,ACC_1012454,2016-08-02 04:49:00,APPROVED
B_107718,ACC_1009648,ACC_1005715,2016-08-02 04:49:00,APPROVED
B_107719,ACC_1009649,ACC_1001081,2016-06-29 23:08:00,APPROVED
B_107720,ACC_1009650,ACC_1001097,2020-09-12 13:31:15,APPROVED
B_107721,ACC_1009655,ACC_1011081,2025-07-09 09:50:53,APPROVED
B_107722,ACC_1009655,ACC_1007800,2025-07-09 09:50:53,APPROVED
B_107723,ACC_1009655,ACC_1013803,2025-07-17 09:50:53,APPROVED
B_107724,ACC_1009656,ACC_1013120,2016-09-26 00:58:34,APPROVED
B_107725,ACC_1009656,ACC_1012480,2016-09-27 00:58:34,APPROVED
B_107726,ACC_1009658,ACC_1012682,2023-11-29 23:32:45,APPROVED
B_107727,ACC_1009658,ACC_1014080,2023-11-30 23:32:45,APPROVED
B_107728,ACC_1009658,ACC_1010419,2023-12-01 23:32:45,APPROVED
B_107729,ACC_1009661,ACC_1003608,2018-03-25 08:27:38,APPROVED
B_107730,ACC_1009665,ACC_1007128,2021-04-05 04:23:54,APPROVED
B_107731,ACC_1009665,ACC_1010777,2021-04-06 04:23:54,APPROVED
B_107732,ACC_1009668,ACC_1002611,2017-10-29 00:48:48,APPROVED
B_107733,ACC_1009670,ACC_1014846,2021-05-10 09:34:12,APPROVED
B_107734,ACC_1009672,ACC_1010966,2017-03-23 21:22:36,APPROVED
B_107735,ACC_1009674,ACC_1010530,2016-07-24 16:52:00,APPROVED
B_107736,ACC_1009674,ACC_1007834,2016-07-31 16:52:00,APPROVED
B_107737,ACC_1009675,ACC_1011028,2016-08-08 13:19:00,APPROVED
B_107738,ACC_1009675,ACC_1009917,2016-08-08 13:19:00,APPROVED
B_107739,ACC_1009677,ACC_1013800,2016-11-06 23:30:54,APPROVED
B_107740,ACC_1009677,ACC_1006525,2016-10-31 23:30:54,APPROVED
B_107741,ACC_1009678,ACC_1002725,2022-07-15 02:15:48,APPROVED
B_107742,ACC_1009678,ACC_1008550,2022-07-14 02:15:48,PENDING
B_107743,ACC_1009682,ACC_1006719,2016-07-20 06:07:07,APPROVED
B_107744,ACC_1009682,ACC_1006123,2016-07-26 06:07:07,APPROVED
B_107745,ACC_1009682,ACC_1009994,2016-07-20 06:07:07,APPROVED
B_107746,ACC_1009683,ACC_1001659,2022-03-04 00:04:32,APPROVED
B_107747,ACC_1009683,ACC_1007246,2022-03-12 00:04:32,APPROVED
B_107748,ACC_1009686,ACC_1012508,2024-10-02 01:57:16,PENDING
B_107749,ACC_1009686,ACC_1003789,2024-10-02 01:57:16,APPROVED
B_107750,ACC_1009687,ACC_1010349,2024-10-26 01:10:16,APPROVED
B_107751,ACC_1009689,ACC_1005532,2021-12-22 23:04:56,APPROVED
B_107752,ACC_1009689,ACC_1008555,2021-12-22 23:04:56,APPROVED
B_107753,ACC_1009691,ACC_1011622,2018-11-27 22:34:35,APPROVED
B_107754,ACC_1009691,ACC_1007660,2018-11-21 22:34:35,APPROVED
B_107755,ACC_1009696,ACC_1011792,2020-01-02 10:21:03,PENDING
B_107756,ACC_1009699,ACC_1002036,2020-03-15 11:37:27,APPROVED
B_107757,ACC_1009699,ACC_1000208,2020-03-14 11:37:27,PENDING
B_107758,ACC_1009699,ACC_1002473,2020-03-08 11:37:27,APPROVED
B_107759,ACC_1009701,ACC_1000257,2021-06-09 23:18:16,APPROVED
B_107760,ACC_1009701,ACC_1009706,2021-06-16 23:18:16,APPROVED
B_107761,ACC_1009702,ACC_1009042,2020-12-23 15:18:50,APPROVED
B_107762,ACC_1009702,ACC_1004027,2020-12-23 15:18:50,APPROVED
B_107763,ACC_1009705,ACC_1000072,2021-05-05 07:38:15,APPROVED
B_107764,ACC_1009708,ACC_1004189,2018-06-11 01:15:15,PENDING
B_107765,ACC_1009708,ACC_1006563,2018-06-05 01:15:15,APPROVED
B_107766,ACC_1009708,ACC_1013468,2018-06-03 01:15:15,APPROVED
B_107767,ACC_1009712,ACC_1011513,2021-09-17 16:35:54,APPROVED
B_107768,ACC_1009712,ACC_1005569,2021-09-22 16:35:54,APPROVED
B_107769,ACC_1009713,ACC_1005286,2021-04-06 16:14:59,APPROVED
B_107770,ACC_1009713,ACC_1005740,2021-04-06 16:14:59,APPROVED
B_107771,ACC_1009715,ACC_1004672,2019-05-10 13:31:05,APPROVED
B_107772,ACC_1009715,ACC_1009436,2019-05-13 13:31:05,APPROVED
B_107773,ACC_1009715,ACC_1001633,2019-05-14 13:31:05,APPROVED
B_107774,ACC_1009716,ACC_1003641,2019-05-18 13:19:05,APPROVED
B_107775,ACC_1009720,ACC_1003901,2017-07-08 18:39:14,APPROVED
B_107776,ACC_1009720,ACC_1001412,2017-07-06 18:39:14,APPROVED
B_107777,ACC_1009720,ACC_1007385,2017-07-07 18:39:14,APPROVED
B_107778,ACC_1009721,ACC_1009258,2017-07-11 13:33:14,APPROVED
B_107779,ACC_1009721,ACC_1014836,2017-07-16 13:33:14,APPROVED
B_107780,ACC_1009721,ACC_1002998,2017-07-14 13:33:14,APPROVED
B_107781,ACC_1009722,ACC_1010016,2016-04-10 12:21:10,APPROVED
B_107782,ACC_1009723,ACC_1010964,2016-05-03 11:09:10,APPROVED
B_107783,ACC_1009723,ACC_1002746,2016-05-06 11:09:10,APPROVED
B_107784,ACC_1009729,ACC_1000865,2023-10-27 05:04:27,APPROVED
B_107785,ACC_1009730,ACC_1011874,2017-02-07 09:32:53,APPROVED
B_107786,ACC_1009732,ACC_1002833,2019-04-05 14:16:57,PENDING
B_107787,ACC_1009732,ACC_1012693,2019-04-06 14:16:57,APPROVED
B_107788,ACC_1009737,ACC_1008697,2022-09-15 20:17:54,APPROVED
B_107789,ACC_1009742,ACC_1004616,2019-08-01 19:43:26,APPROVED
B_107790,ACC_1009742,ACC_1013284,2019-08-01 19:43:26,APPROVED
B_107791,ACC_1009743,ACC_1005651,2025-10-15 05:12:50,APPROVED
B_107792,ACC_1009743,ACC_1011456,2025-10-17 05:12:50,APPROVED
B_107793,ACC_1009743,ACC_1011689,2025-10-16 05:12:50,APPROVED
B_107794,ACC_1009744,ACC_1014252,2025-10-15 03:28:50,APPROVED
B_107795,ACC_1009751,ACC_1003295,2016-07-08 01:59:31,APPROVED
B_107796,ACC_1009751,ACC_1012461,2016-07-14 01:59:31,APPROVED
B_107797,ACC_1009754,ACC_1001207,2025-05-19 20:07:49,APPROVED
B_107798,ACC_1009754,ACC_1010356,2025-05-16 20:07:49,APPROVED
B_107799,ACC_1009756,ACC_1012443,2016-09-24 13:29:22,APPROVED
B_107800,ACC_1009756,ACC_1001424,2016-09-21 13:29:22,APPROVED
B_107801,ACC_1009757,ACC_1010914,2022-07-20 04:00:54,APPROVED
B_107802,ACC_1009757,ACC_1007131,2022-07-16 04:00:54,APPROVED
B_107803,ACC_1009762,ACC_1012653,2020-04-12 07:10:48,APPROVED
B_107804,ACC_1009763,ACC_1005905,2016-10-31 04:38:37,APPROVED
B_107805,ACC_1009768,ACC_1008469,2025-12-14 21:59:48,APPROVED
B_107806,ACC_1009768,ACC_1006275,2025-12-13 21:59:48,APPROVED
B_107807,ACC_1009773,ACC_1003625,2021-04-07 02:49:16,APPROVED
B_107808,ACC_1009784,ACC_1005577,2019-12-04 22:45:08,APPROVED
B_107809,ACC_1009786,ACC_1002930,2023-09-20 02:29:33,APPROVED
B_107810,ACC_1009786,ACC_1014003,2023-09-17 02:29:33,APPROVED
B_107811,ACC_1009786,ACC_1008621,2023-09-12 02:29:33,APPROVED
B_107812,ACC_1009788,ACC_1008348,2017-09-30 19:34:21,APPROVED
B_107813,ACC_1009788,ACC_1002318,2017-09-29 19:34:21,APPROVED
B_107814,ACC_1009788,ACC_1007333,2017-09-27 19:34:21,APPROVED
B_107815,ACC_1009789,ACC_1004407,2017-09-16 20:08:21,APPROVED
B_107816,ACC_1009789,ACC_1005834,2017-09-19 20:08:21,APPROVED
B_107817,ACC_1009789,ACC_1004542,2017-09-15 20:08:21,APPROVED
B_107818,ACC_1009790,ACC_1001340,2017-09-26 15:54:21,APPROVED
B_107819,ACC_1009790,ACC_1011898,2017-09-20 15:54:21,APPROVED
B_107820,ACC_1009790,ACC_1007074,2017-09-24 15:54:21,APPROVED
B_107821,ACC_1009796,ACC_1005772,2020-07-15 20:00:58,APPROVED
B_107822,ACC_1009796,ACC_1008563,2020-07-07 20:00:58,APPROVED
B_107823,ACC_1009796,ACC_1002052,2020-07-15 20:00:58,APPROVED
B_107824,ACC_1009798,ACC_1010861,2025-08-25 00:47:05,APPROVED
B_107825,ACC_1009801,ACC_1011964,2017-10-06 13:27:22,APPROVED
B_107826,ACC_1009801,ACC_1003097,2017-10-03 13:27:22,APPROVED
B_107827,ACC_1009802,ACC_1007518,2023-09-15 21:24:22,APPROVED
B_107828,ACC_1009802,ACC_1007249,2023-09-17 21:24:22,PENDING
B_107829,ACC_1009802,ACC_1008086,2023-09-21 21:24:22,APPROVED
B_107830,ACC_1009807,ACC_1004985,2017-01-27 05:20:53,APPROVED
B_107831,ACC_1009808,ACC_1009509,2024-08-24 19:31:29,APPROVED
B_107832,ACC_1009808,ACC_1007264,2024-08-28 19:31:29,APPROVED
B_107833,ACC_1009809,ACC_1009838,2016-08-20 23:18:17,PENDING
B_107834,ACC_1009809,ACC_1005079,2016-08-25 23:18:17,APPROVED
B_107835,ACC_1009809,ACC_1012517,2016-08-26 23:18:17,APPROVED
B_107836,ACC_1009810,ACC_1010601,2016-09-11 19:44:17,PENDING
B_107837,ACC_1009813,ACC_1013555,2016-06-08 03:23:51,APPROVED
B_107838,ACC_1009813,ACC_1004502,2016-06-10 03:23:51,APPROVED
B_107839,ACC_1009817,ACC_1013466,2024-03-04 10:01:41,APPROVED
B_107840,ACC_1009817,ACC_1007876,2024-03-07 10:01:41,APPROVED
B_107841,ACC_1009817,ACC_1013713,2024-02-29 10:01:41,APPROVED
B_107842,ACC_1009818,ACC_1013728,2021-03-17 12:14:52,APPROVED
B_107843,ACC_1009818,ACC_1012481,2021-03-14 12:14:52,APPROVED
B_107844,ACC_1009819,ACC_1006810,2025-10-10 18:58:00,APPROVED
B_107845,ACC_1009819,ACC_1009426,2025-10-11 18:58:00,APPROVED
B_107846,ACC_1009820,ACC_1007881,2017-06-28 11:21:40,APPROVED
B_107847,ACC_1009820,ACC_1009042,2017-07-02 11:21:40,APPROVED
B_107848,ACC_1009821,ACC_1006276,2025-02-25 16:38:58,APPROVED
B_107849,ACC_1009822,ACC_1010800,2018-06-16 11:53:06,APPROVED
B_107850,ACC_1009823,ACC_1002887,2019-07-11 07:42:52,APPROVED
B_107851,ACC_1009825,ACC_1010442,2016-02-21 09:15:52,APPROVED
B_107852,ACC_1009832,ACC_1012419,2022-07-12 19:27:39,APPROVED
B_107853,ACC_1009832,ACC_1008670,2022-07-10 19:27:39,APPROVED
B_107854,ACC_1009832,ACC_1013755,2022-07-11 19:27:39,APPROVED
B_107855,ACC_1009837,ACC_1004483,2022-02-05 14:48:00,APPROVED
B_107856,ACC_1009837,ACC_1006190,2022-02-05 14:48:00,APPROVED
B_107857,ACC_1009837,ACC_1002471,2022-02-14 14:48:00,APPROVED
B_107858,ACC_1009838,ACC_1007310,2016-07-02 21:09:06,APPROVED
B_107859,ACC_1009840,ACC_1011355,2021-03-30 01:25:17,APPROVED
B_107860,ACC_1009840,ACC_1004415,2021-04-02 01:25:17,APPROVED
B_107861,ACC_1009840,ACC_1008022,2021-04-05 01:25:17,APPROVED
B_107862,ACC_1009844,ACC_1005146,2018-08-02 13:33:02,APPROVED
B_107863,ACC_1009848,ACC_1002925,2025-09-29 11:34:52,APPROVED
B_107864,ACC_1009848,ACC_1010258,2025-09-28 11:34:52,APPROVED
B_107865,ACC_1009849,ACC_1012095,2025-10-08 09:50:52,APPROVED
B_107866,ACC_1009850,ACC_1004712,2017-07-03 18:04:04,APPROVED
B_107867,ACC_1009853,ACC_1013403,2022-02-23 06:17:23,APPROVED
B_107868,ACC_1009856,ACC_1011485,2024-08-24 11:24:28,APPROVED
B_107869,ACC_1009856,ACC_1004594,2024-08-16 11:24:28,APPROVED
B_107870,ACC_1009858,ACC_1011195,2017-04-30 07:52:29,APPROVED
B_107871,ACC_1009860,ACC_1003597,2023-08-31 08:14:07,APPROVED
B_107872,ACC_1009860,ACC_1008250,2023-08-30 08:14:07,APPROVED
B_107873,ACC_1009862,ACC_1012215,2017-10-30 05:54:05,APPROVED
B_107874,ACC_1009863,ACC_1006768,2017-11-21 16:59:05,APPROVED
B_107875,ACC_1009864,ACC_1007413,2024-08-31 21:42:39,APPROVED
B_107876,ACC_1009864,ACC_1008154,2024-08-25 21:42:39,APPROVED
B_107877,ACC_1009864,ACC_1009638,2024-08-22 21:42:39,APPROVED
B_107878,ACC_1009869,ACC_1004239,2022-01-06 22:04:06,APPROVED
B_107879,ACC_1009869,ACC_1007276,2022-01-05 22:04:06,APPROVED
B_107880,ACC_1009869,ACC_1003187,2022-01-05 22:04:06,APPROVED
B_107881,ACC_1009871,ACC_1005689,2016-10-28 08:18:11,APPROVED
B_107882,ACC_1009871,ACC_1002577,2016-10-21 08:18:11,APPROVED
B_107883,ACC_1009871,ACC_1012053,2016-10-22 08:18:11,APPROVED
B_107884,ACC_1009874,ACC_1014422,2017-12-05 17:41:10,APPROVED
B_107885,ACC_1009875,ACC_1004487,2017-12-21 13:18:10,APPROVED
B_107886,ACC_1009875,ACC_1005932,2017-12-23 13:18:10,APPROVED
B_107887,ACC_1009881,ACC_1012974,2019-12-25 20:54:34,APPROVED
B_107888,ACC_1009882,ACC_1007155,2017-05-06 02:35:04,APPROVED
B_107889,ACC_1009882,ACC_1007770,2017-05-08 02:35:04,APPROVED
B_107890,ACC_1009882,ACC_1012611,2017-05-13 02:35:04,APPROVED
B_107891,ACC_1009885,ACC_1012319,2021-11-02 04:57:57,APPROVED
B_107892,ACC_1009885,ACC_1015022,2021-10-28 04:57:57,APPROVED
B_107893,ACC_1009886,ACC_1009002,2021-10-20 07:33:57,APPROVED
B_107894,ACC_1009886,ACC_1009602,2021-10-24 07:33:57,APPROVED
B_107895,ACC_1009887,ACC_1013167,2021-11-11 06:20:57,APPROVED
B_107896,ACC_1009887,ACC_1002549,2021-11-11 06:20:57,APPROVED
B_107897,ACC_1009887,ACC_1008239,2021-11-02 06:20:57,APPROVED
B_107898,ACC_1009888,ACC_1014298,2023-09-22 22:17:00,APPROVED
B_107899,ACC_1009889,ACC_1009864,2021-03-31 07:05:14,APPROVED
B_107900,ACC_1009889,ACC_1012745,2021-04-05 07:05:14,APPROVED
B_107901,ACC_1009889,ACC_1014009,2021-04-05 07:05:14,APPROVED
B_107902,ACC_1009892,ACC_1011429,2025-12-28 16:11:02,APPROVED
B_107903,ACC_1009894,ACC_1002869,2024-08-05 05:33:22,APPROVED
B_107904,ACC_1009894,ACC_1006727,2024-08-06 05:33:22,APPROVED
B_107905,ACC_1009896,ACC_1009892,2016-03-14 07:56:10,APPROVED
B_107906,ACC_1009897,ACC_1011900,2020-11-27 11:58:27,APPROVED
B_107907,ACC_1009897,ACC_1008392,2020-11-26 11:58:27,APPROVED
B_107908,ACC_1009898,ACC_1004238,2016-03-19 07:38:30,APPROVED
B_107909,ACC_1009901,ACC_1003526,2024-03-06 20:14:16,APPROVED
B_107910,ACC_1009901,ACC_1007047,2024-03-03 20:14:16,APPROVED
B_107911,ACC_1009901,ACC_1008547,2024-03-04 20:14:16,APPROVED
B_107912,ACC_1009902,ACC_1007949,2023-09-09 05:23:15,APPROVED
B_107913,ACC_1009902,ACC_1015007,2023-09-09 05:23:15,APPROVED
B_107914,ACC_1009903,ACC_1001193,2024-06-22 14:59:36,APPROVED
B_107915,ACC_1009904,ACC_1010763,2019-09-14 01:45:11,APPROVED
B_107916,ACC_1009904,ACC_1004810,2019-09-16 01:45:11,APPROVED
B_107917,ACC_1009907,ACC_1004694,2024-09-16 21:50:29,APPROVED
B_107918,ACC_1009907,ACC_1006852,2024-09-14 21:50:29,APPROVED
B_107919,ACC_1009907,ACC_1005448,2024-09-17 21:50:29,APPROVED
B_107920,ACC_1009908,ACC_1014406,2022-02-06 06:01:05,APPROVED
B_107921,ACC_1009910,ACC_1014435,2022-02-23 05:58:05,APPROVED
B_107922,ACC_1009910,ACC_1012088,2022-02-16 05:58:05,APPROVED
B_107923,ACC_1009910,ACC_1009006,2022-02-22 05:58:05,APPROVED
B_107924,ACC_1009912,ACC_1012145,2023-11-30 18:56:10,APPROVED
B_107925,ACC_1009912,ACC_1000692,2023-11-29 18:56:10,APPROVED
B_107926,ACC_1009912,ACC_1011852,2023-11-25 18:56:10,APPROVED
B_107927,ACC_1009913,ACC_1004966,2016-10-21 02:00:53,APPROVED
B_107928,ACC_1009913,ACC_1004871,2016-10-19 02:00:53,APPROVED
B_107929,ACC_1009919,ACC_1012345,2021-10-11 14:48:38,APPROVED
B_107930,ACC_1009919,ACC_1004611,2021-10-18 14:48:38,APPROVED
B_107931,ACC_1009924,ACC_1009988,2023-09-05 17:54:34,APPROVED
B_107932,ACC_1009924,ACC_1004765,2023-09-12 17:54:34,APPROVED
B_107933,ACC_1009924,ACC_1007037,2023-09-06 17:54:34,APPROVED
B_107934,ACC_1009925,ACC_1000114,2022-02-09 20:14:22,APPROVED
B_107935,ACC_1009925,ACC_1012170,2022-02-10 20:14:22,APPROVED
B_107936,ACC_1009925,ACC_1014421,2022-02-16 20:14:22,APPROVED
B_107937,ACC_1009930,ACC_1011238,2016-08-28 23:44:28,APPROVED
B_107938,ACC_1009930,ACC_1007089,2016-08-31 23:44:28,APPROVED
B_107939,ACC_1009933,ACC_1010457,2024-08-30 14:45:23,APPROVED
B_107940,ACC_1009935,ACC_1001370,2018-12-28 09:11:11,APPROVED
B_107941,ACC_1009935,ACC_1011478,2019-01-01 09:11:11,APPROVED
B_107942,ACC_1009935,ACC_1005490,2018-12-27 09:11:11,PENDING
B_107943,ACC_1009937,ACC_1003113,2017-12-07 06:39:58,APPROVED
B_107944,ACC_1009937,ACC_1011021,2017-12-11 06:39:58,APPROVED
B_107945,ACC_1009937,ACC_1007429,2017-12-08 06:39:58,APPROVED
B_107946,ACC_1009939,ACC_1003532,2022-12-12 02:09:40,APPROVED
B_107947,ACC_1009942,ACC_1001627,2024-02-18 23:55:14,APPROVED
B_107948,ACC_1009942,ACC_1003849,2024-02-16 23:55:14,APPROVED
B_107949,ACC_1009943,ACC_1001259,2017-09-04 05:28:33,PENDING
B_107950,ACC_1009944,ACC_1000176,2024-08-06 08:24:26,APPROVED
B_107951,ACC_1009944,ACC_1013921,2024-08-06 08:24:26,APPROVED
B_107952,ACC_1009944,ACC_1003287,2024-08-03 08:24:26,APPROVED
B_107953,ACC_1009945,ACC_1010045,2024-07-30 02:12:26,APPROVED
B_107954,ACC_1009945,ACC_1006459,2024-07-30 02:12:26,APPROVED
B_107955,ACC_1009947,ACC_1006240,2022-06-21 01:46:20,APPROVED
B_107956,ACC_1009947,ACC_1012375,2022-06-23 01:46:20,APPROVED
B_107957,ACC_1009949,ACC_1001256,2022-07-04 21:02:20,APPROVED
B_107958,ACC_1009950,ACC_1014779,2021-06-01 21:26:32,APPROVED
B_107959,ACC_1009950,ACC_1000791,2021-06-07 21:26:32,APPROVED
B_107960,ACC_1009951,ACC_1005512,2024-11-28 22:16:55,APPROVED
B_107961,ACC_1009952,ACC_1013263,2024-11-27 18:16:55,APPROVED
B_107962,ACC_1009952,ACC_1002811,2024-11-20 18:16:55,APPROVED
B_107963,ACC_1009954,ACC_1007960,2022-01-28 21:14:53,APPROVED
B_107964,ACC_1009954,ACC_1012926,2022-01-31 21:14:53,APPROVED
B_107965,ACC_1009954,ACC_1012992,2022-01-29 21:14:53,APPROVED
B_107966,ACC_1009955,ACC_1004627,2016-02-16 15:35:38,APPROVED
B_107967,ACC_1009955,ACC_1014465,2016-02-17 15:35:38,APPROVED
B_107968,ACC_1009955,ACC_1012210,2016-02-20 15:35:38,APPROVED
B_107969,ACC_1009956,ACC_1001283,2019-03-02 08:19:32,APPROVED
B_107970,ACC_1009956,ACC_1010963,2019-03-02 08:19:32,APPROVED
B_107971,ACC_1009956,ACC_1001895,2019-03-02 08:19:32,APPROVED
B_107972,ACC_1009958,ACC_1011652,2019-05-11 01:33:32,APPROVED
B_107973,ACC_1009958,ACC_1013237,2019-05-20 01:33:32,APPROVED
B_107974,ACC_1009958,ACC_1000874,2019-05-16 01:33:32,APPROVED
B_107975,ACC_1009962,ACC_1009475,2020-03-03 14:49:15,APPROVED
B_107976,ACC_1009965,ACC_1013780,2017-01-11 18:17:20,APPROVED
B_107977,ACC_1009965,ACC_1009695,2017-01-06 18:17:20,APPROVED
B_107978,ACC_1009965,ACC_1010846,2017-01-07 18:17:20,APPROVED
B_107979,ACC_1009966,ACC_1003196,2018-11-21 19:24:14,APPROVED
B_107980,ACC_1009966,ACC_1007010,2018-11-25 19:24:14,APPROVED
B_107981,ACC_1009967,ACC_1013302,2016-01-29 03:06:53,APPROVED
B_107982,ACC_1009967,ACC_1006577,2016-01-31 03:06:53,APPROVED
B_107983,ACC_1009973,ACC_1007228,2023-09-09 06:08:24,APPROVED
B_107984,ACC_1009973,ACC_1000441,2023-09-04 06:08:24,APPROVED
B_107985,ACC_1009973,ACC_1009676,2023-09-09 06:08:24,APPROVED
B_107986,ACC_1009974,ACC_1012786,2016-09-15 09:49:25,APPROVED
B_107987,ACC_1009975,ACC_1003322,2016-08-21 12:58:25,APPROVED
B_107988,ACC_1009975,ACC_1001158,2016-08-19 12:58:25,APPROVED
B_107989,ACC_1009975,ACC_1005313,2016-08-27 12:58:25,APPROVED
B_107990,ACC_1009976,ACC_1000453,2025-09-19 16:07:08,APPROVED
B_107991,ACC_1009976,ACC_1011630,2025-09-17 16:07:08,APPROVED
B_107992,ACC_1009976,ACC_1001873,2025-09-18 16:07:08,PENDING
B_107993,ACC_1009979,ACC_1011623,2023-04-20 14:18:54,APPROVED
B_107994,ACC_1009979,ACC_1012289,2023-04-14 14:18:54,PENDING
B_107995,ACC_1009979,ACC_1007439,2023-04-19 14:18:54,APPROVED
B_107996,ACC_1009980,ACC_1005884,2023-04-10 15:43:54,APPROVED
B_107997,ACC_1009980,ACC_1004576,2023-04-10 15:43:54,APPROVED
B_107998,ACC_1009980,ACC_1002754,2023-04-10 15:43:54,APPROVED
B_107999,ACC_1009985,ACC_1006210,2024-07-10 17:36:29,APPROVED
B_108000,ACC_1009985,ACC_1009134,2024-07-12 17:36:29,APPROVED
B_108001,ACC_1009985,ACC_1005888,2024-07-18 17:36:29,APPROVED
B_108002,ACC_1009991,ACC_1002565,2019-06-10 17:40:41,APPROVED
B_108003,ACC_1009991,ACC_1013857,2019-06-09 17:40:41,PENDING
B_108004,ACC_1009991,ACC_1013107,2019-06-08 17:40:41,APPROVED
B_108005,ACC_1009995,ACC_1014879,2024-12-13 11:37:35,APPROVED
B_108006,ACC_1009995,ACC_1014604,2024-12-11 11:37:35,APPROVED
B_108007,ACC_1009995,ACC_1009454,2024-12-10 11:37:35,APPROVED
B_108008,ACC_1010000,ACC_1000069,2023-07-28 19:08:39,APPROVED
B_108009,ACC_1010000,ACC_1001458,2023-08-02 19:08:39,APPROVED
B_108010,ACC_1010005,ACC_1013717,2018-06-09 13:46:52,APPROVED
B_108011,ACC_1010006,ACC_1010029,2024-08-01 01:31:06,PENDING
B_108012,ACC_1010006,ACC_1002333,2024-08-01 01:31:06,APPROVED
B_108013,ACC_1010009,ACC_1005636,2024-04-08 11:02:50,APPROVED
B_108014,ACC_1010009,ACC_1000366,2024-04-05 11:02:50,APPROVED
B_108015,ACC_1010013,ACC_1012208,2021-06-14 16:35:12,APPROVED
B_108016,ACC_1010013,ACC_1004140,2021-06-18 16:35:12,APPROVED
B_108017,ACC_1010013,ACC_1011120,2021-06-15 16:35:12,APPROVED
B_108018,ACC_1010014,ACC_1009252,2021-02-13 11:35:45,APPROVED
B_108019,ACC_1010014,ACC_1011330,2021-02-15 11:35:45,APPROVED
B_108020,ACC_1010014,ACC_1007831,2021-02-15 11:35:45,APPROVED
B_108021,ACC_1010018,ACC_1013161,2016-11-12 15:31:19,APPROVED
B_108022,ACC_1010018,ACC_1002871,2016-11-04 15:31:19,APPROVED
B_108023,ACC_1010018,ACC_1009162,2016-11-07 15:31:19,APPROVED
B_108024,ACC_1010019,ACC_1013983,2016-10-09 18:03:19,APPROVED
B_108025,ACC_1010019,ACC_1001140,2016-10-14 18:03:19,APPROVED
B_108026,ACC_1010021,ACC_1004086,2022-06-17 06:29:43,APPROVED
B_108027,ACC_1010022,ACC_1008498,2022-06-02 18:15:43,APPROVED
B_108028,ACC_1010023,ACC_1013047,2022-06-09 10:46:43,APPROVED
B_108029,ACC_1010028,ACC_1006121,2016-03-07 05:08:59,APPROVED
B_108030,ACC_1010028,ACC_1005953,2016-03-02 05:08:59,APPROVED
B_108031,ACC_1010028,ACC_1003168,2016-03-06 05:08:59,APPROVED
B_108032,ACC_1010029,ACC_1013144,2017-12-18 09:25:53,APPROVED
B_108033,ACC_1010029,ACC_1000945,2017-12-21 09:25:53,APPROVED
B_108034,ACC_1010029,ACC_1012716,2017-12-16 09:25:53,APPROVED
B_108035,ACC_1010032,ACC_1006510,2019-12-02 17:51:21,APPROVED
B_108036,ACC_1010032,ACC_1010283,2019-11-30 17:51:21,APPROVED
B_108037,ACC_1010033,ACC_1003282,2016-01-17 12:39:09,APPROVED
B_108038,ACC_1010033,ACC_1011780,2016-01-16 12:39:09,APPROVED
B_108039,ACC_1010034,ACC_1006367,2018-10-18 14:01:15,APPROVED
B_108040,ACC_1010037,ACC_1009130,2018-11-21 04:38:24,APPROVED
B_108041,ACC_1010037,ACC_1008917,2018-11-23 04:38:24,APPROVED
B_108042,ACC_1010037,ACC_1011044,2018-11-23 04:38:24,APPROVED
B_108043,ACC_1010039,ACC_1002867,2016-10-12 18:59:13,PENDING
B_108044,ACC_1010040,ACC_1008008,2019-06-21 09:35:49,APPROVED
B_108045,ACC_1010048,ACC_1010588,2018-09-18 04:58:54,APPROVED
B_108046,ACC_1010049,ACC_1002782,2018-09-22 04:33:54,APPROVED
B_108047,ACC_1010049,ACC_1004070,2018-09-23 04:33:54,APPROVED
B_108048,ACC_1010049,ACC_1004207,2018-09-17 04:33:54,APPROVED
B_108049,ACC_1010050,ACC_1001327,2025-05-07 09:30:35,APPROVED
B_108050,ACC_1010050,ACC_1003399,2025-05-07 09:30:35,APPROVED
B_108051,ACC_1010050,ACC_1014955,2025-05-06 09:30:35,APPROVED
B_108052,ACC_1010053,ACC_1012551,2021-01-26 17:47:14,APPROVED
B_108053,ACC_1010054,ACC_1007806,2021-01-29 15:02:14,APPROVED
B_108054,ACC_1010054,ACC_1011229,2021-01-31 15:02:14,APPROVED
B_108055,ACC_1010054,ACC_1009581,2021-01-30 15:02:14,APPROVED
B_108056,ACC_1010058,ACC_1006833,2017-04-01 04:37:21,APPROVED
B_108057,ACC_1010058,ACC_1008817,2017-03-26 04:37:21,APPROVED
B_108058,ACC_1010060,ACC_1002063,2018-08-05 14:47:19,APPROVED
B_108059,ACC_1010061,ACC_1003251,2018-08-03 16:58:19,APPROVED
B_108060,ACC_1010061,ACC_1013280,2018-08-07 16:58:19,APPROVED
B_108061,ACC_1010065,ACC_1006369,2018-03-20 13:12:33,APPROVED
B_108062,ACC_1010066,ACC_1012276,2021-12-08 12:07:23,APPROVED
B_108063,ACC_1010066,ACC_1013602,2021-12-09 12:07:23,APPROVED
B_108064,ACC_1010066,ACC_1014377,2021-12-11 12:07:23,APPROVED
B_108065,ACC_1010071,ACC_1002337,2018-10-05 17:22:17,APPROVED
B_108066,ACC_1010071,ACC_1009037,2018-10-05 17:22:17,APPROVED
B_108067,ACC_1010071,ACC_1007410,2018-10-05 17:22:17,APPROVED
B_108068,ACC_1010074,ACC_1010759,2025-08-13 10:41:30,APPROVED
B_108069,ACC_1010074,ACC_1009739,2025-08-12 10:41:30,APPROVED
B_108070,ACC_1010078,ACC_1010142,2021-09-02 08:51:05,APPROVED
B_108071,ACC_1010078,ACC_1005859,2021-09-01 08:51:05,APPROVED
B_108072,ACC_1010081,ACC_1007447,2017-04-19 07:23:12,APPROVED
B_108073,ACC_1010081,ACC_1000599,2017-04-20 07:23:12,APPROVED
B_108074,ACC_1010083,ACC_1001225,2018-12-10 21:21:38,APPROVED
B_108075,ACC_1010083,ACC_1006952,2018-12-04 21:21:38,APPROVED
B_108076,ACC_1010083,ACC_1003148,2018-12-05 21:21:38,APPROVED
B_108077,ACC_1010091,ACC_1013537,2020-05-02 21:51:11,APPROVED
B_108078,ACC_1010091,ACC_1006521,2020-05-04 21:51:11,APPROVED
B_108079,ACC_1010093,ACC_1000250,2023-05-30 02:20:03,APPROVED
B_108080,ACC_1010093,ACC_1013010,2023-06-01 02:20:03,APPROVED
B_108081,ACC_1010093,ACC_1014129,2023-06-02 02:20:03,APPROVED
B_108082,ACC_1010097,ACC_1009934,2018-12-31 15:28:50,APPROVED
B_108083,ACC_1010097,ACC_1009593,2018-12-26 15:28:50,APPROVED
B_108084,ACC_1010098,ACC_1006000,2017-01-18 06:31:10,APPROVED
B_108085,ACC_1010098,ACC_1005797,2017-01-23 06:31:10,APPROVED
B_108086,ACC_1010098,ACC_1000808,2017-01-20 06:31:10,APPROVED
B_108087,ACC_1010102,ACC_1004586,2025-09-02 20:15:43,APPROVED
B_108088,ACC_1010104,ACC_1005760,2024-11-28 10:09:10,APPROVED
B_108089,ACC_1010104,ACC_1010675,2024-12-03 10:09:10,APPROVED
B_108090,ACC_1010104,ACC_1002039,2024-11-27 10:09:10,APPROVED
B_108091,ACC_1010105,ACC_1008410,2021-01-09 10:46:51,APPROVED
B_108092,ACC_1010105,ACC_1012922,2020-12-31 10:46:51,APPROVED
B_108093,ACC_1010105,ACC_1013565,2021-01-02 10:46:51,APPROVED
B_108094,ACC_1010107,ACC_1013019,2025-01-04 19:35:26,APPROVED
B_108095,ACC_1010107,ACC_1003572,2025-01-10 19:35:26,APPROVED
B_108096,ACC_1010111,ACC_1007309,2024-03-24 07:26:28,APPROVED
B_108097,ACC_1010111,ACC_1007714,2024-03-28 07:26:28,APPROVED
B_108098,ACC_1010112,ACC_1009187,2021-11-02 19:02:44,APPROVED
B_108099,ACC_1010112,ACC_1010392,2021-11-01 19:02:44,APPROVED
B_108100,ACC_1010112,ACC_1006075,2021-10-30 19:02:44,APPROVED
B_108101,ACC_1010118,ACC_1002946,2020-09-30 11:36:18,APPROVED
B_108102,ACC_1010119,ACC_1014279,2019-03-29 14:58:03,APPROVED
B_108103,ACC_1010119,ACC_1003055,2019-03-23 14:58:03,APPROVED
B_108104,ACC_1010119,ACC_1006916,2019-03-31 14:58:03,APPROVED
B_108105,ACC_1010122,ACC_1013951,2018-10-22 22:43:10,APPROVED
B_108106,ACC_1010122,ACC_1013265,2018-10-22 22:43:10,APPROVED
B_108107,ACC_1010122,ACC_1011769,2018-10-27 22:43:10,APPROVED
B_108108,ACC_1010127,ACC_1011101,2016-07-27 05:58:10,APPROVED
B_108109,ACC_1010129,ACC_1007867,2019-10-20 23:40:00,APPROVED
B_108110,ACC_1010129,ACC_1000387,2019-10-26 23:40:00,APPROVED
B_108111,ACC_1010129,ACC_1007279,2019-10-26 23:40:00,APPROVED
B_108112,ACC_1010130,ACC_1014139,2019-11-06 06:07:00,APPROVED
B_108113,ACC_1010130,ACC_1008244,2019-11-10 06:07:00,APPROVED
B_108114,ACC_1010130,ACC_1006136,2019-11-09 06:07:00,APPROVED
B_108115,ACC_1010132,ACC_1000733,2018-08-17 18:46:14,APPROVED
B_108116,ACC_1010132,ACC_1014854,2018-08-11 18:46:14,APPROVED
B_108117,ACC_1010133,ACC_1013499,2018-07-31 13:13:14,APPROVED
B_108118,ACC_1010133,ACC_1002600,2018-08-07 13:13:14,APPROVED
B_108119,ACC_1010136,ACC_1006062,2016-04-09 20:49:32,APPROVED
B_108120,ACC_1010136,ACC_1011497,2016-04-13 20:49:32,APPROVED
B_108121,ACC_1010137,ACC_1006211,2016-04-05 11:46:32,APPROVED
B_108122,ACC_1010137,ACC_1000171,2016-04-07 11:46:32,APPROVED
B_108123,ACC_1010139,ACC_1012540,2016-11-21 00:56:09,APPROVED
B_108124,ACC_1010141,ACC_1006023,2016-11-12 12:47:09,PENDING
B_108125,ACC_1010141,ACC_1002281,2016-11-19 12:47:09,APPROVED
B_108126,ACC_1010144,ACC_1010333,2024-12-29 07:20:00,APPROVED
B_108127,ACC_1010144,ACC_1010080,2024-12-29 07:20:00,PENDING
B_108128,ACC_1010144,ACC_1011364,2025-01-02 07:20:00,APPROVED
B_108129,ACC_1010151,ACC_1005413,2019-05-21 15:12:55,PENDING
B_108130,ACC_1010151,ACC_1005715,2019-05-18 15:12:55,APPROVED
B_108131,ACC_1010157,ACC_1012502,2024-09-04 13:08:07,APPROVED
B_108132,ACC_1010161,ACC_1000200,2022-12-11 04:16:54,APPROVED
B_108133,ACC_1010161,ACC_1008712,2022-12-03 04:16:54,APPROVED
B_108134,ACC_1010166,ACC_1007076,2017-09-10 10:57:29,APPROVED
B_108135,ACC_1010166,ACC_1011106,2017-09-12 10:57:29,APPROVED
B_108136,ACC_1010173,ACC_1005087,2023-09-23 21:45:03,APPROVED
B_108137,ACC_1010176,ACC_1000261,2017-07-02 17:47:20,APPROVED
B_108138,ACC_1010176,ACC_1013912,2017-06-27 17:47:20,APPROVED
B_108139,ACC_1010186,ACC_1000235,2025-02-22 22:29:33,APPROVED
B_108140,ACC_1010187,ACC_1010640,2022-03-01 19:22:53,APPROVED
B_108141,ACC_1010187,ACC_1010193,2022-03-05 19:22:53,APPROVED
B_108142,ACC_1010189,ACC_1003409,2017-05-20 01:41:50,APPROVED
B_108143,ACC_1010190,ACC_1012227,2016-09-29 19:54:25,APPROVED
B_108144,ACC_1010190,ACC_1010319,2016-09-20 19:54:25,APPROVED
B_108145,ACC_1010190,ACC_1013554,2016-09-25 19:54:25,APPROVED
B_108146,ACC_1010192,ACC_1007698,2025-09-09 01:44:17,APPROVED
B_108147,ACC_1010193,ACC_1005237,2021-10-22 06:45:33,APPROVED
B_108148,ACC_1010193,ACC_1002405,2021-10-17 06:45:33,APPROVED
B_108149,ACC_1010195,ACC_1000021,2017-03-05 23:21:42,APPROVED
B_108150,ACC_1010195,ACC_1008346,2017-03-05 23:21:42,APPROVED
B_108151,ACC_1010195,ACC_1010776,2017-03-11 23:21:42,APPROVED
B_108152,ACC_1010199,ACC_1006661,2020-02-07 12:26:47,APPROVED
B_108153,ACC_1010199,ACC_1004266,2020-02-09 12:26:47,APPROVED
B_108154,ACC_1010202,ACC_1006307,2022-06-11 06:33:15,APPROVED
B_108155,ACC_1010204,ACC_1005805,2025-06-14 22:29:17,APPROVED
B_108156,ACC_1010211,ACC_1012795,2017-03-13 02:29:04,APPROVED
B_108157,ACC_1010211,ACC_1000943,2017-03-16 02:29:04,PENDING
B_108158,ACC_1010219,ACC_1013482,2021-05-08 21:18:04,APPROVED
B_108159,ACC_1010223,ACC_1009343,2019-07-13 17:27:56,APPROVED
B_108160,ACC_1010225,ACC_1009859,2024-02-19 21:04:57,APPROVED
B_108161,ACC_1010225,ACC_1000614,2024-02-19 21:04:57,APPROVED
B_108162,ACC_1010225,ACC_1011018,2024-02-22 21:04:57,APPROVED
B_108163,ACC_1010228,ACC_1008522,2018-11-09 07:27:03,APPROVED
B_108164,ACC_1010229,ACC_1003117,2021-04-30 21:52:27,APPROVED
B_108165,ACC_1010229,ACC_1009642,2021-04-26 21:52:27,APPROVED
B_108166,ACC_1010230,ACC_1013841,2023-02-01 22:36:43,APPROVED
B_108167,ACC_1010234,ACC_1008931,2024-07-02 17:33:25,APPROVED
B_108168,ACC_1010234,ACC_1006091,2024-06-30 17:33:25,APPROVED
B_108169,ACC_1010240,ACC_1012017,2022-11-30 05:50:26,APPROVED
B_108170,ACC_1010241,ACC_1009054,2019-11-21 02:26:42,APPROVED
B_108171,ACC_1010241,ACC_1011081,2019-11-15 02:26:42,APPROVED
B_108172,ACC_1010245,ACC_1003990,2023-03-24 05:20:08,APPROVED
B_108173,ACC_1010247,ACC_1009271,2016-11-21 15:00:38,APPROVED
B_108174,ACC_1010247,ACC_1008519,2016-11-13 15:00:38,APPROVED
B_108175,ACC_1010248,ACC_1014175,2018-11-07 12:45:17,APPROVED
B_108176,ACC_1010254,ACC_1009724,2023-11-27 18:32:33,APPROVED
B_108177,ACC_1010260,ACC_1014816,2025-12-15 21:50:07,APPROVED
B_108178,ACC_1010260,ACC_1014075,2025-12-11 21:50:07,APPROVED
B_108179,ACC_1010262,ACC_1013598,2019-01-21 22:44:15,APPROVED
B_108180,ACC_1010262,ACC_1014866,2019-01-22 22:44:15,APPROVED
B_108181,ACC_1010262,ACC_1010009,2019-01-18 22:44:15,APPROVED
B_108182,ACC_1010263,ACC_1014345,2016-04-02 02:28:36,APPROVED
B_108183,ACC_1010263,ACC_1011751,2016-03-31 02:28:36,APPROVED
B_108184,ACC_1010263,ACC_1001343,2016-04-03 02:28:36,APPROVED
B_108185,ACC_1010267,ACC_1003940,2025-05-03 09:51:49,APPROVED
B_108186,ACC_1010267,ACC_1003126,2025-05-06 09:51:49,APPROVED
B_108187,ACC_1010270,ACC_1012226,2017-02-04 14:09:51,PENDING
B_108188,ACC_1010270,ACC_1011784,2017-02-04 14:09:51,APPROVED
B_108189,ACC_1010270,ACC_1008371,2017-02-02 14:09:51,APPROVED
B_108190,ACC_1010271,ACC_1007148,2017-01-23 20:10:51,APPROVED
B_108191,ACC_1010271,ACC_1012499,2017-01-18 20:10:51,APPROVED
B_108192,ACC_1010275,ACC_1001417,2022-08-20 21:58:57,APPROVED
B_108193,ACC_1010275,ACC_1014205,2022-08-13 21:58:57,APPROVED
B_108194,ACC_1010276,ACC_1006236,2019-02-05 16:01:31,APPROVED
B_108195,ACC_1010276,ACC_1010647,2019-02-08 16:01:31,APPROVED
B_108196,ACC_1010278,ACC_1003476,2021-05-22 01:03:31,APPROVED
B_108197,ACC_1010278,ACC_1000290,2021-05-22 01:03:31,APPROVED
B_108198,ACC_1010278,ACC_1014712,2021-05-24 01:03:31,APPROVED
B_108199,ACC_1010280,ACC_1004439,2025-09-11 03:52:02,APPROVED
B_108200,ACC_1010283,ACC_1003854,2025-11-07 19:04:04,APPROVED
B_108201,ACC_1010283,ACC_1014496,2025-11-07 19:04:04,APPROVED
B_108202,ACC_1010291,ACC_1008405,2024-12-14 03:36:12,APPROVED
B_108203,ACC_1010292,ACC_1012473,2024-12-07 21:40:12,APPROVED
B_108204,ACC_1010293,ACC_1011329,2021-09-11 16:43:17,APPROVED
B_108205,ACC_1010298,ACC_1004477,2020-09-20 05:57:28,APPROVED
B_108206,ACC_1010301,ACC_1012902,2020-12-08 05:16:10,PENDING
B_108207,ACC_1010301,ACC_1005106,2020-12-15 05:16:10,APPROVED
B_108208,ACC_1010302,ACC_1013582,2020-11-21 07:58:10,APPROVED
B_108209,ACC_1010303,ACC_1002877,2020-12-02 18:51:10,APPROVED
B_108210,ACC_1010303,ACC_1002242,2020-12-02 18:51:10,APPROVED
B_108211,ACC_1010303,ACC_1014260,2020-12-01 18:51:10,APPROVED
B_108212,ACC_1010304,ACC_1010474,2020-08-11 14:56:08,APPROVED
B_108213,ACC_1010304,ACC_1005498,2020-08-16 14:56:08,APPROVED
B_108214,ACC_1010306,ACC_1014988,2026-01-24 01:19:04,APPROVED
B_108215,ACC_1010306,ACC_1006551,2026-01-15 01:19:04,APPROVED
B_108216,ACC_1010307,ACC_1005815,2025-12-08 13:34:41,APPROVED
B_108217,ACC_1010307,ACC_1003794,2025-12-08 13:34:41,APPROVED
B_108218,ACC_1010307,ACC_1014950,2025-12-08 13:34:41,APPROVED
B_108219,ACC_1010317,ACC_1006371,2023-05-30 03:19:54,APPROVED
B_108220,ACC_1010317,ACC_1003315,2023-06-07 03:19:54,APPROVED
B_108221,ACC_1010318,ACC_1010586,2023-06-13 09:38:54,PENDING
B_108222,ACC_1010319,ACC_1000473,2016-12-18 19:38:18,APPROVED
B_108223,ACC_1010320,ACC_1006372,2021-01-30 19:31:50,APPROVED
B_108224,ACC_1010320,ACC_1002163,2021-01-27 19:31:50,APPROVED
B_108225,ACC_1010322,ACC_1003114,2019-08-27 04:23:03,APPROVED
B_108226,ACC_1010325,ACC_1003107,2017-02-28 11:33:02,APPROVED
B_108227,ACC_1010325,ACC_1007073,2017-02-22 11:33:02,APPROVED
B_108228,ACC_1010326,ACC_1002050,2021-02-03 22:58:23,APPROVED
B_108229,ACC_1010326,ACC_1000125,2021-02-03 22:58:23,APPROVED
B_108230,ACC_1010327,ACC_1000676,2021-02-22 17:22:23,APPROVED
B_108231,ACC_1010330,ACC_1007156,2024-01-29 13:32:19,APPROVED
B_108232,ACC_1010333,ACC_1001930,2021-08-28 01:24:11,APPROVED
B_108233,ACC_1010334,ACC_1002590,2018-02-04 08:51:32,APPROVED
B_108234,ACC_1010334,ACC_1001058,2018-02-06 08:51:32,APPROVED
B_108235,ACC_1010334,ACC_1012839,2018-02-07 08:51:32,APPROVED
B_108236,ACC_1010338,ACC_1010847,2024-10-05 11:59:47,APPROVED
B_108237,ACC_1010341,ACC_1010331,2017-02-03 08:25:56,APPROVED
B_108238,ACC_1010342,ACC_1002930,2018-07-21 03:57:07,APPROVED
B_108239,ACC_1010342,ACC_1009721,2018-07-20 03:57:07,PENDING
B_108240,ACC_1010342,ACC_1002601,2018-07-20 03:57:07,APPROVED
B_108241,ACC_1010347,ACC_1003211,2017-09-29 04:17:00,APPROVED
B_108242,ACC_1010349,ACC_1013808,2017-06-19 18:11:44,APPROVED
B_108243,ACC_1010357,ACC_1003069,2022-06-16 23:04:25,APPROVED
B_108244,ACC_1010357,ACC_1004075,2022-06-20 23:04:25,APPROVED
B_108245,ACC_1010359,ACC_1013439,2019-10-24 13:47:42,APPROVED
B_108246,ACC_1010359,ACC_1004580,2019-10-29 13:47:42,APPROVED
B_108247,ACC_1010360,ACC_1008585,2023-04-11 00:25:20,APPROVED
B_108248,ACC_1010360,ACC_1014703,2023-04-13 00:25:20,APPROVED
B_108249,ACC_1010362,ACC_1000319,2025-11-29 00:58:53,APPROVED
B_108250,ACC_1010362,ACC_1010168,2025-12-02 00:58:53,APPROVED
B_108251,ACC_1010363,ACC_1008882,2025-12-07 07:18:53,APPROVED
B_108252,ACC_1010363,ACC_1004217,2025-12-01 07:18:53,APPROVED
B_108253,ACC_1010363,ACC_1007413,2025-12-06 07:18:53,APPROVED
B_108254,ACC_1010364,ACC_1002529,2025-12-11 05:50:00,APPROVED
B_108255,ACC_1010365,ACC_1004826,2025-12-12 13:35:00,APPROVED
B_108256,ACC_1010365,ACC_1013032,2025-12-04 13:35:00,APPROVED
B_108257,ACC_1010369,ACC_1000733,2021-01-24 09:40:24,APPROVED
B_108258,ACC_1010369,ACC_1014856,2021-01-29 09:40:24,APPROVED
B_108259,ACC_1010369,ACC_1011384,2021-01-24 09:40:24,APPROVED
B_108260,ACC_1010370,ACC_1003046,2021-01-23 01:49:24,APPROVED
B_108261,ACC_1010370,ACC_1008519,2021-01-29 01:49:24,APPROVED
B_108262,ACC_1010370,ACC_1007815,2021-01-25 01:49:24,APPROVED
B_108263,ACC_1010372,ACC_1008381,2016-10-22 14:47:44,APPROVED
B_108264,ACC_1010372,ACC_1003331,2016-10-26 14:47:44,APPROVED
B_108265,ACC_1010372,ACC_1004473,2016-10-25 14:47:44,APPROVED
B_108266,ACC_1010373,ACC_1013954,2021-02-23 17:05:24,APPROVED
B_108267,ACC_1010374,ACC_1001405,2019-08-29 08:16:49,APPROVED
B_108268,ACC_1010374,ACC_1012590,2019-09-05 08:16:49,APPROVED
B_108269,ACC_1010374,ACC_1014459,2019-08-28 08:16:49,APPROVED
B_108270,ACC_1010379,ACC_1010118,2024-08-25 17:42:34,PENDING
B_108271,ACC_1010379,ACC_1012818,2024-08-21 17:42:34,APPROVED
B_108272,ACC_1010385,ACC_1000649,2017-07-24 04:52:03,APPROVED
B_108273,ACC_1010389,ACC_1004999,2020-10-27 00:59:29,APPROVED
B_108274,ACC_1010389,ACC_1000339,2020-10-21 00:59:29,APPROVED
B_108275,ACC_1010389,ACC_1007165,2020-10-20 00:59:29,APPROVED
B_108276,ACC_1010391,ACC_1009045,2016-11-01 06:12:30,APPROVED
B_108277,ACC_1010391,ACC_1007204,2016-11-01 06:12:30,APPROVED
B_108278,ACC_1010393,ACC_1004584,2023-09-02 09:34:15,APPROVED
B_108279,ACC_1010394,ACC_1009375,2024-12-05 11:11:10,APPROVED
B_108280,ACC_1010394,ACC_1002207,2024-12-04 11:11:10,APPROVED
B_108281,ACC_1010394,ACC_1007269,2024-12-02 11:11:10,APPROVED
B_108282,ACC_1010399,ACC_1003198,2016-12-25 22:49:21,APPROVED
B_108283,ACC_1010400,ACC_1008985,2019-05-13 15:16:27,APPROVED
B_108284,ACC_1010402,ACC_1006904,2017-10-07 17:15:58,APPROVED
B_108285,ACC_1010402,ACC_1012370,2017-10-05 17:15:58,APPROVED
B_108286,ACC_1010403,ACC_1014782,2016-12-29 19:12:07,APPROVED
B_108287,ACC_1010403,ACC_1014308,2017-01-01 19:12:07,APPROVED
B_108288,ACC_1010406,ACC_1009042,2024-09-08 11:19:56,APPROVED
B_108289,ACC_1010406,ACC_1002509,2024-09-06 11:19:56,APPROVED
B_108290,ACC_1010408,ACC_1010806,2020-08-24 21:58:56,APPROVED
B_108291,ACC_1010410,ACC_1010311,2016-02-08 09:35:27,APPROVED
B_108292,ACC_1010412,ACC_1006183,2020-07-01 11:40:34,APPROVED
B_108293,ACC_1010412,ACC_1010732,2020-06-25 11:40:34,APPROVED
B_108294,ACC_1010414,ACC_1011083,2023-01-02 19:24:12,APPROVED
B_108295,ACC_1010414,ACC_1010479,2023-01-03 19:24:12,APPROVED
B_108296,ACC_1010414,ACC_1009074,2023-01-03 19:24:12,APPROVED
B_108297,ACC_1010415,ACC_1013293,2018-07-31 08:19:16,PENDING
B_108298,ACC_1010415,ACC_1008006,2018-07-28 08:19:16,APPROVED
B_108299,ACC_1010418,ACC_1011175,2020-06-18 09:40:43,APPROVED
B_108300,ACC_1010418,ACC_1004206,2020-06-12 09:40:43,APPROVED
B_108301,ACC_1010418,ACC_1014097,2020-06-11 09:40:43,APPROVED
B_108302,ACC_1010423,ACC_1011823,2021-06-22 09:16:05,PENDING
B_108303,ACC_1010423,ACC_1010299,2021-06-23 09:16:05,APPROVED
B_108304,ACC_1010424,ACC_1010990,2021-06-06 10:42:05,APPROVED
B_108305,ACC_1010425,ACC_1002125,2016-11-03 09:32:50,APPROVED
B_108306,ACC_1010429,ACC_1006641,2022-05-31 04:46:23,APPROVED
B_108307,ACC_1010429,ACC_1003664,2022-05-31 04:46:23,APPROVED
B_108308,ACC_1010429,ACC_1013990,2022-06-04 04:46:23,APPROVED
B_108309,ACC_1010431,ACC_1009815,2017-06-11 19:19:46,PENDING
B_108310,ACC_1010431,ACC_1005994,2017-06-14 19:19:46,APPROVED
B_108311,ACC_1010433,ACC_1008041,2022-05-03 07:16:16,APPROVED
B_108312,ACC_1010433,ACC_1001736,2022-05-04 07:16:16,APPROVED
B_108313,ACC_1010433,ACC_1001545,2022-05-03 07:16:16,PENDING
B_108314,ACC_1010437,ACC_1004097,2016-02-07 00:32:07,APPROVED
B_108315,ACC_1010438,ACC_1014673,2023-06-17 22:48:58,APPROVED
B_108316,ACC_1010438,ACC_1008914,2023-06-13 22:48:58,APPROVED
B_108317,ACC_1010440,ACC_1012056,2021-05-25 20:00:45,APPROVED
B_108318,ACC_1010440,ACC_1001660,2021-05-25 20:00:45,APPROVED
B_108319,ACC_1010440,ACC_1001704,2021-05-19 20:00:45,APPROVED
B_108320,ACC_1010441,ACC_1008638,2021-04-22 15:04:45,APPROVED
B_108321,ACC_1010441,ACC_1001671,2021-04-24 15:04:45,APPROVED
B_108322,ACC_1010441,ACC_1012383,2021-05-01 15:04:45,APPROVED
B_108323,ACC_1010442,ACC_1004567,2016-11-09 22:42:23,PENDING
B_108324,ACC_1010442,ACC_1003222,2016-11-09 22:42:23,APPROVED
B_108325,ACC_1010442,ACC_1004389,2016-11-11 22:42:23,APPROVED
B_108326,ACC_1010444,ACC_1005552,2021-10-27 06:55:42,APPROVED
B_108327,ACC_1010444,ACC_1009970,2021-10-26 06:55:42,APPROVED
B_108328,ACC_1010448,ACC_1012282,2017-12-19 00:42:54,PENDING
B_108329,ACC_1010448,ACC_1012432,2017-12-12 00:42:54,APPROVED
B_108330,ACC_1010448,ACC_1000340,2017-12-16 00:42:54,APPROVED
B_108331,ACC_1010449,ACC_1014704,2022-11-23 18:01:27,APPROVED
B_108332,ACC_1010449,ACC_1001044,2022-11-24 18:01:27,APPROVED
B_108333,ACC_1010455,ACC_1003042,2016-08-21 08:52:30,APPROVED
B_108334,ACC_1010455,ACC_1007148,2016-08-20 08:52:30,APPROVED
B_108335,ACC_1010457,ACC_1000139,2025-01-29 14:54:29,APPROVED
B_108336,ACC_1010459,ACC_1013374,2016-11-16 10:44:36,APPROVED
B_108337,ACC_1010459,ACC_1008302,2016-11-24 10:44:36,APPROVED
B_108338,ACC_1010463,ACC_1004994,2019-05-03 06:37:18,APPROVED
B_108339,ACC_1010465,ACC_1001816,2020-04-03 10:28:08,APPROVED
B_108340,ACC_1010465,ACC_1003167,2020-03-29 10:28:08,APPROVED
B_108341,ACC_1010468,ACC_1007981,2025-07-10 04:56:26,PENDING
B_108342,ACC_1010468,ACC_1008884,2025-07-13 04:56:26,APPROVED
B_108343,ACC_1010468,ACC_1013228,2025-07-12 04:56:26,APPROVED
B_108344,ACC_1010473,ACC_1010517,2024-10-17 19:47:17,APPROVED
B_108345,ACC_1010473,ACC_1003448,2024-10-15 19:47:17,APPROVED
B_108346,ACC_1010473,ACC_1001333,2024-10-16 19:47:17,APPROVED
B_108347,ACC_1010475,ACC_1013640,2021-04-08 17:13:30,APPROVED
B_108348,ACC_1010475,ACC_1002013,2021-04-09 17:13:30,APPROVED
B_108349,ACC_1010475,ACC_1003785,2021-04-10 17:13:30,APPROVED
B_108350,ACC_1010478,ACC_1002408,2023-02-22 08:40:30,APPROVED
B_108351,ACC_1010478,ACC_1013354,2023-02-25 08:40:30,APPROVED
B_108352,ACC_1010478,ACC_1006874,2023-03-01 08:40:30,APPROVED
B_108353,ACC_1010481,ACC_1009303,2021-06-20 07:56:27,APPROVED
B_108354,ACC_1010481,ACC_1001982,2021-06-22 07:56:27,APPROVED
B_108355,ACC_1010484,ACC_1011438,2023-01-16 00:55:49,APPROVED
B_108356,ACC_1010488,ACC_1001600,2016-08-08 15:22:36,APPROVED
B_108357,ACC_1010488,ACC_1002160,2016-08-10 15:22:36,APPROVED
B_108358,ACC_1010488,ACC_1012345,2016-08-05 15:22:36,PENDING
B_108359,ACC_1010490,ACC_1009589,2016-11-12 01:02:27,APPROVED
B_108360,ACC_1010491,ACC_1006140,2016-11-10 17:42:27,APPROVED
B_108361,ACC_1010491,ACC_1007996,2016-11-07 17:42:27,PENDING
B_108362,ACC_1010491,ACC_1013032,2016-11-05 17:42:27,APPROVED
B_108363,ACC_1010493,ACC_1007937,2019-05-02 05:13:40,APPROVED
B_108364,ACC_1010493,ACC_1012697,2019-05-03 05:13:40,APPROVED
B_108365,ACC_1010496,ACC_1005091,2016-05-29 18:39:44,APPROVED
B_108366,ACC_1010496,ACC_1013434,2016-06-02 18:39:44,APPROVED
B_108367,ACC_1010496,ACC_1000707,2016-05-28 18:39:44,APPROVED
B_108368,ACC_1010499,ACC_1006015,2023-03-09 20:26:47,APPROVED
B_108369,ACC_1010499,ACC_1005542,2023-03-12 20:26:47,APPROVED
B_108370,ACC_1010505,ACC_1004530,2020-02-12 18:58:21,APPROVED
B_108371,ACC_1010505,ACC_1004984,2020-02-07 18:58:21,APPROVED
B_108372,ACC_1010505,ACC_1004474,2020-02-10 18:58:21,APPROVED
B_108373,ACC_1010506,ACC_1009946,2020-01-23 11:34:21,APPROVED
B_108374,ACC_1010506,ACC_1001825,2020-01-22 11:34:21,APPROVED
B_108375,ACC_1010509,ACC_1012970,2025-09-09 15:24:41,APPROVED
B_108376,ACC_1010509,ACC_1000820,2025-09-12 15:24:41,APPROVED
B_108377,ACC_1010509,ACC_1010643,2025-09-07 15:24:41,APPROVED
B_108378,ACC_1010510,ACC_1013122,2018-03-22 12:37:41,APPROVED
B_108379,ACC_1010510,ACC_1006174,2018-03-23 12:37:41,APPROVED
B_108380,ACC_1010510,ACC_1011540,2018-03-17 12:37:41,APPROVED
B_108381,ACC_1010511,ACC_1008887,2018-03-20 17:56:41,APPROVED
B_108382,ACC_1010511,ACC_1012165,2018-03-24 17:56:41,APPROVED
B_108383,ACC_1010511,ACC_1008690,2018-03-22 17:56:41,APPROVED
B_108384,ACC_1010512,ACC_1004778,2024-06-16 19:47:06,APPROVED
B_108385,ACC_1010512,ACC_1009674,2024-06-20 19:47:06,APPROVED
B_108386,ACC_1010512,ACC_1006846,2024-06-16 19:47:06,APPROVED
B_108387,ACC_1010515,ACC_1001359,2020-11-30 17:38:09,APPROVED
B_108388,ACC_1010515,ACC_1014147,2020-11-26 17:38:09,APPROVED
B_108389,ACC_1010515,ACC_1004584,2020-11-26 17:38:09,APPROVED
B_108390,ACC_1010516,ACC_1009972,2018-02-03 18:02:37,APPROVED
B_108391,ACC_1010516,ACC_1002104,2018-02-09 18:02:37,PENDING
B_108392,ACC_1010516,ACC_1006103,2018-02-11 18:02:37,APPROVED
B_108393,ACC_1010518,ACC_1011118,2022-05-04 08:52:52,APPROVED
B_108394,ACC_1010518,ACC_1005092,2022-04-29 08:52:52,APPROVED
B_108395,ACC_1010518,ACC_1006395,2022-04-26 08:52:52,APPROVED
B_108396,ACC_1010520,ACC_1012003,2022-04-17 22:45:52,PENDING
B_108397,ACC_1010520,ACC_1006256,2022-04-21 22:45:52,APPROVED
B_108398,ACC_1010521,ACC_1014302,2017-04-18 10:26:23,APPROVED
B_108399,ACC_1010525,ACC_1004821,2018-10-26 08:12:25,APPROVED
B_108400,ACC_1010525,ACC_1000270,2018-10-31 08:12:25,APPROVED
B_108401,ACC_1010525,ACC_1002079,2018-10-29 08:12:25,APPROVED
B_108402,ACC_1010527,ACC_1000550,2021-05-20 10:35:28,APPROVED
B_108403,ACC_1010529,ACC_1004662,2018-10-27 19:01:52,APPROVED
B_108404,ACC_1010537,ACC_1004479,2016-10-16 04:07:17,APPROVED
B_108405,ACC_1010537,ACC_1010059,2016-10-16 04:07:17,APPROVED
B_108406,ACC_1010540,ACC_1003596,2021-10-29 17:42:01,APPROVED
B_108407,ACC_1010540,ACC_1003889,2021-10-29 17:42:01,APPROVED
B_108408,ACC_1010542,ACC_1005680,2021-10-18 02:21:35,APPROVED
B_108409,ACC_1010542,ACC_1010388,2021-10-18 02:21:35,APPROVED
B_108410,ACC_1010549,ACC_1000072,2016-11-22 20:17:29,APPROVED
B_108411,ACC_1010549,ACC_1008858,2016-11-21 20:17:29,APPROVED
B_108412,ACC_1010553,ACC_1014622,2018-05-17 11:06:43,APPROVED
B_108413,ACC_1010554,ACC_1007470,2018-05-11 17:44:43,APPROVED
B_108414,ACC_1010557,ACC_1006158,2018-01-26 05:15:54,APPROVED
B_108415,ACC_1010557,ACC_1009082,2018-01-26 05:15:54,APPROVED
B_108416,ACC_1010559,ACC_1006414,2017-10-13 23:23:08,APPROVED
B_108417,ACC_1010560,ACC_1005726,2017-10-30 17:29:08,APPROVED
B_108418,ACC_1010561,ACC_1006308,2017-10-29 05:29:08,APPROVED
B_108419,ACC_1010561,ACC_1008804,2017-11-01 05:29:08,APPROVED
B_108420,ACC_1010564,ACC_1007609,2025-06-26 09:06:16,APPROVED
B_108421,ACC_1010564,ACC_1014505,2025-06-27 09:06:16,APPROVED
B_108422,ACC_1010564,ACC_1010472,2025-06-26 09:06:16,APPROVED
B_108423,ACC_1010565,ACC_1003151,2025-09-21 17:56:05,APPROVED
B_108424,ACC_1010565,ACC_1010644,2025-09-24 17:56:05,APPROVED
B_108425,ACC_1010565,ACC_1014840,2025-09-23 17:56:05,APPROVED
B_108426,ACC_1010577,ACC_1008116,2023-06-23 23:19:35,PENDING
B_108427,ACC_1010577,ACC_1002129,2023-06-24 23:19:35,APPROVED
B_108428,ACC_1010577,ACC_1010380,2023-06-27 23:19:35,APPROVED
B_108429,ACC_1010579,ACC_1011582,2023-11-20 02:01:34,APPROVED
B_108430,ACC_1010579,ACC_1013293,2023-11-21 02:01:34,PENDING
B_108431,ACC_1010581,ACC_1007595,2019-02-05 14:48:37,APPROVED
B_108432,ACC_1010581,ACC_1000146,2019-01-28 14:48:37,APPROVED
B_108433,ACC_1010581,ACC_1004432,2019-02-02 14:48:37,APPROVED
B_108434,ACC_1010588,ACC_1013020,2022-05-11 08:24:10,APPROVED
B_108435,ACC_1010588,ACC_1006792,2022-05-11 08:24:10,APPROVED
B_108436,ACC_1010590,ACC_1007291,2017-04-23 20:55:56,APPROVED
B_108437,ACC_1010590,ACC_1012947,2017-04-21 20:55:56,PENDING
B_108438,ACC_1010590,ACC_1005768,2017-04-20 20:55:56,APPROVED
B_108439,ACC_1010591,ACC_1013005,2018-02-20 07:08:37,APPROVED
B_108440,ACC_1010591,ACC_1003978,2018-02-19 07:08:37,APPROVED
B_108441,ACC_1010591,ACC_1013552,2018-02-23 07:08:37,APPROVED
B_108442,ACC_1010595,ACC_1004977,2024-11-15 23:14:46,APPROVED
B_108443,ACC_1010595,ACC_1014100,2024-11-18 23:14:46,APPROVED
B_108444,ACC_1010595,ACC_1001784,2024-11-21 23:14:46,APPROVED
B_108445,ACC_1010597,ACC_1006694,2023-10-27 07:49:54,APPROVED
B_108446,ACC_1010597,ACC_1006603,2023-10-29 07:49:54,APPROVED
B_108447,ACC_1010600,ACC_1004855,2018-02-24 20:38:12,APPROVED
B_108448,ACC_1010600,ACC_1000695,2018-03-01 20:38:12,APPROVED
B_108449,ACC_1010600,ACC_1014930,2018-03-02 20:38:12,APPROVED
B_108450,ACC_1010601,ACC_1014256,2018-03-20 04:07:12,APPROVED
B_108451,ACC_1010603,ACC_1014196,2017-11-11 11:19:20,APPROVED
B_108452,ACC_1010605,ACC_1004033,2020-11-23 11:09:37,APPROVED
B_108453,ACC_1010606,ACC_1008479,2016-09-10 05:07:26,APPROVED
B_108454,ACC_1010607,ACC_1014986,2021-10-16 16:29:25,APPROVED
B_108455,ACC_1010607,ACC_1007153,2021-10-13 16:29:25,APPROVED
B_108456,ACC_1010609,ACC_1001025,2021-12-07 08:15:13,PENDING
B_108457,ACC_1010612,ACC_1002070,2023-12-04 11:24:35,APPROVED
B_108458,ACC_1010612,ACC_1006415,2023-12-12 11:24:35,PENDING
B_108459,ACC_1010612,ACC_1005274,2023-12-08 11:24:35,APPROVED
B_108460,ACC_1010615,ACC_1001893,2025-01-07 08:43:09,APPROVED
B_108461,ACC_1010615,ACC_1008401,2025-01-06 08:43:09,APPROVED
B_108462,ACC_1010616,ACC_1012486,2024-12-29 22:08:09,APPROVED
B_108463,ACC_1010616,ACC_1013242,2024-12-25 22:08:09,APPROVED
B_108464,ACC_1010618,ACC_1002884,2018-09-01 20:50:20,APPROVED
B_108465,ACC_1010618,ACC_1002370,2018-08-26 20:50:20,APPROVED
B_108466,ACC_1010620,ACC_1010162,2023-03-06 23:42:44,APPROVED
B_108467,ACC_1010620,ACC_1008205,2023-03-06 23:42:44,APPROVED
B_108468,ACC_1010620,ACC_1013370,2023-03-13 23:42:44,APPROVED
B_108469,ACC_1010621,ACC_1005360,2023-03-13 19:34:44,APPROVED
B_108470,ACC_1010621,ACC_1013045,2023-03-13 19:34:44,APPROVED
B_108471,ACC_1010621,ACC_1002989,2023-03-09 19:34:44,APPROVED
B_108472,ACC_1010623,ACC_1008255,2022-09-02 15:38:23,APPROVED
B_108473,ACC_1010623,ACC_1006907,2022-08-25 15:38:23,APPROVED
B_108474,ACC_1010623,ACC_1011285,2022-08-24 15:38:23,APPROVED
B_108475,ACC_1010631,ACC_1004480,2017-02-28 08:18:38,APPROVED
B_108476,ACC_1010631,ACC_1004657,2017-03-01 08:18:38,APPROVED
B_108477,ACC_1010634,ACC_1006238,2023-07-15 04:27:29,APPROVED
B_108478,ACC_1010634,ACC_1009850,2023-07-16 04:27:29,APPROVED
B_108479,ACC_1010634,ACC_1003869,2023-07-20 04:27:29,APPROVED
B_108480,ACC_1010637,ACC_1013016,2019-05-12 12:47:23,APPROVED
B_108481,ACC_1010637,ACC_1012024,2019-05-16 12:47:23,APPROVED
B_108482,ACC_1010637,ACC_1006097,2019-05-16 12:47:23,APPROVED
B_108483,ACC_1010639,ACC_1008332,2022-09-26 01:53:34,APPROVED
B_108484,ACC_1010639,ACC_1014219,2022-09-19 01:53:34,APPROVED
B_108485,ACC_1010641,ACC_1013359,2023-05-21 14:00:14,PENDING
B_108486,ACC_1010641,ACC_1007093,2023-05-26 14:00:14,APPROVED
B_108487,ACC_1010641,ACC_1013732,2023-05-19 14:00:14,APPROVED
B_108488,ACC_1010644,ACC_1007261,2021-09-09 09:05:19,APPROVED
B_108489,ACC_1010648,ACC_1005423,2016-09-14 01:01:10,APPROVED
B_108490,ACC_1010651,ACC_1013340,2021-11-08 16:26:37,APPROVED
B_108491,ACC_1010651,ACC_1011629,2021-11-06 16:26:37,APPROVED
B_108492,ACC_1010652,ACC_1010859,2021-11-02 16:56:37,APPROVED
B_108493,ACC_1010655,ACC_1006803,2017-02-23 17:29:01,APPROVED
B_108494,ACC_1010655,ACC_1000971,2017-02-27 17:29:01,APPROVED
B_108495,ACC_1010660,ACC_1011069,2019-11-28 02:36:57,APPROVED
B_108496,ACC_1010663,ACC_1003244,2025-09-22 21:52:54,APPROVED
B_108497,ACC_1010663,ACC_1002302,2025-09-21 21:52:54,APPROVED
B_108498,ACC_1010664,ACC_1008362,2020-02-10 04:49:31,APPROVED
B_108499,ACC_1010666,ACC_1009568,2019-05-24 19:43:33,APPROVED
B_108500,ACC_1010669,ACC_1004451,2016-07-15 09:19:00,APPROVED
B_108501,ACC_1010674,ACC_1008786,2016-12-28 16:10:54,APPROVED
B_108502,ACC_1010674,ACC_1006221,2016-12-21 16:10:54,APPROVED
B_108503,ACC_1010674,ACC_1008946,2016-12-23 16:10:54,APPROVED
B_108504,ACC_1010677,ACC_1011489,2024-03-25 16:04:23,APPROVED
B_108505,ACC_1010686,ACC_1013834,2025-03-31 04:38:57,APPROVED
B_108506,ACC_1010686,ACC_1010085,2025-03-31 04:38:57,APPROVED
B_108507,ACC_1010686,ACC_1002927,2025-03-30 04:38:57,APPROVED
B_108508,ACC_1010693,ACC_1000946,2021-05-26 17:09:46,APPROVED
B_108509,ACC_1010693,ACC_1001155,2021-05-31 17:09:46,APPROVED
B_108510,ACC_1010693,ACC_1005013,2021-06-02 17:09:46,PENDING
B_108511,ACC_1010697,ACC_1005974,2024-07-10 15:31:09,APPROVED
B_108512,ACC_1010697,ACC_1013202,2024-07-08 15:31:09,APPROVED
B_108513,ACC_1010698,ACC_1008782,2024-07-03 00:09:09,APPROVED
B_108514,ACC_1010702,ACC_1001670,2016-11-04 02:40:16,APPROVED
B_108515,ACC_1010702,ACC_1001096,2016-11-05 02:40:16,APPROVED
B_108516,ACC_1010704,ACC_1013896,2016-04-30 17:36:51,APPROVED
B_108517,ACC_1010704,ACC_1007182,2016-04-30 17:36:51,PENDING
B_108518,ACC_1010704,ACC_1001970,2016-05-05 17:36:51,APPROVED
B_108519,ACC_1010705,ACC_1002928,2017-07-29 10:49:21,APPROVED
B_108520,ACC_1010705,ACC_1005280,2017-07-30 10:49:21,PENDING
B_108521,ACC_1010710,ACC_1010266,2024-03-03 11:08:35,APPROVED
B_108522,ACC_1010710,ACC_1000688,2024-03-01 11:08:35,APPROVED
B_108523,ACC_1010711,ACC_1000726,2024-03-05 16:55:35,APPROVED
B_108524,ACC_1010711,ACC_1012872,2024-03-13 16:55:35,APPROVED
B_108525,ACC_1010711,ACC_1003108,2024-03-13 16:55:35,APPROVED
B_108526,ACC_1010712,ACC_1014005,2021-12-01 11:56:33,APPROVED
B_108527,ACC_1010712,ACC_1001472,2021-12-05 11:56:33,APPROVED
B_108528,ACC_1010713,ACC_1005240,2021-12-18 23:35:33,APPROVED
B_108529,ACC_1010713,ACC_1004217,2021-12-11 23:35:33,APPROVED
B_108530,ACC_1010714,ACC_1011048,2023-02-19 09:09:41,APPROVED
B_108531,ACC_1010714,ACC_1011685,2023-02-16 09:09:41,APPROVED
B_108532,ACC_1010714,ACC_1005069,2023-02-18 09:09:41,PENDING
B_108533,ACC_1010715,ACC_1011339,2023-03-04 06:54:41,APPROVED
B_108534,ACC_1010715,ACC_1011321,2023-03-05 06:54:41,APPROVED
B_108535,ACC_1010715,ACC_1013677,2023-03-07 06:54:41,APPROVED
B_108536,ACC_1010716,ACC_1000843,2023-03-07 21:00:41,APPROVED
B_108537,ACC_1010716,ACC_1003519,2023-03-12 21:00:41,APPROVED
B_108538,ACC_1010716,ACC_1007812,2023-03-08 21:00:41,APPROVED
B_108539,ACC_1010717,ACC_1005701,2019-07-18 19:46:11,APPROVED
B_108540,ACC_1010717,ACC_1009298,2019-07-22 19:46:11,APPROVED
B_108541,ACC_1010717,ACC_1003666,2019-07-22 19:46:11,APPROVED
B_108542,ACC_1010722,ACC_1000637,2021-01-28 04:46:40,APPROVED
B_108543,ACC_1010722,ACC_1002229,2021-02-02 04:46:40,APPROVED
B_108544,ACC_1010724,ACC_1003641,2017-01-09 22:57:35,APPROVED
B_108545,ACC_1010724,ACC_1011978,2017-01-11 22:57:35,APPROVED
B_108546,ACC_1010724,ACC_1007976,2017-01-04 22:57:35,APPROVED
B_108547,ACC_1010728,ACC_1006036,2017-02-04 00:45:01,APPROVED
B_108548,ACC_1010728,ACC_1009069,2017-02-04 00:45:01,PENDING
B_108549,ACC_1010728,ACC_1008646,2017-01-28 00:45:01,APPROVED
B_108550,ACC_1010729,ACC_1002181,2025-01-02 08:23:17,APPROVED
B_108551,ACC_1010729,ACC_1012305,2024-12-31 08:23:17,PENDING
B_108552,ACC_1010731,ACC_1002186,2019-01-13 01:54:55,APPROVED
B_108553,ACC_1010736,ACC_1006348,2024-08-03 09:02:00,APPROVED
B_108554,ACC_1010736,ACC_1011092,2024-08-02 09:02:00,APPROVED
B_108555,ACC_1010736,ACC_1004956,2024-08-03 09:02:00,APPROVED
B_108556,ACC_1010737,ACC_1007815,2020-06-02 13:24:48,APPROVED
B_108557,ACC_1010737,ACC_1014330,2020-06-05 13:24:48,APPROVED
B_108558,ACC_1010738,ACC_1014555,2024-10-18 08:18:28,APPROVED
B_108559,ACC_1010740,ACC_1006348,2024-10-24 00:49:28,APPROVED
B_108560,ACC_1010742,ACC_1012936,2025-06-24 04:10:50,APPROVED
B_108561,ACC_1010745,ACC_1007602,2024-10-14 21:44:19,APPROVED
B_108562,ACC_1010745,ACC_1002838,2024-10-14 21:44:19,APPROVED
B_108563,ACC_1010745,ACC_1009463,2024-10-14 21:44:19,APPROVED
B_108564,ACC_1010747,ACC_1003253,2025-02-05 16:54:36,APPROVED
B_108565,ACC_1010747,ACC_1002167,2025-02-07 16:54:36,PENDING
B_108566,ACC_1010747,ACC_1014179,2025-02-02 16:54:36,APPROVED
B_108567,ACC_1010749,ACC_1010222,2023-11-05 19:16:46,APPROVED
B_108568,ACC_1010749,ACC_1006158,2023-11-04 19:16:46,APPROVED
B_108569,ACC_1010749,ACC_1010848,2023-11-08 19:16:46,APPROVED
B_108570,ACC_1010751,ACC_1009029,2022-09-23 11:24:30,APPROVED
B_108571,ACC_1010751,ACC_1010968,2022-09-20 11:24:30,APPROVED
B_108572,ACC_1010754,ACC_1003758,2023-09-12 10:21:59,APPROVED
B_108573,ACC_1010754,ACC_1003805,2023-09-05 10:21:59,APPROVED
B_108574,ACC_1010755,ACC_1003475,2023-09-04 02:06:59,APPROVED
B_108575,ACC_1010758,ACC_1002084,2022-04-28 08:34:11,APPROVED
B_108576,ACC_1010758,ACC_1012535,2022-04-20 08:34:11,APPROVED
B_108577,ACC_1010765,ACC_1014338,2018-03-06 11:08:02,APPROVED
B_108578,ACC_1010765,ACC_1006985,2018-03-03 11:08:02,APPROVED
B_108579,ACC_1010765,ACC_1003919,2018-03-05 11:08:02,APPROVED
B_108580,ACC_1010768,ACC_1001639,2021-03-22 14:30:43,APPROVED
B_108581,ACC_1010772,ACC_1011183,2024-08-14 00:40:23,APPROVED
B_108582,ACC_1010772,ACC_1008976,2024-08-15 00:40:23,APPROVED
B_108583,ACC_1010774,ACC_1014721,2019-05-16 13:45:42,APPROVED
B_108584,ACC_1010774,ACC_1007662,2019-05-19 13:45:42,APPROVED
B_108585,ACC_1010774,ACC_1014624,2019-05-15 13:45:42,APPROVED
B_108586,ACC_1010782,ACC_1001766,2016-03-14 22:56:46,APPROVED
B_108587,ACC_1010782,ACC_1001173,2016-03-07 22:56:46,APPROVED
B_108588,ACC_1010788,ACC_1005857,2016-05-06 10:20:01,APPROVED
B_108589,ACC_1010788,ACC_1004352,2016-05-04 10:20:01,APPROVED
B_108590,ACC_1010788,ACC_1009220,2016-05-04 10:20:01,APPROVED
B_108591,ACC_1010791,ACC_1012118,2025-11-11 07:45:55,APPROVED
B_108592,ACC_1010791,ACC_1007148,2025-11-03 07:45:55,APPROVED
B_108593,ACC_1010791,ACC_1014559,2025-11-02 07:45:55,APPROVED
B_108594,ACC_1010794,ACC_1004223,2020-08-05 16:06:33,APPROVED
B_108595,ACC_1010794,ACC_1010916,2020-08-05 16:06:33,APPROVED
B_108596,ACC_1010794,ACC_1010202,2020-08-11 16:06:33,APPROVED
B_108597,ACC_1010798,ACC_1000670,2019-07-08 16:57:14,APPROVED
B_108598,ACC_1010799,ACC_1001424,2022-02-25 06:23:21,PENDING
B_108599,ACC_1010806,ACC_1000170,2016-04-09 19:23:47,APPROVED
B_108600,ACC_1010806,ACC_1007073,2016-04-15 19:23:47,APPROVED
B_108601,ACC_1010806,ACC_1006285,2016-04-09 19:23:47,APPROVED
B_108602,ACC_1010809,ACC_1010812,2019-03-15 03:36:07,APPROVED
B_108603,ACC_1010809,ACC_1013792,2019-03-14 03:36:07,APPROVED
B_108604,ACC_1010811,ACC_1000734,2019-03-12 11:20:07,APPROVED
B_108605,ACC_1010811,ACC_1007266,2019-03-15 11:20:07,APPROVED
B_108606,ACC_1010811,ACC_1009091,2019-03-14 11:20:07,APPROVED
B_108607,ACC_1010812,ACC_1003123,2024-12-19 13:41:30,APPROVED
B_108608,ACC_1010812,ACC_1014318,2024-12-15 13:41:30,APPROVED
B_108609,ACC_1010812,ACC_1008560,2024-12-12 13:41:30,APPROVED
B_108610,ACC_1010815,ACC_1008397,2020-11-22 01:19:56,APPROVED
B_108611,ACC_1010815,ACC_1012936,2020-11-23 01:19:56,APPROVED
B_108612,ACC_1010816,ACC_1015011,2024-03-29 11:31:59,APPROVED
B_108613,ACC_1010816,ACC_1012332,2024-03-31 11:31:59,APPROVED
B_108614,ACC_1010816,ACC_1004549,2024-03-30 11:31:59,APPROVED
B_108615,ACC_1010821,ACC_1014036,2023-06-21 23:51:45,APPROVED
B_108616,ACC_1010821,ACC_1003722,2023-06-22 23:51:45,APPROVED
B_108617,ACC_1010821,ACC_1000528,2023-06-21 23:51:45,APPROVED
B_108618,ACC_1010824,ACC_1002900,2017-02-21 08:31:02,APPROVED
B_108619,ACC_1010825,ACC_1005897,2018-07-29 15:16:54,APPROVED
B_108620,ACC_1010826,ACC_1002592,2016-12-08 09:09:35,APPROVED
B_108621,ACC_1010827,ACC_1008202,2016-11-28 22:28:35,APPROVED
B_108622,ACC_1010827,ACC_1014333,2016-11-28 22:28:35,APPROVED
B_108623,ACC_1010827,ACC_1008840,2016-12-03 22:28:35,APPROVED
B_108624,ACC_1010828,ACC_1007038,2022-12-06 14:51:33,APPROVED
B_108625,ACC_1010832,ACC_1009561,2024-03-18 05:24:01,APPROVED
B_108626,ACC_1010832,ACC_1002987,2024-03-10 05:24:01,APPROVED
B_108627,ACC_1010837,ACC_1015045,2022-10-05 14:46:00,APPROVED
B_108628,ACC_1010837,ACC_1005284,2022-10-05 14:46:00,APPROVED
B_108629,ACC_1010837,ACC_1006356,2022-09-29 14:46:00,APPROVED
B_108630,ACC_1010838,ACC_1012171,2022-09-20 12:12:00,APPROVED
B_108631,ACC_1010838,ACC_1008923,2022-09-13 12:12:00,APPROVED
B_108632,ACC_1010838,ACC_1005644,2022-09-19 12:12:00,APPROVED
B_108633,ACC_1010847,ACC_1003842,2024-12-14 05:51:26,APPROVED
B_108634,ACC_1010848,ACC_1008396,2019-01-10 15:38:09,APPROVED
B_108635,ACC_1010850,ACC_1010576,2018-11-20 19:57:11,APPROVED
B_108636,ACC_1010851,ACC_1007946,2025-05-08 20:39:29,APPROVED
B_108637,ACC_1010851,ACC_1013969,2025-05-09 20:39:29,APPROVED
B_108638,ACC_1010851,ACC_1001401,2025-05-14 20:39:29,APPROVED
B_108639,ACC_1010855,ACC_1002516,2022-08-02 19:43:11,APPROVED
B_108640,ACC_1010855,ACC_1008629,2022-08-02 19:43:11,APPROVED
B_108641,ACC_1010855,ACC_1011233,2022-08-02 19:43:11,APPROVED
B_108642,ACC_1010856,ACC_1012144,2025-01-24 08:57:45,APPROVED
B_108643,ACC_1010859,ACC_1006004,2016-01-26 12:03:56,APPROVED
B_108644,ACC_1010859,ACC_1014478,2016-01-29 12:03:56,APPROVED
B_108645,ACC_1010859,ACC_1002923,2016-01-25 12:03:56,APPROVED
B_108646,ACC_1010860,ACC_1008584,2016-01-14 15:19:56,APPROVED
B_108647,ACC_1010860,ACC_1000586,2016-01-16 15:19:56,APPROVED
B_108648,ACC_1010861,ACC_1004089,2022-04-04 03:33:14,APPROVED
B_108649,ACC_1010861,ACC_1000602,2022-03-28 03:33:14,APPROVED
B_108650,ACC_1010863,ACC_1004045,2021-05-23 06:32:07,APPROVED
B_108651,ACC_1010864,ACC_1002106,2021-06-16 21:48:07,APPROVED
B_108652,ACC_1010866,ACC_1003535,2024-05-09 18:55:34,APPROVED
B_108653,ACC_1010866,ACC_1003776,2024-05-06 18:55:34,APPROVED
B_108654,ACC_1010866,ACC_1014665,2024-05-10 18:55:34,APPROVED
B_108655,ACC_1010870,ACC_1006206,2024-04-30 07:15:49,APPROVED
B_108656,ACC_1010870,ACC_1005851,2024-04-23 07:15:49,APPROVED
B_108657,ACC_1010870,ACC_1001868,2024-04-26 07:15:49,APPROVED
B_108658,ACC_1010872,ACC_1014997,2024-12-18 10:00:28,APPROVED
B_108659,ACC_1010872,ACC_1002550,2024-12-25 10:00:28,APPROVED
B_108660,ACC_1010872,ACC_1001025,2024-12-18 10:00:28,APPROVED
B_108661,ACC_1010874,ACC_1007185,2020-08-06 14:40:59,APPROVED
B_108662,ACC_1010876,ACC_1014193,2024-05-09 19:39:49,APPROVED
B_108663,ACC_1010876,ACC_1010102,2024-05-04 19:39:49,APPROVED
B_108664,ACC_1010876,ACC_1004318,2024-05-05 19:39:49,APPROVED
B_108665,ACC_1010884,ACC_1000924,2025-05-04 00:07:00,APPROVED
B_108666,ACC_1010884,ACC_1006660,2025-05-03 00:07:00,APPROVED
B_108667,ACC_1010886,ACC_1013053,2021-09-05 18:12:45,APPROVED
B_108668,ACC_1010886,ACC_1002517,2021-09-12 18:12:45,APPROVED
B_108669,ACC_1010886,ACC_1000863,2021-09-09 18:12:45,APPROVED
B_108670,ACC_1010888,ACC_1009329,2024-01-06 13:20:27,APPROVED
B_108671,ACC_1010888,ACC_1002472,2024-01-07 13:20:27,APPROVED
B_108672,ACC_1010888,ACC_1012487,2024-01-13 13:20:27,PENDING
B_108673,ACC_1010890,ACC_1003467,2025-04-12 09:31:13,APPROVED
B_108674,ACC_1010890,ACC_1011926,2025-04-17 09:31:13,APPROVED
B_108675,ACC_1010890,ACC_1009245,2025-04-18 09:31:13,APPROVED
B_108676,ACC_1010892,ACC_1012640,2025-03-19 13:03:56,APPROVED
B_108677,ACC_1010892,ACC_1008717,2025-03-25 13:03:56,APPROVED
B_108678,ACC_1010893,ACC_1009385,2025-03-27 07:10:56,APPROVED
B_108679,ACC_1010893,ACC_1008777,2025-03-28 07:10:56,APPROVED
B_108680,ACC_1010897,ACC_1006105,2021-05-10 23:22:14,APPROVED
B_108681,ACC_1010897,ACC_1014908,2021-05-12 23:22:14,APPROVED
B_108682,ACC_1010897,ACC_1007607,2021-05-17 23:22:14,APPROVED
B_108683,ACC_1010898,ACC_1004455,2024-04-10 07:12:57,APPROVED
B_108684,ACC_1010898,ACC_1006220,2024-04-04 07:12:57,APPROVED
B_108685,ACC_1010898,ACC_1002132,2024-04-03 07:12:57,APPROVED
B_108686,ACC_1010904,ACC_1001058,2024-11-05 14:41:11,APPROVED
B_108687,ACC_1010907,ACC_1006900,2017-08-13 11:28:08,APPROVED
B_108688,ACC_1010907,ACC_1005134,2017-08-16 11:28:08,APPROVED
B_108689,ACC_1010910,ACC_1007126,2020-02-16 12:29:11,APPROVED
B_108690,ACC_1010910,ACC_1000139,2020-02-16 12:29:11,APPROVED
B_108691,ACC_1010912,ACC_1013275,2022-06-21 16:44:23,APPROVED
B_108692,ACC_1010912,ACC_1008757,2022-06-24 16:44:23,APPROVED
B_108693,ACC_1010914,ACC_1005711,2019-07-15 11:15:20,APPROVED
B_108694,ACC_1010914,ACC_1013034,2019-07-21 11:15:20,APPROVED
B_108695,ACC_1010917,ACC_1011122,2018-05-04 11:18:45,PENDING
B_108696,ACC_1010919,ACC_1005141,2021-06-09 13:46:43,PENDING
B_108697,ACC_1010919,ACC_1002483,2021-06-11 13:46:43,APPROVED
B_108698,ACC_1010921,ACC_1002013,2017-07-03 18:19:09,APPROVED
B_108699,ACC_1010921,ACC_1007665,2017-07-05 18:19:09,APPROVED
B_108700,ACC_1010921,ACC_1000965,2017-07-02 18:19:09,APPROVED
B_108701,ACC_1010925,ACC_1009682,2021-09-19 19:37:16,APPROVED
B_108702,ACC_1010925,ACC_1005269,2021-09-19 19:37:16,APPROVED
B_108703,ACC_1010925,ACC_1000325,2021-09-15 19:37:16,APPROVED
B_108704,ACC_1010927,ACC_1010636,2019-10-03 00:55:39,APPROVED
B_108705,ACC_1010934,ACC_1007472,2022-08-26 12:26:04,APPROVED
B_108706,ACC_1010934,ACC_1008954,2022-08-30 12:26:04,APPROVED
B_108707,ACC_1010934,ACC_1005443,2022-08-26 12:26:04,APPROVED
B_108708,ACC_1010936,ACC_1012961,2020-10-04 18:06:23,APPROVED
B_108709,ACC_1010936,ACC_1007106,2020-09-30 18:06:23,APPROVED
B_108710,ACC_1010936,ACC_1005738,2020-10-04 18:06:23,APPROVED
B_108711,ACC_1010939,ACC_1005765,2017-05-07 09:53:28,APPROVED
B_108712,ACC_1010939,ACC_1008791,2017-05-08 09:53:28,APPROVED
B_108713,ACC_1010941,ACC_1012442,2024-09-13 02:25:39,APPROVED
B_108714,ACC_1010948,ACC_1009455,2021-03-03 15:39:03,APPROVED
B_108715,ACC_1010948,ACC_1003623,2021-02-27 15:39:03,APPROVED
B_108716,ACC_1010948,ACC_1010947,2021-02-27 15:39:03,APPROVED
B_108717,ACC_1010949,ACC_1009837,2018-03-24 01:18:50,APPROVED
B_108718,ACC_1010951,ACC_1003108,2023-07-29 16:58:43,APPROVED
B_108719,ACC_1010951,ACC_1012502,2023-07-31 16:58:43,APPROVED
B_108720,ACC_1010953,ACC_1002635,2016-12-20 06:34:14,APPROVED
B_108721,ACC_1010953,ACC_1007117,2016-12-26 06:34:14,APPROVED
B_108722,ACC_1010953,ACC_1013840,2016-12-24 06:34:14,APPROVED
B_108723,ACC_1010954,ACC_1012271,2018-07-09 02:59:24,PENDING
B_108724,ACC_1010955,ACC_1002618,2019-09-05 06:30:02,APPROVED
B_108725,ACC_1010955,ACC_1013768,2019-09-06 06:30:02,APPROVED
B_108726,ACC_1010958,ACC_1002839,2017-03-24 00:06:08,PENDING
B_108727,ACC_1010959,ACC_1004024,2023-04-16 11:03:55,APPROVED
B_108728,ACC_1010959,ACC_1007718,2023-04-18 11:03:55,PENDING
B_108729,ACC_1010960,ACC_1003443,2025-09-02 10:25:06,APPROVED
B_108730,ACC_1010960,ACC_1003773,2025-08-28 10:25:06,PENDING
B_108731,ACC_1010960,ACC_1002066,2025-08-27 10:25:06,APPROVED
B_108732,ACC_1010962,ACC_1000178,2017-09-15 10:36:56,APPROVED
B_108733,ACC_1010962,ACC_1014328,2017-09-19 10:36:56,APPROVED
B_108734,ACC_1010962,ACC_1006115,2017-09-23 10:36:56,APPROVED
B_108735,ACC_1010971,ACC_1014029,2023-11-03 08:26:27,APPROVED
B_108736,ACC_1010974,ACC_1003386,2018-01-07 03:22:55,APPROVED
B_108737,ACC_1010974,ACC_1012899,2018-01-04 03:22:55,APPROVED
B_108738,ACC_1010975,ACC_1010093,2021-05-17 10:21:48,APPROVED
B_108739,ACC_1010975,ACC_1009480,2021-05-12 10:21:48,APPROVED
B_108740,ACC_1010982,ACC_1006783,2019-05-05 14:45:14,APPROVED
B_108741,ACC_1010982,ACC_1013772,2019-05-06 14:45:14,APPROVED
B_108742,ACC_1010983,ACC_1011071,2017-07-09 21:53:34,APPROVED
B_108743,ACC_1010983,ACC_1008050,2017-07-13 21:53:34,APPROVED
B_108744,ACC_1010983,ACC_1004679,2017-07-17 21:53:34,APPROVED
B_108745,ACC_1010984,ACC_1004683,2017-07-31 06:26:34,APPROVED
B_108746,ACC_1010985,ACC_1006883,2021-09-28 04:04:33,APPROVED
B_108747,ACC_1010986,ACC_1014787,2024-08-25 08:39:29,APPROVED
B_108748,ACC_1010986,ACC_1007463,2024-08-22 08:39:29,APPROVED
B_108749,ACC_1010989,ACC_1009901,2022-03-09 21:44:30,APPROVED
B_108750,ACC_1010991,ACC_1007764,2017-10-03 04:19:07,APPROVED
B_108751,ACC_1010995,ACC_1000728,2017-12-09 08:37:17,APPROVED
B_108752,ACC_1010997,ACC_1001488,2023-05-07 18:41:11,APPROVED
B_108753,ACC_1010997,ACC_1001285,2023-05-08 18:41:11,APPROVED
B_108754,ACC_1011004,ACC_1005424,2018-06-18 20:55:23,APPROVED
B_108755,ACC_1011004,ACC_1001425,2018-06-24 20:55:23,APPROVED
B_108756,ACC_1011005,ACC_1005346,2016-10-12 11:00:14,APPROVED
B_108757,ACC_1011005,ACC_1008893,2016-10-12 11:00:14,APPROVED
B_108758,ACC_1011009,ACC_1011727,2017-05-19 17:17:51,APPROVED
B_108759,ACC_1011009,ACC_1009533,2017-05-17 17:17:51,APPROVED
B_108760,ACC_1011009,ACC_1009354,2017-05-16 17:17:51,APPROVED
B_108761,ACC_1011010,ACC_1008234,2023-08-18 12:01:36,APPROVED
B_108762,ACC_1011010,ACC_1009176,2023-08-21 12:01:36,APPROVED
B_108763,ACC_1011010,ACC_1005057,2023-08-18 12:01:36,APPROVED
B_108764,ACC_1011013,ACC_1010437,2016-10-03 07:00:50,APPROVED
B_108765,ACC_1011015,ACC_1014195,2025-06-01 22:27:36,APPROVED
B_108766,ACC_1011018,ACC_1008832,2023-11-09 22:55:08,APPROVED
B_108767,ACC_1011019,ACC_1013670,2022-04-10 21:49:45,APPROVED
B_108768,ACC_1011024,ACC_1001912,2025-12-05 07:23:44,APPROVED
B_108769,ACC_1011030,ACC_1014285,2023-11-06 07:44:56,APPROVED
B_108770,ACC_1011030,ACC_1010285,2023-11-01 07:44:56,APPROVED
B_108771,ACC_1011033,ACC_1003897,2020-02-03 21:24:51,APPROVED
B_108772,ACC_1011033,ACC_1002281,2020-01-30 21:24:51,PENDING
B_108773,ACC_1011033,ACC_1002372,2020-01-30 21:24:51,APPROVED
B_108774,ACC_1011034,ACC_1013052,2018-07-23 18:27:22,APPROVED
B_108775,ACC_1011034,ACC_1014283,2018-07-25 18:27:22,APPROVED
B_108776,ACC_1011038,ACC_1008282,2023-09-01 10:52:54,APPROVED
B_108777,ACC_1011038,ACC_1000789,2023-09-04 10:52:54,APPROVED
B_108778,ACC_1011046,ACC_1010098,2025-10-06 21:21:18,APPROVED
B_108779,ACC_1011046,ACC_1002832,2025-10-03 21:21:18,PENDING
B_108780,ACC_1011050,ACC_1002551,2023-11-12 19:54:26,APPROVED
B_108781,ACC_1011050,ACC_1013075,2023-11-17 19:54:26,PENDING
B_108782,ACC_1011050,ACC_1007566,2023-11-17 19:54:26,APPROVED
B_108783,ACC_1011056,ACC_1007155,2023-05-06 10:35:06,APPROVED
B_108784,ACC_1011056,ACC_1007153,2023-05-08 10:35:06,APPROVED
B_108785,ACC_1011056,ACC_1008003,2023-05-08 10:35:06,APPROVED
B_108786,ACC_1011059,ACC_1009584,2017-05-26 07:22:00,APPROVED
B_108787,ACC_1011059,ACC_1006513,2017-05-27 07:22:00,APPROVED
B_108788,ACC_1011060,ACC_1000433,2020-03-30 07:28:15,APPROVED
B_108789,ACC_1011060,ACC_1003481,2020-03-30 07:28:15,APPROVED
B_108790,ACC_1011060,ACC_1010094,2020-03-30 07:28:15,APPROVED
B_108791,ACC_1011062,ACC_1010876,2022-09-18 14:06:39,APPROVED
B_108792,ACC_1011062,ACC_1004965,2022-09-24 14:06:39,APPROVED
B_108793,ACC_1011065,ACC_1005655,2019-04-05 03:54:43,APPROVED
B_108794,ACC_1011065,ACC_1004175,2019-04-02 03:54:43,APPROVED
B_108795,ACC_1011069,ACC_1001127,2021-05-17 04:32:57,APPROVED
B_108796,ACC_1011070,ACC_1003059,2017-10-06 09:40:07,APPROVED
B_108797,ACC_1011070,ACC_1010275,2017-10-07 09:40:07,APPROVED
B_108798,ACC_1011071,ACC_1006271,2022-07-02 17:12:40,APPROVED
B_108799,ACC_1011073,ACC_1013637,2024-08-14 20:47:00,APPROVED
B_108800,ACC_1011073,ACC_1002937,2024-08-17 20:47:00,APPROVED
B_108801,ACC_1011073,ACC_1002126,2024-08-16 20:47:00,APPROVED
B_108802,ACC_1011077,ACC_1001501,2018-02-23 12:11:08,APPROVED
B_108803,ACC_1011077,ACC_1010679,2018-02-23 12:11:08,APPROVED
B_108804,ACC_1011081,ACC_1000095,2021-11-27 10:21:08,APPROVED
B_108805,ACC_1011084,ACC_1012631,2022-09-06 03:24:41,APPROVED
B_108806,ACC_1011084,ACC_1010367,2022-09-11 03:24:41,APPROVED
B_108807,ACC_1011086,ACC_1012290,2024-04-19 21:44:43,APPROVED
B_108808,ACC_1011086,ACC_1012318,2024-04-18 21:44:43,APPROVED
B_108809,ACC_1011086,ACC_1013607,2024-04-18 21:44:43,APPROVED
B_108810,ACC_1011087,ACC_1005486,2022-01-13 04:09:52,APPROVED
B_108811,ACC_1011087,ACC_1004217,2022-01-14 04:09:52,APPROVED
B_108812,ACC_1011091,ACC_1009662,2021-09-16 10:03:05,APPROVED
B_108813,ACC_1011091,ACC_1014693,2021-09-16 10:03:05,APPROVED
B_108814,ACC_1011091,ACC_1014387,2021-09-20 10:03:05,APPROVED
B_108815,ACC_1011098,ACC_1008759,2023-09-18 17:41:29,APPROVED
B_108816,ACC_1011098,ACC_1012785,2023-09-16 17:41:29,APPROVED
B_108817,ACC_1011102,ACC_1012875,2016-06-09 14:20:09,APPROVED
B_108818,ACC_1011102,ACC_1011361,2016-06-04 14:20:09,APPROVED
B_108819,ACC_1011102,ACC_1004230,2016-06-12 14:20:09,APPROVED
B_108820,ACC_1011108,ACC_1012093,2021-04-05 01:11:28,APPROVED
B_108821,ACC_1011108,ACC_1007836,2021-04-03 01:11:28,APPROVED
B_108822,ACC_1011108,ACC_1014503,2021-04-07 01:11:28,APPROVED
B_108823,ACC_1011109,ACC_1005118,2021-04-25 06:42:28,APPROVED
B_108824,ACC_1011109,ACC_1005964,2021-04-25 06:42:28,APPROVED
B_108825,ACC_1011112,ACC_1000012,2021-05-12 12:11:23,APPROVED
B_108826,ACC_1011113,ACC_1003781,2021-05-16 13:24:23,APPROVED
B_108827,ACC_1011113,ACC_1009344,2021-05-14 13:24:23,APPROVED
B_108828,ACC_1011114,ACC_1011049,2021-05-05 23:09:23,APPROVED
B_108829,ACC_1011114,ACC_1005274,2021-05-05 23:09:23,APPROVED
B_108830,ACC_1011116,ACC_1010748,2018-03-21 02:28:08,APPROVED
B_108831,ACC_1011116,ACC_1008095,2018-03-24 02:28:08,APPROVED
B_108832,ACC_1011116,ACC_1008435,2018-03-23 02:28:08,APPROVED
B_108833,ACC_1011117,ACC_1001302,2018-10-31 05:26:55,APPROVED
B_108834,ACC_1011118,ACC_1007665,2018-10-30 00:11:55,APPROVED
B_108835,ACC_1011119,ACC_1005787,2018-11-06 03:06:55,APPROVED
B_108836,ACC_1011120,ACC_1013858,2018-11-20 15:53:29,APPROVED
B_108837,ACC_1011120,ACC_1007544,2018-11-21 15:53:29,APPROVED
B_108838,ACC_1011120,ACC_1001407,2018-11-25 15:53:29,APPROVED
B_108839,ACC_1011121,ACC_1008860,2018-11-11 05:01:29,APPROVED
B_108840,ACC_1011122,ACC_1006127,2025-12-06 22:36:26,APPROVED
B_108841,ACC_1011122,ACC_1010183,2025-11-30 22:36:26,APPROVED
B_108842,ACC_1011127,ACC_1002071,2024-10-29 23:01:57,APPROVED
B_108843,ACC_1011127,ACC_1007494,2024-11-05 23:01:57,APPROVED
B_108844,ACC_1011128,ACC_1012075,2016-02-10 23:11:54,APPROVED
B_108845,ACC_1011129,ACC_1009666,2016-01-24 19:01:54,APPROVED
B_108846,ACC_1011129,ACC_1004174,2016-01-28 19:01:54,APPROVED
B_108847,ACC_1011132,ACC_1000468,2016-06-03 09:38:57,APPROVED
B_108848,ACC_1011132,ACC_1009404,2016-05-30 09:38:57,APPROVED
B_108849,ACC_1011133,ACC_1013923,2022-01-21 12:02:59,APPROVED
B_108850,ACC_1011133,ACC_1001613,2022-01-22 12:02:59,APPROVED
B_108851,ACC_1011133,ACC_1002095,2022-01-21 12:02:59,APPROVED
B_108852,ACC_1011137,ACC_1003824,2024-06-01 07:59:04,APPROVED
B_108853,ACC_1011140,ACC_1009180,2024-04-23 22:49:34,APPROVED
B_108854,ACC_1011140,ACC_1005865,2024-04-22 22:49:34,APPROVED
B_108855,ACC_1011142,ACC_1008765,2017-07-03 00:57:44,APPROVED
B_108856,ACC_1011142,ACC_1002690,2017-07-09 00:57:44,APPROVED
B_108857,ACC_1011142,ACC_1002167,2017-07-04 00:57:44,APPROVED
B_108858,ACC_1011147,ACC_1001110,2018-10-27 10:20:39,APPROVED
B_108859,ACC_1011150,ACC_1011022,2019-11-05 15:54:31,APPROVED
B_108860,ACC_1011150,ACC_1005710,2019-11-03 15:54:31,APPROVED
B_108861,ACC_1011150,ACC_1010859,2019-11-04 15:54:31,APPROVED
B_108862,ACC_1011155,ACC_1004988,2024-03-13 17:55:42,APPROVED
B_108863,ACC_1011155,ACC_1000940,2024-03-15 17:55:42,APPROVED
B_108864,ACC_1011156,ACC_1009501,2017-09-11 22:32:18,APPROVED
B_108865,ACC_1011156,ACC_1003959,2017-09-16 22:32:18,APPROVED
B_108866,ACC_1011158,ACC_1006220,2022-08-12 01:14:33,APPROVED
B_108867,ACC_1011158,ACC_1014336,2022-08-10 01:14:33,APPROVED
B_108868,ACC_1011158,ACC_1003339,2022-08-15 01:14:33,APPROVED
B_108869,ACC_1011167,ACC_1010560,2018-10-12 15:52:47,APPROVED
B_108870,ACC_1011168,ACC_1006772,2018-10-12 20:17:47,APPROVED
B_108871,ACC_1011168,ACC_1000829,2018-10-08 20:17:47,APPROVED
B_108872,ACC_1011168,ACC_1012821,2018-10-12 20:17:47,APPROVED
B_108873,ACC_1011170,ACC_1009759,2023-03-03 22:29:32,APPROVED
B_108874,ACC_1011170,ACC_1012492,2023-03-02 22:29:32,APPROVED
B_108875,ACC_1011170,ACC_1010819,2023-03-07 22:29:32,APPROVED
B_108876,ACC_1011172,ACC_1005816,2021-08-23 15:14:59,PENDING
B_108877,ACC_1011173,ACC_1013163,2022-12-23 12:32:17,APPROVED
B_108878,ACC_1011177,ACC_1002382,2023-01-25 12:20:24,APPROVED
B_108879,ACC_1011178,ACC_1003277,2023-01-27 17:23:24,APPROVED
B_108880,ACC_1011179,ACC_1005381,2023-01-21 19:29:24,APPROVED
B_108881,ACC_1011184,ACC_1001840,2020-04-18 09:03:09,APPROVED
B_108882,ACC_1011184,ACC_1008334,2020-04-19 09:03:09,APPROVED
B_108883,ACC_1011184,ACC_1013969,2020-04-18 09:03:09,PENDING
B_108884,ACC_1011185,ACC_1001647,2021-08-19 16:29:04,APPROVED
B_108885,ACC_1011185,ACC_1009415,2021-08-26 16:29:04,APPROVED
B_108886,ACC_1011185,ACC_1008022,2021-08-19 16:29:04,APPROVED
B_108887,ACC_1011192,ACC_1008697,2025-07-02 12:41:28,APPROVED
B_108888,ACC_1011192,ACC_1010837,2025-06-29 12:41:28,APPROVED
B_108889,ACC_1011192,ACC_1007183,2025-07-08 12:41:28,APPROVED
B_108890,ACC_1011193,ACC_1000764,2024-06-26 00:41:41,PENDING
B_108891,ACC_1011193,ACC_1001684,2024-06-27 00:41:41,APPROVED
B_108892,ACC_1011193,ACC_1006108,2024-06-24 00:41:41,PENDING
B_108893,ACC_1011194,ACC_1014601,2024-06-18 20:12:41,APPROVED
B_108894,ACC_1011194,ACC_1008010,2024-06-20 20:12:41,APPROVED
B_108895,ACC_1011194,ACC_1011943,2024-06-14 20:12:41,APPROVED
B_108896,ACC_1011196,ACC_1011079,2017-03-11 21:15:26,PENDING
B_108897,ACC_1011196,ACC_1010580,2017-03-08 21:15:26,APPROVED
B_108898,ACC_1011200,ACC_1011662,2017-12-30 08:32:16,APPROVED
B_108899,ACC_1011200,ACC_1002650,2017-12-25 08:32:16,APPROVED
B_108900,ACC_1011200,ACC_1007328,2017-12-28 08:32:16,APPROVED
B_108901,ACC_1011206,ACC_1008663,2024-01-12 12:25:08,APPROVED
B_108902,ACC_1011206,ACC_1014095,2024-01-10 12:25:08,APPROVED
B_108903,ACC_1011207,ACC_1013983,2022-12-01 16:09:48,APPROVED
B_108904,ACC_1011207,ACC_1004601,2022-12-07 16:09:48,APPROVED
B_108905,ACC_1011207,ACC_1006493,2022-12-02 16:09:48,APPROVED
B_108906,ACC_1011213,ACC_1007837,2024-07-06 03:17:43,APPROVED
B_108907,ACC_1011213,ACC_1009182,2024-07-07 03:17:43,APPROVED
B_108908,ACC_1011214,ACC_1007165,2024-07-07 21:02:43,APPROVED
B_108909,ACC_1011214,ACC_1002099,2024-07-08 21:02:43,APPROVED
B_108910,ACC_1011215,ACC_1004367,2019-05-04 15:12:34,APPROVED
B_108911,ACC_1011216,ACC_1012022,2026-01-03 13:58:48,APPROVED
B_108912,ACC_1011216,ACC_1005179,2026-01-04 13:58:48,APPROVED
B_108913,ACC_1011216,ACC_1009857,2026-01-02 13:58:48,APPROVED
B_108914,ACC_1011217,ACC_1004174,2022-12-01 13:49:44,APPROVED
B_108915,ACC_1011217,ACC_1002466,2022-12-05 13:49:44,APPROVED
B_108916,ACC_1011221,ACC_1007504,2024-02-18 09:28:24,APPROVED
B_108917,ACC_1011221,ACC_1002678,2024-02-19 09:28:24,APPROVED
B_108918,ACC_1011222,ACC_1009120,2024-03-06 02:40:24,APPROVED
B_108919,ACC_1011222,ACC_1012748,2024-02-28 02:40:24,APPROVED
B_108920,ACC_1011224,ACC_1003467,2022-08-19 14:09:46,APPROVED
B_108921,ACC_1011224,ACC_1005039,2022-08-27 14:09:46,APPROVED
B_108922,ACC_1011224,ACC_1000012,2022-08-26 14:09:46,APPROVED
B_108923,ACC_1011226,ACC_1014433,2020-04-22 00:48:30,APPROVED
B_108924,ACC_1011228,ACC_1008144,2023-09-17 23:56:19,APPROVED
B_108925,ACC_1011228,ACC_1014589,2023-09-15 23:56:19,APPROVED
B_108926,ACC_1011229,ACC_1003975,2023-09-01 17:51:19,APPROVED
B_108927,ACC_1011229,ACC_1007497,2023-09-07 17:51:19,APPROVED
B_108928,ACC_1011232,ACC_1001585,2024-07-05 06:44:42,APPROVED
B_108929,ACC_1011235,ACC_1003296,2020-10-20 13:22:04,APPROVED
B_108930,ACC_1011235,ACC_1005501,2020-10-29 13:22:04,APPROVED
B_108931,ACC_1011235,ACC_1004940,2020-10-24 13:22:04,APPROVED
B_108932,ACC_1011237,ACC_1014047,2021-03-25 00:16:55,APPROVED
B_108933,ACC_1011237,ACC_1010442,2021-03-27 00:16:55,APPROVED
B_108934,ACC_1011237,ACC_1007496,2021-03-24 00:16:55,APPROVED
B_108935,ACC_1011238,ACC_1000672,2021-09-29 02:12:20,APPROVED
B_108936,ACC_1011239,ACC_1010150,2019-03-18 11:51:53,APPROVED
B_108937,ACC_1011239,ACC_1004043,2019-03-21 11:51:53,APPROVED
B_108938,ACC_1011240,ACC_1004214,2019-04-01 06:07:53,APPROVED
B_108939,ACC_1011240,ACC_1012297,2019-03-31 06:07:53,APPROVED
B_108940,ACC_1011240,ACC_1005707,2019-03-28 06:07:53,APPROVED
B_108941,ACC_1011241,ACC_1010119,2021-04-20 09:15:47,APPROVED
B_108942,ACC_1011242,ACC_1005483,2019-10-09 12:56:49,APPROVED
B_108943,ACC_1011242,ACC_1014233,2019-10-13 12:56:49,APPROVED
B_108944,ACC_1011244,ACC_1011892,2019-06-07 09:51:43,APPROVED
B_108945,ACC_1011247,ACC_1000395,2025-11-27 20:41:48,APPROVED
B_108946,ACC_1011247,ACC_1011016,2025-11-29 20:41:48,APPROVED
B_108947,ACC_1011249,ACC_1007013,2018-08-19 09:33:52,APPROVED
B_108948,ACC_1011249,ACC_1009828,2018-08-22 09:33:52,APPROVED
B_108949,ACC_1011249,ACC_1013364,2018-08-21 09:33:52,APPROVED
B_108950,ACC_1011253,ACC_1009609,2019-11-07 07:04:56,APPROVED
B_108951,ACC_1011253,ACC_1004865,2019-11-08 07:04:56,APPROVED
B_108952,ACC_1011253,ACC_1013716,2019-11-16 07:04:56,APPROVED
B_108953,ACC_1011257,ACC_1003498,2019-11-20 04:08:41,APPROVED
B_108954,ACC_1011260,ACC_1013325,2025-04-14 19:00:44,APPROVED
B_108955,ACC_1011260,ACC_1012122,2025-04-19 19:00:44,APPROVED
B_108956,ACC_1011262,ACC_1002882,2020-05-04 09:45:37,APPROVED
B_108957,ACC_1011262,ACC_1008014,2020-05-11 09:45:37,APPROVED
B_108958,ACC_1011263,ACC_1010336,2024-04-26 10:57:33,APPROVED
B_108959,ACC_1011263,ACC_1000120,2024-04-26 10:57:33,APPROVED
B_108960,ACC_1011265,ACC_1002854,2024-05-13 22:38:33,APPROVED
B_108961,ACC_1011267,ACC_1008986,2023-03-08 12:27:09,APPROVED
B_108962,ACC_1011269,ACC_1005312,2020-10-02 08:44:33,APPROVED
B_108963,ACC_1011269,ACC_1006664,2020-10-02 08:44:33,APPROVED
B_108964,ACC_1011269,ACC_1004861,2020-10-08 08:44:33,APPROVED
B_108965,ACC_1011270,ACC_1005040,2020-09-15 17:47:33,APPROVED
B_108966,ACC_1011270,ACC_1004525,2020-09-18 17:47:33,APPROVED
B_108967,ACC_1011272,ACC_1006623,2016-02-21 17:13:59,APPROVED
B_108968,ACC_1011272,ACC_1012746,2016-02-25 17:13:59,PENDING
B_108969,ACC_1011272,ACC_1008493,2016-02-24 17:13:59,APPROVED
B_108970,ACC_1011273,ACC_1003962,2016-02-09 21:56:59,APPROVED
B_108971,ACC_1011273,ACC_1014498,2016-02-16 21:56:59,APPROVED
B_108972,ACC_1011280,ACC_1012525,2023-12-15 23:12:11,APPROVED
B_108973,ACC_1011280,ACC_1003484,2023-12-17 23:12:11,APPROVED
B_108974,ACC_1011281,ACC_1000240,2020-07-12 14:28:33,APPROVED
B_108975,ACC_1011281,ACC_1012170,2020-07-11 14:28:33,APPROVED
B_108976,ACC_1011281,ACC_1008892,2020-07-16 14:28:33,APPROVED
B_108977,ACC_1011282,ACC_1005728,2020-09-16 09:55:51,APPROVED
B_108978,ACC_1011283,ACC_1006842,2020-08-15 18:11:51,APPROVED
B_108979,ACC_1011283,ACC_1014580,2020-08-20 18:11:51,APPROVED
B_108980,ACC_1011287,ACC_1012197,2019-02-05 05:36:12,APPROVED
B_108981,ACC_1011288,ACC_1013382,2025-08-02 05:51:16,APPROVED
B_108982,ACC_1011288,ACC_1008692,2025-08-03 05:51:16,APPROVED
B_108983,ACC_1011288,ACC_1013685,2025-07-29 05:51:16,APPROVED
B_108984,ACC_1011291,ACC_1009570,2025-12-04 06:56:34,APPROVED
B_108985,ACC_1011292,ACC_1007686,2024-08-12 19:53:48,APPROVED
B_108986,ACC_1011292,ACC_1007826,2024-08-07 19:53:48,APPROVED
B_108987,ACC_1011292,ACC_1009118,2024-08-05 19:53:48,APPROVED
B_108988,ACC_1011296,ACC_1004396,2016-04-14 14:54:00,APPROVED
B_108989,ACC_1011296,ACC_1008046,2016-04-14 14:54:00,APPROVED
B_108990,ACC_1011296,ACC_1008809,2016-04-12 14:54:00,APPROVED
B_108991,ACC_1011298,ACC_1014078,2022-10-01 11:35:16,APPROVED
B_108992,ACC_1011308,ACC_1011810,2019-11-06 14:48:03,APPROVED
B_108993,ACC_1011314,ACC_1009893,2021-11-19 20:39:40,APPROVED
B_108994,ACC_1011320,ACC_1009472,2024-10-29 02:14:39,APPROVED
B_108995,ACC_1011320,ACC_1012600,2024-10-27 02:14:39,APPROVED
B_108996,ACC_1011322,ACC_1010917,2024-12-11 15:00:20,APPROVED
B_108997,ACC_1011322,ACC_1010993,2024-12-09 15:00:20,APPROVED
B_108998,ACC_1011323,ACC_1006886,2022-03-31 06:01:03,PENDING
B_108999,ACC_1011323,ACC_1004958,2022-04-09 06:01:03,APPROVED
B_109000,ACC_1011328,ACC_1006445,2017-03-05 05:23:44,APPROVED
B_109001,ACC_1011328,ACC_1010933,2017-03-07 05:23:44,APPROVED
B_109002,ACC_1011328,ACC_1010814,2017-03-06 05:23:44,APPROVED
B_109003,ACC_1011329,ACC_1008487,2024-09-05 02:19:09,APPROVED
B_109004,ACC_1011329,ACC_1007864,2024-09-04 02:19:09,PENDING
B_109005,ACC_1011329,ACC_1007160,2024-09-01 02:19:09,APPROVED
B_109006,ACC_1011333,ACC_1007554,2025-07-20 05:08:11,APPROVED
B_109007,ACC_1011333,ACC_1004495,2025-07-25 05:08:11,APPROVED
B_109008,ACC_1011335,ACC_1006193,2025-06-22 22:31:25,APPROVED
B_109009,ACC_1011336,ACC_1002813,2020-01-29 21:58:08,PENDING
B_109010,ACC_1011337,ACC_1000467,2024-01-06 18:30:16,APPROVED
B_109011,ACC_1011337,ACC_1004242,2024-01-07 18:30:16,APPROVED
B_109012,ACC_1011337,ACC_1011839,2024-01-11 18:30:16,APPROVED
B_109013,ACC_1011338,ACC_1009078,2024-01-22 02:47:16,PENDING
B_109014,ACC_1011338,ACC_1007263,2024-01-19 02:47:16,APPROVED
B_109015,ACC_1011342,ACC_1008455,2018-11-06 09:03:47,APPROVED
B_109016,ACC_1011343,ACC_1010408,2018-11-10 00:05:47,APPROVED
B_109017,ACC_1011343,ACC_1005486,2018-11-10 00:05:47,APPROVED
B_109018,ACC_1011344,ACC_1005819,2018-11-02 03:03:47,APPROVED
B_109019,ACC_1011344,ACC_1004382,2018-10-28 03:03:47,APPROVED
B_109020,ACC_1011349,ACC_1013728,2022-06-29 23:22:04,APPROVED
B_109021,ACC_1011349,ACC_1007526,2022-07-06 23:22:04,APPROVED
B_109022,ACC_1011349,ACC_1007567,2022-07-01 23:22:04,APPROVED
B_109023,ACC_1011352,ACC_1014206,2018-08-13 15:09:11,APPROVED
B_109024,ACC_1011352,ACC_1001639,2018-08-10 15:09:11,APPROVED
B_109025,ACC_1011352,ACC_1011284,2018-08-14 15:09:11,APPROVED
B_109026,ACC_1011354,ACC_1004968,2023-03-21 16:34:49,APPROVED
B_109027,ACC_1011354,ACC_1003413,2023-03-17 16:34:49,APPROVED
B_109028,ACC_1011358,ACC_1001360,2023-08-10 01:49:37,APPROVED
B_109029,ACC_1011358,ACC_1006321,2023-08-03 01:49:37,APPROVED
B_109030,ACC_1011358,ACC_1011798,2023-08-09 01:49:37,APPROVED
B_109031,ACC_1011361,ACC_1000750,2018-04-17 21:59:59,APPROVED
B_109032,ACC_1011361,ACC_1000454,2018-04-15 21:59:59,APPROVED
B_109033,ACC_1011361,ACC_1003019,2018-04-11 21:59:59,APPROVED
B_109034,ACC_1011365,ACC_1002477,2024-08-21 23:39:35,APPROVED
B_109035,ACC_1011365,ACC_1007885,2024-08-29 23:39:35,APPROVED
B_109036,ACC_1011365,ACC_1013942,2024-08-26 23:39:35,APPROVED
B_109037,ACC_1011366,ACC_1013880,2017-06-25 12:17:19,APPROVED
B_109038,ACC_1011369,ACC_1008048,2017-05-31 22:16:49,APPROVED
B_109039,ACC_1011370,ACC_1001267,2016-10-24 00:40:34,APPROVED
B_109040,ACC_1011370,ACC_1013300,2016-10-20 00:40:34,APPROVED
B_109041,ACC_1011370,ACC_1000375,2016-10-22 00:40:34,APPROVED
B_109042,ACC_1011376,ACC_1001846,2020-03-24 21:12:30,APPROVED
B_109043,ACC_1011376,ACC_1004612,2020-03-17 21:12:30,APPROVED
B_109044,ACC_1011376,ACC_1007094,2020-03-18 21:12:30,APPROVED
B_109045,ACC_1011379,ACC_1001447,2019-11-09 15:55:49,APPROVED
B_109046,ACC_1011379,ACC_1012190,2019-11-07 15:55:49,APPROVED
B_109047,ACC_1011379,ACC_1007864,2019-11-08 15:55:49,APPROVED
B_109048,ACC_1011381,ACC_1014434,2016-11-23 09:02:17,APPROVED
B_109049,ACC_1011381,ACC_1007149,2016-11-25 09:02:17,APPROVED
B_109050,ACC_1011382,ACC_1000506,2016-12-03 04:27:57,APPROVED
B_109051,ACC_1011384,ACC_1004098,2023-04-19 17:27:16,APPROVED
B_109052,ACC_1011389,ACC_1011365,2024-11-25 08:20:58,APPROVED
B_109053,ACC_1011389,ACC_1006097,2024-11-24 08:20:58,APPROVED
B_109054,ACC_1011391,ACC_1002020,2021-03-06 22:41:39,APPROVED
B_109055,ACC_1011391,ACC_1014722,2021-03-07 22:41:39,APPROVED
B_109056,ACC_1011393,ACC_1007917,2021-04-04 07:09:39,APPROVED
B_109057,ACC_1011393,ACC_1011912,2021-03-30 07:09:39,APPROVED
B_109058,ACC_1011399,ACC_1008653,2018-08-03 18:12:00,APPROVED
B_109059,ACC_1011399,ACC_1014015,2018-08-01 18:12:00,PENDING
B_109060,ACC_1011399,ACC_1011313,2018-08-02 18:12:00,APPROVED
B_109061,ACC_1011404,ACC_1008705,2017-08-28 12:39:50,APPROVED
B_109062,ACC_1011406,ACC_1005272,2022-06-09 11:08:06,APPROVED
B_109063,ACC_1011406,ACC_1000185,2022-06-11 11:08:06,APPROVED
B_109064,ACC_1011406,ACC_1012239,2022-06-15 11:08:06,APPROVED
B_109065,ACC_1011407,ACC_1004258,2018-08-04 18:29:43,APPROVED
B_109066,ACC_1011411,ACC_1006481,2020-10-23 00:30:57,APPROVED
B_109067,ACC_1011411,ACC_1014108,2020-10-27 00:30:57,APPROVED
B_109068,ACC_1011411,ACC_1008036,2020-10-25 00:30:57,APPROVED
B_109069,ACC_1011415,ACC_1005471,2018-08-30 16:30:04,APPROVED
B_109070,ACC_1011415,ACC_1005815,2018-09-01 16:30:04,APPROVED
B_109071,ACC_1011415,ACC_1007023,2018-09-02 16:30:04,APPROVED
B_109072,ACC_1011417,ACC_1014190,2019-04-12 20:33:14,APPROVED
B_109073,ACC_1011417,ACC_1009532,2019-04-19 20:33:14,APPROVED
B_109074,ACC_1011417,ACC_1000329,2019-04-13 20:33:14,APPROVED
B_109075,ACC_1011419,ACC_1005708,2024-09-22 01:36:07,APPROVED
B_109076,ACC_1011419,ACC_1005627,2024-09-23 01:36:07,APPROVED
B_109077,ACC_1011421,ACC_1010742,2021-09-19 18:19:59,APPROVED
B_109078,ACC_1011423,ACC_1002752,2023-07-06 18:46:55,APPROVED
B_109079,ACC_1011423,ACC_1012026,2023-07-09 18:46:55,APPROVED
B_109080,ACC_1011423,ACC_1007879,2023-07-08 18:46:55,APPROVED
B_109081,ACC_1011424,ACC_1001050,2023-06-22 00:47:55,APPROVED
B_109082,ACC_1011424,ACC_1006713,2023-06-26 00:47:55,APPROVED
B_109083,ACC_1011425,ACC_1001132,2020-11-12 09:03:20,APPROVED
B_109084,ACC_1011427,ACC_1005168,2020-11-16 01:34:20,PENDING
B_109085,ACC_1011427,ACC_1014832,2020-11-16 01:34:20,APPROVED
B_109086,ACC_1011427,ACC_1014779,2020-11-19 01:34:20,APPROVED
B_109087,ACC_1011428,ACC_1001976,2022-06-10 09:04:06,APPROVED
B_109088,ACC_1011429,ACC_1005245,2022-06-24 01:22:06,APPROVED
B_109089,ACC_1011429,ACC_1000551,2022-07-02 01:22:06,APPROVED
B_109090,ACC_1011436,ACC_1004266,2023-01-13 09:34:29,APPROVED
B_109091,ACC_1011436,ACC_1005526,2023-01-13 09:34:29,APPROVED
B_109092,ACC_1011437,ACC_1008500,2024-06-11 04:48:32,APPROVED
B_109093,ACC_1011437,ACC_1000194,2024-06-12 04:48:32,APPROVED
B_109094,ACC_1011438,ACC_1009640,2023-06-02 01:24:35,APPROVED
B_109095,ACC_1011438,ACC_1012595,2023-05-27 01:24:35,APPROVED
B_109096,ACC_1011440,ACC_1006085,2020-05-23 20:20:54,APPROVED
B_109097,ACC_1011440,ACC_1014357,2020-05-25 20:20:54,APPROVED
B_109098,ACC_1011440,ACC_1007428,2020-05-21 20:20:54,APPROVED
B_109099,ACC_1011443,ACC_1013139,2017-03-01 17:05:37,APPROVED
B_109100,ACC_1011443,ACC_1014779,2017-02-28 17:05:37,APPROVED
B_109101,ACC_1011443,ACC_1011436,2017-03-01 17:05:37,APPROVED
B_109102,ACC_1011444,ACC_1012444,2019-11-09 04:54:06,APPROVED
B_109103,ACC_1011444,ACC_1012788,2019-11-05 04:54:06,APPROVED
B_109104,ACC_1011446,ACC_1004196,2019-05-03 00:29:49,APPROVED
B_109105,ACC_1011447,ACC_1009384,2018-09-29 10:47:22,APPROVED
B_109106,ACC_1011447,ACC_1007951,2018-10-01 10:47:22,APPROVED
B_109107,ACC_1011447,ACC_1014288,2018-10-06 10:47:22,APPROVED
B_109108,ACC_1011449,ACC_1006175,2023-12-17 00:52:52,APPROVED
B_109109,ACC_1011449,ACC_1002840,2023-12-14 00:52:52,APPROVED
B_109110,ACC_1011449,ACC_1013716,2023-12-18 00:52:52,APPROVED
B_109111,ACC_1011450,ACC_1002423,2023-11-29 23:09:52,APPROVED
B_109112,ACC_1011451,ACC_1010345,2025-11-05 22:17:49,APPROVED
B_109113,ACC_1011451,ACC_1008275,2025-11-04 22:17:49,APPROVED
B_109114,ACC_1011451,ACC_1004547,2025-11-05 22:17:49,APPROVED
B_109115,ACC_1011456,ACC_1003844,2025-05-04 09:52:01,APPROVED
B_109116,ACC_1011456,ACC_1011349,2025-05-04 09:52:01,APPROVED
B_109117,ACC_1011456,ACC_1011038,2025-04-30 09:52:01,APPROVED
B_109118,ACC_1011457,ACC_1008879,2023-08-30 06:17:15,APPROVED
B_109119,ACC_1011457,ACC_1007900,2023-09-01 06:17:15,APPROVED
B_109120,ACC_1011457,ACC_1012834,2023-09-02 06:17:15,APPROVED
B_109121,ACC_1011460,ACC_1009057,2023-02-17 03:41:10,APPROVED
B_109122,ACC_1011460,ACC_1008287,2023-02-12 03:41:10,APPROVED
B_109123,ACC_1011460,ACC_1001505,2023-02-12 03:41:10,APPROVED
B_109124,ACC_1011467,ACC_1015022,2023-12-18 01:15:26,APPROVED
B_109125,ACC_1011467,ACC_1005198,2023-12-14 01:15:26,PENDING
B_109126,ACC_1011468,ACC_1005074,2023-12-08 00:24:26,APPROVED
B_109127,ACC_1011468,ACC_1000322,2023-12-07 00:24:26,APPROVED
B_109128,ACC_1011469,ACC_1001705,2023-12-09 10:54:26,APPROVED
B_109129,ACC_1011469,ACC_1011261,2023-12-10 10:54:26,APPROVED
B_109130,ACC_1011470,ACC_1010137,2019-12-29 02:52:35,APPROVED
B_109131,ACC_1011470,ACC_1008573,2019-12-27 02:52:35,APPROVED
B_109132,ACC_1011471,ACC_1014027,2019-11-14 03:14:43,APPROVED
B_109133,ACC_1011472,ACC_1010250,2019-11-08 02:41:43,APPROVED
B_109134,ACC_1011478,ACC_1012402,2020-02-04 07:23:52,APPROVED
B_109135,ACC_1011478,ACC_1010805,2020-02-04 07:23:52,APPROVED
B_109136,ACC_1011478,ACC_1006177,2020-02-01 07:23:52,APPROVED
B_109137,ACC_1011481,ACC_1001106,2019-03-29 09:22:55,APPROVED
B_109138,ACC_1011482,ACC_1013312,2019-04-09 03:06:55,APPROVED
B_109139,ACC_1011485,ACC_1003840,2025-10-09 23:38:55,APPROVED
B_109140,ACC_1011487,ACC_1010628,2019-07-23 10:05:45,APPROVED
B_109141,ACC_1011492,ACC_1002416,2024-09-03 11:40:19,APPROVED
B_109142,ACC_1011492,ACC_1006022,2024-09-11 11:40:19,APPROVED
B_109143,ACC_1011492,ACC_1000490,2024-09-07 11:40:19,PENDING
B_109144,ACC_1011496,ACC_1012004,2025-05-08 16:53:40,APPROVED
B_109145,ACC_1011496,ACC_1000659,2025-05-08 16:53:40,APPROVED
B_109146,ACC_1011498,ACC_1012100,2024-11-22 11:53:32,APPROVED
B_109147,ACC_1011498,ACC_1002611,2024-11-20 11:53:32,APPROVED
B_109148,ACC_1011499,ACC_1011043,2022-06-26 17:58:38,APPROVED
B_109149,ACC_1011500,ACC_1006004,2022-07-10 16:09:38,APPROVED
B_109150,ACC_1011500,ACC_1012513,2022-07-18 16:09:38,APPROVED
B_109151,ACC_1011500,ACC_1008302,2022-07-12 16:09:38,APPROVED
B_109152,ACC_1011501,ACC_1013190,2016-08-07 23:48:03,APPROVED
B_109153,ACC_1011501,ACC_1009843,2016-08-12 23:48:03,APPROVED
B_109154,ACC_1011501,ACC_1004793,2016-08-10 23:48:03,APPROVED
B_109155,ACC_1011506,ACC_1009108,2025-03-31 12:37:34,APPROVED
B_109156,ACC_1011506,ACC_1001839,2025-03-27 12:37:34,APPROVED
B_109157,ACC_1011506,ACC_1007328,2025-03-31 12:37:34,APPROVED
B_109158,ACC_1011507,ACC_1005501,2025-04-18 08:36:34,APPROVED
B_109159,ACC_1011507,ACC_1002217,2025-04-09 08:36:34,APPROVED
B_109160,ACC_1011508,ACC_1004275,2022-06-17 13:05:31,APPROVED
B_109161,ACC_1011508,ACC_1012785,2022-06-17 13:05:31,APPROVED
B_109162,ACC_1011510,ACC_1011517,2022-06-23 02:47:31,APPROVED
B_109163,ACC_1011515,ACC_1011698,2024-10-27 15:18:36,APPROVED
B_109164,ACC_1011519,ACC_1010867,2023-09-09 01:39:36,APPROVED
B_109165,ACC_1011519,ACC_1009448,2023-09-06 01:39:36,APPROVED
B_109166,ACC_1011520,ACC_1010771,2017-03-30 04:22:24,APPROVED
B_109167,ACC_1011521,ACC_1005320,2020-12-01 06:12:26,APPROVED
B_109168,ACC_1011522,ACC_1005454,2022-08-11 10:22:05,APPROVED
B_109169,ACC_1011522,ACC_1004994,2022-08-18 10:22:05,APPROVED
B_109170,ACC_1011524,ACC_1003590,2025-11-20 19:59:24,APPROVED
B_109171,ACC_1011535,ACC_1003352,2024-07-29 13:50:32,APPROVED
B_109172,ACC_1011544,ACC_1010904,2020-02-24 08:27:26,APPROVED
B_109173,ACC_1011544,ACC_1014625,2020-02-21 08:27:26,APPROVED
B_109174,ACC_1011547,ACC_1014380,2016-11-16 09:19:20,APPROVED
B_109175,ACC_1011547,ACC_1006631,2016-11-18 09:19:20,APPROVED
B_109176,ACC_1011547,ACC_1002998,2016-11-19 09:19:20,APPROVED
B_109177,ACC_1011553,ACC_1002038,2019-04-01 01:35:08,APPROVED
B_109178,ACC_1011553,ACC_1007181,2019-04-02 01:35:08,APPROVED
B_109179,ACC_1011555,ACC_1001413,2018-02-21 16:31:38,APPROVED
B_109180,ACC_1011559,ACC_1008457,2016-06-19 10:18:21,APPROVED
B_109181,ACC_1011559,ACC_1010024,2016-06-19 10:18:21,APPROVED
B_109182,ACC_1011563,ACC_1011797,2024-07-06 00:33:49,APPROVED
B_109183,ACC_1011563,ACC_1009885,2024-07-14 00:33:49,PENDING
B_109184,ACC_1011563,ACC_1007747,2024-07-08 00:33:49,APPROVED
B_109185,ACC_1011566,ACC_1002840,2020-10-26 11:01:59,APPROVED
B_109186,ACC_1011566,ACC_1010364,2020-10-23 11:01:59,APPROVED
B_109187,ACC_1011567,ACC_1010393,2023-10-23 12:38:46,APPROVED
B_109188,ACC_1011567,ACC_1009942,2023-10-19 12:38:46,APPROVED
B_109189,ACC_1011568,ACC_1000585,2017-07-25 22:42:10,APPROVED
B_109190,ACC_1011574,ACC_1013865,2018-11-28 06:31:08,APPROVED
B_109191,ACC_1011574,ACC_1009612,2018-12-05 06:31:08,APPROVED
B_109192,ACC_1011575,ACC_1014874,2018-11-05 08:41:08,APPROVED
B_109193,ACC_1011575,ACC_1003572,2018-10-31 08:41:08,APPROVED
B_109194,ACC_1011580,ACC_1010094,2023-09-23 12:26:42,APPROVED
B_109195,ACC_1011580,ACC_1003634,2023-09-21 12:26:42,APPROVED
B_109196,ACC_1011583,ACC_1008496,2016-04-26 12:09:19,APPROVED
B_109197,ACC_1011583,ACC_1000496,2016-05-02 12:09:19,APPROVED
B_109198,ACC_1011587,ACC_1010876,2022-09-07 19:06:35,PENDING
B_109199,ACC_1011587,ACC_1001187,2022-08-29 19:06:35,APPROVED
B_109200,ACC_1011588,ACC_1004174,2022-09-08 03:48:35,APPROVED
B_109201,ACC_1011588,ACC_1011976,2022-09-08 03:48:35,PENDING
B_109202,ACC_1011591,ACC_1007840,2021-01-11 19:16:37,APPROVED
B_109203,ACC_1011591,ACC_1007024,2021-01-14 19:16:37,APPROVED
B_109204,ACC_1011591,ACC_1014665,2021-01-13 19:16:37,APPROVED
B_109205,ACC_1011592,ACC_1014281,2024-04-27 16:45:47,APPROVED
B_109206,ACC_1011593,ACC_1012649,2024-04-27 07:16:47,APPROVED
B_109207,ACC_1011596,ACC_1003613,2021-07-05 03:14:07,APPROVED
B_109208,ACC_1011596,ACC_1008766,2021-07-04 03:14:07,APPROVED
B_109209,ACC_1011596,ACC_1009652,2021-07-05 03:14:07,APPROVED
B_109210,ACC_1011598,ACC_1002396,2017-01-26 20:08:30,APPROVED
B_109211,ACC_1011603,ACC_1005711,2023-03-13 10:19:22,APPROVED
B_109212,ACC_1011603,ACC_1000525,2023-03-11 10:19:22,APPROVED
B_109213,ACC_1011603,ACC_1014803,2023-03-07 10:19:22,APPROVED
B_109214,ACC_1011605,ACC_1009861,2024-03-10 06:25:48,APPROVED
B_109215,ACC_1011605,ACC_1011671,2024-03-13 06:25:48,APPROVED
B_109216,ACC_1011606,ACC_1014174,2023-03-11 08:41:05,APPROVED
B_109217,ACC_1011606,ACC_1001216,2023-03-04 08:41:05,APPROVED
B_109218,ACC_1011612,ACC_1007590,2019-09-30 11:49:15,APPROVED
B_109219,ACC_1011612,ACC_1011753,2019-10-03 11:49:15,APPROVED
B_109220,ACC_1011612,ACC_1010903,2019-09-30 11:49:15,APPROVED
B_109221,ACC_1011613,ACC_1005723,2019-08-09 22:22:03,APPROVED
B_109222,ACC_1011613,ACC_1010217,2019-08-06 22:22:03,APPROVED
B_109223,ACC_1011613,ACC_1007587,2019-08-10 22:22:03,APPROVED
B_109224,ACC_1011616,ACC_1001869,2016-12-24 07:38:46,PENDING
B_109225,ACC_1011616,ACC_1003736,2016-12-31 07:38:46,APPROVED
B_109226,ACC_1011616,ACC_1002488,2016-12-27 07:38:46,APPROVED
B_109227,ACC_1011622,ACC_1010159,2019-10-25 23:27:46,APPROVED
B_109228,ACC_1011623,ACC_1006023,2022-08-16 10:20:03,APPROVED
B_109229,ACC_1011623,ACC_1014332,2022-08-16 10:20:03,APPROVED
B_109230,ACC_1011623,ACC_1003239,2022-08-11 10:20:03,APPROVED
B_109231,ACC_1011626,ACC_1002067,2023-01-06 10:04:48,APPROVED
B_109232,ACC_1011626,ACC_1006472,2023-01-01 10:04:48,APPROVED
B_109233,ACC_1011627,ACC_1010637,2024-08-10 18:08:39,APPROVED
B_109234,ACC_1011627,ACC_1014757,2024-08-04 18:08:39,APPROVED
B_109235,ACC_1011631,ACC_1004800,2016-08-08 11:18:38,APPROVED
B_109236,ACC_1011632,ACC_1014187,2016-07-25 07:01:38,PENDING
B_109237,ACC_1011632,ACC_1014062,2016-07-25 07:01:38,APPROVED
B_109238,ACC_1011632,ACC_1004627,2016-07-24 07:01:38,APPROVED
B_109239,ACC_1011633,ACC_1003977,2023-03-17 23:48:20,APPROVED
B_109240,ACC_1011634,ACC_1008443,2025-07-11 20:21:12,APPROVED
B_109241,ACC_1011634,ACC_1008920,2025-07-11 20:21:12,PENDING
B_109242,ACC_1011637,ACC_1010012,2017-11-21 09:16:56,PENDING
B_109243,ACC_1011637,ACC_1008615,2017-11-12 09:16:56,APPROVED
B_109244,ACC_1011637,ACC_1011008,2017-11-14 09:16:56,PENDING
B_109245,ACC_1011640,ACC_1005013,2019-02-20 13:29:14,APPROVED
B_109246,ACC_1011640,ACC_1002324,2019-02-21 13:29:14,APPROVED
B_109247,ACC_1011640,ACC_1014092,2019-02-24 13:29:14,APPROVED
B_109248,ACC_1011643,ACC_1002562,2018-05-21 08:20:06,APPROVED
B_109249,ACC_1011643,ACC_1001370,2018-05-24 08:20:06,APPROVED
B_109250,ACC_1011644,ACC_1007864,2022-05-06 05:17:04,APPROVED
B_109251,ACC_1011644,ACC_1000441,2022-05-03 05:17:04,APPROVED
B_109252,ACC_1011644,ACC_1013141,2022-05-01 05:17:04,APPROVED
B_109253,ACC_1011647,ACC_1001630,2017-07-13 13:50:24,APPROVED
B_109254,ACC_1011647,ACC_1005321,2017-07-07 13:50:24,APPROVED
B_109255,ACC_1011647,ACC_1006308,2017-07-16 13:50:24,APPROVED
B_109256,ACC_1011648,ACC_1006766,2019-02-01 14:02:16,APPROVED
B_109257,ACC_1011652,ACC_1013436,2022-05-09 06:19:44,APPROVED
B_109258,ACC_1011652,ACC_1008840,2022-05-07 06:19:44,APPROVED
B_109259,ACC_1011659,ACC_1013684,2025-03-03 09:06:47,APPROVED
B_109260,ACC_1011659,ACC_1006670,2025-03-07 09:06:47,APPROVED
B_109261,ACC_1011659,ACC_1005605,2025-03-04 09:06:47,APPROVED
B_109262,ACC_1011660,ACC_1013826,2025-09-14 13:36:50,APPROVED
B_109263,ACC_1011660,ACC_1011923,2025-09-16 13:36:50,APPROVED
B_109264,ACC_1011660,ACC_1004861,2025-09-19 13:36:50,APPROVED
B_109265,ACC_1011664,ACC_1011094,2021-05-06 11:24:49,APPROVED
B_109266,ACC_1011664,ACC_1003894,2021-05-05 11:24:49,APPROVED
B_109267,ACC_1011664,ACC_1007528,2021-05-11 11:24:49,APPROVED
B_109268,ACC_1011668,ACC_1007333,2016-04-02 06:50:02,APPROVED
B_109269,ACC_1011673,ACC_1007048,2019-09-15 20:29:11,APPROVED
B_109270,ACC_1011673,ACC_1009898,2019-09-11 20:29:11,APPROVED
B_109271,ACC_1011673,ACC_1010909,2019-09-06 20:29:11,APPROVED
B_109272,ACC_1011676,ACC_1004341,2017-11-26 21:07:29,APPROVED
B_109273,ACC_1011678,ACC_1013493,2025-01-26 07:19:44,APPROVED
B_109274,ACC_1011678,ACC_1005788,2025-01-27 07:19:44,APPROVED
B_109275,ACC_1011682,ACC_1005560,2022-09-27 07:51:08,PENDING
B_109276,ACC_1011682,ACC_1007295,2022-09-24 07:51:08,APPROVED
B_109277,ACC_1011684,ACC_1002401,2016-09-04 08:23:46,APPROVED
B_109278,ACC_1011684,ACC_1004897,2016-09-09 08:23:46,APPROVED
B_109279,ACC_1011684,ACC_1001348,2016-09-05 08:23:46,APPROVED
B_109280,ACC_1011685,ACC_1012577,2016-08-21 14:43:46,APPROVED
B_109281,ACC_1011685,ACC_1008625,2016-08-26 14:43:46,APPROVED
B_109282,ACC_1011686,ACC_1013066,2016-09-11 22:23:46,APPROVED
B_109283,ACC_1011687,ACC_1013981,2020-07-04 16:31:54,APPROVED
B_109284,ACC_1011689,ACC_1000959,2024-02-03 04:37:21,APPROVED
B_109285,ACC_1011689,ACC_1006342,2024-02-01 04:37:21,APPROVED
B_109286,ACC_1011689,ACC_1009818,2024-01-30 04:37:21,APPROVED
B_109287,ACC_1011691,ACC_1008399,2018-09-06 03:38:35,APPROVED
B_109288,ACC_1011691,ACC_1004911,2018-09-07 03:38:35,APPROVED
B_109289,ACC_1011691,ACC_1005838,2018-09-14 03:38:35,APPROVED
B_109290,ACC_1011692,ACC_1007675,2016-07-28 13:26:55,APPROVED
B_109291,ACC_1011692,ACC_1005825,2016-07-28 13:26:55,APPROVED
B_109292,ACC_1011696,ACC_1010341,2018-06-20 04:35:25,APPROVED
B_109293,ACC_1011696,ACC_1003722,2018-06-21 04:35:25,APPROVED
B_109294,ACC_1011696,ACC_1007306,2018-06-19 04:35:25,APPROVED
B_109295,ACC_1011697,ACC_1000402,2022-01-08 09:26:50,APPROVED
B_109296,ACC_1011698,ACC_1003580,2024-10-24 08:50:38,APPROVED
B_109297,ACC_1011698,ACC_1003152,2024-10-24 08:50:38,APPROVED
B_109298,ACC_1011698,ACC_1007850,2024-10-23 08:50:38,APPROVED
B_109299,ACC_1011699,ACC_1000883,2024-10-27 19:27:38,APPROVED
B_109300,ACC_1011699,ACC_1013287,2024-10-29 19:27:38,APPROVED
B_109301,ACC_1011708,ACC_1009710,2023-11-10 04:58:37,APPROVED
B_109302,ACC_1011708,ACC_1007859,2023-11-10 04:58:37,APPROVED
B_109303,ACC_1011708,ACC_1000355,2023-11-15 04:58:37,APPROVED
B_109304,ACC_1011710,ACC_1010379,2025-07-17 17:30:59,APPROVED
B_109305,ACC_1011712,ACC_1007527,2024-11-06 20:29:16,APPROVED
B_109306,ACC_1011712,ACC_1009437,2024-11-02 20:29:16,APPROVED
B_109307,ACC_1011715,ACC_1010166,2018-08-18 14:00:23,APPROVED
B_109308,ACC_1011718,ACC_1005201,2019-12-30 13:14:25,APPROVED
B_109309,ACC_1011720,ACC_1006034,2016-05-23 22:47:18,APPROVED
B_109310,ACC_1011720,ACC_1002071,2016-05-25 22:47:18,APPROVED
B_109311,ACC_1011720,ACC_1014529,2016-05-29 22:47:18,APPROVED
B_109312,ACC_1011722,ACC_1003615,2017-04-21 18:42:52,APPROVED
B_109313,ACC_1011722,ACC_1000329,2017-04-28 18:42:52,APPROVED
B_109314,ACC_1011722,ACC_1006763,2017-04-22 18:42:52,PENDING
B_109315,ACC_1011726,ACC_1006384,2021-10-28 15:56:22,APPROVED
B_109316,ACC_1011726,ACC_1007447,2021-10-28 15:56:22,APPROVED
B_109317,ACC_1011727,ACC_1004568,2021-10-11 13:06:22,APPROVED
B_109318,ACC_1011727,ACC_1003679,2021-10-14 13:06:22,APPROVED
B_109319,ACC_1011727,ACC_1003738,2021-10-09 13:06:22,APPROVED
B_109320,ACC_1011729,ACC_1003307,2019-12-18 10:40:37,APPROVED
B_109321,ACC_1011730,ACC_1005975,2023-11-26 13:54:00,APPROVED
B_109322,ACC_1011730,ACC_1007526,2023-11-30 13:54:00,APPROVED
B_109323,ACC_1011731,ACC_1008678,2023-11-01 05:48:00,APPROVED
B_109324,ACC_1011731,ACC_1013023,2023-11-01 05:48:00,APPROVED
B_109325,ACC_1011731,ACC_1011329,2023-10-27 05:48:00,APPROVED
B_109326,ACC_1011734,ACC_1006693,2020-03-28 21:59:30,APPROVED
B_109327,ACC_1011734,ACC_1003695,2020-03-28 21:59:30,APPROVED
B_109328,ACC_1011734,ACC_1004565,2020-04-01 21:59:30,APPROVED
B_109329,ACC_1011735,ACC_1004029,2018-10-12 12:13:15,APPROVED
B_109330,ACC_1011735,ACC_1011391,2018-10-06 12:13:15,APPROVED
B_109331,ACC_1011736,ACC_1012124,2024-03-07 11:46:54,APPROVED
B_109332,ACC_1011736,ACC_1006577,2024-03-07 11:46:54,APPROVED
B_109333,ACC_1011736,ACC_1000480,2024-03-07 11:46:54,APPROVED
B_109334,ACC_1011738,ACC_1001501,2020-11-10 15:11:45,APPROVED
B_109335,ACC_1011738,ACC_1014262,2020-11-09 15:11:45,APPROVED
B_109336,ACC_1011738,ACC_1005363,2020-11-08 15:11:45,APPROVED
B_109337,ACC_1011739,ACC_1011759,2016-04-30 21:16:36,APPROVED
B_109338,ACC_1011739,ACC_1008877,2016-04-26 21:16:36,APPROVED
B_109339,ACC_1011739,ACC_1010242,2016-04-25 21:16:36,APPROVED
B_109340,ACC_1011743,ACC_1006183,2025-11-11 23:30:50,APPROVED
B_109341,ACC_1011743,ACC_1006728,2025-11-07 23:30:50,APPROVED
B_109342,ACC_1011743,ACC_1005253,2025-11-11 23:30:50,APPROVED
B_109343,ACC_1011744,ACC_1005281,2022-03-01 00:43:27,APPROVED
B_109344,ACC_1011744,ACC_1000174,2022-03-01 00:43:27,APPROVED
B_109345,ACC_1011744,ACC_1009985,2022-02-28 00:43:27,PENDING
B_109346,ACC_1011748,ACC_1004151,2016-07-24 08:39:20,APPROVED
B_109347,ACC_1011749,ACC_1006561,2020-07-14 10:42:34,APPROVED
B_109348,ACC_1011749,ACC_1014305,2020-07-14 10:42:34,APPROVED
B_109349,ACC_1011749,ACC_1000160,2020-07-14 10:42:34,PENDING
B_109350,ACC_1011750,ACC_1002271,2020-08-03 23:13:34,APPROVED
B_109351,ACC_1011750,ACC_1000355,2020-07-29 23:13:34,APPROVED
B_109352,ACC_1011750,ACC_1010138,2020-07-27 23:13:34,APPROVED
B_109353,ACC_1011751,ACC_1005171,2016-07-20 03:05:03,APPROVED
B_109354,ACC_1011752,ACC_1012793,2021-08-18 04:06:57,APPROVED
B_109355,ACC_1011752,ACC_1013161,2021-08-13 04:06:57,APPROVED
B_109356,ACC_1011752,ACC_1011475,2021-08-18 04:06:57,APPROVED
B_109357,ACC_1011753,ACC_1005685,2021-08-10 20:09:57,APPROVED
B_109358,ACC_1011754,ACC_1014047,2022-08-13 11:33:04,PENDING
B_109359,ACC_1011754,ACC_1003831,2022-08-17 11:33:04,PENDING
B_109360,ACC_1011754,ACC_1001314,2022-08-19 11:33:04,APPROVED
B_109361,ACC_1011755,ACC_1003632,2023-11-27 06:34:05,APPROVED
B_109362,ACC_1011756,ACC_1010356,2023-11-10 22:51:05,APPROVED
B_109363,ACC_1011760,ACC_1005277,2019-11-27 00:43:49,PENDING
B_109364,ACC_1011762,ACC_1006857,2019-06-03 11:55:54,APPROVED
B_109365,ACC_1011762,ACC_1005792,2019-06-11 11:55:54,APPROVED
B_109366,ACC_1011762,ACC_1001591,2019-06-08 11:55:54,APPROVED
B_109367,ACC_1011765,ACC_1015046,2021-08-12 00:24:29,APPROVED
B_109368,ACC_1011765,ACC_1005775,2021-08-11 00:24:29,APPROVED
B_109369,ACC_1011765,ACC_1003964,2021-08-16 00:24:29,APPROVED
B_109370,ACC_1011768,ACC_1002813,2025-06-14 11:31:35,APPROVED
B_109371,ACC_1011769,ACC_1009809,2016-07-23 12:11:55,APPROVED
B_109372,ACC_1011770,ACC_1008735,2016-07-09 09:52:55,PENDING
B_109373,ACC_1011773,ACC_1011233,2018-05-13 10:32:20,APPROVED
B_109374,ACC_1011773,ACC_1006813,2018-05-12 10:32:20,APPROVED
B_109375,ACC_1011773,ACC_1007154,2018-05-13 10:32:20,APPROVED
B_109376,ACC_1011774,ACC_1002803,2024-02-24 15:49:06,APPROVED
B_109377,ACC_1011774,ACC_1001638,2024-02-27 15:49:06,APPROVED
B_109378,ACC_1011775,ACC_1006346,2018-01-04 17:01:16,APPROVED
B_109379,ACC_1011775,ACC_1008929,2018-01-08 17:01:16,APPROVED
B_109380,ACC_1011775,ACC_1005286,2018-01-08 17:01:16,APPROVED
B_109381,ACC_1011778,ACC_1013971,2023-11-02 12:03:29,APPROVED
B_109382,ACC_1011778,ACC_1005663,2023-10-31 12:03:29,APPROVED
B_109383,ACC_1011779,ACC_1006084,2025-04-20 05:48:27,APPROVED
B_109384,ACC_1011779,ACC_1013764,2025-04-19 05:48:27,APPROVED
B_109385,ACC_1011780,ACC_1000467,2025-04-19 09:16:27,APPROVED
B_109386,ACC_1011781,ACC_1001261,2020-03-20 06:37:36,APPROVED
B_109387,ACC_1011781,ACC_1013056,2020-03-19 06:37:36,APPROVED
B_109388,ACC_1011783,ACC_1008599,2017-12-29 21:40:52,APPROVED
B_109389,ACC_1011783,ACC_1013650,2017-12-31 21:40:52,APPROVED
B_109390,ACC_1011783,ACC_1002502,2018-01-05 21:40:52,APPROVED
B_109391,ACC_1011786,ACC_1014494,2016-11-24 01:56:26,APPROVED
B_109392,ACC_1011788,ACC_1009646,2023-05-16 17:15:33,APPROVED
B_109393,ACC_1011798,ACC_1002777,2021-07-04 22:02:31,APPROVED
B_109394,ACC_1011800,ACC_1006530,2017-11-04 02:29:55,PENDING
B_109395,ACC_1011800,ACC_1000802,2017-11-08 02:29:55,APPROVED
B_109396,ACC_1011801,ACC_1009604,2018-05-16 10:26:51,APPROVED
B_109397,ACC_1011801,ACC_1013643,2018-05-17 10:26:51,APPROVED
B_109398,ACC_1011805,ACC_1001926,2022-07-11 20:01:23,APPROVED
B_109399,ACC_1011805,ACC_1013553,2022-07-07 20:01:23,APPROVED
B_109400,ACC_1011806,ACC_1010471,2022-07-10 17:58:23,APPROVED
B_109401,ACC_1011809,ACC_1008033,2025-03-06 05:20:34,APPROVED
B_109402,ACC_1011809,ACC_1004428,2025-02-27 05:20:34,APPROVED
B_109403,ACC_1011809,ACC_1004021,2025-03-01 05:20:34,APPROVED
B_109404,ACC_1011813,ACC_1012005,2018-11-13 16:46:37,APPROVED
B_109405,ACC_1011813,ACC_1008264,2018-11-12 16:46:37,APPROVED
B_109406,ACC_1011814,ACC_1003579,2018-11-30 15:26:37,APPROVED
B_109407,ACC_1011815,ACC_1004892,2024-04-14 16:56:32,APPROVED
B_109408,ACC_1011815,ACC_1001750,2024-04-20 16:56:32,PENDING
B_109409,ACC_1011819,ACC_1012492,2019-02-07 20:55:32,APPROVED
B_109410,ACC_1011820,ACC_1014972,2019-02-17 04:58:32,APPROVED
B_109411,ACC_1011820,ACC_1011717,2019-02-20 04:58:32,APPROVED
B_109412,ACC_1011826,ACC_1000343,2021-07-06 23:06:41,APPROVED
B_109413,ACC_1011826,ACC_1009655,2021-07-02 23:06:41,APPROVED
B_109414,ACC_1011826,ACC_1013335,2021-07-03 23:06:41,APPROVED
B_109415,ACC_1011830,ACC_1012716,2017-07-04 08:59:34,APPROVED
B_109416,ACC_1011832,ACC_1006181,2021-02-24 13:47:10,APPROVED
B_109417,ACC_1011832,ACC_1011965,2021-02-19 13:47:10,APPROVED
B_109418,ACC_1011837,ACC_1000127,2024-01-01 06:00:57,APPROVED
B_109419,ACC_1011837,ACC_1006214,2024-01-07 06:00:57,APPROVED
B_109420,ACC_1011842,ACC_1012239,2020-11-18 10:04:55,APPROVED
B_109421,ACC_1011842,ACC_1010530,2020-11-12 10:04:55,APPROVED
B_109422,ACC_1011843,ACC_1004248,2020-11-29 23:32:55,APPROVED
B_109423,ACC_1011844,ACC_1003550,2018-03-02 07:09:07,APPROVED
B_109424,ACC_1011848,ACC_1001615,2019-03-24 09:18:29,PENDING
B_109425,ACC_1011848,ACC_1009865,2019-03-21 09:18:29,APPROVED
B_109426,ACC_1011853,ACC_1005896,2024-07-07 03:50:10,APPROVED
B_109427,ACC_1011856,ACC_1012603,2016-11-16 16:31:09,PENDING
B_109428,ACC_1011856,ACC_1006576,2016-11-13 16:31:09,APPROVED
B_109429,ACC_1011857,ACC_1001681,2016-11-29 09:23:09,APPROVED
B_109430,ACC_1011857,ACC_1011516,2016-11-29 09:23:09,APPROVED
B_109431,ACC_1011859,ACC_1011684,2019-03-12 02:29:25,APPROVED
B_109432,ACC_1011859,ACC_1014458,2019-03-09 02:29:25,APPROVED
B_109433,ACC_1011860,ACC_1005650,2020-05-27 09:33:40,PENDING
B_109434,ACC_1011860,ACC_1012428,2020-05-29 09:33:40,APPROVED
B_109435,ACC_1011860,ACC_1002385,2020-05-25 09:33:40,APPROVED
B_109436,ACC_1011861,ACC_1013814,2025-04-16 09:32:29,APPROVED
B_109437,ACC_1011861,ACC_1004480,2025-04-13 09:32:29,APPROVED
B_109438,ACC_1011865,ACC_1010342,2016-08-16 18:46:45,APPROVED
B_109439,ACC_1011865,ACC_1002559,2016-08-19 18:46:45,PENDING
B_109440,ACC_1011866,ACC_1013271,2023-02-27 06:27:06,APPROVED
B_109441,ACC_1011866,ACC_1003505,2023-02-25 06:27:06,APPROVED
B_109442,ACC_1011868,ACC_1005364,2023-12-15 13:09:30,APPROVED
B_109443,ACC_1011869,ACC_1004198,2023-12-18 05:07:30,APPROVED
B_109444,ACC_1011870,ACC_1001464,2023-12-16 17:44:30,APPROVED
B_109445,ACC_1011870,ACC_1010723,2023-12-11 17:44:30,APPROVED
B_109446,ACC_1011870,ACC_1011497,2023-12-15 17:44:30,APPROVED
B_109447,ACC_1011871,ACC_1014333,2018-07-08 17:04:42,APPROVED
B_109448,ACC_1011871,ACC_1007403,2018-07-05 17:04:42,APPROVED
B_109449,ACC_1011871,ACC_1012632,2018-06-30 17:04:42,APPROVED
B_109450,ACC_1011875,ACC_1007634,2019-09-17 17:31:23,APPROVED
B_109451,ACC_1011876,ACC_1011664,2024-01-25 07:57:59,APPROVED
B_109452,ACC_1011882,ACC_1004186,2019-08-25 15:10:16,APPROVED
B_109453,ACC_1011882,ACC_1005796,2019-08-19 15:10:16,APPROVED
B_109454,ACC_1011882,ACC_1011999,2019-08-24 15:10:16,APPROVED
B_109455,ACC_1011883,ACC_1003974,2024-05-06 14:04:55,APPROVED
B_109456,ACC_1011883,ACC_1006958,2024-05-09 14:04:55,APPROVED
B_109457,ACC_1011883,ACC_1002787,2024-05-01 14:04:55,APPROVED
B_109458,ACC_1011889,ACC_1013894,2024-06-12 12:49:32,APPROVED
B_109459,ACC_1011889,ACC_1012743,2024-06-08 12:49:32,APPROVED
B_109460,ACC_1011894,ACC_1011778,2024-06-16 06:27:34,APPROVED
B_109461,ACC_1011894,ACC_1014709,2024-06-10 06:27:34,APPROVED
B_109462,ACC_1011894,ACC_1004221,2024-06-09 06:27:34,APPROVED
B_109463,ACC_1011895,ACC_1011031,2016-02-28 07:56:45,APPROVED
B_109464,ACC_1011895,ACC_1013867,2016-02-26 07:56:45,APPROVED
B_109465,ACC_1011896,ACC_1002545,2016-02-20 02:31:25,APPROVED
B_109466,ACC_1011903,ACC_1012947,2025-07-29 06:06:06,APPROVED
B_109467,ACC_1011904,ACC_1011165,2018-09-02 12:45:54,APPROVED
B_109468,ACC_1011904,ACC_1013683,2018-09-01 12:45:54,APPROVED
B_109469,ACC_1011904,ACC_1009271,2018-08-27 12:45:54,APPROVED
B_109470,ACC_1011905,ACC_1012497,2018-08-29 05:20:54,APPROVED
B_109471,ACC_1011905,ACC_1000505,2018-08-31 05:20:54,APPROVED
B_109472,ACC_1011906,ACC_1002057,2018-08-26 14:52:54,APPROVED
B_109473,ACC_1011906,ACC_1005975,2018-08-22 14:52:54,APPROVED
B_109474,ACC_1011906,ACC_1007195,2018-08-21 14:52:54,APPROVED
B_109475,ACC_1011913,ACC_1011071,2023-01-18 01:46:05,APPROVED
B_109476,ACC_1011918,ACC_1009406,2022-04-13 14:46:31,APPROVED
B_109477,ACC_1011918,ACC_1008848,2022-04-16 14:46:31,APPROVED
B_109478,ACC_1011918,ACC_1008031,2022-04-10 14:46:31,APPROVED
B_109479,ACC_1011922,ACC_1012155,2019-05-14 20:41:00,APPROVED
B_109480,ACC_1011922,ACC_1010775,2019-05-12 20:41:00,APPROVED
B_109481,ACC_1011922,ACC_1014772,2019-05-12 20:41:00,APPROVED
B_109482,ACC_1011927,ACC_1011208,2021-07-07 14:06:42,APPROVED
B_109483,ACC_1011927,ACC_1000572,2021-07-05 14:06:42,APPROVED
B_109484,ACC_1011931,ACC_1003873,2025-01-02 12:52:32,APPROVED
B_109485,ACC_1011931,ACC_1001187,2025-01-09 12:52:32,APPROVED
B_109486,ACC_1011931,ACC_1009535,2025-01-10 12:52:32,APPROVED
B_109487,ACC_1011933,ACC_1010548,2024-02-26 17:17:14,APPROVED
B_109488,ACC_1011935,ACC_1005259,2020-11-30 08:06:22,APPROVED
B_109489,ACC_1011939,ACC_1008932,2018-02-15 06:52:05,APPROVED
B_109490,ACC_1011939,ACC_1007064,2018-02-14 06:52:05,APPROVED
B_109491,ACC_1011939,ACC_1008021,2018-02-16 06:52:05,PENDING
B_109492,ACC_1011940,ACC_1002340,2018-02-14 00:35:18,APPROVED
B_109493,ACC_1011941,ACC_1013086,2020-04-29 18:53:24,APPROVED
B_109494,ACC_1011941,ACC_1006486,2020-05-02 18:53:24,APPROVED
B_109495,ACC_1011942,ACC_1012099,2020-05-28 11:57:24,APPROVED
B_109496,ACC_1011942,ACC_1006165,2020-05-23 11:57:24,APPROVED
B_109497,ACC_1011942,ACC_1009608,2020-05-26 11:57:24,APPROVED
B_109498,ACC_1011944,ACC_1001854,2023-02-18 04:41:08,APPROVED
B_109499,ACC_1011944,ACC_1013376,2023-02-10 04:41:08,APPROVED
B_109500,ACC_1011946,ACC_1014515,2018-08-01 22:47:57,APPROVED
B_109501,ACC_1011946,ACC_1007279,2018-07-31 22:47:57,APPROVED
B_109502,ACC_1011950,ACC_1011059,2018-11-25 18:50:50,APPROVED
B_109503,ACC_1011950,ACC_1000212,2018-11-20 18:50:50,APPROVED
B_109504,ACC_1011954,ACC_1008231,2018-02-01 16:08:45,APPROVED
B_109505,ACC_1011954,ACC_1006994,2018-02-01 16:08:45,APPROVED
B_109506,ACC_1011954,ACC_1008120,2018-01-27 16:08:45,APPROVED
B_109507,ACC_1011955,ACC_1005117,2023-04-13 00:43:20,APPROVED
B_109508,ACC_1011955,ACC_1004705,2023-04-13 00:43:20,APPROVED
B_109509,ACC_1011955,ACC_1000839,2023-04-08 00:43:20,APPROVED
B_109510,ACC_1011958,ACC_1011310,2018-08-17 19:10:20,APPROVED
B_109511,ACC_1011958,ACC_1000041,2018-08-13 19:10:20,APPROVED
B_109512,ACC_1011958,ACC_1007604,2018-08-14 19:10:20,APPROVED
B_109513,ACC_1011959,ACC_1001295,2025-07-03 15:51:31,APPROVED
B_109514,ACC_1011960,ACC_1008401,2025-07-06 23:24:31,APPROVED
B_109515,ACC_1011961,ACC_1002669,2025-07-22 22:26:31,APPROVED
B_109516,ACC_1011961,ACC_1007727,2025-07-22 22:26:31,APPROVED
B_109517,ACC_1011962,ACC_1002980,2018-12-03 23:08:28,APPROVED
B_109518,ACC_1011962,ACC_1003131,2018-12-06 23:08:28,APPROVED
B_109519,ACC_1011962,ACC_1003260,2018-11-30 23:08:28,APPROVED
B_109520,ACC_1011963,ACC_1009077,2022-11-28 15:41:11,APPROVED
B_109521,ACC_1011966,ACC_1014224,2018-07-09 04:09:49,APPROVED
B_109522,ACC_1011966,ACC_1000462,2018-06-30 04:09:49,APPROVED
B_109523,ACC_1011970,ACC_1004562,2018-12-09 06:52:15,APPROVED
B_109524,ACC_1011972,ACC_1005147,2022-02-28 15:57:17,APPROVED
B_109525,ACC_1011973,ACC_1007807,2022-12-12 23:18:33,APPROVED
B_109526,ACC_1011974,ACC_1011646,2020-11-08 04:06:45,APPROVED
B_109527,ACC_1011974,ACC_1012058,2020-11-06 04:06:45,APPROVED
B_109528,ACC_1011975,ACC_1014089,2018-05-29 21:46:16,APPROVED
B_109529,ACC_1011975,ACC_1009482,2018-05-28 21:46:16,APPROVED
B_109530,ACC_1011975,ACC_1002124,2018-06-04 21:46:16,APPROVED
B_109531,ACC_1011976,ACC_1012217,2018-06-17 23:02:16,APPROVED
B_109532,ACC_1011976,ACC_1009534,2018-06-14 23:02:16,APPROVED
B_109533,ACC_1011977,ACC_1007131,2021-06-11 09:54:49,APPROVED
B_109534,ACC_1011977,ACC_1012600,2021-06-09 09:54:49,APPROVED
B_109535,ACC_1011977,ACC_1002006,2021-06-04 09:54:49,APPROVED
B_109536,ACC_1011978,ACC_1004478,2023-05-02 21:02:17,APPROVED
B_109537,ACC_1011978,ACC_1014037,2023-05-01 21:02:17,APPROVED
B_109538,ACC_1011979,ACC_1008135,2023-05-21 10:43:17,APPROVED
B_109539,ACC_1011981,ACC_1007248,2021-07-21 09:51:37,APPROVED
B_109540,ACC_1011982,ACC_1005969,2021-07-03 05:07:37,PENDING
B_109541,ACC_1011982,ACC_1010264,2021-06-30 05:07:37,APPROVED
B_109542,ACC_1011982,ACC_1011086,2021-07-04 05:07:37,APPROVED
B_109543,ACC_1011983,ACC_1000495,2021-06-23 22:21:37,APPROVED
B_109544,ACC_1011983,ACC_1007603,2021-06-27 22:21:37,APPROVED
B_109545,ACC_1011983,ACC_1005069,2021-06-21 22:21:37,APPROVED
B_109546,ACC_1011985,ACC_1011499,2021-10-30 11:42:24,APPROVED
B_109547,ACC_1011988,ACC_1002424,2016-02-21 16:01:43,APPROVED
B_109548,ACC_1011988,ACC_1000577,2016-02-28 16:01:43,APPROVED
B_109549,ACC_1011992,ACC_1001935,2018-11-04 15:20:52,APPROVED
B_109550,ACC_1011995,ACC_1000336,2019-01-28 12:00:00,APPROVED
B_109551,ACC_1011995,ACC_1002846,2019-01-26 12:00:00,APPROVED
B_109552,ACC_1011997,ACC_1001639,2021-12-20 08:36:44,APPROVED
B_109553,ACC_1011997,ACC_1011992,2021-12-20 08:36:44,APPROVED
B_109554,ACC_1011999,ACC_1004548,2019-03-23 14:58:42,APPROVED
B_109555,ACC_1012000,ACC_1007491,2017-07-09 10:53:13,APPROVED
B_109556,ACC_1012000,ACC_1001624,2017-07-13 10:53:13,APPROVED
B_109557,ACC_1012001,ACC_1012877,2017-07-02 18:26:13,APPROVED
B_109558,ACC_1012002,ACC_1013712,2020-01-07 06:41:24,APPROVED
B_109559,ACC_1012005,ACC_1008562,2018-11-08 16:12:04,APPROVED
B_109560,ACC_1012006,ACC_1011418,2016-06-29 15:29:34,APPROVED
B_109561,ACC_1012011,ACC_1011421,2025-08-13 20:51:48,PENDING
B_109562,ACC_1012011,ACC_1012642,2025-08-15 20:51:48,APPROVED
B_109563,ACC_1012011,ACC_1007033,2025-08-14 20:51:48,APPROVED
B_109564,ACC_1012014,ACC_1014421,2024-10-16 14:44:06,APPROVED
B_109565,ACC_1012014,ACC_1013998,2024-10-21 14:44:06,APPROVED
B_109566,ACC_1012014,ACC_1005415,2024-10-15 14:44:06,APPROVED
B_109567,ACC_1012018,ACC_1007398,2025-07-27 06:54:36,APPROVED
B_109568,ACC_1012018,ACC_1005336,2025-07-24 06:54:36,APPROVED
B_109569,ACC_1012018,ACC_1003349,2025-07-19 06:54:36,APPROVED
B_109570,ACC_1012021,ACC_1011529,2023-03-24 02:16:52,APPROVED
B_109571,ACC_1012021,ACC_1007565,2023-03-26 02:16:52,APPROVED
B_109572,ACC_1012021,ACC_1012235,2023-03-17 02:16:52,APPROVED
B_109573,ACC_1012022,ACC_1003656,2025-07-05 20:15:57,PENDING
B_109574,ACC_1012023,ACC_1007271,2025-03-22 21:14:10,APPROVED
B_109575,ACC_1012023,ACC_1003316,2025-03-20 21:14:10,APPROVED
B_109576,ACC_1012024,ACC_1000027,2021-07-26 12:32:52,APPROVED
B_109577,ACC_1012024,ACC_1013373,2021-07-25 12:32:52,APPROVED
B_109578,ACC_1012024,ACC_1006954,2021-07-26 12:32:52,APPROVED
B_109579,ACC_1012029,ACC_1010910,2020-01-09 01:20:39,APPROVED
B_109580,ACC_1012029,ACC_1000619,2020-01-12 01:20:39,APPROVED
B_109581,ACC_1012029,ACC_1010224,2020-01-16 01:20:39,APPROVED
B_109582,ACC_1012032,ACC_1014401,2023-08-05 09:41:22,APPROVED
B_109583,ACC_1012032,ACC_1004749,2023-08-09 09:41:22,APPROVED
B_109584,ACC_1012033,ACC_1010418,2025-01-31 11:24:45,APPROVED
B_109585,ACC_1012033,ACC_1012333,2025-02-02 11:24:45,APPROVED
B_109586,ACC_1012036,ACC_1007493,2021-09-05 20:00:09,APPROVED
B_109587,ACC_1012036,ACC_1010375,2021-09-08 20:00:09,APPROVED
B_109588,ACC_1012036,ACC_1011380,2021-09-09 20:00:09,APPROVED
B_109589,ACC_1012039,ACC_1006454,2020-02-11 14:22:05,APPROVED
B_109590,ACC_1012040,ACC_1009546,2018-11-17 16:23:39,APPROVED
B_109591,ACC_1012040,ACC_1013010,2018-11-16 16:23:39,APPROVED
B_109592,ACC_1012043,ACC_1009104,2021-09-02 21:17:52,APPROVED
B_109593,ACC_1012043,ACC_1007516,2021-09-07 21:17:52,APPROVED
B_109594,ACC_1012043,ACC_1010043,2021-09-05 21:17:52,PENDING
B_109595,ACC_1012045,ACC_1005344,2019-02-10 04:06:53,APPROVED
B_109596,ACC_1012045,ACC_1011822,2019-02-12 04:06:53,APPROVED
B_109597,ACC_1012045,ACC_1001788,2019-02-16 04:06:53,APPROVED
B_109598,ACC_1012049,ACC_1011596,2024-01-01 00:33:03,APPROVED
B_109599,ACC_1012049,ACC_1006309,2023-12-27 00:33:03,APPROVED
B_109600,ACC_1012050,ACC_1006824,2019-12-24 05:31:17,APPROVED
B_109601,ACC_1012051,ACC_1000716,2020-01-09 18:25:17,APPROVED
B_109602,ACC_1012051,ACC_1003663,2020-01-05 18:25:17,APPROVED
B_109603,ACC_1012051,ACC_1015002,2020-01-11 18:25:17,PENDING
B_109604,ACC_1012054,ACC_1002289,2021-05-05 08:35:09,APPROVED
B_109605,ACC_1012054,ACC_1009416,2021-05-05 08:35:09,APPROVED
B_109606,ACC_1012056,ACC_1007395,2019-07-06 14:09:14,APPROVED
B_109607,ACC_1012056,ACC_1009908,2019-07-06 14:09:14,APPROVED
B_109608,ACC_1012056,ACC_1013198,2019-07-06 14:09:14,APPROVED
B_109609,ACC_1012057,ACC_1008480,2016-02-04 19:11:40,APPROVED
B_109610,ACC_1012057,ACC_1008789,2016-02-04 19:11:40,APPROVED
B_109611,ACC_1012057,ACC_1006332,2016-02-09 19:11:40,APPROVED
B_109612,ACC_1012058,ACC_1005151,2016-01-31 20:43:40,APPROVED
B_109613,ACC_1012058,ACC_1005569,2016-02-04 20:43:40,APPROVED
B_109614,ACC_1012058,ACC_1013500,2016-02-01 20:43:40,APPROVED
B_109615,ACC_1012059,ACC_1014452,2022-09-27 17:51:58,APPROVED
B_109616,ACC_1012059,ACC_1007852,2022-09-20 17:51:58,APPROVED
B_109617,ACC_1012060,ACC_1010573,2022-09-13 03:09:58,APPROVED
B_109618,ACC_1012060,ACC_1003316,2022-09-09 03:09:58,APPROVED
B_109619,ACC_1012061,ACC_1005328,2018-08-30 03:13:32,APPROVED
B_109620,ACC_1012061,ACC_1008861,2018-08-29 03:13:32,APPROVED
B_109621,ACC_1012061,ACC_1001983,2018-08-30 03:13:32,APPROVED
B_109622,ACC_1012065,ACC_1012270,2019-01-01 14:52:37,APPROVED
B_109623,ACC_1012065,ACC_1010538,2019-01-02 14:52:37,APPROVED
B_109624,ACC_1012067,ACC_1013875,2020-10-16 10:25:15,APPROVED
B_109625,ACC_1012067,ACC_1008058,2020-10-23 10:25:15,APPROVED
B_109626,ACC_1012067,ACC_1014253,2020-10-19 10:25:15,APPROVED
B_109627,ACC_1012070,ACC_1008043,2025-03-31 11:33:24,APPROVED
B_109628,ACC_1012070,ACC_1000620,2025-04-05 11:33:24,APPROVED
B_109629,ACC_1012072,ACC_1002903,2017-02-24 19:52:43,APPROVED
B_109630,ACC_1012072,ACC_1002252,2017-02-24 19:52:43,APPROVED
B_109631,ACC_1012072,ACC_1009101,2017-02-21 19:52:43,APPROVED
B_109632,ACC_1012075,ACC_1014818,2016-06-26 14:44:25,APPROVED
B_109633,ACC_1012075,ACC_1007728,2016-06-27 14:44:25,APPROVED
B_109634,ACC_1012075,ACC_1008618,2016-07-04 14:44:25,APPROVED
B_109635,ACC_1012079,ACC_1003198,2023-09-26 15:05:22,APPROVED
B_109636,ACC_1012079,ACC_1003941,2023-09-27 15:05:22,APPROVED
B_109637,ACC_1012083,ACC_1002884,2021-12-14 06:13:37,APPROVED
B_109638,ACC_1012084,ACC_1009350,2018-10-15 21:40:03,APPROVED
B_109639,ACC_1012084,ACC_1012442,2018-10-09 21:40:03,APPROVED
B_109640,ACC_1012084,ACC_1002763,2018-10-14 21:40:03,APPROVED
B_109641,ACC_1012086,ACC_1012599,2018-10-12 13:52:03,APPROVED
B_109642,ACC_1012089,ACC_1004615,2024-02-28 03:39:10,APPROVED
B_109643,ACC_1012089,ACC_1008453,2024-02-24 03:39:10,APPROVED
B_109644,ACC_1012089,ACC_1005952,2024-02-26 03:39:10,APPROVED
B_109645,ACC_1012093,ACC_1000047,2020-11-30 22:04:59,APPROVED
B_109646,ACC_1012093,ACC_1012796,2020-11-24 22:04:59,PENDING
B_109647,ACC_1012094,ACC_1012621,2025-02-20 03:56:17,APPROVED
B_109648,ACC_1012096,ACC_1001954,2025-08-21 15:47:56,APPROVED
B_109649,ACC_1012098,ACC_1014856,2025-12-25 15:18:41,APPROVED
B_109650,ACC_1012098,ACC_1010320,2025-12-22 15:18:41,APPROVED
B_109651,ACC_1012098,ACC_1009315,2025-12-29 15:18:41,APPROVED
B_109652,ACC_1012100,ACC_1013032,2023-05-13 03:04:42,APPROVED
B_109653,ACC_1012101,ACC_1004060,2018-10-29 19:36:32,APPROVED
B_109654,ACC_1012101,ACC_1010397,2018-10-25 19:36:32,APPROVED
B_109655,ACC_1012104,ACC_1006075,2023-10-25 20:56:55,APPROVED
B_109656,ACC_1012109,ACC_1006159,2017-07-30 02:51:27,APPROVED
B_109657,ACC_1012110,ACC_1000863,2025-12-03 17:16:25,APPROVED
B_109658,ACC_1012112,ACC_1009664,2017-04-18 18:18:55,APPROVED
B_109659,ACC_1012114,ACC_1004882,2019-10-03 00:48:17,APPROVED
B_109660,ACC_1012115,ACC_1008814,2019-10-06 07:52:17,APPROVED
B_109661,ACC_1012115,ACC_1011242,2019-10-11 07:52:17,APPROVED
B_109662,ACC_1012115,ACC_1010914,2019-10-06 07:52:17,APPROVED
B_109663,ACC_1012116,ACC_1009158,2022-06-04 11:07:44,APPROVED
B_109664,ACC_1012116,ACC_1006045,2022-06-03 11:07:44,APPROVED
B_109665,ACC_1012116,ACC_1004255,2022-06-05 11:07:44,APPROVED
B_109666,ACC_1012118,ACC_1014577,2017-11-03 17:52:05,APPROVED
B_109667,ACC_1012118,ACC_1008306,2017-10-30 17:52:05,APPROVED
B_109668,ACC_1012118,ACC_1011322,2017-11-07 17:52:05,APPROVED
B_109669,ACC_1012122,ACC_1004062,2021-04-12 13:00:21,APPROVED
B_109670,ACC_1012122,ACC_1008642,2021-04-12 13:00:21,APPROVED
B_109671,ACC_1012127,ACC_1007489,2025-07-22 09:15:14,APPROVED
B_109672,ACC_1012127,ACC_1010332,2025-07-22 09:15:14,APPROVED
B_109673,ACC_1012127,ACC_1013222,2025-07-24 09:15:14,APPROVED
B_109674,ACC_1012130,ACC_1014062,2016-10-17 13:52:09,APPROVED
B_109675,ACC_1012130,ACC_1006236,2016-10-14 13:52:09,APPROVED
B_109676,ACC_1012132,ACC_1002426,2021-10-14 20:52:16,APPROVED
B_109677,ACC_1012132,ACC_1006357,2021-10-07 20:52:16,APPROVED
B_109678,ACC_1012136,ACC_1013467,2024-12-10 11:08:31,APPROVED
B_109679,ACC_1012136,ACC_1005358,2024-12-03 11:08:31,APPROVED
B_109680,ACC_1012137,ACC_1010888,2025-06-19 02:24:21,APPROVED
B_109681,ACC_1012137,ACC_1013661,2025-06-23 02:24:21,APPROVED
B_109682,ACC_1012137,ACC_1000636,2025-06-22 02:24:21,APPROVED
B_109683,ACC_1012138,ACC_1012335,2018-07-24 05:20:09,APPROVED
B_109684,ACC_1012138,ACC_1009480,2018-07-21 05:20:09,APPROVED
B_109685,ACC_1012140,ACC_1005394,2025-09-03 03:00:22,APPROVED
B_109686,ACC_1012145,ACC_1010125,2021-10-17 19:27:57,APPROVED
B_109687,ACC_1012146,ACC_1001712,2023-04-02 04:32:08,APPROVED
B_109688,ACC_1012146,ACC_1004918,2023-03-31 04:32:08,PENDING
B_109689,ACC_1012146,ACC_1010201,2023-04-08 04:32:08,APPROVED
B_109690,ACC_1012147,ACC_1005107,2018-04-10 03:08:29,APPROVED
B_109691,ACC_1012147,ACC_1010461,2018-04-07 03:08:29,PENDING
B_109692,ACC_1012147,ACC_1013953,2018-04-11 03:08:29,APPROVED
B_109693,ACC_1012148,ACC_1001499,2019-05-09 04:55:30,APPROVED
B_109694,ACC_1012148,ACC_1006016,2019-05-12 04:55:30,APPROVED
B_109695,ACC_1012150,ACC_1011460,2021-04-10 13:59:16,APPROVED
B_109696,ACC_1012150,ACC_1010792,2021-04-14 13:59:16,APPROVED
B_109697,ACC_1012151,ACC_1003802,2016-02-27 04:06:07,APPROVED
B_109698,ACC_1012151,ACC_1014179,2016-02-20 04:06:07,APPROVED
B_109699,ACC_1012152,ACC_1005881,2016-02-21 02:12:07,APPROVED
B_109700,ACC_1012154,ACC_1001348,2019-06-01 13:13:36,APPROVED
B_109701,ACC_1012156,ACC_1013160,2019-05-24 16:19:36,APPROVED
B_109702,ACC_1012157,ACC_1006652,2017-08-08 17:02:41,PENDING
B_109703,ACC_1012169,ACC_1012027,2016-12-02 11:17:33,APPROVED
B_109704,ACC_1012172,ACC_1008113,2016-04-03 16:32:00,APPROVED
B_109705,ACC_1012172,ACC_1000315,2016-04-06 16:32:00,APPROVED
B_109706,ACC_1012172,ACC_1012366,2016-04-02 16:32:00,APPROVED
B_109707,ACC_1012174,ACC_1002573,2016-03-16 23:55:43,APPROVED
B_109708,ACC_1012176,ACC_1009027,2021-11-23 21:29:03,APPROVED
B_109709,ACC_1012184,ACC_1011459,2020-12-02 20:30:29,APPROVED
B_109710,ACC_1012187,ACC_1007839,2018-09-01 20:27:12,APPROVED
B_109711,ACC_1012187,ACC_1008946,2018-08-25 20:27:12,APPROVED
B_109712,ACC_1012189,ACC_1003899,2022-01-11 04:43:26,APPROVED
B_109713,ACC_1012190,ACC_1010805,2020-01-11 02:22:31,APPROVED
B_109714,ACC_1012190,ACC_1009090,2020-01-13 02:22:31,APPROVED
B_109715,ACC_1012192,ACC_1013104,2016-04-16 13:14:52,APPROVED
B_109716,ACC_1012193,ACC_1012866,2018-10-05 11:00:02,APPROVED
B_109717,ACC_1012193,ACC_1002275,2018-10-03 11:00:02,APPROVED
B_109718,ACC_1012193,ACC_1010972,2018-10-03 11:00:02,APPROVED
B_109719,ACC_1012194,ACC_1008123,2019-06-02 19:50:36,APPROVED
B_109720,ACC_1012195,ACC_1003830,2019-05-11 18:59:36,APPROVED
B_109721,ACC_1012196,ACC_1009800,2019-05-15 06:36:36,APPROVED
B_109722,ACC_1012197,ACC_1007552,2021-10-31 11:49:10,APPROVED
B_109723,ACC_1012197,ACC_1003461,2021-11-04 11:49:10,PENDING
B_109724,ACC_1012200,ACC_1009307,2019-05-20 13:10:56,APPROVED
B_109725,ACC_1012203,ACC_1011795,2024-01-29 12:39:52,APPROVED
B_109726,ACC_1012203,ACC_1000486,2024-01-29 12:39:52,APPROVED
B_109727,ACC_1012203,ACC_1014092,2024-01-29 12:39:52,APPROVED
B_109728,ACC_1012204,ACC_1011461,2024-02-02 00:32:52,APPROVED
B_109729,ACC_1012206,ACC_1006208,2016-05-22 12:43:32,APPROVED
B_109730,ACC_1012206,ACC_1011376,2016-05-23 12:43:32,APPROVED
B_109731,ACC_1012208,ACC_1014798,2016-12-06 23:52:02,APPROVED
B_109732,ACC_1012209,ACC_1005050,2022-09-16 05:24:42,APPROVED
B_109733,ACC_1012209,ACC_1001896,2022-09-16 05:24:42,APPROVED
B_109734,ACC_1012211,ACC_1011824,2021-02-17 08:37:40,APPROVED
B_109735,ACC_1012211,ACC_1004329,2021-02-18 08:37:40,APPROVED
B_109736,ACC_1012211,ACC_1001153,2021-02-18 08:37:40,APPROVED
B_109737,ACC_1012218,ACC_1013911,2025-01-08 16:33:35,APPROVED
B_109738,ACC_1012222,ACC_1005423,2018-05-09 03:28:03,PENDING
B_109739,ACC_1012222,ACC_1001954,2018-05-11 03:28:03,APPROVED
B_109740,ACC_1012222,ACC_1006563,2018-05-12 03:28:03,APPROVED
B_109741,ACC_1012224,ACC_1008548,2024-08-22 16:33:39,APPROVED
B_109742,ACC_1012224,ACC_1006864,2024-08-24 16:33:39,APPROVED
B_109743,ACC_1012224,ACC_1010233,2024-08-30 16:33:39,APPROVED
B_109744,ACC_1012227,ACC_1000967,2021-02-20 11:28:09,APPROVED
B_109745,ACC_1012229,ACC_1006754,2016-04-16 18:37:27,APPROVED
B_109746,ACC_1012229,ACC_1003967,2016-04-22 18:37:27,APPROVED
B_109747,ACC_1012230,ACC_1002393,2021-04-07 06:57:21,APPROVED
B_109748,ACC_1012230,ACC_1011465,2021-03-30 06:57:21,APPROVED
B_109749,ACC_1012236,ACC_1007944,2023-10-06 03:06:24,APPROVED
B_109750,ACC_1012237,ACC_1013651,2024-05-11 09:26:27,APPROVED
B_109751,ACC_1012237,ACC_1004707,2024-05-11 09:26:27,PENDING
B_109752,ACC_1012237,ACC_1008902,2024-05-16 09:26:27,APPROVED
B_109753,ACC_1012240,ACC_1007209,2021-06-25 06:23:04,APPROVED
B_109754,ACC_1012240,ACC_1013236,2021-06-24 06:23:04,APPROVED
B_109755,ACC_1012240,ACC_1010754,2021-06-26 06:23:04,APPROVED
B_109756,ACC_1012242,ACC_1012036,2019-12-10 01:57:42,APPROVED
B_109757,ACC_1012242,ACC_1003094,2019-12-04 01:57:42,APPROVED
B_109758,ACC_1012243,ACC_1012778,2023-09-21 16:59:05,APPROVED
B_109759,ACC_1012243,ACC_1000089,2023-09-20 16:59:05,APPROVED
B_109760,ACC_1012244,ACC_1013829,2023-09-06 01:14:05,PENDING
B_109761,ACC_1012244,ACC_1003057,2023-09-09 01:14:05,APPROVED
B_109762,ACC_1012245,ACC_1012137,2018-09-29 07:36:45,PENDING
B_109763,ACC_1012245,ACC_1003184,2018-10-04 07:36:45,APPROVED
B_109764,ACC_1012246,ACC_1007045,2023-09-02 13:14:20,APPROVED
B_109765,ACC_1012251,ACC_1013100,2016-05-01 12:39:41,APPROVED
B_109766,ACC_1012252,ACC_1000978,2021-02-25 01:31:33,APPROVED
B_109767,ACC_1012257,ACC_1004083,2020-12-28 01:25:08,APPROVED
B_109768,ACC_1012258,ACC_1014773,2019-06-24 09:34:41,APPROVED
B_109769,ACC_1012258,ACC_1010894,2019-06-24 09:34:41,APPROVED
B_109770,ACC_1012258,ACC_1007803,2019-06-25 09:34:41,APPROVED
B_109771,ACC_1012259,ACC_1006639,2017-12-28 19:41:35,APPROVED
B_109772,ACC_1012259,ACC_1014917,2017-12-23 19:41:35,APPROVED
B_109773,ACC_1012261,ACC_1001934,2020-01-13 06:36:21,PENDING
B_109774,ACC_1012261,ACC_1007385,2020-01-20 06:36:21,APPROVED
B_109775,ACC_1012261,ACC_1004027,2020-01-17 06:36:21,APPROVED
B_109776,ACC_1012263,ACC_1007953,2020-01-07 20:52:21,APPROVED
B_109777,ACC_1012268,ACC_1012792,2020-06-16 10:16:16,APPROVED
B_109778,ACC_1012268,ACC_1005095,2020-06-22 10:16:16,APPROVED
B_109779,ACC_1012268,ACC_1006208,2020-06-21 10:16:16,APPROVED
B_109780,ACC_1012269,ACC_1011147,2020-06-02 10:25:16,APPROVED
B_109781,ACC_1012269,ACC_1013709,2020-06-02 10:25:16,APPROVED
B_109782,ACC_1012269,ACC_1007520,2020-06-03 10:25:16,APPROVED
B_109783,ACC_1012273,ACC_1005793,2018-03-31 13:02:19,APPROVED
B_109784,ACC_1012273,ACC_1012771,2018-03-26 13:02:19,APPROVED
B_109785,ACC_1012275,ACC_1000499,2016-12-28 01:01:43,APPROVED
B_109786,ACC_1012275,ACC_1000309,2016-12-30 01:01:43,APPROVED
B_109787,ACC_1012276,ACC_1013069,2016-12-31 04:04:43,APPROVED
B_109788,ACC_1012276,ACC_1011251,2017-01-04 04:04:43,APPROVED
B_109789,ACC_1012277,ACC_1003988,2021-11-27 11:28:09,APPROVED
B_109790,ACC_1012279,ACC_1013595,2020-05-06 09:50:26,APPROVED
B_109791,ACC_1012281,ACC_1014540,2025-02-26 15:47:11,APPROVED
B_109792,ACC_1012281,ACC_1014080,2025-02-28 15:47:11,APPROVED
B_109793,ACC_1012286,ACC_1014217,2020-04-07 08:51:59,APPROVED
B_109794,ACC_1012287,ACC_1001392,2020-03-25 22:18:59,APPROVED
B_109795,ACC_1012289,ACC_1012087,2024-03-03 07:35:42,APPROVED
B_109796,ACC_1012289,ACC_1010455,2024-03-07 07:35:42,APPROVED
B_109797,ACC_1012289,ACC_1004429,2024-03-03 07:35:42,APPROVED
B_109798,ACC_1012291,ACC_1002480,2021-03-04 07:05:41,APPROVED
B_109799,ACC_1012291,ACC_1014282,2021-03-11 07:05:41,APPROVED
B_109800,ACC_1012295,ACC_1008301,2020-12-03 09:47:15,APPROVED
B_109801,ACC_1012295,ACC_1001744,2020-12-02 09:47:15,APPROVED
B_109802,ACC_1012297,ACC_1012170,2020-11-29 09:59:00,APPROVED
B_109803,ACC_1012297,ACC_1014181,2020-11-24 09:59:00,APPROVED
B_109804,ACC_1012297,ACC_1006217,2020-11-26 09:59:00,APPROVED
B_109805,ACC_1012299,ACC_1004703,2016-08-11 13:32:02,APPROVED
B_109806,ACC_1012299,ACC_1004682,2016-08-14 13:32:02,PENDING
B_109807,ACC_1012299,ACC_1001275,2016-08-13 13:32:02,PENDING
B_109808,ACC_1012301,ACC_1011809,2021-02-21 21:48:53,APPROVED
B_109809,ACC_1012301,ACC_1013031,2021-02-19 21:48:53,APPROVED
B_109810,ACC_1012301,ACC_1001148,2021-02-16 21:48:53,APPROVED
B_109811,ACC_1012303,ACC_1004349,2022-07-18 18:16:23,APPROVED
B_109812,ACC_1012303,ACC_1004670,2022-07-19 18:16:23,APPROVED
B_109813,ACC_1012304,ACC_1011550,2022-07-20 02:35:23,APPROVED
B_109814,ACC_1012304,ACC_1008657,2022-07-23 02:35:23,APPROVED
B_109815,ACC_1012306,ACC_1000109,2020-05-22 02:52:20,APPROVED
B_109816,ACC_1012306,ACC_1008874,2020-05-24 02:52:20,APPROVED
B_109817,ACC_1012309,ACC_1002228,2024-07-03 10:38:50,APPROVED
B_109818,ACC_1012312,ACC_1013231,2018-10-24 14:51:45,APPROVED
B_109819,ACC_1012312,ACC_1009292,2018-10-30 14:51:45,APPROVED
B_109820,ACC_1012314,ACC_1006085,2022-09-13 03:06:15,APPROVED
B_109821,ACC_1012314,ACC_1007707,2022-09-09 03:06:15,APPROVED
B_109822,ACC_1012315,ACC_1014161,2023-09-08 19:46:18,APPROVED
B_109823,ACC_1012315,ACC_1005034,2023-09-13 19:46:18,APPROVED
B_109824,ACC_1012318,ACC_1001184,2019-12-22 23:46:59,APPROVED
B_109825,ACC_1012319,ACC_1011338,2018-07-06 18:44:02,APPROVED
B_109826,ACC_1012319,ACC_1000276,2018-07-06 18:44:02,APPROVED
B_109827,ACC_1012320,ACC_1011181,2020-06-14 20:55:14,APPROVED
B_109828,ACC_1012324,ACC_1000508,2022-12-17 18:36:30,APPROVED
B_109829,ACC_1012325,ACC_1003558,2022-12-19 18:24:30,PENDING
B_109830,ACC_1012325,ACC_1014306,2022-12-19 18:24:30,PENDING
B_109831,ACC_1012326,ACC_1010822,2025-10-29 10:01:13,APPROVED
B_109832,ACC_1012329,ACC_1004562,2016-10-28 15:04:10,APPROVED
B_109833,ACC_1012329,ACC_1007441,2016-10-23 15:04:10,APPROVED
B_109834,ACC_1012330,ACC_1006670,2019-06-21 02:50:26,APPROVED
B_109835,ACC_1012330,ACC_1006110,2019-06-20 02:50:26,APPROVED
B_109836,ACC_1012330,ACC_1004412,2019-06-16 02:50:26,APPROVED
B_109837,ACC_1012331,ACC_1000448,2025-12-02 19:18:20,APPROVED
B_109838,ACC_1012335,ACC_1006937,2024-03-15 16:08:57,APPROVED
B_109839,ACC_1012337,ACC_1014556,2020-08-28 12:51:18,APPROVED
B_109840,ACC_1012338,ACC_1012861,2020-09-02 03:55:18,APPROVED
B_109841,ACC_1012339,ACC_1007537,2020-05-25 12:03:09,APPROVED
B_109842,ACC_1012342,ACC_1012266,2016-06-14 07:17:58,APPROVED
B_109843,ACC_1012343,ACC_1002865,2017-03-31 05:46:44,APPROVED
B_109844,ACC_1012343,ACC_1012320,2017-03-30 05:46:44,APPROVED
B_109845,ACC_1012343,ACC_1007970,2017-04-02 05:46:44,APPROVED
B_109846,ACC_1012344,ACC_1002247,2020-07-09 13:47:00,APPROVED
B_109847,ACC_1012346,ACC_1003786,2021-08-16 10:30:03,APPROVED
B_109848,ACC_1012346,ACC_1003234,2021-08-18 10:30:03,APPROVED
B_109849,ACC_1012346,ACC_1001038,2021-08-25 10:30:03,APPROVED
B_109850,ACC_1012347,ACC_1005911,2021-08-13 14:40:03,APPROVED
B_109851,ACC_1012347,ACC_1013818,2021-08-14 14:40:03,APPROVED
B_109852,ACC_1012347,ACC_1010540,2021-08-12 14:40:03,APPROVED
B_109853,ACC_1012351,ACC_1009511,2021-07-13 06:25:48,PENDING
B_109854,ACC_1012351,ACC_1004381,2021-07-16 06:25:48,APPROVED
B_109855,ACC_1012353,ACC_1014442,2024-05-18 19:38:34,APPROVED
B_109856,ACC_1012353,ACC_1000847,2024-05-20 19:38:34,APPROVED
B_109857,ACC_1012353,ACC_1006072,2024-05-18 19:38:34,APPROVED
B_109858,ACC_1012358,ACC_1004949,2025-10-28 06:54:12,APPROVED
B_109859,ACC_1012358,ACC_1009980,2025-10-24 06:54:12,APPROVED
B_109860,ACC_1012360,ACC_1004732,2024-07-19 16:57:40,APPROVED
B_109861,ACC_1012361,ACC_1014617,2022-02-25 17:31:56,APPROVED
B_109862,ACC_1012361,ACC_1010424,2022-02-25 17:31:56,APPROVED
B_109863,ACC_1012361,ACC_1014053,2022-02-28 17:31:56,APPROVED
B_109864,ACC_1012364,ACC_1012515,2018-11-19 08:28:19,APPROVED
B_109865,ACC_1012365,ACC_1001895,2018-10-29 23:00:19,APPROVED
B_109866,ACC_1012367,ACC_1009531,2020-10-26 21:47:27,APPROVED
B_109867,ACC_1012368,ACC_1005749,2025-11-30 12:10:15,APPROVED
B_109868,ACC_1012368,ACC_1009447,2025-12-01 12:10:15,APPROVED
B_109869,ACC_1012368,ACC_1012384,2025-11-29 12:10:15,APPROVED
B_109870,ACC_1012372,ACC_1008287,2019-05-09 03:35:58,APPROVED
B_109871,ACC_1012373,ACC_1011957,2018-12-19 02:35:37,APPROVED
B_109872,ACC_1012374,ACC_1008304,2023-09-17 12:02:30,APPROVED
B_109873,ACC_1012383,ACC_1001289,2019-09-08 01:08:59,APPROVED
B_109874,ACC_1012386,ACC_1007183,2018-05-19 10:17:47,APPROVED
B_109875,ACC_1012390,ACC_1007339,2019-07-17 21:31:34,APPROVED
B_109876,ACC_1012390,ACC_1014940,2019-07-20 21:31:34,APPROVED
B_109877,ACC_1012391,ACC_1010271,2021-01-07 08:37:40,APPROVED
B_109878,ACC_1012391,ACC_1000058,2021-01-05 08:37:40,APPROVED
B_109879,ACC_1012392,ACC_1014235,2021-08-14 19:47:39,APPROVED
B_109880,ACC_1012396,ACC_1014207,2019-04-13 20:52:32,APPROVED
B_109881,ACC_1012396,ACC_1004638,2019-04-10 20:52:32,APPROVED
B_109882,ACC_1012396,ACC_1007343,2019-04-15 20:52:32,APPROVED
B_109883,ACC_1012397,ACC_1011732,2018-06-04 08:49:51,APPROVED
B_109884,ACC_1012397,ACC_1008804,2018-06-06 08:49:51,APPROVED
B_109885,ACC_1012399,ACC_1001634,2018-05-16 18:23:51,PENDING
B_109886,ACC_1012399,ACC_1013791,2018-05-23 18:23:51,APPROVED
B_109887,ACC_1012399,ACC_1006347,2018-05-24 18:23:51,APPROVED
B_109888,ACC_1012400,ACC_1001018,2024-05-16 16:03:18,APPROVED
B_109889,ACC_1012407,ACC_1003074,2018-11-06 18:49:50,APPROVED
B_109890,ACC_1012407,ACC_1012687,2018-11-04 18:49:50,APPROVED
B_109891,ACC_1012412,ACC_1004187,2021-01-11 01:35:47,APPROVED
B_109892,ACC_1012412,ACC_1000442,2021-01-14 01:35:47,PENDING
B_109893,ACC_1012415,ACC_1011208,2020-05-29 12:09:49,APPROVED
B_109894,ACC_1012415,ACC_1011951,2020-05-30 12:09:49,APPROVED
B_109895,ACC_1012415,ACC_1014695,2020-06-03 12:09:49,APPROVED
B_109896,ACC_1012417,ACC_1005803,2017-01-01 23:47:53,APPROVED
B_109897,ACC_1012417,ACC_1013700,2016-12-28 23:47:53,APPROVED
B_109898,ACC_1012417,ACC_1001443,2016-12-28 23:47:53,APPROVED
B_109899,ACC_1012425,ACC_1014297,2021-05-01 03:24:37,APPROVED
B_109900,ACC_1012425,ACC_1010735,2021-05-01 03:24:37,APPROVED
B_109901,ACC_1012425,ACC_1004730,2021-04-30 03:24:37,APPROVED
B_109902,ACC_1012426,ACC_1009241,2020-04-25 13:55:49,APPROVED
B_109903,ACC_1012426,ACC_1006588,2020-04-29 13:55:49,APPROVED
B_109904,ACC_1012427,ACC_1009944,2020-05-15 05:37:49,APPROVED
B_109905,ACC_1012427,ACC_1009227,2020-05-12 05:37:49,APPROVED
B_109906,ACC_1012429,ACC_1008480,2017-03-20 13:21:09,APPROVED
B_109907,ACC_1012429,ACC_1004876,2017-03-24 13:21:09,APPROVED
B_109908,ACC_1012429,ACC_1000320,2017-03-26 13:21:09,APPROVED
B_109909,ACC_1012431,ACC_1010803,2017-04-17 08:12:09,APPROVED
B_109910,ACC_1012431,ACC_1010067,2017-04-10 08:12:09,APPROVED
B_109911,ACC_1012431,ACC_1012161,2017-04-17 08:12:09,APPROVED
B_109912,ACC_1012434,ACC_1006545,2021-06-08 12:16:19,PENDING
B_109913,ACC_1012434,ACC_1002856,2021-06-03 12:16:19,APPROVED
B_109914,ACC_1012436,ACC_1012500,2024-10-06 14:33:22,APPROVED
B_109915,ACC_1012436,ACC_1003294,2024-10-03 14:33:22,APPROVED
B_109916,ACC_1012436,ACC_1013185,2024-10-04 14:33:22,APPROVED
B_109917,ACC_1012437,ACC_1002436,2024-10-15 23:05:22,APPROVED
B_109918,ACC_1012437,ACC_1011075,2024-10-16 23:05:22,APPROVED
B_109919,ACC_1012437,ACC_1007755,2024-10-14 23:05:22,APPROVED
B_109920,ACC_1012438,ACC_1011600,2023-08-20 17:04:29,PENDING
B_109921,ACC_1012438,ACC_1012901,2023-08-22 17:04:29,APPROVED
B_109922,ACC_1012439,ACC_1003848,2026-01-24 19:52:29,APPROVED
B_109923,ACC_1012440,ACC_1013516,2026-02-06 00:21:29,APPROVED
B_109924,ACC_1012443,ACC_1014771,2018-11-12 13:53:03,APPROVED
B_109925,ACC_1012444,ACC_1010476,2018-02-07 10:00:30,APPROVED
B_109926,ACC_1012444,ACC_1011198,2018-02-07 10:00:30,APPROVED
B_109927,ACC_1012448,ACC_1013330,2025-11-04 08:07:31,APPROVED
B_109928,ACC_1012448,ACC_1010690,2025-10-28 08:07:31,APPROVED
B_109929,ACC_1012449,ACC_1014971,2019-11-16 00:47:36,APPROVED
B_109930,ACC_1012449,ACC_1003112,2019-11-25 00:47:36,APPROVED
B_109931,ACC_1012456,ACC_1010209,2017-09-17 02:56:04,APPROVED
B_109932,ACC_1012458,ACC_1006432,2017-11-23 19:52:44,APPROVED
B_109933,ACC_1012460,ACC_1012749,2024-10-01 21:26:17,PENDING
B_109934,ACC_1012460,ACC_1010736,2024-09-27 21:26:17,APPROVED
B_109935,ACC_1012462,ACC_1013434,2016-07-17 06:58:53,APPROVED
B_109936,ACC_1012462,ACC_1010796,2016-07-22 06:58:53,PENDING
B_109937,ACC_1012462,ACC_1009695,2016-07-25 06:58:53,APPROVED
B_109938,ACC_1012465,ACC_1013871,2023-02-11 11:46:38,PENDING
B_109939,ACC_1012465,ACC_1009655,2023-02-12 11:46:38,APPROVED
B_109940,ACC_1012465,ACC_1002880,2023-02-18 11:46:38,APPROVED
B_109941,ACC_1012466,ACC_1008550,2020-08-24 21:31:58,APPROVED
B_109942,ACC_1012470,ACC_1008942,2018-11-19 06:27:24,APPROVED
B_109943,ACC_1012470,ACC_1006776,2018-11-24 06:27:24,APPROVED
B_109944,ACC_1012471,ACC_1004680,2020-11-11 21:54:29,APPROVED
B_109945,ACC_1012476,ACC_1012249,2018-03-04 17:12:08,APPROVED
B_109946,ACC_1012476,ACC_1003014,2018-03-05 17:12:08,APPROVED
B_109947,ACC_1012486,ACC_1012157,2025-09-16 00:14:55,APPROVED
B_109948,ACC_1012487,ACC_1010946,2025-08-22 12:17:55,APPROVED
B_109949,ACC_1012487,ACC_1003489,2025-08-20 12:17:55,APPROVED
B_109950,ACC_1012487,ACC_1007256,2025-08-20 12:17:55,APPROVED
B_109951,ACC_1012490,ACC_1007598,2022-09-07 20:01:13,APPROVED
B_109952,ACC_1012490,ACC_1009326,2022-09-13 20:01:13,PENDING
B_109953,ACC_1012491,ACC_1001640,2022-09-16 08:32:13,APPROVED
B_109954,ACC_1012495,ACC_1002869,2016-02-09 05:29:39,APPROVED
B_109955,ACC_1012495,ACC_1014398,2016-02-12 05:29:39,APPROVED
B_109956,ACC_1012495,ACC_1000203,2016-02-12 05:29:39,APPROVED
B_109957,ACC_1012496,ACC_1001010,2016-02-06 15:20:39,APPROVED
B_109958,ACC_1012496,ACC_1008895,2016-02-11 15:20:39,APPROVED
B_109959,ACC_1012496,ACC_1003304,2016-02-07 15:20:39,APPROVED
B_109960,ACC_1012500,ACC_1001907,2025-03-27 18:43:25,APPROVED
B_109961,ACC_1012500,ACC_1000782,2025-03-28 18:43:25,APPROVED
B_109962,ACC_1012503,ACC_1013349,2016-02-01 19:42:49,APPROVED
B_109963,ACC_1012503,ACC_1011418,2016-02-04 19:42:49,APPROVED
B_109964,ACC_1012505,ACC_1010861,2025-10-30 05:53:47,APPROVED
B_109965,ACC_1012506,ACC_1014017,2025-11-11 09:10:47,APPROVED
B_109966,ACC_1012506,ACC_1010636,2025-11-09 09:10:47,APPROVED
B_109967,ACC_1012509,ACC_1014227,2018-10-05 22:16:45,APPROVED
B_109968,ACC_1012509,ACC_1003775,2018-10-03 22:16:45,APPROVED
B_109969,ACC_1012509,ACC_1011499,2018-10-03 22:16:45,APPROVED
B_109970,ACC_1012510,ACC_1003934,2018-09-18 05:26:45,APPROVED
B_109971,ACC_1012510,ACC_1008062,2018-09-22 05:26:45,APPROVED
B_109972,ACC_1012512,ACC_1000071,2024-03-11 17:28:12,APPROVED
B_109973,ACC_1012512,ACC_1013077,2024-03-12 17:28:12,APPROVED
B_109974,ACC_1012517,ACC_1011947,2017-05-31 07:12:10,APPROVED
B_109975,ACC_1012517,ACC_1013754,2017-06-03 07:12:10,APPROVED
B_109976,ACC_1012517,ACC_1008977,2017-05-30 07:12:10,APPROVED
B_109977,ACC_1012521,ACC_1004557,2023-03-23 03:16:52,APPROVED
B_109978,ACC_1012521,ACC_1001914,2023-03-16 03:16:52,APPROVED
B_109979,ACC_1012521,ACC_1004468,2023-03-22 03:16:52,APPROVED
B_109980,ACC_1012522,ACC_1010272,2024-11-27 06:58:05,APPROVED
B_109981,ACC_1012522,ACC_1004091,2024-11-26 06:58:05,APPROVED
B_109982,ACC_1012523,ACC_1006869,2024-12-09 12:21:05,APPROVED
B_109983,ACC_1012523,ACC_1009516,2024-12-11 12:21:05,APPROVED
B_109984,ACC_1012523,ACC_1006218,2024-12-14 12:21:05,APPROVED
B_109985,ACC_1012524,ACC_1000930,2019-03-05 01:58:30,APPROVED
B_109986,ACC_1012524,ACC_1001090,2019-03-05 01:58:30,APPROVED
B_109987,ACC_1012531,ACC_1009448,2016-03-19 12:20:42,APPROVED
B_109988,ACC_1012531,ACC_1002168,2016-03-20 12:20:42,APPROVED
B_109989,ACC_1012531,ACC_1005931,2016-03-19 12:20:42,APPROVED
B_109990,ACC_1012532,ACC_1011172,2022-10-12 03:15:07,APPROVED
B_109991,ACC_1012532,ACC_1000759,2022-10-10 03:15:07,APPROVED
B_109992,ACC_1012532,ACC_1014734,2022-10-12 03:15:07,APPROVED
B_109993,ACC_1012533,ACC_1003738,2022-10-08 23:57:07,APPROVED
B_109994,ACC_1012533,ACC_1003039,2022-10-13 23:57:07,APPROVED
B_109995,ACC_1012533,ACC_1014415,2022-10-10 23:57:07,APPROVED
B_109996,ACC_1012536,ACC_1002000,2020-05-02 16:49:23,PENDING
B_109997,ACC_1012536,ACC_1006210,2020-05-03 16:49:23,APPROVED
B_109998,ACC_1012536,ACC_1000240,2020-05-07 16:49:23,APPROVED
B_109999,ACC_1012543,ACC_1012749,2019-12-17 13:25:26,APPROVED
B_110000,ACC_1012544,ACC_1009178,2019-12-04 05:07:26,APPROVED
B_110001,ACC_1012544,ACC_1005226,2019-12-04 05:07:26,APPROVED
B_110002,ACC_1012547,ACC_1008891,2017-01-02 22:29:03,APPROVED
B_110003,ACC_1012547,ACC_1007498,2017-01-04 22:29:03,APPROVED
B_110004,ACC_1012550,ACC_1009193,2018-06-21 15:49:35,APPROVED
B_110005,ACC_1012554,ACC_1012465,2025-06-07 06:46:52,APPROVED
B_110006,ACC_1012554,ACC_1009959,2025-06-04 06:46:52,APPROVED
B_110007,ACC_1012554,ACC_1013483,2025-06-06 06:46:52,APPROVED
B_110008,ACC_1012556,ACC_1002093,2018-04-22 04:59:03,PENDING
B_110009,ACC_1012558,ACC_1004728,2020-07-04 12:40:25,APPROVED
B_110010,ACC_1012558,ACC_1008555,2020-07-04 12:40:25,APPROVED
B_110011,ACC_1012558,ACC_1004646,2020-06-30 12:40:25,APPROVED
B_110012,ACC_1012561,ACC_1008206,2018-09-24 05:19:01,APPROVED
B_110013,ACC_1012563,ACC_1005581,2023-03-21 15:28:37,APPROVED
B_110014,ACC_1012565,ACC_1014824,2016-12-29 04:39:21,APPROVED
B_110015,ACC_1012565,ACC_1006303,2016-12-27 04:39:21,APPROVED
B_110016,ACC_1012566,ACC_1002448,2024-12-19 06:42:49,APPROVED
B_110017,ACC_1012567,ACC_1007698,2023-03-10 09:17:45,APPROVED
B_110018,ACC_1012569,ACC_1013927,2025-05-14 15:27:54,APPROVED
B_110019,ACC_1012569,ACC_1011408,2025-05-11 15:27:54,APPROVED
B_110020,ACC_1012570,ACC_1000461,2025-05-23 12:15:54,APPROVED
B_110021,ACC_1012570,ACC_1001471,2025-05-22 12:15:54,APPROVED
B_110022,ACC_1012571,ACC_1012012,2017-04-02 22:55:09,APPROVED
B_110023,ACC_1012571,ACC_1014239,2017-04-11 22:55:09,APPROVED
B_110024,ACC_1012572,ACC_1003944,2017-04-18 19:20:09,APPROVED
B_110025,ACC_1012572,ACC_1001676,2017-04-20 19:20:09,APPROVED
B_110026,ACC_1012572,ACC_1014623,2017-04-15 19:20:09,APPROVED
B_110027,ACC_1012575,ACC_1012127,2020-03-30 07:10:11,APPROVED
B_110028,ACC_1012576,ACC_1013458,2021-09-22 06:52:13,APPROVED
B_110029,ACC_1012578,ACC_1014658,2019-09-25 07:31:18,APPROVED
B_110030,ACC_1012578,ACC_1011781,2019-09-23 07:31:18,APPROVED
B_110031,ACC_1012580,ACC_1006532,2017-11-19 08:40:44,APPROVED
B_110032,ACC_1012580,ACC_1009426,2017-11-25 08:40:44,APPROVED
B_110033,ACC_1012581,ACC_1013579,2025-08-02 12:22:29,APPROVED
B_110034,ACC_1012581,ACC_1005019,2025-08-05 12:22:29,APPROVED
B_110035,ACC_1012581,ACC_1005491,2025-08-04 12:22:29,APPROVED
B_110036,ACC_1012582,ACC_1002649,2025-08-07 16:11:29,APPROVED
B_110037,ACC_1012582,ACC_1009174,2025-08-01 16:11:29,APPROVED
B_110038,ACC_1012582,ACC_1005135,2025-08-01 16:11:29,APPROVED
B_110039,ACC_1012587,ACC_1008722,2016-09-22 23:42:43,APPROVED
B_110040,ACC_1012590,ACC_1007490,2024-08-12 12:47:21,APPROVED
B_110041,ACC_1012590,ACC_1000417,2024-08-09 12:47:21,APPROVED
B_110042,ACC_1012590,ACC_1006129,2024-08-10 12:47:21,APPROVED
B_110043,ACC_1012594,ACC_1002086,2025-07-20 08:19:41,APPROVED
B_110044,ACC_1012594,ACC_1002348,2025-07-11 08:19:41,APPROVED
B_110045,ACC_1012594,ACC_1011305,2025-07-15 08:19:41,APPROVED
B_110046,ACC_1012602,ACC_1007342,2019-03-28 07:16:19,APPROVED
B_110047,ACC_1012602,ACC_1001954,2019-04-02 07:16:19,APPROVED
B_110048,ACC_1012603,ACC_1010470,2025-11-23 06:59:46,APPROVED
B_110049,ACC_1012605,ACC_1005882,2021-09-06 10:28:53,APPROVED
B_110050,ACC_1012605,ACC_1004380,2021-09-15 10:28:53,APPROVED
B_110051,ACC_1012605,ACC_1003090,2021-09-11 10:28:53,APPROVED
B_110052,ACC_1012606,ACC_1006432,2021-08-30 17:07:53,APPROVED
B_110053,ACC_1012606,ACC_1008406,2021-08-26 17:07:53,PENDING
B_110054,ACC_1012606,ACC_1014318,2021-08-29 17:07:53,PENDING
B_110055,ACC_1012608,ACC_1008201,2021-01-20 12:58:52,APPROVED
B_110056,ACC_1012608,ACC_1010171,2021-01-20 12:58:52,APPROVED
B_110057,ACC_1012608,ACC_1010060,2021-01-21 12:58:52,APPROVED
B_110058,ACC_1012611,ACC_1007163,2022-02-07 08:18:42,APPROVED
B_110059,ACC_1012612,ACC_1008044,2019-02-26 01:05:12,APPROVED
B_110060,ACC_1012614,ACC_1011792,2022-04-11 01:19:50,APPROVED
B_110061,ACC_1012614,ACC_1009609,2022-04-14 01:19:50,PENDING
B_110062,ACC_1012615,ACC_1002186,2022-04-11 07:38:50,APPROVED
B_110063,ACC_1012615,ACC_1001691,2022-04-16 07:38:50,APPROVED
B_110064,ACC_1012622,ACC_1002682,2024-02-08 22:15:06,APPROVED
B_110065,ACC_1012624,ACC_1010834,2024-02-01 06:32:06,APPROVED
B_110066,ACC_1012624,ACC_1009213,2024-01-30 06:32:06,APPROVED
B_110067,ACC_1012627,ACC_1004296,2021-06-14 10:37:54,APPROVED
B_110068,ACC_1012627,ACC_1010769,2021-06-13 10:37:54,APPROVED
B_110069,ACC_1012629,ACC_1005796,2025-05-03 03:38:05,PENDING
B_110070,ACC_1012629,ACC_1006576,2025-05-04 03:38:05,APPROVED
B_110071,ACC_1012633,ACC_1000892,2024-03-15 01:22:04,APPROVED
B_110072,ACC_1012633,ACC_1007966,2024-03-11 01:22:04,APPROVED
B_110073,ACC_1012633,ACC_1002287,2024-03-14 01:22:04,APPROVED
B_110074,ACC_1012636,ACC_1009567,2018-02-28 11:02:31,APPROVED
B_110075,ACC_1012636,ACC_1007461,2018-02-27 11:02:31,APPROVED
B_110076,ACC_1012641,ACC_1002136,2022-12-18 08:50:21,APPROVED
B_110077,ACC_1012641,ACC_1008091,2022-12-17 08:50:21,APPROVED
B_110078,ACC_1012641,ACC_1012762,2022-12-17 08:50:21,APPROVED
B_110079,ACC_1012647,ACC_1007330,2016-06-21 03:14:57,APPROVED
B_110080,ACC_1012647,ACC_1005218,2016-06-26 03:14:57,PENDING
B_110081,ACC_1012651,ACC_1002015,2019-11-06 10:37:52,APPROVED
B_110082,ACC_1012651,ACC_1002378,2019-11-01 10:37:52,APPROVED
B_110083,ACC_1012651,ACC_1013452,2019-11-02 10:37:52,APPROVED
B_110084,ACC_1012654,ACC_1011120,2016-11-28 18:01:35,APPROVED
B_110085,ACC_1012654,ACC_1003327,2016-12-02 18:01:35,APPROVED
B_110086,ACC_1012656,ACC_1012073,2019-04-04 06:48:05,APPROVED
B_110087,ACC_1012657,ACC_1008458,2024-06-10 17:50:18,APPROVED
B_110088,ACC_1012657,ACC_1010264,2024-06-11 17:50:18,APPROVED
B_110089,ACC_1012658,ACC_1007657,2024-03-20 01:11:08,APPROVED
B_110090,ACC_1012660,ACC_1000163,2016-01-10 13:38:19,APPROVED
B_110091,ACC_1012663,ACC_1013198,2023-05-08 13:28:36,APPROVED
B_110092,ACC_1012663,ACC_1000482,2023-05-08 13:28:36,APPROVED
B_110093,ACC_1012663,ACC_1010583,2023-05-15 13:28:36,APPROVED
B_110094,ACC_1012664,ACC_1001945,2019-04-07 08:51:49,APPROVED
B_110095,ACC_1012664,ACC_1000821,2019-04-06 08:51:49,APPROVED
B_110096,ACC_1012664,ACC_1012672,2019-04-06 08:51:49,APPROVED
B_110097,ACC_1012670,ACC_1008371,2021-05-23 09:05:21,APPROVED
B_110098,ACC_1012670,ACC_1000339,2021-05-27 09:05:21,APPROVED
B_110099,ACC_1012670,ACC_1003489,2021-05-23 09:05:21,APPROVED
B_110100,ACC_1012672,ACC_1005915,2016-08-26 21:10:31,APPROVED
B_110101,ACC_1012672,ACC_1003683,2016-08-22 21:10:31,APPROVED
B_110102,ACC_1012672,ACC_1012986,2016-08-23 21:10:31,APPROVED
B_110103,ACC_1012673,ACC_1001431,2020-07-14 16:29:48,APPROVED
B_110104,ACC_1012674,ACC_1001199,2023-06-04 21:57:23,APPROVED
B_110105,ACC_1012677,ACC_1000263,2021-11-23 23:22:32,APPROVED
B_110106,ACC_1012677,ACC_1013314,2021-11-26 23:22:32,APPROVED
B_110107,ACC_1012677,ACC_1007116,2021-11-24 23:22:32,APPROVED
B_110108,ACC_1012679,ACC_1005319,2020-10-02 09:24:44,APPROVED
B_110109,ACC_1012679,ACC_1005484,2020-10-04 09:24:44,APPROVED
B_110110,ACC_1012679,ACC_1010392,2020-10-03 09:24:44,APPROVED
B_110111,ACC_1012681,ACC_1000318,2024-09-05 14:45:30,APPROVED
B_110112,ACC_1012681,ACC_1013721,2024-09-04 14:45:30,APPROVED
B_110113,ACC_1012682,ACC_1009882,2021-03-29 02:04:05,APPROVED
B_110114,ACC_1012682,ACC_1005802,2021-03-28 02:04:05,APPROVED
B_110115,ACC_1012686,ACC_1008620,2020-08-30 08:29:16,APPROVED
B_110116,ACC_1012686,ACC_1013818,2020-09-04 08:29:16,APPROVED
B_110117,ACC_1012689,ACC_1014668,2021-09-03 21:59:07,PENDING
B_110118,ACC_1012689,ACC_1011680,2021-09-06 21:59:07,APPROVED
B_110119,ACC_1012690,ACC_1004680,2018-06-12 19:02:11,APPROVED
B_110120,ACC_1012695,ACC_1007149,2025-03-17 22:47:51,APPROVED
B_110121,ACC_1012695,ACC_1005104,2025-03-16 22:47:51,APPROVED
B_110122,ACC_1012701,ACC_1004319,2016-09-26 05:09:26,APPROVED
B_110123,ACC_1012703,ACC_1010436,2020-01-10 23:16:15,APPROVED
B_110124,ACC_1012703,ACC_1014060,2020-01-02 23:16:15,APPROVED
B_110125,ACC_1012704,ACC_1000341,2020-01-20 09:44:15,APPROVED
B_110126,ACC_1012704,ACC_1001314,2020-01-17 09:44:15,APPROVED
B_110127,ACC_1012704,ACC_1004643,2020-01-16 09:44:15,APPROVED
B_110128,ACC_1012705,ACC_1001602,2023-10-03 05:50:00,APPROVED
B_110129,ACC_1012705,ACC_1008012,2023-10-11 05:50:00,APPROVED
B_110130,ACC_1012705,ACC_1011331,2023-10-10 05:50:00,APPROVED
B_110131,ACC_1012706,ACC_1007030,2018-12-23 07:46:45,APPROVED
B_110132,ACC_1012706,ACC_1010689,2018-12-28 07:46:45,APPROVED
B_110133,ACC_1012706,ACC_1005383,2018-12-23 07:46:45,APPROVED
B_110134,ACC_1012718,ACC_1003146,2018-05-19 20:01:59,APPROVED
B_110135,ACC_1012719,ACC_1009412,2025-04-20 00:43:53,APPROVED
B_110136,ACC_1012720,ACC_1013257,2025-04-16 10:48:53,APPROVED
B_110137,ACC_1012723,ACC_1012082,2018-06-25 02:00:34,APPROVED
B_110138,ACC_1012723,ACC_1001641,2018-06-26 02:00:34,PENDING
B_110139,ACC_1012725,ACC_1012307,2022-10-19 16:16:27,APPROVED
B_110140,ACC_1012727,ACC_1015030,2021-05-23 10:23:51,PENDING
B_110141,ACC_1012727,ACC_1013536,2021-05-20 10:23:51,APPROVED
B_110142,ACC_1012729,ACC_1010081,2019-02-22 18:45:20,APPROVED
B_110143,ACC_1012729,ACC_1002248,2019-02-26 18:45:20,APPROVED
B_110144,ACC_1012730,ACC_1012286,2019-03-02 21:31:20,APPROVED
B_110145,ACC_1012730,ACC_1006669,2019-03-01 21:31:20,APPROVED
B_110146,ACC_1012730,ACC_1000616,2019-02-28 21:31:20,APPROVED
B_110147,ACC_1012734,ACC_1004355,2017-11-04 00:00:07,APPROVED
B_110148,ACC_1012734,ACC_1006410,2017-10-28 00:00:07,APPROVED
B_110149,ACC_1012735,ACC_1001969,2024-10-17 19:06:21,APPROVED
B_110150,ACC_1012735,ACC_1004956,2024-10-12 19:06:21,APPROVED
B_110151,ACC_1012739,ACC_1009062,2017-06-23 04:07:02,APPROVED
B_110152,ACC_1012739,ACC_1001808,2017-06-28 04:07:02,PENDING
B_110153,ACC_1012745,ACC_1001090,2018-02-05 21:30:44,APPROVED
B_110154,ACC_1012745,ACC_1012974,2018-01-31 21:30:44,APPROVED
B_110155,ACC_1012745,ACC_1001257,2018-01-30 21:30:44,APPROVED
B_110156,ACC_1012749,ACC_1009526,2019-03-02 13:18:04,APPROVED
B_110157,ACC_1012749,ACC_1009250,2019-03-03 13:18:04,APPROVED
B_110158,ACC_1012749,ACC_1005110,2019-03-03 13:18:04,APPROVED
B_110159,ACC_1012751,ACC_1004669,2024-03-24 17:49:36,APPROVED
B_110160,ACC_1012751,ACC_1007516,2024-03-22 17:49:36,APPROVED
B_110161,ACC_1012752,ACC_1004839,2022-01-17 19:57:43,APPROVED
B_110162,ACC_1012752,ACC_1010738,2022-01-19 19:57:43,APPROVED
B_110163,ACC_1012752,ACC_1000392,2022-01-14 19:57:43,APPROVED
B_110164,ACC_1012753,ACC_1012502,2022-01-25 00:16:43,APPROVED
B_110165,ACC_1012753,ACC_1008462,2022-01-27 00:16:43,APPROVED
B_110166,ACC_1012753,ACC_1004093,2022-01-30 00:16:43,APPROVED
B_110167,ACC_1012754,ACC_1003557,2019-12-06 16:33:03,PENDING
B_110168,ACC_1012754,ACC_1000737,2019-12-12 16:33:03,APPROVED
B_110169,ACC_1012754,ACC_1011067,2019-12-05 16:33:03,APPROVED
B_110170,ACC_1012756,ACC_1002416,2019-03-24 23:30:06,APPROVED
B_110171,ACC_1012756,ACC_1001649,2019-03-26 23:30:06,APPROVED
B_110172,ACC_1012756,ACC_1001380,2019-03-24 23:30:06,APPROVED
B_110173,ACC_1012760,ACC_1014413,2016-09-08 06:29:51,APPROVED
B_110174,ACC_1012760,ACC_1004329,2016-09-04 06:29:51,APPROVED
B_110175,ACC_1012762,ACC_1006910,2016-09-06 20:06:51,APPROVED
B_110176,ACC_1012762,ACC_1009713,2016-09-06 20:06:51,APPROVED
B_110177,ACC_1012765,ACC_1014718,2016-03-13 08:30:42,APPROVED
B_110178,ACC_1012765,ACC_1014794,2016-03-08 08:30:42,APPROVED
B_110179,ACC_1012770,ACC_1003563,2025-12-13 04:35:43,APPROVED
B_110180,ACC_1012771,ACC_1002341,2025-12-16 21:59:43,APPROVED
B_110181,ACC_1012772,ACC_1001166,2023-06-27 05:31:57,APPROVED
B_110182,ACC_1012772,ACC_1007850,2023-06-29 05:31:57,APPROVED
B_110183,ACC_1012774,ACC_1014120,2025-08-12 07:56:24,APPROVED
B_110184,ACC_1012774,ACC_1011987,2025-08-13 07:56:24,APPROVED
B_110185,ACC_1012774,ACC_1014062,2025-08-10 07:56:24,APPROVED
B_110186,ACC_1012776,ACC_1005090,2024-10-30 04:16:09,APPROVED
B_110187,ACC_1012776,ACC_1003045,2024-10-26 04:16:09,APPROVED
B_110188,ACC_1012778,ACC_1012551,2020-12-06 02:42:49,APPROVED
B_110189,ACC_1012778,ACC_1007990,2020-12-10 02:42:49,APPROVED
B_110190,ACC_1012778,ACC_1014832,2020-12-08 02:42:49,APPROVED
B_110191,ACC_1012779,ACC_1002411,2022-12-16 05:59:10,APPROVED
B_110192,ACC_1012787,ACC_1014752,2023-09-03 12:02:45,APPROVED
B_110193,ACC_1012788,ACC_1014828,2017-09-09 08:18:36,APPROVED
B_110194,ACC_1012788,ACC_1011992,2017-09-06 08:18:36,APPROVED
B_110195,ACC_1012791,ACC_1001915,2024-07-16 23:43:43,APPROVED
B_110196,ACC_1012792,ACC_1011055,2024-06-24 18:03:43,APPROVED
B_110197,ACC_1012792,ACC_1009903,2024-06-20 18:03:43,PENDING
B_110198,ACC_1012792,ACC_1007391,2024-06-21 18:03:43,APPROVED
B_110199,ACC_1012795,ACC_1009943,2017-04-19 15:56:05,APPROVED
B_110200,ACC_1012797,ACC_1002795,2025-01-14 20:08:06,APPROVED
B_110201,ACC_1012797,ACC_1003369,2025-01-19 20:08:06,APPROVED
B_110202,ACC_1012799,ACC_1009060,2025-01-28 13:32:06,APPROVED
B_110203,ACC_1012801,ACC_1002511,2016-05-11 01:31:55,APPROVED
B_110204,ACC_1012801,ACC_1014855,2016-05-19 01:31:55,APPROVED
B_110205,ACC_1012801,ACC_1001774,2016-05-17 01:31:55,APPROVED
B_110206,ACC_1012803,ACC_1013970,2023-07-19 10:49:05,APPROVED
B_110207,ACC_1012803,ACC_1000392,2023-07-21 10:49:05,APPROVED
B_110208,ACC_1012803,ACC_1014972,2023-07-20 10:49:05,APPROVED
B_110209,ACC_1012808,ACC_1011309,2025-02-20 09:08:09,APPROVED
B_110210,ACC_1012813,ACC_1001924,2018-06-13 09:00:20,APPROVED
B_110211,ACC_1012818,ACC_1009719,2022-07-23 00:45:40,APPROVED
B_110212,ACC_1012818,ACC_1012650,2022-07-21 00:45:40,APPROVED
B_110213,ACC_1012820,ACC_1009234,2023-05-17 17:34:10,APPROVED
B_110214,ACC_1012821,ACC_1001732,2023-05-25 12:57:10,APPROVED
B_110215,ACC_1012821,ACC_1005821,2023-05-30 12:57:10,APPROVED
B_110216,ACC_1012821,ACC_1008444,2023-05-21 12:57:10,APPROVED
B_110217,ACC_1012822,ACC_1004935,2025-06-12 17:29:56,APPROVED
B_110218,ACC_1012827,ACC_1010858,2016-05-29 15:35:00,APPROVED
B_110219,ACC_1012827,ACC_1013546,2016-05-25 15:35:00,APPROVED
B_110220,ACC_1012827,ACC_1007698,2016-05-26 15:35:00,APPROVED
B_110221,ACC_1012828,ACC_1003283,2021-01-08 19:16:56,APPROVED
B_110222,ACC_1012828,ACC_1001776,2021-01-09 19:16:56,PENDING
B_110223,ACC_1012829,ACC_1012307,2021-01-02 08:11:56,APPROVED
B_110224,ACC_1012831,ACC_1004539,2022-04-11 11:37:36,PENDING
B_110225,ACC_1012831,ACC_1005223,2022-04-14 11:37:36,APPROVED
B_110226,ACC_1012831,ACC_1002222,2022-04-13 11:37:36,APPROVED
B_110227,ACC_1012834,ACC_1006820,2024-07-06 17:08:28,APPROVED
B_110228,ACC_1012835,ACC_1009603,2023-06-27 19:47:17,APPROVED
B_110229,ACC_1012835,ACC_1005488,2023-07-05 19:47:17,APPROVED
B_110230,ACC_1012835,ACC_1014737,2023-07-06 19:47:17,APPROVED
B_110231,ACC_1012842,ACC_1011380,2021-04-09 04:57:10,APPROVED
B_110232,ACC_1012850,ACC_1006007,2019-08-10 19:17:32,APPROVED
B_110233,ACC_1012850,ACC_1010094,2019-08-11 19:17:32,APPROVED
B_110234,ACC_1012851,ACC_1008673,2018-06-15 22:52:28,APPROVED
B_110235,ACC_1012851,ACC_1005131,2018-06-11 22:52:28,APPROVED
B_110236,ACC_1012851,ACC_1003644,2018-06-20 22:52:28,APPROVED
B_110237,ACC_1012857,ACC_1000616,2018-12-12 02:01:30,APPROVED
B_110238,ACC_1012858,ACC_1005860,2016-11-11 16:27:16,APPROVED
B_110239,ACC_1012860,ACC_1008139,2016-06-09 10:43:35,APPROVED
B_110240,ACC_1012863,ACC_1003014,2017-10-13 23:23:25,APPROVED
B_110241,ACC_1012863,ACC_1002788,2017-10-12 23:23:25,APPROVED
B_110242,ACC_1012863,ACC_1005893,2017-10-08 23:23:25,APPROVED
B_110243,ACC_1012865,ACC_1003420,2025-09-22 02:38:30,APPROVED
B_110244,ACC_1012865,ACC_1005112,2025-09-27 02:38:30,APPROVED
B_110245,ACC_1012866,ACC_1008804,2025-10-11 16:28:30,APPROVED
B_110246,ACC_1012871,ACC_1008670,2024-06-24 08:40:12,APPROVED
B_110247,ACC_1012871,ACC_1010865,2024-06-30 08:40:12,APPROVED
B_110248,ACC_1012872,ACC_1014116,2024-07-01 07:11:12,APPROVED
B_110249,ACC_1012872,ACC_1012883,2024-07-03 07:11:12,APPROVED
B_110250,ACC_1012872,ACC_1006592,2024-07-02 07:11:12,APPROVED
B_110251,ACC_1012874,ACC_1004900,2019-04-07 19:55:26,APPROVED
B_110252,ACC_1012874,ACC_1002178,2019-04-09 19:55:26,PENDING
B_110253,ACC_1012876,ACC_1005000,2022-08-30 22:51:33,PENDING
B_110254,ACC_1012877,ACC_1002996,2022-09-11 23:38:33,APPROVED
B_110255,ACC_1012877,ACC_1002143,2022-09-18 23:38:33,APPROVED
B_110256,ACC_1012877,ACC_1006273,2022-09-09 23:38:33,PENDING
B_110257,ACC_1012878,ACC_1003445,2024-10-26 09:29:44,APPROVED
B_110258,ACC_1012878,ACC_1004716,2024-10-29 09:29:44,APPROVED
B_110259,ACC_1012878,ACC_1012377,2024-10-25 09:29:44,APPROVED
B_110260,ACC_1012879,ACC_1001983,2019-01-23 21:40:53,APPROVED
B_110261,ACC_1012879,ACC_1005988,2019-01-22 21:40:53,APPROVED
B_110262,ACC_1012879,ACC_1004132,2019-01-16 21:40:53,APPROVED
B_110263,ACC_1012885,ACC_1000656,2016-12-15 22:02:16,APPROVED
B_110264,ACC_1012885,ACC_1007073,2016-12-16 22:02:16,APPROVED
B_110265,ACC_1012885,ACC_1014421,2016-12-16 22:02:16,APPROVED
B_110266,ACC_1012886,ACC_1002965,2022-05-20 16:57:22,APPROVED
B_110267,ACC_1012886,ACC_1011932,2022-05-21 16:57:22,APPROVED
B_110268,ACC_1012886,ACC_1008313,2022-05-18 16:57:22,PENDING
B_110269,ACC_1012888,ACC_1009294,2018-08-05 04:07:28,APPROVED
B_110270,ACC_1012888,ACC_1013693,2018-08-14 04:07:28,APPROVED
B_110271,ACC_1012889,ACC_1008763,2018-08-05 02:39:28,APPROVED
B_110272,ACC_1012889,ACC_1009053,2018-08-04 02:39:28,APPROVED
B_110273,ACC_1012889,ACC_1012442,2018-08-09 02:39:28,APPROVED
B_110274,ACC_1012890,ACC_1006651,2024-09-06 10:10:18,APPROVED
B_110275,ACC_1012896,ACC_1000929,2016-07-19 04:41:36,APPROVED
B_110276,ACC_1012897,ACC_1008907,2021-04-26 16:30:45,APPROVED
B_110277,ACC_1012897,ACC_1011526,2021-04-30 16:30:45,APPROVED
B_110278,ACC_1012897,ACC_1010130,2021-04-24 16:30:45,APPROVED
B_110279,ACC_1012902,ACC_1010457,2024-01-04 15:57:12,APPROVED
B_110280,ACC_1012904,ACC_1013448,2025-06-30 09:35:53,APPROVED
B_110281,ACC_1012905,ACC_1009639,2025-07-09 02:20:53,APPROVED
B_110282,ACC_1012905,ACC_1014600,2025-07-13 02:20:53,APPROVED
B_110283,ACC_1012905,ACC_1001467,2025-07-15 02:20:53,APPROVED
B_110284,ACC_1012913,ACC_1002890,2020-01-06 21:45:10,APPROVED
B_110285,ACC_1012913,ACC_1003709,2019-12-28 21:45:10,APPROVED
B_110286,ACC_1012913,ACC_1008593,2019-12-31 21:45:10,APPROVED
B_110287,ACC_1012914,ACC_1005925,2021-11-01 07:16:27,APPROVED
B_110288,ACC_1012914,ACC_1006985,2021-10-30 07:16:27,APPROVED
B_110289,ACC_1012914,ACC_1002251,2021-11-01 07:16:27,APPROVED
B_110290,ACC_1012916,ACC_1011303,2020-06-21 00:37:01,APPROVED
B_110291,ACC_1012916,ACC_1012989,2020-06-24 00:37:01,APPROVED
B_110292,ACC_1012919,ACC_1000421,2020-07-21 03:03:05,APPROVED
B_110293,ACC_1012919,ACC_1003805,2020-07-19 03:03:05,APPROVED
B_110294,ACC_1012920,ACC_1006911,2020-07-10 17:11:05,APPROVED
B_110295,ACC_1012924,ACC_1011614,2018-08-02 06:33:52,APPROVED
B_110296,ACC_1012925,ACC_1012622,2018-05-23 08:36:55,APPROVED
B_110297,ACC_1012925,ACC_1009650,2018-05-14 08:36:55,PENDING
B_110298,ACC_1012925,ACC_1005839,2018-05-22 08:36:55,APPROVED
B_110299,ACC_1012926,ACC_1000872,2018-05-14 13:29:55,APPROVED
B_110300,ACC_1012928,ACC_1015041,2020-03-23 14:28:05,APPROVED
B_110301,ACC_1012928,ACC_1000545,2020-03-26 14:28:05,APPROVED
B_110302,ACC_1012928,ACC_1005046,2020-03-22 14:28:05,PENDING
B_110303,ACC_1012932,ACC_1006212,2018-09-09 03:07:03,APPROVED
B_110304,ACC_1012932,ACC_1004151,2018-09-10 03:07:03,APPROVED
B_110305,ACC_1012932,ACC_1011543,2018-09-12 03:07:03,APPROVED
B_110306,ACC_1012935,ACC_1006772,2024-10-09 09:00:01,APPROVED
B_110307,ACC_1012936,ACC_1007557,2018-07-17 06:58:38,APPROVED
B_110308,ACC_1012936,ACC_1000458,2018-07-16 06:58:38,APPROVED
B_110309,ACC_1012937,ACC_1008109,2018-07-08 02:58:38,APPROVED
B_110310,ACC_1012937,ACC_1001157,2018-07-08 02:58:38,APPROVED
B_110311,ACC_1012937,ACC_1008677,2018-07-06 02:58:38,APPROVED
B_110312,ACC_1012938,ACC_1004738,2017-12-07 16:07:24,APPROVED
B_110313,ACC_1012938,ACC_1005123,2017-12-04 16:07:24,APPROVED
B_110314,ACC_1012942,ACC_1010360,2023-03-03 13:59:12,APPROVED
B_110315,ACC_1012943,ACC_1003414,2018-07-31 21:04:21,APPROVED
B_110316,ACC_1012943,ACC_1001013,2018-08-01 21:04:21,APPROVED
B_110317,ACC_1012944,ACC_1013875,2021-08-10 01:00:31,APPROVED
B_110318,ACC_1012944,ACC_1006676,2021-08-09 01:00:31,APPROVED
B_110319,ACC_1012947,ACC_1009376,2018-10-04 02:07:22,APPROVED
B_110320,ACC_1012949,ACC_1011017,2024-12-21 11:35:46,APPROVED
B_110321,ACC_1012954,ACC_1010663,2019-06-14 20:02:50,APPROVED
B_110322,ACC_1012954,ACC_1012618,2019-06-09 20:02:50,APPROVED
B_110323,ACC_1012954,ACC_1008289,2019-06-16 20:02:50,APPROVED
B_110324,ACC_1012956,ACC_1009213,2023-07-17 10:35:42,APPROVED
B_110325,ACC_1012956,ACC_1000382,2023-07-18 10:35:42,APPROVED
B_110326,ACC_1012958,ACC_1005394,2019-09-25 05:18:52,PENDING
B_110327,ACC_1012958,ACC_1004006,2019-09-21 05:18:52,APPROVED
B_110328,ACC_1012958,ACC_1009501,2019-09-23 05:18:52,APPROVED
B_110329,ACC_1012959,ACC_1010032,2019-09-23 01:12:52,APPROVED
B_110330,ACC_1012959,ACC_1013942,2019-09-28 01:12:52,APPROVED
B_110331,ACC_1012962,ACC_1011732,2024-01-06 02:46:50,APPROVED
B_110332,ACC_1012964,ACC_1010353,2024-01-12 20:43:50,APPROVED
B_110333,ACC_1012964,ACC_1014306,2024-01-15 20:43:50,APPROVED
B_110334,ACC_1012965,ACC_1008404,2024-08-02 02:39:57,APPROVED
B_110335,ACC_1012965,ACC_1005753,2024-08-02 02:39:57,APPROVED
B_110336,ACC_1012965,ACC_1002113,2024-08-05 02:39:57,APPROVED
B_110337,ACC_1012966,ACC_1007722,2021-01-10 14:36:09,APPROVED
B_110338,ACC_1012966,ACC_1002799,2021-01-09 14:36:09,APPROVED
B_110339,ACC_1012966,ACC_1014808,2021-01-11 14:36:09,APPROVED
B_110340,ACC_1012967,ACC_1006705,2020-06-16 15:22:34,APPROVED
B_110341,ACC_1012967,ACC_1013153,2020-06-18 15:22:34,APPROVED
B_110342,ACC_1012967,ACC_1008038,2020-06-15 15:22:34,APPROVED
B_110343,ACC_1012968,ACC_1009609,2019-01-25 00:07:34,APPROVED
B_110344,ACC_1012969,ACC_1011300,2019-02-06 10:19:34,APPROVED
B_110345,ACC_1012969,ACC_1004226,2019-02-07 10:19:34,APPROVED
B_110346,ACC_1012976,ACC_1008902,2019-08-03 13:12:09,APPROVED
B_110347,ACC_1012976,ACC_1013475,2019-07-31 13:12:09,APPROVED
B_110348,ACC_1012976,ACC_1006595,2019-08-06 13:12:09,APPROVED
B_110349,ACC_1012978,ACC_1006249,2019-06-12 09:05:02,APPROVED
B_110350,ACC_1012978,ACC_1002711,2019-06-12 09:05:02,APPROVED
B_110351,ACC_1012979,ACC_1007952,2019-06-08 23:58:02,APPROVED
B_110352,ACC_1012979,ACC_1010663,2019-06-08 23:58:02,APPROVED
B_110353,ACC_1012981,ACC_1013856,2019-01-01 07:49:11,APPROVED
B_110354,ACC_1012982,ACC_1009054,2021-11-13 07:13:20,APPROVED
B_110355,ACC_1012982,ACC_1000054,2021-11-12 07:13:20,APPROVED
B_110356,ACC_1012985,ACC_1006043,2024-02-27 10:48:14,APPROVED
B_110357,ACC_1012985,ACC_1006533,2024-02-24 10:48:14,APPROVED
B_110358,ACC_1012985,ACC_1011625,2024-02-25 10:48:14,APPROVED
B_110359,ACC_1012989,ACC_1006532,2023-08-17 05:29:39,APPROVED
B_110360,ACC_1012991,ACC_1003539,2021-03-02 06:42:49,PENDING
B_110361,ACC_1012991,ACC_1006119,2021-02-24 06:42:49,APPROVED
B_110362,ACC_1012992,ACC_1003985,2018-12-18 13:01:57,PENDING
B_110363,ACC_1012992,ACC_1003155,2018-12-16 13:01:57,APPROVED
B_110364,ACC_1012992,ACC_1008820,2018-12-16 13:01:57,APPROVED
B_110365,ACC_1012996,ACC_1008683,2025-12-17 16:26:45,PENDING
B_110366,ACC_1012996,ACC_1006033,2025-12-18 16:26:45,APPROVED
B_110367,ACC_1012998,ACC_1013818,2020-02-10 19:30:06,APPROVED
B_110368,ACC_1012998,ACC_1006222,2020-02-13 19:30:06,APPROVED
B_110369,ACC_1012999,ACC_1003109,2018-05-06 08:33:00,APPROVED
B_110370,ACC_1012999,ACC_1013844,2018-05-06 08:33:00,APPROVED
B_110371,ACC_1012999,ACC_1014436,2018-05-13 08:33:00,APPROVED
B_110372,ACC_1013000,ACC_1007948,2018-04-29 23:50:00,APPROVED
B_110373,ACC_1013000,ACC_1004895,2018-04-30 23:50:00,APPROVED
B_110374,ACC_1013005,ACC_1003542,2019-01-29 06:55:51,APPROVED
B_110375,ACC_1013005,ACC_1002002,2019-01-30 06:55:51,APPROVED
B_110376,ACC_1013006,ACC_1013730,2023-12-12 05:15:45,APPROVED
B_110377,ACC_1013009,ACC_1009430,2019-02-14 02:36:37,APPROVED
B_110378,ACC_1013012,ACC_1009808,2025-01-20 13:31:00,APPROVED
B_110379,ACC_1013012,ACC_1005463,2025-01-11 13:31:00,APPROVED
B_110380,ACC_1013012,ACC_1003782,2025-01-15 13:31:00,APPROVED
B_110381,ACC_1013020,ACC_1000770,2018-01-26 22:12:09,APPROVED
B_110382,ACC_1013020,ACC_1013453,2018-01-24 22:12:09,APPROVED
B_110383,ACC_1013023,ACC_1011215,2018-06-14 09:40:29,APPROVED
B_110384,ACC_1013023,ACC_1010226,2018-06-10 09:40:29,APPROVED
B_110385,ACC_1013023,ACC_1007470,2018-06-12 09:40:29,APPROVED
B_110386,ACC_1013024,ACC_1012087,2019-08-27 09:49:51,APPROVED
B_110387,ACC_1013025,ACC_1005734,2019-08-21 18:24:51,APPROVED
B_110388,ACC_1013025,ACC_1014931,2019-08-27 18:24:51,APPROVED
B_110389,ACC_1013026,ACC_1012663,2019-08-25 09:14:51,APPROVED
B_110390,ACC_1013026,ACC_1008841,2019-08-30 09:14:51,APPROVED
B_110391,ACC_1013026,ACC_1005382,2019-08-28 09:14:51,APPROVED
B_110392,ACC_1013027,ACC_1010098,2025-12-08 16:40:06,APPROVED
B_110393,ACC_1013027,ACC_1002300,2025-12-02 16:40:06,APPROVED
B_110394,ACC_1013030,ACC_1011405,2020-04-16 23:58:25,APPROVED
B_110395,ACC_1013036,ACC_1010475,2016-10-13 00:34:57,APPROVED
B_110396,ACC_1013036,ACC_1001014,2016-10-13 00:34:57,APPROVED
B_110397,ACC_1013038,ACC_1003404,2021-12-28 10:11:48,APPROVED
B_110398,ACC_1013038,ACC_1010519,2021-12-21 10:11:48,APPROVED
B_110399,ACC_1013039,ACC_1010763,2021-12-31 01:47:48,APPROVED
B_110400,ACC_1013039,ACC_1007872,2021-12-25 01:47:48,APPROVED
B_110401,ACC_1013046,ACC_1007114,2024-05-12 03:57:48,APPROVED
B_110402,ACC_1013048,ACC_1013025,2021-11-14 09:11:48,APPROVED
B_110403,ACC_1013049,ACC_1011981,2024-04-22 13:02:42,APPROVED
B_110404,ACC_1013049,ACC_1008905,2024-04-24 13:02:42,APPROVED
B_110405,ACC_1013050,ACC_1013388,2025-09-05 13:28:39,APPROVED
B_110406,ACC_1013051,ACC_1000363,2017-12-24 01:03:05,APPROVED
B_110407,ACC_1013051,ACC_1008334,2017-12-23 01:03:05,APPROVED
B_110408,ACC_1013052,ACC_1006604,2019-02-23 14:20:12,APPROVED
B_110409,ACC_1013052,ACC_1011501,2019-02-17 14:20:12,APPROVED
B_110410,ACC_1013055,ACC_1010022,2021-11-25 21:49:16,APPROVED
B_110411,ACC_1013055,ACC_1009130,2021-12-03 21:49:16,APPROVED
B_110412,ACC_1013056,ACC_1009194,2021-11-20 20:06:16,APPROVED
B_110413,ACC_1013056,ACC_1011292,2021-11-26 20:06:16,APPROVED
B_110414,ACC_1013056,ACC_1000362,2021-11-21 20:06:16,APPROVED
B_110415,ACC_1013059,ACC_1000173,2023-10-02 20:56:36,APPROVED
B_110416,ACC_1013059,ACC_1000499,2023-09-26 20:56:36,APPROVED
B_110417,ACC_1013060,ACC_1000039,2019-05-28 13:35:28,APPROVED
B_110418,ACC_1013060,ACC_1001250,2019-05-26 13:35:28,APPROVED
B_110419,ACC_1013060,ACC_1005351,2019-05-27 13:35:28,APPROVED
B_110420,ACC_1013061,ACC_1002506,2025-02-17 17:38:57,APPROVED
B_110421,ACC_1013061,ACC_1013767,2025-02-17 17:38:57,APPROVED
B_110422,ACC_1013061,ACC_1004187,2025-02-12 17:38:57,PENDING
B_110423,ACC_1013065,ACC_1011451,2025-04-07 13:27:08,APPROVED
B_110424,ACC_1013065,ACC_1009686,2025-03-30 13:27:08,APPROVED
B_110425,ACC_1013068,ACC_1004246,2026-01-27 19:29:09,PENDING
B_110426,ACC_1013068,ACC_1000627,2026-01-29 19:29:09,APPROVED
B_110427,ACC_1013070,ACC_1015031,2026-01-22 13:29:09,APPROVED
B_110428,ACC_1013070,ACC_1011543,2026-01-24 13:29:09,APPROVED
B_110429,ACC_1013070,ACC_1009341,2026-01-20 13:29:09,APPROVED
B_110430,ACC_1013072,ACC_1012177,2021-10-13 01:12:09,APPROVED
B_110431,ACC_1013072,ACC_1014988,2021-10-15 01:12:09,APPROVED
B_110432,ACC_1013072,ACC_1010929,2021-10-17 01:12:09,APPROVED
B_110433,ACC_1013074,ACC_1007690,2021-11-05 21:39:57,APPROVED
B_110434,ACC_1013075,ACC_1004649,2020-03-29 23:25:10,PENDING
B_110435,ACC_1013084,ACC_1014827,2022-03-25 20:16:12,APPROVED
B_110436,ACC_1013084,ACC_1003444,2022-03-19 20:16:12,APPROVED
B_110437,ACC_1013084,ACC_1006797,2022-03-18 20:16:12,APPROVED
B_110438,ACC_1013087,ACC_1008035,2024-03-13 16:00:16,APPROVED
B_110439,ACC_1013087,ACC_1015032,2024-03-07 16:00:16,APPROVED
B_110440,ACC_1013091,ACC_1005957,2017-03-29 11:02:08,APPROVED
B_110441,ACC_1013091,ACC_1014823,2017-03-27 11:02:08,APPROVED
B_110442,ACC_1013091,ACC_1011112,2017-03-31 11:02:08,APPROVED
B_110443,ACC_1013096,ACC_1011211,2017-04-15 13:17:58,APPROVED
B_110444,ACC_1013096,ACC_1009792,2017-04-14 13:17:58,APPROVED
B_110445,ACC_1013097,ACC_1015032,2023-12-17 15:32:49,APPROVED
B_110446,ACC_1013097,ACC_1012022,2023-12-18 15:32:49,APPROVED
B_110447,ACC_1013097,ACC_1013756,2023-12-26 15:32:49,APPROVED
B_110448,ACC_1013098,ACC_1004161,2023-12-30 14:33:49,APPROVED
B_110449,ACC_1013102,ACC_1008543,2017-05-26 12:44:28,APPROVED
B_110450,ACC_1013102,ACC_1013363,2017-05-27 12:44:28,PENDING
B_110451,ACC_1013109,ACC_1000137,2017-01-30 08:42:24,APPROVED
B_110452,ACC_1013115,ACC_1002063,2021-05-31 12:59:49,APPROVED
B_110453,ACC_1013116,ACC_1003502,2019-12-04 21:45:38,APPROVED
B_110454,ACC_1013116,ACC_1014539,2019-12-01 21:45:38,APPROVED
B_110455,ACC_1013116,ACC_1014542,2019-12-08 21:45:38,APPROVED
B_110456,ACC_1013117,ACC_1001051,2019-12-06 10:32:38,APPROVED
B_110457,ACC_1013117,ACC_1005487,2019-11-29 10:32:38,PENDING
B_110458,ACC_1013117,ACC_1003387,2019-12-04 10:32:38,APPROVED
B_110459,ACC_1013118,ACC_1008813,2025-04-19 22:14:05,APPROVED
B_110460,ACC_1013119,ACC_1013375,2021-02-23 01:06:09,APPROVED
B_110461,ACC_1013121,ACC_1003190,2020-08-29 05:34:09,APPROVED
B_110462,ACC_1013122,ACC_1011628,2020-08-28 09:03:09,APPROVED
B_110463,ACC_1013122,ACC_1004467,2020-08-25 09:03:09,APPROVED
B_110464,ACC_1013122,ACC_1001953,2020-08-29 09:03:09,APPROVED
B_110465,ACC_1013125,ACC_1006218,2023-07-10 06:34:39,APPROVED
B_110466,ACC_1013125,ACC_1008641,2023-07-02 06:34:39,APPROVED
B_110467,ACC_1013128,ACC_1007424,2024-11-08 11:21:57,APPROVED
B_110468,ACC_1013128,ACC_1010425,2024-11-13 11:21:57,APPROVED
B_110469,ACC_1013137,ACC_1008297,2022-03-19 17:07:53,APPROVED
B_110470,ACC_1013137,ACC_1005597,2022-03-11 17:07:53,APPROVED
B_110471,ACC_1013139,ACC_1010554,2017-03-29 13:41:09,APPROVED
B_110472,ACC_1013139,ACC_1010719,2017-03-30 13:41:09,APPROVED
B_110473,ACC_1013139,ACC_1011553,2017-04-01 13:41:09,APPROVED
B_110474,ACC_1013149,ACC_1011442,2024-06-27 13:32:13,APPROVED
B_110475,ACC_1013149,ACC_1014795,2024-06-27 13:32:13,APPROVED
B_110476,ACC_1013149,ACC_1005245,2024-06-24 13:32:13,APPROVED
B_110477,ACC_1013150,ACC_1003752,2024-07-05 14:45:13,APPROVED
B_110478,ACC_1013157,ACC_1002502,2019-05-01 11:36:43,APPROVED
B_110479,ACC_1013157,ACC_1009030,2019-04-29 11:36:43,APPROVED
B_110480,ACC_1013159,ACC_1006655,2016-03-14 00:57:56,APPROVED
B_110481,ACC_1013159,ACC_1012797,2016-03-23 00:57:56,PENDING
B_110482,ACC_1013159,ACC_1005544,2016-03-15 00:57:56,APPROVED
B_110483,ACC_1013161,ACC_1002994,2025-10-05 07:02:01,APPROVED
B_110484,ACC_1013161,ACC_1003675,2025-10-06 07:02:01,APPROVED
B_110485,ACC_1013165,ACC_1011457,2024-08-13 03:06:45,APPROVED
B_110486,ACC_1013165,ACC_1006317,2024-08-11 03:06:45,APPROVED
B_110487,ACC_1013165,ACC_1002015,2024-08-13 03:06:45,APPROVED
B_110488,ACC_1013166,ACC_1002459,2024-08-10 07:48:45,APPROVED
B_110489,ACC_1013168,ACC_1005141,2019-09-13 08:21:13,APPROVED
B_110490,ACC_1013168,ACC_1012193,2019-09-12 08:21:13,APPROVED
B_110491,ACC_1013171,ACC_1001971,2025-01-28 01:20:09,APPROVED
B_110492,ACC_1013171,ACC_1009434,2025-01-25 01:20:09,APPROVED
B_110493,ACC_1013172,ACC_1005366,2017-12-26 13:33:23,APPROVED
B_110494,ACC_1013172,ACC_1003295,2017-12-25 13:33:23,APPROVED
B_110495,ACC_1013172,ACC_1004119,2017-12-31 13:33:23,APPROVED
B_110496,ACC_1013174,ACC_1014909,2025-02-25 21:22:37,APPROVED
B_110497,ACC_1013175,ACC_1001646,2018-05-20 10:40:34,APPROVED
B_110498,ACC_1013176,ACC_1009085,2021-11-14 00:44:01,APPROVED
B_110499,ACC_1013176,ACC_1000304,2021-11-08 00:44:01,APPROVED
B_110500,ACC_1013177,ACC_1014360,2021-11-11 01:22:01,APPROVED
B_110501,ACC_1013179,ACC_1006385,2016-09-05 18:39:28,APPROVED
B_110502,ACC_1013179,ACC_1003567,2016-09-03 18:39:28,APPROVED
B_110503,ACC_1013179,ACC_1010937,2016-09-07 18:39:28,APPROVED
B_110504,ACC_1013181,ACC_1011709,2021-05-02 06:26:40,APPROVED
B_110505,ACC_1013181,ACC_1004401,2021-04-29 06:26:40,APPROVED
B_110506,ACC_1013182,ACC_1000213,2025-03-14 13:22:31,APPROVED
B_110507,ACC_1013183,ACC_1005956,2025-03-21 02:48:31,APPROVED
B_110508,ACC_1013184,ACC_1012139,2022-09-22 22:23:57,APPROVED
B_110509,ACC_1013184,ACC_1002449,2022-09-20 22:23:57,APPROVED
B_110510,ACC_1013188,ACC_1011276,2017-05-21 08:27:22,APPROVED
B_110511,ACC_1013188,ACC_1007801,2017-05-25 08:27:22,APPROVED
B_110512,ACC_1013191,ACC_1005145,2021-07-27 17:30:42,APPROVED
B_110513,ACC_1013191,ACC_1004132,2021-07-28 17:30:42,APPROVED
B_110514,ACC_1013191,ACC_1008469,2021-07-25 17:30:42,APPROVED
B_110515,ACC_1013194,ACC_1001038,2016-06-08 18:11:06,APPROVED
B_110516,ACC_1013194,ACC_1006597,2016-06-10 18:11:06,APPROVED
B_110517,ACC_1013194,ACC_1011412,2016-06-11 18:11:06,APPROVED
B_110518,ACC_1013195,ACC_1006973,2018-12-04 01:59:20,APPROVED
B_110519,ACC_1013195,ACC_1008699,2018-12-06 01:59:20,APPROVED
B_110520,ACC_1013197,ACC_1010750,2016-06-05 00:18:13,APPROVED
B_110521,ACC_1013197,ACC_1009059,2016-06-11 00:18:13,APPROVED
B_110522,ACC_1013198,ACC_1008982,2016-06-19 08:45:13,APPROVED
B_110523,ACC_1013198,ACC_1005023,2016-06-16 08:45:13,APPROVED
B_110524,ACC_1013199,ACC_1007774,2016-06-06 23:37:13,APPROVED
B_110525,ACC_1013199,ACC_1008365,2016-06-10 23:37:13,APPROVED
B_110526,ACC_1013203,ACC_1001015,2022-06-24 00:34:23,APPROVED
B_110527,ACC_1013203,ACC_1011285,2022-06-30 00:34:23,APPROVED
B_110528,ACC_1013205,ACC_1014490,2016-10-10 20:24:50,APPROVED
B_110529,ACC_1013215,ACC_1012073,2017-09-12 13:31:10,APPROVED
B_110530,ACC_1013215,ACC_1006906,2017-09-17 13:31:10,APPROVED
B_110531,ACC_1013215,ACC_1009246,2017-09-12 13:31:10,APPROVED
B_110532,ACC_1013221,ACC_1007096,2017-02-01 11:48:12,APPROVED
B_110533,ACC_1013221,ACC_1002430,2017-02-06 11:48:12,APPROVED
B_110534,ACC_1013222,ACC_1004050,2022-08-13 18:36:26,APPROVED
B_110535,ACC_1013222,ACC_1010787,2022-08-09 18:36:26,APPROVED
B_110536,ACC_1013222,ACC_1010524,2022-08-12 18:36:26,APPROVED
B_110537,ACC_1013223,ACC_1014304,2019-03-23 08:34:30,APPROVED
B_110538,ACC_1013223,ACC_1004609,2019-03-31 08:34:30,PENDING
B_110539,ACC_1013224,ACC_1001918,2019-03-26 17:13:30,APPROVED
B_110540,ACC_1013227,ACC_1008700,2021-04-26 01:12:48,APPROVED
B_110541,ACC_1013227,ACC_1008712,2021-04-27 01:12:48,APPROVED
B_110542,ACC_1013227,ACC_1013250,2021-04-24 01:12:48,APPROVED
B_110543,ACC_1013229,ACC_1005716,2022-04-18 09:37:13,APPROVED
B_110544,ACC_1013229,ACC_1006999,2022-04-17 09:37:13,APPROVED
B_110545,ACC_1013229,ACC_1003359,2022-04-14 09:37:13,APPROVED
B_110546,ACC_1013231,ACC_1004358,2020-08-22 08:54:56,APPROVED
B_110547,ACC_1013231,ACC_1001490,2020-08-25 08:54:56,APPROVED
B_110548,ACC_1013233,ACC_1001168,2024-05-07 23:24:35,APPROVED
B_110549,ACC_1013236,ACC_1002027,2020-10-07 02:48:40,APPROVED
B_110550,ACC_1013236,ACC_1007036,2020-10-09 02:48:40,APPROVED
B_110551,ACC_1013236,ACC_1012170,2020-10-11 02:48:40,APPROVED
B_110552,ACC_1013237,ACC_1008769,2020-10-04 14:35:40,APPROVED
B_110553,ACC_1013240,ACC_1003126,2019-05-28 02:19:23,APPROVED
B_110554,ACC_1013241,ACC_1010230,2025-01-17 21:45:05,APPROVED
B_110555,ACC_1013241,ACC_1002444,2025-01-17 21:45:05,APPROVED
B_110556,ACC_1013241,ACC_1010346,2025-01-11 21:45:05,APPROVED
B_110557,ACC_1013243,ACC_1004722,2021-01-04 08:43:47,APPROVED
B_110558,ACC_1013243,ACC_1006173,2021-01-11 08:43:47,APPROVED
B_110559,ACC_1013243,ACC_1004492,2021-01-09 08:43:47,APPROVED
B_110560,ACC_1013245,ACC_1006571,2019-07-09 13:47:39,APPROVED
B_110561,ACC_1013245,ACC_1014773,2019-07-06 13:47:39,APPROVED
B_110562,ACC_1013245,ACC_1011689,2019-07-11 13:47:39,APPROVED
B_110563,ACC_1013250,ACC_1013675,2016-08-14 09:20:21,APPROVED
B_110564,ACC_1013250,ACC_1013714,2016-08-11 09:20:21,APPROVED
B_110565,ACC_1013250,ACC_1000289,2016-08-10 09:20:21,APPROVED
B_110566,ACC_1013251,ACC_1011966,2017-02-01 18:43:32,APPROVED
B_110567,ACC_1013255,ACC_1000939,2017-06-03 14:10:30,APPROVED
B_110568,ACC_1013255,ACC_1007340,2017-05-31 14:10:30,PENDING
B_110569,ACC_1013257,ACC_1002947,2023-09-01 11:22:01,APPROVED
B_110570,ACC_1013257,ACC_1013383,2023-09-04 11:22:01,APPROVED
B_110571,ACC_1013257,ACC_1007583,2023-09-07 11:22:01,APPROVED
B_110572,ACC_1013258,ACC_1006780,2016-08-23 11:20:02,APPROVED
B_110573,ACC_1013258,ACC_1012222,2016-08-23 11:20:02,APPROVED
B_110574,ACC_1013258,ACC_1002605,2016-08-18 11:20:02,APPROVED
B_110575,ACC_1013260,ACC_1011128,2023-02-02 13:44:47,APPROVED
B_110576,ACC_1013272,ACC_1010900,2017-01-29 04:16:18,APPROVED
B_110577,ACC_1013272,ACC_1014111,2017-02-06 04:16:18,APPROVED
B_110578,ACC_1013272,ACC_1010679,2017-02-06 04:16:18,APPROVED
B_110579,ACC_1013273,ACC_1000444,2025-10-23 16:14:28,APPROVED
B_110580,ACC_1013273,ACC_1011910,2025-10-24 16:14:28,APPROVED
B_110581,ACC_1013274,ACC_1009360,2025-10-26 05:34:28,APPROVED
B_110582,ACC_1013275,ACC_1014876,2022-01-07 09:57:42,APPROVED
B_110583,ACC_1013275,ACC_1008420,2022-01-06 09:57:42,PENDING
B_110584,ACC_1013275,ACC_1004018,2022-01-06 09:57:42,APPROVED
B_110585,ACC_1013280,ACC_1002529,2018-11-04 17:19:31,APPROVED
B_110586,ACC_1013281,ACC_1012193,2019-02-15 01:32:35,APPROVED
B_110587,ACC_1013281,ACC_1013955,2019-02-11 01:32:35,APPROVED
B_110588,ACC_1013282,ACC_1000869,2019-02-01 23:01:35,APPROVED
B_110589,ACC_1013283,ACC_1008898,2019-02-05 06:59:35,APPROVED
B_110590,ACC_1013287,ACC_1010903,2021-09-14 13:28:05,APPROVED
B_110591,ACC_1013287,ACC_1014931,2021-09-12 13:28:05,APPROVED
B_110592,ACC_1013288,ACC_1003992,2021-08-21 22:41:05,PENDING
B_110593,ACC_1013288,ACC_1007323,2021-08-19 22:41:05,APPROVED
B_110594,ACC_1013289,ACC_1010040,2018-12-08 14:26:32,APPROVED
B_110595,ACC_1013292,ACC_1009754,2020-08-27 23:02:09,APPROVED
B_110596,ACC_1013292,ACC_1007883,2020-08-23 23:02:09,APPROVED
B_110597,ACC_1013297,ACC_1002200,2021-12-19 18:07:46,APPROVED
B_110598,ACC_1013301,ACC_1002233,2018-01-11 11:58:18,APPROVED
B_110599,ACC_1013306,ACC_1013443,2025-02-25 04:12:56,APPROVED
B_110600,ACC_1013306,ACC_1003370,2025-03-02 04:12:56,APPROVED
B_110601,ACC_1013308,ACC_1014815,2019-03-30 20:21:52,APPROVED
B_110602,ACC_1013308,ACC_1000131,2019-04-03 20:21:52,APPROVED
B_110603,ACC_1013308,ACC_1000814,2019-04-06 20:21:52,APPROVED
B_110604,ACC_1013312,ACC_1013979,2024-10-24 14:55:18,APPROVED
B_110605,ACC_1013312,ACC_1007803,2024-10-16 14:55:18,APPROVED
B_110606,ACC_1013312,ACC_1003565,2024-10-16 14:55:18,APPROVED
B_110607,ACC_1013315,ACC_1004351,2016-07-23 09:02:06,APPROVED
B_110608,ACC_1013315,ACC_1013866,2016-07-20 09:02:06,APPROVED
B_110609,ACC_1013316,ACC_1011074,2024-05-19 08:03:22,APPROVED
B_110610,ACC_1013319,ACC_1003963,2020-03-31 15:29:07,APPROVED
B_110611,ACC_1013320,ACC_1005223,2021-05-20 22:49:32,APPROVED
B_110612,ACC_1013320,ACC_1005208,2021-05-21 22:49:32,APPROVED
B_110613,ACC_1013320,ACC_1010441,2021-05-16 22:49:32,APPROVED
B_110614,ACC_1013323,ACC_1012726,2016-09-06 09:47:28,APPROVED
B_110615,ACC_1013323,ACC_1009184,2016-09-03 09:47:28,APPROVED
B_110616,ACC_1013324,ACC_1013952,2016-08-21 02:24:28,APPROVED
B_110617,ACC_1013324,ACC_1006286,2016-08-28 02:24:28,APPROVED
B_110618,ACC_1013324,ACC_1012673,2016-08-22 02:24:28,APPROVED
B_110619,ACC_1013329,ACC_1007972,2018-02-25 04:25:53,APPROVED
B_110620,ACC_1013329,ACC_1008689,2018-03-05 04:25:53,APPROVED
B_110621,ACC_1013329,ACC_1013146,2018-03-03 04:25:53,APPROVED
B_110622,ACC_1013333,ACC_1009477,2024-04-10 19:10:07,APPROVED
B_110623,ACC_1013333,ACC_1001367,2024-04-08 19:10:07,APPROVED
B_110624,ACC_1013338,ACC_1011335,2020-09-03 13:03:20,APPROVED
B_110625,ACC_1013338,ACC_1008835,2020-09-07 13:03:20,APPROVED
B_110626,ACC_1013339,ACC_1004170,2020-09-04 03:55:20,APPROVED
B_110627,ACC_1013340,ACC_1000152,2023-04-08 12:35:22,APPROVED
B_110628,ACC_1013341,ACC_1005851,2023-04-09 15:38:22,APPROVED
B_110629,ACC_1013342,ACC_1013266,2023-04-24 05:36:22,APPROVED
B_110630,ACC_1013343,ACC_1004301,2020-10-09 08:04:35,APPROVED
B_110631,ACC_1013343,ACC_1008061,2020-10-02 08:04:35,APPROVED
B_110632,ACC_1013343,ACC_1009410,2020-10-11 08:04:35,APPROVED
B_110633,ACC_1013350,ACC_1000100,2017-06-09 02:27:29,APPROVED
B_110634,ACC_1013351,ACC_1014637,2017-03-06 10:27:06,APPROVED
B_110635,ACC_1013354,ACC_1002583,2022-12-11 17:54:41,APPROVED
B_110636,ACC_1013355,ACC_1013368,2023-05-09 17:18:21,APPROVED
B_110637,ACC_1013356,ACC_1004495,2023-05-20 15:57:21,APPROVED
B_110638,ACC_1013357,ACC_1009197,2023-05-26 03:28:21,APPROVED
B_110639,ACC_1013357,ACC_1008673,2023-05-18 03:28:21,APPROVED
B_110640,ACC_1013357,ACC_1013420,2023-05-25 03:28:21,APPROVED
B_110641,ACC_1013363,ACC_1010995,2025-03-15 23:49:03,PENDING
B_110642,ACC_1013364,ACC_1014460,2022-09-13 19:11:41,APPROVED
B_110643,ACC_1013364,ACC_1002725,2022-09-13 19:11:41,APPROVED
B_110644,ACC_1013364,ACC_1000864,2022-09-10 19:11:41,APPROVED
B_110645,ACC_1013368,ACC_1001927,2024-03-25 01:07:07,APPROVED
B_110646,ACC_1013368,ACC_1007173,2024-03-17 01:07:07,APPROVED
B_110647,ACC_1013368,ACC_1012336,2024-03-20 01:07:07,APPROVED
B_110648,ACC_1013369,ACC_1003008,2025-08-23 00:48:51,APPROVED
B_110649,ACC_1013371,ACC_1011888,2020-01-20 22:43:14,APPROVED
B_110650,ACC_1013371,ACC_1005779,2020-01-21 22:43:14,APPROVED
B_110651,ACC_1013371,ACC_1005879,2020-01-23 22:43:14,APPROVED
B_110652,ACC_1013374,ACC_1007515,2017-12-23 15:31:41,APPROVED
B_110653,ACC_1013374,ACC_1007372,2017-12-28 15:31:41,APPROVED
B_110654,ACC_1013375,ACC_1006275,2019-04-22 09:23:31,APPROVED
B_110655,ACC_1013377,ACC_1014276,2018-07-20 11:12:34,APPROVED
B_110656,ACC_1013377,ACC_1005739,2018-07-15 11:12:34,APPROVED
B_110657,ACC_1013377,ACC_1004395,2018-07-14 11:12:34,APPROVED
B_110658,ACC_1013381,ACC_1009606,2019-08-26 10:31:00,APPROVED
B_110659,ACC_1013381,ACC_1003640,2019-08-29 10:31:00,APPROVED
B_110660,ACC_1013381,ACC_1000055,2019-08-28 10:31:00,APPROVED
B_110661,ACC_1013385,ACC_1013996,2025-01-27 17:37:11,APPROVED
B_110662,ACC_1013385,ACC_1010067,2025-01-27 17:37:11,APPROVED
B_110663,ACC_1013385,ACC_1010750,2025-01-29 17:37:11,APPROVED
B_110664,ACC_1013386,ACC_1009457,2017-12-23 10:58:50,APPROVED
B_110665,ACC_1013386,ACC_1011364,2017-12-21 10:58:50,APPROVED
B_110666,ACC_1013389,ACC_1000621,2017-07-03 20:59:31,APPROVED
B_110667,ACC_1013398,ACC_1004763,2024-01-21 01:20:54,APPROVED
B_110668,ACC_1013398,ACC_1002286,2024-01-18 01:20:54,APPROVED
B_110669,ACC_1013398,ACC_1001300,2024-01-18 01:20:54,APPROVED
B_110670,ACC_1013402,ACC_1007346,2020-05-11 19:10:26,APPROVED
B_110671,ACC_1013403,ACC_1003253,2020-03-11 02:16:42,APPROVED
B_110672,ACC_1013405,ACC_1002599,2024-10-30 23:48:45,APPROVED
B_110673,ACC_1013405,ACC_1006034,2024-10-31 23:48:45,APPROVED
B_110674,ACC_1013406,ACC_1000412,2023-09-11 09:25:41,APPROVED
B_110675,ACC_1013406,ACC_1007550,2023-09-08 09:25:41,APPROVED
B_110676,ACC_1013406,ACC_1013151,2023-09-10 09:25:41,APPROVED
B_110677,ACC_1013408,ACC_1007499,2023-08-23 23:25:41,APPROVED
B_110678,ACC_1013408,ACC_1003199,2023-08-25 23:25:41,APPROVED
B_110679,ACC_1013408,ACC_1011912,2023-08-28 23:25:41,APPROVED
B_110680,ACC_1013411,ACC_1009673,2024-07-27 17:25:37,APPROVED
B_110681,ACC_1013412,ACC_1007874,2017-11-02 08:40:40,APPROVED
B_110682,ACC_1013412,ACC_1010984,2017-10-31 08:40:40,APPROVED
B_110683,ACC_1013422,ACC_1001464,2023-02-22 16:19:27,APPROVED
B_110684,ACC_1013425,ACC_1007158,2017-12-09 01:39:00,APPROVED
B_110685,ACC_1013425,ACC_1006111,2017-12-07 01:39:00,APPROVED
B_110686,ACC_1013425,ACC_1010143,2017-12-08 01:39:00,APPROVED
B_110687,ACC_1013426,ACC_1003916,2025-07-14 05:48:52,APPROVED
B_110688,ACC_1013426,ACC_1013225,2025-07-16 05:48:52,APPROVED
B_110689,ACC_1013426,ACC_1001985,2025-07-18 05:48:52,APPROVED
B_110690,ACC_1013430,ACC_1013429,2021-11-17 14:57:17,APPROVED
B_110691,ACC_1013431,ACC_1004994,2019-12-16 09:30:20,APPROVED
B_110692,ACC_1013433,ACC_1014714,2021-10-07 05:33:31,APPROVED
B_110693,ACC_1013433,ACC_1006869,2021-09-28 05:33:31,APPROVED
B_110694,ACC_1013433,ACC_1005949,2021-10-02 05:33:31,APPROVED
B_110695,ACC_1013435,ACC_1013168,2025-06-22 23:01:34,APPROVED
B_110696,ACC_1013436,ACC_1004694,2023-05-10 20:02:15,APPROVED
B_110697,ACC_1013436,ACC_1003767,2023-05-08 20:02:15,APPROVED
B_110698,ACC_1013436,ACC_1008443,2023-05-12 20:02:15,APPROVED
B_110699,ACC_1013437,ACC_1008859,2023-05-07 03:28:15,PENDING
B_110700,ACC_1013438,ACC_1011677,2024-12-21 00:12:53,APPROVED
B_110701,ACC_1013439,ACC_1014923,2024-12-16 05:34:53,APPROVED
B_110702,ACC_1013439,ACC_1001932,2024-12-15 05:34:53,APPROVED
B_110703,ACC_1013440,ACC_1010773,2017-04-09 11:25:32,APPROVED
B_110704,ACC_1013445,ACC_1004365,2023-11-29 05:37:06,APPROVED
B_110705,ACC_1013445,ACC_1005043,2023-11-28 05:37:06,APPROVED
B_110706,ACC_1013448,ACC_1012974,2024-07-29 00:07:00,APPROVED
B_110707,ACC_1013454,ACC_1014700,2021-06-02 16:31:23,PENDING
B_110708,ACC_1013459,ACC_1008126,2024-07-21 03:09:24,APPROVED
B_110709,ACC_1013459,ACC_1013706,2024-07-18 03:09:24,APPROVED
B_110710,ACC_1013459,ACC_1011754,2024-07-17 03:09:24,APPROVED
B_110711,ACC_1013460,ACC_1006881,2024-07-05 05:18:24,APPROVED
B_110712,ACC_1013462,ACC_1013876,2025-08-16 10:54:38,APPROVED
B_110713,ACC_1013462,ACC_1007051,2025-08-19 10:54:38,APPROVED
B_110714,ACC_1013462,ACC_1004606,2025-08-23 10:54:38,APPROVED
B_110715,ACC_1013467,ACC_1001560,2021-10-05 17:07:43,APPROVED
B_110716,ACC_1013467,ACC_1014312,2021-10-01 17:07:43,APPROVED
B_110717,ACC_1013468,ACC_1001317,2022-02-06 19:09:02,APPROVED
B_110718,ACC_1013470,ACC_1006636,2025-02-06 05:40:47,APPROVED
B_110719,ACC_1013470,ACC_1007784,2025-02-10 05:40:47,APPROVED
B_110720,ACC_1013470,ACC_1000779,2025-02-11 05:40:47,APPROVED
B_110721,ACC_1013472,ACC_1014572,2019-01-18 20:38:27,APPROVED
B_110722,ACC_1013473,ACC_1010099,2019-01-16 05:44:27,APPROVED
B_110723,ACC_1013473,ACC_1013110,2019-01-12 05:44:27,PENDING
B_110724,ACC_1013473,ACC_1009033,2019-01-18 05:44:27,APPROVED
B_110725,ACC_1013474,ACC_1014405,2022-07-23 20:53:07,APPROVED
B_110726,ACC_1013474,ACC_1005980,2022-07-27 20:53:07,APPROVED
B_110727,ACC_1013476,ACC_1006410,2018-01-19 17:43:16,APPROVED
B_110728,ACC_1013476,ACC_1005375,2018-01-14 17:43:16,PENDING
B_110729,ACC_1013476,ACC_1001872,2018-01-13 17:43:16,APPROVED
B_110730,ACC_1013481,ACC_1004053,2018-07-16 18:50:43,APPROVED
B_110731,ACC_1013481,ACC_1013258,2018-07-22 18:50:43,APPROVED
B_110732,ACC_1013487,ACC_1003363,2018-03-18 16:16:26,APPROVED
B_110733,ACC_1013487,ACC_1006538,2018-03-20 16:16:26,APPROVED
B_110734,ACC_1013487,ACC_1009141,2018-03-14 16:16:26,APPROVED
B_110735,ACC_1013491,ACC_1010425,2025-03-13 18:59:42,APPROVED
B_110736,ACC_1013491,ACC_1000676,2025-03-09 18:59:42,PENDING
B_110737,ACC_1013491,ACC_1013862,2025-03-06 18:59:42,APPROVED
B_110738,ACC_1013492,ACC_1000777,2025-03-21 08:37:42,APPROVED
B_110739,ACC_1013492,ACC_1010084,2025-03-23 08:37:42,APPROVED
B_110740,ACC_1013492,ACC_1007726,2025-03-21 08:37:42,APPROVED
B_110741,ACC_1013494,ACC_1006626,2017-11-22 10:52:09,APPROVED
B_110742,ACC_1013494,ACC_1004719,2017-11-19 10:52:09,APPROVED
B_110743,ACC_1013496,ACC_1012418,2024-12-15 00:22:52,APPROVED
B_110744,ACC_1013496,ACC_1010195,2024-12-15 00:22:52,APPROVED
B_110745,ACC_1013496,ACC_1004650,2024-12-17 00:22:52,APPROVED
B_110746,ACC_1013499,ACC_1005581,2022-02-21 21:25:32,PENDING
B_110747,ACC_1013500,ACC_1003148,2019-10-23 02:20:56,APPROVED
B_110748,ACC_1013507,ACC_1000019,2023-12-23 18:30:49,APPROVED
B_110749,ACC_1013507,ACC_1006423,2023-12-21 18:30:49,APPROVED
B_110750,ACC_1013508,ACC_1004358,2016-08-01 05:05:13,APPROVED
B_110751,ACC_1013509,ACC_1013622,2024-12-15 14:20:27,APPROVED
B_110752,ACC_1013509,ACC_1004668,2024-12-17 14:20:27,APPROVED
B_110753,ACC_1013512,ACC_1009451,2022-02-05 06:43:00,APPROVED
B_110754,ACC_1013512,ACC_1012891,2022-02-05 06:43:00,APPROVED
B_110755,ACC_1013512,ACC_1014526,2022-01-30 06:43:00,APPROVED
B_110756,ACC_1013513,ACC_1013431,2024-09-18 12:26:25,APPROVED
B_110757,ACC_1013513,ACC_1002075,2024-09-19 12:26:25,APPROVED
B_110758,ACC_1013513,ACC_1004510,2024-09-21 12:26:25,APPROVED
B_110759,ACC_1013514,ACC_1006275,2016-09-28 10:23:10,APPROVED
B_110760,ACC_1013515,ACC_1004109,2020-02-24 19:04:48,APPROVED
B_110761,ACC_1013516,ACC_1007865,2018-05-30 20:24:16,APPROVED
B_110762,ACC_1013516,ACC_1011720,2018-06-04 20:24:16,APPROVED
B_110763,ACC_1013516,ACC_1000243,2018-06-02 20:24:16,APPROVED
B_110764,ACC_1013517,ACC_1009252,2019-11-07 00:52:26,APPROVED
B_110765,ACC_1013520,ACC_1006144,2018-11-03 21:20:42,APPROVED
B_110766,ACC_1013520,ACC_1004162,2018-11-02 21:20:42,APPROVED
B_110767,ACC_1013521,ACC_1000370,2018-11-07 20:38:42,APPROVED
B_110768,ACC_1013521,ACC_1000978,2018-11-07 20:38:42,APPROVED
B_110769,ACC_1013522,ACC_1010180,2018-04-15 19:46:02,APPROVED
B_110770,ACC_1013523,ACC_1011776,2018-04-16 12:26:02,APPROVED
B_110771,ACC_1013523,ACC_1006079,2018-04-23 12:26:02,APPROVED
B_110772,ACC_1013529,ACC_1002329,2023-05-16 02:39:54,APPROVED
B_110773,ACC_1013529,ACC_1005420,2023-05-12 02:39:54,APPROVED
B_110774,ACC_1013529,ACC_1003937,2023-05-09 02:39:54,APPROVED
B_110775,ACC_1013533,ACC_1012164,2024-07-26 12:38:36,PENDING
B_110776,ACC_1013534,ACC_1014782,2021-03-12 23:57:40,APPROVED
B_110777,ACC_1013534,ACC_1001490,2021-03-05 23:57:40,APPROVED
B_110778,ACC_1013534,ACC_1006629,2021-03-11 23:57:40,APPROVED
B_110779,ACC_1013536,ACC_1006072,2016-03-04 03:22:07,APPROVED
B_110780,ACC_1013536,ACC_1010098,2016-03-03 03:22:07,APPROVED
B_110781,ACC_1013536,ACC_1004918,2016-03-04 03:22:07,APPROVED
B_110782,ACC_1013537,ACC_1007290,2020-06-14 13:29:54,APPROVED
B_110783,ACC_1013542,ACC_1000810,2020-09-29 15:53:35,APPROVED
B_110784,ACC_1013542,ACC_1002950,2020-09-27 15:53:35,APPROVED
B_110785,ACC_1013545,ACC_1006025,2020-06-11 20:48:21,PENDING
B_110786,ACC_1013549,ACC_1004351,2025-03-27 09:15:05,APPROVED
B_110787,ACC_1013551,ACC_1012406,2019-10-01 22:24:10,APPROVED
B_110788,ACC_1013555,ACC_1014871,2024-11-28 15:32:45,APPROVED
B_110789,ACC_1013558,ACC_1014451,2016-11-21 06:57:36,APPROVED
B_110790,ACC_1013558,ACC_1009173,2016-11-19 06:57:36,APPROVED
B_110791,ACC_1013561,ACC_1010790,2017-09-01 03:21:11,APPROVED
B_110792,ACC_1013561,ACC_1000234,2017-09-06 03:21:11,APPROVED
B_110793,ACC_1013561,ACC_1000364,2017-09-10 03:21:11,APPROVED
B_110794,ACC_1013562,ACC_1001699,2024-10-02 18:40:15,APPROVED
B_110795,ACC_1013562,ACC_1003223,2024-10-01 18:40:15,APPROVED
B_110796,ACC_1013563,ACC_1002544,2023-11-04 06:05:43,APPROVED
B_110797,ACC_1013563,ACC_1008208,2023-10-28 06:05:43,APPROVED
B_110798,ACC_1013563,ACC_1012396,2023-11-06 06:05:43,APPROVED
B_110799,ACC_1013567,ACC_1005176,2016-04-20 22:46:48,APPROVED
B_110800,ACC_1013567,ACC_1008812,2016-04-23 22:46:48,APPROVED
B_110801,ACC_1013567,ACC_1013382,2016-04-20 22:46:48,APPROVED
B_110802,ACC_1013568,ACC_1001486,2016-08-12 11:46:24,APPROVED
B_110803,ACC_1013569,ACC_1007790,2019-10-11 00:56:13,APPROVED
B_110804,ACC_1013569,ACC_1012002,2019-10-06 00:56:13,APPROVED
B_110805,ACC_1013573,ACC_1006367,2021-05-04 16:11:49,APPROVED
B_110806,ACC_1013573,ACC_1007403,2021-05-02 16:11:49,APPROVED
B_110807,ACC_1013573,ACC_1005425,2021-04-30 16:11:49,APPROVED
B_110808,ACC_1013574,ACC_1013636,2025-07-11 09:04:51,APPROVED
B_110809,ACC_1013574,ACC_1014969,2025-07-16 09:04:51,APPROVED
B_110810,ACC_1013577,ACC_1004620,2018-12-02 16:56:37,APPROVED
B_110811,ACC_1013577,ACC_1006856,2018-12-02 16:56:37,APPROVED
B_110812,ACC_1013577,ACC_1000139,2018-12-02 16:56:37,PENDING
B_110813,ACC_1013578,ACC_1002246,2020-03-25 08:59:32,APPROVED
B_110814,ACC_1013578,ACC_1013722,2020-03-25 08:59:32,APPROVED
B_110815,ACC_1013578,ACC_1014366,2020-03-22 08:59:32,APPROVED
B_110816,ACC_1013579,ACC_1006198,2020-03-14 20:49:32,APPROVED
B_110817,ACC_1013579,ACC_1005704,2020-03-15 20:49:32,APPROVED
B_110818,ACC_1013579,ACC_1013502,2020-03-21 20:49:32,APPROVED
B_110819,ACC_1013580,ACC_1014581,2022-03-16 10:46:43,APPROVED
B_110820,ACC_1013581,ACC_1000545,2022-03-27 10:23:43,APPROVED
B_110821,ACC_1013584,ACC_1006800,2022-07-09 03:42:21,APPROVED
B_110822,ACC_1013589,ACC_1013635,2023-08-09 17:06:36,APPROVED
B_110823,ACC_1013589,ACC_1004422,2023-08-10 17:06:36,APPROVED
B_110824,ACC_1013596,ACC_1003845,2018-07-01 07:52:53,APPROVED
B_110825,ACC_1013599,ACC_1003825,2017-12-10 04:08:30,APPROVED
B_110826,ACC_1013599,ACC_1005114,2017-12-15 04:08:30,APPROVED
B_110827,ACC_1013599,ACC_1010707,2017-12-10 04:08:30,APPROVED
B_110828,ACC_1013600,ACC_1008484,2017-12-21 05:06:30,APPROVED
B_110829,ACC_1013600,ACC_1002624,2017-12-19 05:06:30,APPROVED
B_110830,ACC_1013601,ACC_1009574,2019-10-21 08:23:19,APPROVED
B_110831,ACC_1013601,ACC_1013676,2019-10-26 08:23:19,APPROVED
B_110832,ACC_1013601,ACC_1006889,2019-10-25 08:23:19,APPROVED
B_110833,ACC_1013606,ACC_1002238,2019-06-21 13:25:57,APPROVED
B_110834,ACC_1013607,ACC_1001679,2023-10-14 02:04:30,APPROVED
B_110835,ACC_1013607,ACC_1002685,2023-10-14 02:04:30,APPROVED
B_110836,ACC_1013613,ACC_1007317,2021-04-02 16:16:20,PENDING
B_110837,ACC_1013613,ACC_1013568,2021-03-31 16:16:20,APPROVED
B_110838,ACC_1013613,ACC_1006768,2021-03-30 16:16:20,APPROVED
B_110839,ACC_1013617,ACC_1011680,2016-10-06 14:40:30,APPROVED
B_110840,ACC_1013618,ACC_1002008,2016-10-08 01:45:30,APPROVED
B_110841,ACC_1013623,ACC_1013210,2023-03-15 12:36:39,APPROVED
B_110842,ACC_1013623,ACC_1011908,2023-03-16 12:36:39,APPROVED
B_110843,ACC_1013623,ACC_1003686,2023-03-16 12:36:39,APPROVED
B_110844,ACC_1013624,ACC_1005272,2016-09-30 03:20:51,APPROVED
B_110845,ACC_1013624,ACC_1005965,2016-10-04 03:20:51,APPROVED
B_110846,ACC_1013625,ACC_1007114,2021-12-10 14:06:57,APPROVED
B_110847,ACC_1013625,ACC_1005170,2021-12-12 14:06:57,APPROVED
B_110848,ACC_1013627,ACC_1003513,2024-04-10 00:21:59,APPROVED
B_110849,ACC_1013627,ACC_1000775,2024-04-16 00:21:59,APPROVED
B_110850,ACC_1013628,ACC_1002986,2022-02-26 18:35:05,PENDING
B_110851,ACC_1013628,ACC_1014110,2022-02-22 18:35:05,APPROVED
B_110852,ACC_1013628,ACC_1012886,2022-02-25 18:35:05,APPROVED
B_110853,ACC_1013629,ACC_1010206,2017-08-24 06:33:39,APPROVED
B_110854,ACC_1013630,ACC_1009930,2024-04-04 01:08:23,APPROVED
B_110855,ACC_1013630,ACC_1004966,2024-03-26 01:08:23,APPROVED
B_110856,ACC_1013631,ACC_1011439,2019-07-15 13:50:02,APPROVED
B_110857,ACC_1013631,ACC_1008543,2019-07-13 13:50:02,APPROVED
B_110858,ACC_1013634,ACC_1007333,2017-01-07 11:39:26,APPROVED
B_110859,ACC_1013634,ACC_1004565,2017-01-09 11:39:26,APPROVED
B_110860,ACC_1013634,ACC_1005689,2017-01-07 11:39:26,APPROVED
B_110861,ACC_1013635,ACC_1006818,2017-01-13 00:01:26,APPROVED
B_110862,ACC_1013635,ACC_1012120,2017-01-15 00:01:26,APPROVED
B_110863,ACC_1013637,ACC_1008332,2020-09-24 00:10:18,APPROVED
B_110864,ACC_1013637,ACC_1001109,2020-09-26 00:10:18,APPROVED
B_110865,ACC_1013637,ACC_1011503,2020-09-25 00:10:18,APPROVED
B_110866,ACC_1013638,ACC_1002572,2020-09-11 09:20:18,APPROVED
B_110867,ACC_1013638,ACC_1013387,2020-09-09 09:20:18,APPROVED
B_110868,ACC_1013638,ACC_1005548,2020-09-07 09:20:18,APPROVED
B_110869,ACC_1013640,ACC_1004609,2024-04-03 06:38:51,APPROVED
B_110870,ACC_1013640,ACC_1003758,2024-03-30 06:38:51,PENDING
B_110871,ACC_1013640,ACC_1010462,2024-03-25 06:38:51,APPROVED
B_110872,ACC_1013641,ACC_1002081,2020-09-21 22:04:25,APPROVED
B_110873,ACC_1013643,ACC_1004486,2025-09-05 02:07:12,APPROVED
B_110874,ACC_1013648,ACC_1014007,2019-05-06 21:44:35,APPROVED
B_110875,ACC_1013648,ACC_1004457,2019-05-04 21:44:35,APPROVED
B_110876,ACC_1013649,ACC_1001405,2022-10-04 17:49:28,APPROVED
B_110877,ACC_1013653,ACC_1007036,2022-10-01 03:04:22,APPROVED
B_110878,ACC_1013654,ACC_1012529,2022-10-20 02:49:22,PENDING
B_110879,ACC_1013654,ACC_1000366,2022-10-18 02:49:22,APPROVED
B_110880,ACC_1013657,ACC_1010240,2021-05-07 18:12:49,APPROVED
B_110881,ACC_1013661,ACC_1006397,2021-07-15 11:43:06,APPROVED
B_110882,ACC_1013661,ACC_1004751,2021-07-09 11:43:06,APPROVED
B_110883,ACC_1013663,ACC_1014087,2019-07-18 10:22:34,APPROVED
B_110884,ACC_1013663,ACC_1012801,2019-07-13 10:22:34,APPROVED
B_110885,ACC_1013663,ACC_1004837,2019-07-12 10:22:34,APPROVED
B_110886,ACC_1013664,ACC_1012861,2024-05-23 05:35:15,APPROVED
B_110887,ACC_1013664,ACC_1011400,2024-05-17 05:35:15,APPROVED
B_110888,ACC_1013676,ACC_1002112,2017-05-13 20:03:46,APPROVED
B_110889,ACC_1013676,ACC_1006526,2017-05-14 20:03:46,APPROVED
B_110890,ACC_1013677,ACC_1000559,2023-11-07 23:24:50,APPROVED
B_110891,ACC_1013681,ACC_1006953,2024-09-25 04:27:06,APPROVED
B_110892,ACC_1013684,ACC_1011360,2024-11-23 20:18:55,APPROVED
B_110893,ACC_1013684,ACC_1012948,2024-11-18 20:18:55,APPROVED
B_110894,ACC_1013689,ACC_1008399,2022-07-31 10:43:23,APPROVED
B_110895,ACC_1013690,ACC_1012492,2025-04-17 17:14:16,APPROVED
B_110896,ACC_1013690,ACC_1002433,2025-04-13 17:14:16,APPROVED
B_110897,ACC_1013690,ACC_1009149,2025-04-10 17:14:16,APPROVED
B_110898,ACC_1013691,ACC_1005165,2025-04-08 05:56:16,APPROVED
B_110899,ACC_1013691,ACC_1008563,2025-04-05 05:56:16,APPROVED
B_110900,ACC_1013693,ACC_1007394,2023-06-15 13:11:05,APPROVED
B_110901,ACC_1013693,ACC_1006571,2023-06-11 13:11:05,APPROVED
B_110902,ACC_1013693,ACC_1010435,2023-06-09 13:11:05,APPROVED
B_110903,ACC_1013694,ACC_1014974,2023-06-15 09:58:05,APPROVED
B_110904,ACC_1013694,ACC_1009154,2023-06-24 09:58:05,APPROVED
B_110905,ACC_1013702,ACC_1009810,2025-06-18 00:51:56,APPROVED
B_110906,ACC_1013702,ACC_1002344,2025-06-24 00:51:56,APPROVED
B_110907,ACC_1013704,ACC_1010411,2020-08-16 19:03:26,APPROVED
B_110908,ACC_1013704,ACC_1006514,2020-08-20 19:03:26,APPROVED
B_110909,ACC_1013706,ACC_1001394,2016-03-30 06:11:19,APPROVED
B_110910,ACC_1013710,ACC_1014654,2021-07-04 12:42:29,APPROVED
B_110911,ACC_1013710,ACC_1010945,2021-07-02 12:42:29,APPROVED
B_110912,ACC_1013710,ACC_1010116,2021-06-29 12:42:29,APPROVED
B_110913,ACC_1013717,ACC_1002723,2021-05-14 22:31:24,APPROVED
B_110914,ACC_1013723,ACC_1009012,2018-12-06 03:50:10,APPROVED
B_110915,ACC_1013723,ACC_1011879,2018-12-08 03:50:10,APPROVED
B_110916,ACC_1013727,ACC_1000194,2020-05-28 16:34:52,APPROVED
B_110917,ACC_1013727,ACC_1005444,2020-05-24 16:34:52,APPROVED
B_110918,ACC_1013729,ACC_1011518,2020-05-19 23:20:52,APPROVED
B_110919,ACC_1013729,ACC_1005056,2020-05-20 23:20:52,APPROVED
B_110920,ACC_1013729,ACC_1001436,2020-05-13 23:20:52,APPROVED
B_110921,ACC_1013734,ACC_1011726,2020-12-27 07:26:36,APPROVED
B_110922,ACC_1013738,ACC_1012598,2024-10-15 13:07:03,APPROVED
B_110923,ACC_1013738,ACC_1004859,2024-10-17 13:07:03,APPROVED
B_110924,ACC_1013740,ACC_1011444,2024-11-08 06:46:25,APPROVED
B_110925,ACC_1013740,ACC_1012555,2024-11-08 06:46:25,APPROVED
B_110926,ACC_1013740,ACC_1004392,2024-11-10 06:46:25,APPROVED
B_110927,ACC_1013742,ACC_1009178,2024-11-25 09:35:25,APPROVED
B_110928,ACC_1013742,ACC_1004718,2024-11-24 09:35:25,APPROVED
B_110929,ACC_1013744,ACC_1004564,2019-01-13 15:15:49,APPROVED
B_110930,ACC_1013744,ACC_1002353,2019-01-11 15:15:49,APPROVED
B_110931,ACC_1013744,ACC_1014505,2019-01-14 15:15:49,APPROVED
B_110932,ACC_1013745,ACC_1010335,2022-06-06 23:45:45,APPROVED
B_110933,ACC_1013750,ACC_1011882,2024-09-04 13:44:52,APPROVED
B_110934,ACC_1013752,ACC_1011272,2025-10-31 22:51:31,APPROVED
B_110935,ACC_1013752,ACC_1012364,2025-10-25 22:51:31,APPROVED
B_110936,ACC_1013753,ACC_1010046,2022-04-01 01:50:10,APPROVED
B_110937,ACC_1013753,ACC_1000020,2022-04-01 01:50:10,APPROVED
B_110938,ACC_1013753,ACC_1012604,2022-04-01 01:50:10,APPROVED
B_110939,ACC_1013757,ACC_1008877,2022-03-18 23:17:17,APPROVED
B_110940,ACC_1013757,ACC_1001672,2022-03-15 23:17:17,APPROVED
B_110941,ACC_1013759,ACC_1001657,2019-06-14 14:01:04,APPROVED
B_110942,ACC_1013760,ACC_1008154,2019-11-07 19:05:37,APPROVED
B_110943,ACC_1013760,ACC_1008052,2019-11-04 19:05:37,APPROVED
B_110944,ACC_1013760,ACC_1005459,2019-11-08 19:05:37,APPROVED
B_110945,ACC_1013761,ACC_1007974,2019-11-22 09:34:37,APPROVED
B_110946,ACC_1013767,ACC_1004490,2016-05-10 19:47:13,APPROVED
B_110947,ACC_1013772,ACC_1004407,2022-11-01 03:41:11,APPROVED
B_110948,ACC_1013772,ACC_1008399,2022-10-26 03:41:11,APPROVED
B_110949,ACC_1013772,ACC_1001192,2022-11-01 03:41:11,APPROVED
B_110950,ACC_1013773,ACC_1003173,2022-05-03 08:14:20,APPROVED
B_110951,ACC_1013775,ACC_1005117,2022-04-27 19:43:20,APPROVED
B_110952,ACC_1013775,ACC_1006102,2022-04-27 19:43:20,APPROVED
B_110953,ACC_1013775,ACC_1014374,2022-04-25 19:43:20,APPROVED
B_110954,ACC_1013776,ACC_1012792,2025-04-15 10:33:41,APPROVED
B_110955,ACC_1013776,ACC_1004474,2025-04-12 10:33:41,APPROVED
B_110956,ACC_1013776,ACC_1005182,2025-04-15 10:33:41,APPROVED
B_110957,ACC_1013778,ACC_1001790,2019-08-01 22:16:02,APPROVED
B_110958,ACC_1013779,ACC_1014642,2023-11-01 23:48:42,APPROVED
B_110959,ACC_1013779,ACC_1002864,2023-11-06 23:48:42,APPROVED
B_110960,ACC_1013782,ACC_1007918,2020-07-22 21:59:41,APPROVED
B_110961,ACC_1013782,ACC_1005995,2020-07-21 21:59:41,APPROVED
B_110962,ACC_1013784,ACC_1005299,2024-11-16 14:05:50,APPROVED
B_110963,ACC_1013787,ACC_1009600,2025-09-13 18:57:37,APPROVED
B_110964,ACC_1013787,ACC_1007709,2025-09-18 18:57:37,APPROVED
B_110965,ACC_1013787,ACC_1003054,2025-09-12 18:57:37,APPROVED
B_110966,ACC_1013788,ACC_1003269,2025-02-20 01:56:20,APPROVED
B_110967,ACC_1013788,ACC_1012216,2025-02-18 01:56:20,APPROVED
B_110968,ACC_1013794,ACC_1011197,2020-08-10 01:34:25,APPROVED
B_110969,ACC_1013794,ACC_1011175,2020-08-12 01:34:25,APPROVED
B_110970,ACC_1013795,ACC_1000403,2020-08-10 11:25:25,APPROVED
B_110971,ACC_1013797,ACC_1014818,2022-07-01 07:17:18,APPROVED
B_110972,ACC_1013797,ACC_1003999,2022-07-01 07:17:18,APPROVED
B_110973,ACC_1013797,ACC_1007706,2022-07-03 07:17:18,APPROVED
B_110974,ACC_1013804,ACC_1011462,2022-05-09 20:36:22,APPROVED
B_110975,ACC_1013806,ACC_1009196,2019-05-22 20:35:34,APPROVED
B_110976,ACC_1013806,ACC_1013962,2019-05-24 20:35:34,APPROVED
B_110977,ACC_1013808,ACC_1003816,2023-09-27 12:48:25,APPROVED
B_110978,ACC_1013808,ACC_1014127,2023-09-30 12:48:25,APPROVED
B_110979,ACC_1013808,ACC_1000434,2023-09-26 12:48:25,APPROVED
B_110980,ACC_1013816,ACC_1000669,2017-06-19 09:46:37,PENDING
B_110981,ACC_1013816,ACC_1004503,2017-06-23 09:46:37,APPROVED
B_110982,ACC_1013824,ACC_1010849,2022-04-27 23:52:16,PENDING
B_110983,ACC_1013824,ACC_1009758,2022-04-24 23:52:16,APPROVED
B_110984,ACC_1013824,ACC_1015040,2022-04-18 23:52:16,APPROVED
B_110985,ACC_1013828,ACC_1012984,2016-10-19 05:07:31,APPROVED
B_110986,ACC_1013829,ACC_1001286,2023-04-21 11:20:46,APPROVED
B_110987,ACC_1013829,ACC_1001877,2023-04-25 11:20:46,APPROVED
B_110988,ACC_1013829,ACC_1001429,2023-04-21 11:20:46,APPROVED
B_110989,ACC_1013831,ACC_1011617,2017-03-08 02:40:00,APPROVED
B_110990,ACC_1013833,ACC_1014016,2017-03-20 17:26:00,APPROVED
B_110991,ACC_1013835,ACC_1010163,2019-09-19 03:07:23,APPROVED
B_110992,ACC_1013838,ACC_1011049,2023-02-09 18:31:51,APPROVED
B_110993,ACC_1013838,ACC_1006418,2023-02-05 18:31:51,APPROVED
B_110994,ACC_1013838,ACC_1006549,2023-02-05 18:31:51,APPROVED
B_110995,ACC_1013840,ACC_1011763,2022-12-07 16:36:19,APPROVED
B_110996,ACC_1013840,ACC_1005484,2022-12-09 16:36:19,APPROVED
B_110997,ACC_1013841,ACC_1000902,2022-12-01 00:21:19,APPROVED
B_110998,ACC_1013842,ACC_1005824,2018-05-04 19:56:26,APPROVED
B_110999,ACC_1013842,ACC_1000505,2018-04-30 19:56:26,APPROVED
B_111000,ACC_1013844,ACC_1012009,2016-05-30 10:41:52,APPROVED
B_111001,ACC_1013844,ACC_1003260,2016-05-28 10:41:52,APPROVED
B_111002,ACC_1013846,ACC_1011566,2016-10-29 10:44:54,APPROVED
B_111003,ACC_1013846,ACC_1004954,2016-10-27 10:44:54,APPROVED
B_111004,ACC_1013846,ACC_1004382,2016-10-30 10:44:54,APPROVED
B_111005,ACC_1013847,ACC_1003361,2016-10-26 17:19:54,APPROVED
B_111006,ACC_1013847,ACC_1004557,2016-10-26 17:19:54,APPROVED
B_111007,ACC_1013847,ACC_1004243,2016-10-24 17:19:54,APPROVED
B_111008,ACC_1013849,ACC_1007447,2023-12-27 16:37:34,APPROVED
B_111009,ACC_1013849,ACC_1011124,2023-12-29 16:37:34,PENDING
B_111010,ACC_1013849,ACC_1002741,2023-12-27 16:37:34,APPROVED
B_111011,ACC_1013854,ACC_1007063,2016-03-10 09:11:12,APPROVED
B_111012,ACC_1013855,ACC_1005066,2019-05-06 04:06:35,APPROVED
B_111013,ACC_1013855,ACC_1005641,2019-05-06 04:06:35,APPROVED
B_111014,ACC_1013855,ACC_1004252,2019-05-05 04:06:35,APPROVED
B_111015,ACC_1013856,ACC_1011021,2019-05-06 18:26:35,APPROVED
B_111016,ACC_1013856,ACC_1013420,2019-05-03 18:26:35,APPROVED
B_111017,ACC_1013856,ACC_1005194,2019-05-09 18:26:35,APPROVED
B_111018,ACC_1013857,ACC_1007534,2025-11-07 03:43:17,APPROVED
B_111019,ACC_1013857,ACC_1001482,2025-11-12 03:43:17,APPROVED
B_111020,ACC_1013857,ACC_1013603,2025-11-07 03:43:17,APPROVED
B_111021,ACC_1013858,ACC_1010505,2025-10-31 17:56:17,APPROVED
B_111022,ACC_1013860,ACC_1010480,2018-07-18 16:09:49,APPROVED
B_111023,ACC_1013860,ACC_1012023,2018-07-25 16:09:49,APPROVED
B_111024,ACC_1013860,ACC_1003307,2018-07-16 16:09:49,APPROVED
B_111025,ACC_1013862,ACC_1004232,2017-10-19 02:42:38,APPROVED
B_111026,ACC_1013864,ACC_1010931,2017-09-27 21:57:38,APPROVED
B_111027,ACC_1013864,ACC_1009590,2017-09-20 21:57:38,APPROVED
B_111028,ACC_1013869,ACC_1005058,2023-06-19 21:18:20,APPROVED
B_111029,ACC_1013873,ACC_1007143,2023-04-07 06:12:43,APPROVED
B_111030,ACC_1013873,ACC_1005028,2023-04-06 06:12:43,APPROVED
B_111031,ACC_1013876,ACC_1005488,2023-02-27 15:14:21,APPROVED
B_111032,ACC_1013876,ACC_1014482,2023-03-02 15:14:21,APPROVED
B_111033,ACC_1013876,ACC_1006326,2023-02-28 15:14:21,APPROVED
B_111034,ACC_1013878,ACC_1004913,2021-12-03 22:27:40,APPROVED
B_111035,ACC_1013879,ACC_1008345,2021-11-15 05:42:40,APPROVED
B_111036,ACC_1013879,ACC_1007094,2021-11-16 05:42:40,APPROVED
B_111037,ACC_1013883,ACC_1005145,2018-12-24 11:19:13,APPROVED
B_111038,ACC_1013885,ACC_1013905,2022-12-07 18:58:03,APPROVED
B_111039,ACC_1013885,ACC_1008707,2022-12-01 18:58:03,APPROVED
B_111040,ACC_1013886,ACC_1008463,2022-12-03 03:12:28,APPROVED
B_111041,ACC_1013886,ACC_1010403,2022-12-01 03:12:28,PENDING
B_111042,ACC_1013887,ACC_1014841,2022-12-25 22:19:28,APPROVED
B_111043,ACC_1013887,ACC_1012726,2022-12-28 22:19:28,APPROVED
B_111044,ACC_1013887,ACC_1010820,2022-12-24 22:19:28,PENDING
B_111045,ACC_1013889,ACC_1002161,2020-01-24 08:23:41,PENDING
B_111046,ACC_1013889,ACC_1012353,2020-01-17 08:23:41,APPROVED
B_111047,ACC_1013892,ACC_1007410,2016-03-11 22:58:58,APPROVED
B_111048,ACC_1013894,ACC_1014542,2018-07-02 19:48:59,APPROVED
B_111049,ACC_1013894,ACC_1014282,2018-07-05 19:48:59,APPROVED
B_111050,ACC_1013897,ACC_1006429,2022-02-07 11:53:53,APPROVED
B_111051,ACC_1013900,ACC_1000070,2019-08-30 12:53:09,APPROVED
B_111052,ACC_1013902,ACC_1003363,2025-12-07 00:20:32,APPROVED
B_111053,ACC_1013902,ACC_1001789,2025-12-08 00:20:32,APPROVED
B_111054,ACC_1013902,ACC_1004656,2025-12-11 00:20:32,APPROVED
B_111055,ACC_1013903,ACC_1013922,2016-07-16 22:56:21,APPROVED
B_111056,ACC_1013903,ACC_1007194,2016-07-19 22:56:21,APPROVED
B_111057,ACC_1013905,ACC_1011616,2016-08-10 10:11:22,APPROVED
B_111058,ACC_1013905,ACC_1012499,2016-08-12 10:11:22,APPROVED
B_111059,ACC_1013906,ACC_1000975,2016-08-07 20:55:22,APPROVED
B_111060,ACC_1013906,ACC_1007910,2016-08-05 20:55:22,APPROVED
B_111061,ACC_1013906,ACC_1005923,2016-08-07 20:55:22,APPROVED
B_111062,ACC_1013907,ACC_1008798,2016-07-09 03:10:22,APPROVED
B_111063,ACC_1013907,ACC_1003226,2016-07-10 03:10:22,APPROVED
B_111064,ACC_1013907,ACC_1001019,2016-07-09 03:10:22,APPROVED
B_111065,ACC_1013909,ACC_1004812,2018-07-13 14:03:26,APPROVED
B_111066,ACC_1013912,ACC_1005415,2017-01-03 03:15:24,APPROVED
B_111067,ACC_1013912,ACC_1005156,2016-12-30 03:15:24,APPROVED
B_111068,ACC_1013912,ACC_1000409,2017-01-01 03:15:24,PENDING
B_111069,ACC_1013922,ACC_1003499,2016-05-02 20:24:19,APPROVED
B_111070,ACC_1013922,ACC_1010992,2016-05-04 20:24:19,APPROVED
B_111071,ACC_1013923,ACC_1013577,2016-04-21 09:38:19,APPROVED
B_111072,ACC_1013923,ACC_1012556,2016-04-29 09:38:19,APPROVED
B_111073,ACC_1013923,ACC_1002031,2016-04-29 09:38:19,PENDING
B_111074,ACC_1013924,ACC_1002769,2016-08-12 17:13:48,PENDING
B_111075,ACC_1013926,ACC_1005940,2018-01-11 11:45:08,APPROVED
B_111076,ACC_1013927,ACC_1001219,2018-01-05 04:10:08,APPROVED
B_111077,ACC_1013928,ACC_1001120,2017-07-01 01:33:41,APPROVED
B_111078,ACC_1013928,ACC_1006918,2017-06-28 01:33:41,PENDING
B_111079,ACC_1013929,ACC_1013611,2017-01-29 14:27:52,APPROVED
B_111080,ACC_1013936,ACC_1003287,2017-01-07 21:21:15,APPROVED
B_111081,ACC_1013937,ACC_1003630,2017-01-01 06:09:15,APPROVED
B_111082,ACC_1013937,ACC_1003201,2017-01-05 06:09:15,APPROVED
B_111083,ACC_1013938,ACC_1011147,2020-12-22 03:18:11,APPROVED
B_111084,ACC_1013939,ACC_1003949,2020-12-26 21:10:11,APPROVED
B_111085,ACC_1013939,ACC_1014088,2020-12-30 21:10:11,APPROVED
B_111086,ACC_1013944,ACC_1001269,2024-10-09 18:24:57,APPROVED
B_111087,ACC_1013945,ACC_1005154,2021-03-05 22:12:17,APPROVED
B_111088,ACC_1013949,ACC_1002762,2018-03-20 09:27:43,APPROVED
B_111089,ACC_1013953,ACC_1009334,2018-02-24 16:31:30,APPROVED
B_111090,ACC_1013953,ACC_1008245,2018-02-23 16:31:30,APPROVED
B_111091,ACC_1013954,ACC_1013884,2018-07-07 06:58:15,APPROVED
B_111092,ACC_1013954,ACC_1005452,2018-07-10 06:58:15,APPROVED
B_111093,ACC_1013954,ACC_1008023,2018-07-03 06:58:15,APPROVED
B_111094,ACC_1013955,ACC_1004294,2018-06-27 00:06:15,APPROVED
B_111095,ACC_1013960,ACC_1012858,2025-01-02 00:03:41,APPROVED
B_111096,ACC_1013960,ACC_1010637,2024-12-27 00:03:41,APPROVED
B_111097,ACC_1013961,ACC_1000101,2021-07-17 14:29:16,APPROVED
B_111098,ACC_1013961,ACC_1003378,2021-07-12 14:29:16,PENDING
B_111099,ACC_1013961,ACC_1010609,2021-07-14 14:29:16,APPROVED
B_111100,ACC_1013962,ACC_1002899,2021-09-10 20:37:17,APPROVED
B_111101,ACC_1013963,ACC_1004173,2024-08-26 23:52:07,APPROVED
B_111102,ACC_1013968,ACC_1002415,2016-12-15 22:35:20,APPROVED
B_111103,ACC_1013968,ACC_1009069,2016-12-16 22:35:20,APPROVED
B_111104,ACC_1013970,ACC_1001859,2019-05-18 09:42:45,APPROVED
B_111105,ACC_1013970,ACC_1013922,2019-05-15 09:42:45,APPROVED
B_111106,ACC_1013973,ACC_1011643,2022-04-08 01:06:08,APPROVED
B_111107,ACC_1013973,ACC_1012561,2022-04-05 01:06:08,PENDING
B_111108,ACC_1013973,ACC_1002796,2022-04-07 01:06:08,APPROVED
B_111109,ACC_1013974,ACC_1002448,2018-07-22 01:17:08,APPROVED
B_111110,ACC_1013975,ACC_1005703,2018-08-01 09:08:08,APPROVED
B_111111,ACC_1013979,ACC_1001355,2024-03-27 14:54:46,APPROVED
B_111112,ACC_1013979,ACC_1008911,2024-03-26 14:54:46,APPROVED
B_111113,ACC_1013979,ACC_1011105,2024-03-23 14:54:46,APPROVED
B_111114,ACC_1013981,ACC_1008956,2021-12-06 09:41:00,APPROVED
B_111115,ACC_1013983,ACC_1012431,2017-05-02 22:35:50,PENDING
B_111116,ACC_1013987,ACC_1005351,2019-01-12 15:51:13,APPROVED
B_111117,ACC_1013988,ACC_1009809,2019-01-25 09:12:13,APPROVED
B_111118,ACC_1013988,ACC_1004082,2019-01-26 09:12:13,APPROVED
B_111119,ACC_1013988,ACC_1002675,2019-01-26 09:12:13,PENDING
B_111120,ACC_1013989,ACC_1001223,2020-04-01 05:52:15,APPROVED
B_111121,ACC_1013989,ACC_1007327,2020-03-29 05:52:15,APPROVED
B_111122,ACC_1013991,ACC_1001605,2024-04-26 23:23:13,APPROVED
B_111123,ACC_1013992,ACC_1014296,2024-05-13 13:27:13,APPROVED
B_111124,ACC_1013993,ACC_1004471,2016-06-23 18:07:35,APPROVED
B_111125,ACC_1013993,ACC_1005937,2016-06-14 18:07:35,APPROVED
B_111126,ACC_1013993,ACC_1014247,2016-06-22 18:07:35,APPROVED
B_111127,ACC_1013997,ACC_1007745,2024-05-04 07:13:30,APPROVED
B_111128,ACC_1013997,ACC_1008798,2024-05-04 07:13:30,APPROVED
B_111129,ACC_1013997,ACC_1013385,2024-05-08 07:13:30,APPROVED
B_111130,ACC_1013998,ACC_1000537,2023-05-12 09:03:50,APPROVED
B_111131,ACC_1014000,ACC_1002841,2017-12-29 12:02:01,APPROVED
B_111132,ACC_1014006,ACC_1012417,2025-01-12 03:36:11,APPROVED
B_111133,ACC_1014006,ACC_1006315,2025-01-12 03:36:11,APPROVED
B_111134,ACC_1014006,ACC_1003739,2025-01-12 03:36:11,APPROVED
B_111135,ACC_1014008,ACC_1014519,2023-12-10 11:25:37,APPROVED
B_111136,ACC_1014009,ACC_1005743,2020-03-13 22:38:55,PENDING
B_111137,ACC_1014009,ACC_1009512,2020-03-18 22:38:55,APPROVED
B_111138,ACC_1014010,ACC_1008297,2016-05-19 05:15:41,APPROVED
B_111139,ACC_1014011,ACC_1010728,2021-09-16 14:09:48,APPROVED
B_111140,ACC_1014011,ACC_1014086,2021-09-17 14:09:48,APPROVED
B_111141,ACC_1014011,ACC_1003594,2021-09-13 14:09:48,APPROVED
B_111142,ACC_1014012,ACC_1013825,2021-09-21 07:45:48,APPROVED
B_111143,ACC_1014012,ACC_1001671,2021-09-27 07:45:48,APPROVED
B_111144,ACC_1014018,ACC_1014658,2021-02-11 06:27:40,APPROVED
B_111145,ACC_1014018,ACC_1005182,2021-02-10 06:27:40,APPROVED
B_111146,ACC_1014022,ACC_1010655,2023-03-26 14:13:55,APPROVED
B_111147,ACC_1014022,ACC_1013938,2023-03-26 14:13:55,APPROVED
B_111148,ACC_1014023,ACC_1010279,2023-03-29 20:41:55,APPROVED
B_111149,ACC_1014023,ACC_1009038,2023-03-28 20:41:55,APPROVED
B_111150,ACC_1014031,ACC_1014048,2019-05-07 04:34:03,APPROVED
B_111151,ACC_1014031,ACC_1003508,2019-05-11 04:34:03,APPROVED
B_111152,ACC_1014031,ACC_1008739,2019-05-10 04:34:03,APPROVED
B_111153,ACC_1014034,ACC_1011217,2019-05-31 12:28:03,APPROVED
B_111154,ACC_1014034,ACC_1011723,2019-05-28 12:28:03,APPROVED
B_111155,ACC_1014043,ACC_1002866,2023-09-24 11:42:30,APPROVED
B_111156,ACC_1014046,ACC_1000630,2024-09-08 07:27:31,APPROVED
B_111157,ACC_1014046,ACC_1008260,2024-09-13 07:27:31,APPROVED
B_111158,ACC_1014054,ACC_1006370,2021-10-03 15:20:06,APPROVED
B_111159,ACC_1014056,ACC_1002271,2018-03-16 13:06:38,APPROVED
B_111160,ACC_1014056,ACC_1009724,2018-03-11 13:06:38,APPROVED
B_111161,ACC_1014059,ACC_1008436,2022-09-11 17:55:43,APPROVED
B_111162,ACC_1014059,ACC_1013813,2022-09-16 17:55:43,APPROVED
B_111163,ACC_1014059,ACC_1004058,2022-09-19 17:55:43,APPROVED
B_111164,ACC_1014060,ACC_1000366,2021-08-06 18:57:22,APPROVED
B_111165,ACC_1014060,ACC_1012925,2021-08-12 18:57:22,APPROVED
B_111166,ACC_1014063,ACC_1009478,2019-02-01 10:17:41,APPROVED
B_111167,ACC_1014063,ACC_1007553,2019-01-23 10:17:41,APPROVED
B_111168,ACC_1014063,ACC_1004454,2019-01-28 10:17:41,APPROVED
B_111169,ACC_1014064,ACC_1012482,2019-01-12 03:40:41,PENDING
B_111170,ACC_1014065,ACC_1011779,2016-08-20 23:35:56,APPROVED
B_111171,ACC_1014065,ACC_1013102,2016-08-20 23:35:56,APPROVED
B_111172,ACC_1014074,ACC_1002612,2022-09-02 14:32:54,APPROVED
B_111173,ACC_1014074,ACC_1005087,2022-09-04 14:32:54,APPROVED
B_111174,ACC_1014076,ACC_1008668,2017-02-08 00:36:18,APPROVED
B_111175,ACC_1014076,ACC_1004431,2017-02-08 00:36:18,APPROVED
B_111176,ACC_1014076,ACC_1014050,2017-02-12 00:36:18,APPROVED
B_111177,ACC_1014078,ACC_1010584,2017-03-15 12:31:17,APPROVED
B_111178,ACC_1014078,ACC_1004635,2017-03-10 12:31:17,APPROVED
B_111179,ACC_1014079,ACC_1012717,2021-11-19 12:49:58,APPROVED
B_111180,ACC_1014079,ACC_1000971,2021-11-19 12:49:58,APPROVED
B_111181,ACC_1014081,ACC_1000939,2018-07-13 12:03:48,APPROVED
B_111182,ACC_1014081,ACC_1012002,2018-07-07 12:03:48,APPROVED
B_111183,ACC_1014081,ACC_1004886,2018-07-08 12:03:48,APPROVED
B_111184,ACC_1014087,ACC_1013386,2022-10-28 03:36:01,APPROVED
B_111185,ACC_1014087,ACC_1005875,2022-10-24 03:36:01,APPROVED
B_111186,ACC_1014090,ACC_1009000,2019-02-03 07:43:36,APPROVED
B_111187,ACC_1014090,ACC_1013731,2019-02-08 07:43:36,APPROVED
B_111188,ACC_1014091,ACC_1010675,2019-01-25 06:12:36,APPROVED
B_111189,ACC_1014091,ACC_1013741,2019-01-20 06:12:36,APPROVED
B_111190,ACC_1014093,ACC_1008557,2024-02-24 16:50:55,APPROVED
B_111191,ACC_1014093,ACC_1006674,2024-02-26 16:50:55,APPROVED
B_111192,ACC_1014095,ACC_1000956,2019-03-16 10:15:54,APPROVED
B_111193,ACC_1014095,ACC_1000237,2019-03-11 10:15:54,APPROVED
B_111194,ACC_1014095,ACC_1011392,2019-03-10 10:15:54,APPROVED
B_111195,ACC_1014097,ACC_1009244,2023-10-11 10:54:31,APPROVED
B_111196,ACC_1014098,ACC_1000154,2020-10-31 13:53:45,APPROVED
B_111197,ACC_1014106,ACC_1009243,2017-05-26 18:25:52,APPROVED
B_111198,ACC_1014110,ACC_1014031,2016-07-19 15:57:24,APPROVED
B_111199,ACC_1014110,ACC_1000645,2016-07-13 15:57:24,APPROVED
B_111200,ACC_1014110,ACC_1009644,2016-07-17 15:57:24,APPROVED
B_111201,ACC_1014111,ACC_1011778,2021-05-20 05:13:59,APPROVED
B_111202,ACC_1014117,ACC_1006882,2019-07-29 20:22:38,APPROVED
B_111203,ACC_1014118,ACC_1005364,2021-04-21 07:35:15,APPROVED
B_111204,ACC_1014118,ACC_1004394,2021-04-21 07:35:15,APPROVED
B_111205,ACC_1014121,ACC_1003427,2025-09-26 22:02:18,APPROVED
B_111206,ACC_1014127,ACC_1008627,2024-02-19 23:23:45,PENDING
B_111207,ACC_1014128,ACC_1008521,2017-10-11 12:42:54,APPROVED
B_111208,ACC_1014130,ACC_1014220,2021-06-21 06:06:37,APPROVED
B_111209,ACC_1014130,ACC_1007745,2021-06-18 06:06:37,APPROVED
B_111210,ACC_1014131,ACC_1008407,2021-06-09 12:50:37,APPROVED
B_111211,ACC_1014131,ACC_1008043,2021-06-01 12:50:37,APPROVED
B_111212,ACC_1014131,ACC_1009162,2021-06-08 12:50:37,APPROVED
B_111213,ACC_1014133,ACC_1011374,2019-11-06 23:48:55,APPROVED
B_111214,ACC_1014133,ACC_1012815,2019-11-07 23:48:55,PENDING
B_111215,ACC_1014133,ACC_1012967,2019-11-06 23:48:55,PENDING
B_111216,ACC_1014135,ACC_1008989,2020-03-19 15:19:17,APPROVED
B_111217,ACC_1014135,ACC_1006518,2020-03-24 15:19:17,APPROVED
B_111218,ACC_1014137,ACC_1012679,2018-11-16 18:12:33,APPROVED
B_111219,ACC_1014139,ACC_1010983,2022-06-22 18:53:54,APPROVED
B_111220,ACC_1014144,ACC_1001887,2021-03-01 14:46:56,APPROVED
B_111221,ACC_1014144,ACC_1014705,2021-02-28 14:46:56,APPROVED
B_111222,ACC_1014144,ACC_1010227,2021-02-27 14:46:56,APPROVED
B_111223,ACC_1014147,ACC_1002411,2023-12-07 21:25:56,APPROVED
B_111224,ACC_1014147,ACC_1007030,2023-12-12 21:25:56,APPROVED
B_111225,ACC_1014148,ACC_1004390,2023-12-19 00:52:56,APPROVED
B_111226,ACC_1014150,ACC_1009202,2019-03-29 22:12:16,APPROVED
B_111227,ACC_1014150,ACC_1003342,2019-03-27 22:12:16,APPROVED
B_111228,ACC_1014150,ACC_1000412,2019-03-27 22:12:16,APPROVED
B_111229,ACC_1014155,ACC_1013218,2021-02-04 18:33:17,APPROVED
B_111230,ACC_1014164,ACC_1004524,2018-02-19 23:43:12,APPROVED
B_111231,ACC_1014167,ACC_1002169,2025-03-03 02:36:34,APPROVED
B_111232,ACC_1014167,ACC_1001886,2025-03-06 02:36:34,APPROVED
B_111233,ACC_1014168,ACC_1005864,2025-03-04 21:00:34,APPROVED
B_111234,ACC_1014168,ACC_1009211,2025-03-07 21:00:34,APPROVED
B_111235,ACC_1014168,ACC_1006568,2025-03-12 21:00:34,APPROVED
B_111236,ACC_1014172,ACC_1001473,2016-07-19 17:44:41,APPROVED
B_111237,ACC_1014173,ACC_1003335,2019-03-08 21:33:57,APPROVED
B_111238,ACC_1014184,ACC_1006581,2018-11-01 12:08:30,APPROVED
B_111239,ACC_1014184,ACC_1002418,2018-11-09 12:08:30,APPROVED
B_111240,ACC_1014184,ACC_1004320,2018-11-08 12:08:30,APPROVED
B_111241,ACC_1014186,ACC_1006629,2021-12-17 17:40:01,PENDING
B_111242,ACC_1014188,ACC_1006103,2017-09-18 23:53:01,APPROVED
B_111243,ACC_1014198,ACC_1004852,2018-06-08 21:56:04,APPROVED
B_111244,ACC_1014200,ACC_1003432,2019-05-26 03:13:39,APPROVED
B_111245,ACC_1014200,ACC_1000687,2019-05-24 03:13:39,APPROVED
B_111246,ACC_1014200,ACC_1000515,2019-05-24 03:13:39,APPROVED
B_111247,ACC_1014205,ACC_1001650,2023-12-20 02:15:55,APPROVED
B_111248,ACC_1014205,ACC_1009106,2023-12-15 02:15:55,APPROVED
B_111249,ACC_1014205,ACC_1000787,2023-12-19 02:15:55,PENDING
B_111250,ACC_1014206,ACC_1004536,2018-03-24 02:26:50,APPROVED
B_111251,ACC_1014206,ACC_1011331,2018-03-29 02:26:50,APPROVED
B_111252,ACC_1014206,ACC_1007904,2018-03-26 02:26:50,APPROVED
B_111253,ACC_1014208,ACC_1004911,2024-01-02 02:19:07,APPROVED
B_111254,ACC_1014211,ACC_1002704,2023-10-18 02:55:21,APPROVED
B_111255,ACC_1014211,ACC_1012882,2023-10-17 02:55:21,APPROVED
B_111256,ACC_1014212,ACC_1011902,2023-10-29 17:45:21,APPROVED
B_111257,ACC_1014213,ACC_1000391,2023-10-22 02:40:21,APPROVED
B_111258,ACC_1014213,ACC_1001541,2023-10-19 02:40:21,APPROVED
B_111259,ACC_1014213,ACC_1006890,2023-10-25 02:40:21,APPROVED
B_111260,ACC_1014218,ACC_1007221,2025-06-21 09:47:50,APPROVED
B_111261,ACC_1014220,ACC_1001931,2017-06-15 18:42:01,APPROVED
B_111262,ACC_1014220,ACC_1005028,2017-06-11 18:42:01,APPROVED
B_111263,ACC_1014220,ACC_1005953,2017-06-16 18:42:01,APPROVED
B_111264,ACC_1014224,ACC_1001258,2021-05-27 11:52:01,APPROVED
B_111265,ACC_1014224,ACC_1007220,2021-05-23 11:52:01,APPROVED
B_111266,ACC_1014224,ACC_1007205,2021-05-27 11:52:01,APPROVED
B_111267,ACC_1014225,ACC_1001905,2020-06-14 04:00:33,APPROVED
B_111268,ACC_1014225,ACC_1013307,2020-06-15 04:00:33,APPROVED
B_111269,ACC_1014225,ACC_1001846,2020-06-12 04:00:33,APPROVED
B_111270,ACC_1014229,ACC_1013080,2024-08-10 06:23:09,APPROVED
B_111271,ACC_1014230,ACC_1001587,2023-02-10 14:18:09,APPROVED
B_111272,ACC_1014233,ACC_1007479,2024-08-10 07:20:57,APPROVED
B_111273,ACC_1014233,ACC_1007073,2024-08-02 07:20:57,APPROVED
B_111274,ACC_1014234,ACC_1008952,2024-08-01 17:55:57,APPROVED
B_111275,ACC_1014234,ACC_1003416,2024-08-04 17:55:57,APPROVED
B_111276,ACC_1014234,ACC_1010038,2024-07-30 17:55:57,APPROVED
B_111277,ACC_1014236,ACC_1011650,2023-02-11 18:09:44,APPROVED
B_111278,ACC_1014236,ACC_1010625,2023-02-11 18:09:44,APPROVED
B_111279,ACC_1014237,ACC_1010966,2023-02-04 20:10:44,APPROVED
B_111280,ACC_1014238,ACC_1004458,2023-02-21 02:39:44,APPROVED
B_111281,ACC_1014239,ACC_1009701,2024-05-12 13:55:51,APPROVED
B_111282,ACC_1014240,ACC_1014994,2024-09-05 11:09:31,APPROVED
B_111283,ACC_1014243,ACC_1014964,2021-04-05 00:52:56,APPROVED
B_111284,ACC_1014244,ACC_1002615,2017-09-15 13:40:00,APPROVED
B_111285,ACC_1014249,ACC_1013416,2021-03-09 06:06:59,APPROVED
B_111286,ACC_1014249,ACC_1014195,2021-03-16 06:06:59,APPROVED
B_111287,ACC_1014257,ACC_1008794,2017-12-28 01:00:16,APPROVED
B_111288,ACC_1014257,ACC_1008769,2017-12-22 01:00:16,APPROVED
B_111289,ACC_1014257,ACC_1003228,2017-12-25 01:00:16,APPROVED
B_111290,ACC_1014258,ACC_1000007,2017-12-09 22:45:16,APPROVED
B_111291,ACC_1014258,ACC_1011523,2017-12-11 22:45:16,APPROVED
B_111292,ACC_1014258,ACC_1009645,2017-12-17 22:45:16,APPROVED
B_111293,ACC_1014259,ACC_1004545,2022-01-26 08:13:39,APPROVED
B_111294,ACC_1014259,ACC_1001038,2022-01-24 08:13:39,APPROVED
B_111295,ACC_1014265,ACC_1011979,2020-06-29 02:55:37,APPROVED
B_111296,ACC_1014267,ACC_1002599,2020-06-18 12:03:37,APPROVED
B_111297,ACC_1014267,ACC_1002764,2020-06-17 12:03:37,APPROVED
B_111298,ACC_1014268,ACC_1007444,2025-08-12 17:48:20,APPROVED
B_111299,ACC_1014274,ACC_1007675,2025-02-03 00:11:04,APPROVED
B_111300,ACC_1014274,ACC_1007054,2025-01-27 00:11:04,APPROVED
B_111301,ACC_1014275,ACC_1003706,2025-02-09 10:57:04,APPROVED
B_111302,ACC_1014275,ACC_1012118,2025-02-09 10:57:04,APPROVED
B_111303,ACC_1014275,ACC_1008772,2025-02-04 10:57:04,APPROVED
B_111304,ACC_1014278,ACC_1011995,2024-02-22 11:54:07,APPROVED
B_111305,ACC_1014278,ACC_1000193,2024-02-16 11:54:07,APPROVED
B_111306,ACC_1014281,ACC_1013038,2025-07-27 04:28:22,APPROVED
B_111307,ACC_1014281,ACC_1002579,2025-07-22 04:28:22,APPROVED
B_111308,ACC_1014282,ACC_1007398,2017-04-18 12:38:12,APPROVED
B_111309,ACC_1014282,ACC_1006797,2017-04-14 12:38:12,APPROVED
B_111310,ACC_1014282,ACC_1008618,2017-04-12 12:38:12,APPROVED
B_111311,ACC_1014283,ACC_1008405,2018-02-17 07:08:33,APPROVED
B_111312,ACC_1014283,ACC_1006728,2018-02-13 07:08:33,APPROVED
B_111313,ACC_1014284,ACC_1007283,2018-02-21 12:14:33,APPROVED
B_111314,ACC_1014289,ACC_1007792,2020-08-02 02:49:34,APPROVED
B_111315,ACC_1014290,ACC_1000581,2016-10-17 12:36:26,APPROVED
B_111316,ACC_1014291,ACC_1008429,2021-06-16 23:39:04,APPROVED
B_111317,ACC_1014292,ACC_1006376,2021-06-11 15:56:04,APPROVED
B_111318,ACC_1014292,ACC_1002722,2021-06-07 15:56:04,APPROVED
B_111319,ACC_1014292,ACC_1006749,2021-06-09 15:56:04,APPROVED
B_111320,ACC_1014295,ACC_1002722,2022-06-02 22:36:31,APPROVED
B_111321,ACC_1014295,ACC_1014699,2022-06-04 22:36:31,APPROVED
B_111322,ACC_1014295,ACC_1000812,2022-06-02 22:36:31,APPROVED
B_111323,ACC_1014298,ACC_1004183,2018-06-23 10:12:27,APPROVED
B_111324,ACC_1014298,ACC_1001533,2018-06-24 10:12:27,APPROVED
B_111325,ACC_1014299,ACC_1013649,2018-07-18 00:40:27,APPROVED
B_111326,ACC_1014301,ACC_1001909,2017-03-10 12:24:03,APPROVED
B_111327,ACC_1014301,ACC_1003520,2017-03-13 12:24:03,APPROVED
B_111328,ACC_1014302,ACC_1004477,2023-04-12 05:10:08,APPROVED
B_111329,ACC_1014302,ACC_1010057,2023-04-14 05:10:08,APPROVED
B_111330,ACC_1014303,ACC_1011676,2023-04-27 16:27:08,PENDING
B_111331,ACC_1014303,ACC_1006361,2023-04-20 16:27:08,APPROVED
B_111332,ACC_1014304,ACC_1005466,2023-04-29 06:17:08,APPROVED
B_111333,ACC_1014305,ACC_1009300,2017-07-14 20:25:01,APPROVED
B_111334,ACC_1014306,ACC_1001271,2017-07-30 00:07:01,APPROVED
B_111335,ACC_1014306,ACC_1013781,2017-07-25 00:07:01,APPROVED
B_111336,ACC_1014312,ACC_1006238,2018-06-04 16:35:39,APPROVED
B_111337,ACC_1014312,ACC_1002119,2018-06-03 16:35:39,APPROVED
B_111338,ACC_1014319,ACC_1012642,2017-03-30 10:56:32,APPROVED
B_111339,ACC_1014319,ACC_1008211,2017-03-23 10:56:32,APPROVED
B_111340,ACC_1014319,ACC_1005955,2017-03-30 10:56:32,APPROVED
B_111341,ACC_1014322,ACC_1006740,2018-03-10 10:14:29,APPROVED
B_111342,ACC_1014323,ACC_1010787,2018-03-11 03:01:29,APPROVED
B_111343,ACC_1014323,ACC_1007233,2018-03-05 03:01:29,APPROVED
B_111344,ACC_1014323,ACC_1010697,2018-03-12 03:01:29,APPROVED
B_111345,ACC_1014324,ACC_1001107,2017-01-03 20:39:12,APPROVED
B_111346,ACC_1014324,ACC_1004743,2016-12-30 20:39:12,APPROVED
B_111347,ACC_1014325,ACC_1011877,2017-01-20 17:00:12,APPROVED
B_111348,ACC_1014326,ACC_1000059,2017-01-17 15:00:12,PENDING
B_111349,ACC_1014326,ACC_1000083,2017-01-21 15:00:12,APPROVED
B_111350,ACC_1014326,ACC_1000889,2017-01-18 15:00:12,APPROVED
B_111351,ACC_1014328,ACC_1000373,2018-01-15 09:06:06,APPROVED
B_111352,ACC_1014332,ACC_1007054,2022-11-18 14:17:16,APPROVED
B_111353,ACC_1014340,ACC_1003795,2021-11-20 11:32:10,APPROVED
B_111354,ACC_1014340,ACC_1005588,2021-11-20 11:32:10,PENDING
B_111355,ACC_1014340,ACC_1011377,2021-11-14 11:32:10,APPROVED
B_111356,ACC_1014341,ACC_1003940,2019-02-09 22:34:27,APPROVED
B_111357,ACC_1014341,ACC_1002821,2019-02-07 22:34:27,APPROVED
B_111358,ACC_1014343,ACC_1001917,2021-08-12 05:59:30,APPROVED
B_111359,ACC_1014343,ACC_1013824,2021-08-11 05:59:30,PENDING
B_111360,ACC_1014343,ACC_1003943,2021-08-14 05:59:30,APPROVED
B_111361,ACC_1014346,ACC_1006321,2017-09-17 20:55:05,APPROVED
B_111362,ACC_1014346,ACC_1014069,2017-09-09 20:55:05,APPROVED
B_111363,ACC_1014346,ACC_1004019,2017-09-14 20:55:05,APPROVED
B_111364,ACC_1014353,ACC_1006174,2018-07-08 12:46:45,APPROVED
B_111365,ACC_1014354,ACC_1000869,2016-06-24 09:32:57,APPROVED
B_111366,ACC_1014358,ACC_1014958,2021-03-30 22:29:43,APPROVED
B_111367,ACC_1014360,ACC_1012175,2024-11-03 06:20:23,APPROVED
B_111368,ACC_1014362,ACC_1007339,2016-10-27 14:01:28,APPROVED
B_111369,ACC_1014362,ACC_1003466,2016-11-01 14:01:28,APPROVED
B_111370,ACC_1014362,ACC_1000638,2016-10-28 14:01:28,APPROVED
B_111371,ACC_1014366,ACC_1005163,2021-05-06 18:49:37,APPROVED
B_111372,ACC_1014369,ACC_1010462,2025-09-30 10:43:54,APPROVED
B_111373,ACC_1014369,ACC_1005441,2025-10-01 10:43:54,APPROVED
B_111374,ACC_1014369,ACC_1006803,2025-10-05 10:43:54,APPROVED
B_111375,ACC_1014372,ACC_1014220,2019-11-03 03:20:35,APPROVED
B_111376,ACC_1014372,ACC_1009229,2019-11-03 03:20:35,APPROVED
B_111377,ACC_1014372,ACC_1008082,2019-11-05 03:20:35,APPROVED
B_111378,ACC_1014374,ACC_1001478,2019-04-24 13:20:18,APPROVED
B_111379,ACC_1014376,ACC_1004465,2017-09-14 04:01:56,APPROVED
B_111380,ACC_1014376,ACC_1001804,2017-09-18 04:01:56,APPROVED
B_111381,ACC_1014378,ACC_1008703,2019-03-11 15:05:37,APPROVED
B_111382,ACC_1014378,ACC_1000646,2019-03-08 15:05:37,APPROVED
B_111383,ACC_1014378,ACC_1014326,2019-03-16 15:05:37,APPROVED
B_111384,ACC_1014383,ACC_1001554,2018-06-19 00:36:45,PENDING
B_111385,ACC_1014384,ACC_1003009,2018-06-06 22:48:45,APPROVED
B_111386,ACC_1014384,ACC_1012680,2018-06-06 22:48:45,APPROVED
B_111387,ACC_1014387,ACC_1006349,2025-07-13 21:33:11,APPROVED
B_111388,ACC_1014387,ACC_1010528,2025-07-12 21:33:11,APPROVED
B_111389,ACC_1014391,ACC_1014900,2016-09-07 04:05:22,APPROVED
B_111390,ACC_1014393,ACC_1010307,2020-05-03 15:06:34,APPROVED
B_111391,ACC_1014393,ACC_1009213,2020-05-07 15:06:34,APPROVED
B_111392,ACC_1014393,ACC_1008120,2020-05-08 15:06:34,PENDING
B_111393,ACC_1014398,ACC_1013494,2017-08-08 05:55:57,PENDING
B_111394,ACC_1014398,ACC_1002846,2017-08-15 05:55:57,APPROVED
B_111395,ACC_1014398,ACC_1006509,2017-08-12 05:55:57,APPROVED
B_111396,ACC_1014400,ACC_1002840,2017-04-10 12:55:48,APPROVED
B_111397,ACC_1014400,ACC_1012798,2017-04-04 12:55:48,APPROVED
B_111398,ACC_1014400,ACC_1012945,2017-04-02 12:55:48,APPROVED
B_111399,ACC_1014402,ACC_1009185,2020-05-04 19:38:19,APPROVED
B_111400,ACC_1014405,ACC_1003848,2016-11-07 19:08:34,APPROVED
B_111401,ACC_1014408,ACC_1013520,2022-10-16 23:50:51,APPROVED
B_111402,ACC_1014412,ACC_1004715,2018-08-26 04:53:34,APPROVED
B_111403,ACC_1014412,ACC_1012300,2018-08-27 04:53:34,APPROVED
B_111404,ACC_1014412,ACC_1001196,2018-09-02 04:53:34,APPROVED
B_111405,ACC_1014414,ACC_1004641,2022-11-16 23:15:44,APPROVED
B_111406,ACC_1014414,ACC_1002978,2022-11-18 23:15:44,APPROVED
B_111407,ACC_1014414,ACC_1000630,2022-11-16 23:15:44,APPROVED
B_111408,ACC_1014415,ACC_1001506,2022-12-25 18:52:52,APPROVED
B_111409,ACC_1014415,ACC_1009392,2022-12-17 18:52:52,APPROVED
B_111410,ACC_1014416,ACC_1012121,2019-10-26 01:27:20,APPROVED
B_111411,ACC_1014416,ACC_1009757,2019-10-27 01:27:20,APPROVED
B_111412,ACC_1014418,ACC_1008562,2018-07-14 01:58:06,APPROVED
B_111413,ACC_1014419,ACC_1008162,2018-07-19 14:05:06,APPROVED
B_111414,ACC_1014419,ACC_1008034,2018-07-15 14:05:06,APPROVED
B_111415,ACC_1014422,ACC_1001510,2024-06-28 02:42:10,APPROVED
B_111416,ACC_1014422,ACC_1002559,2024-06-25 02:42:10,APPROVED
B_111417,ACC_1014422,ACC_1000093,2024-06-29 02:42:10,APPROVED
B_111418,ACC_1014424,ACC_1004948,2017-10-09 19:33:16,APPROVED
B_111419,ACC_1014424,ACC_1014652,2017-10-09 19:33:16,APPROVED
B_111420,ACC_1014424,ACC_1004578,2017-10-10 19:33:16,APPROVED
B_111421,ACC_1014425,ACC_1013978,2016-10-04 22:15:38,APPROVED
B_111422,ACC_1014425,ACC_1011676,2016-10-08 22:15:38,APPROVED
B_111423,ACC_1014427,ACC_1009534,2018-01-20 16:28:13,APPROVED
B_111424,ACC_1014427,ACC_1006769,2018-01-22 16:28:13,APPROVED
B_111425,ACC_1014430,ACC_1007360,2019-06-12 20:41:00,APPROVED
B_111426,ACC_1014430,ACC_1004634,2019-06-10 20:41:00,APPROVED
B_111427,ACC_1014431,ACC_1005047,2018-06-03 23:41:34,APPROVED
B_111428,ACC_1014431,ACC_1010115,2018-06-03 23:41:34,APPROVED
B_111429,ACC_1014431,ACC_1002913,2018-06-02 23:41:34,APPROVED
B_111430,ACC_1014435,ACC_1013672,2016-01-25 00:07:36,APPROVED
B_111431,ACC_1014435,ACC_1011828,2016-01-18 00:07:36,APPROVED
B_111432,ACC_1014435,ACC_1005015,2016-01-20 00:07:36,APPROVED
B_111433,ACC_1014438,ACC_1011147,2020-05-20 00:32:06,APPROVED
B_111434,ACC_1014438,ACC_1001760,2020-05-17 00:32:06,APPROVED
B_111435,ACC_1014439,ACC_1014045,2024-12-25 01:43:10,APPROVED
B_111436,ACC_1014445,ACC_1009179,2017-10-06 14:00:35,APPROVED
B_111437,ACC_1014446,ACC_1012627,2017-10-19 22:41:47,APPROVED
B_111438,ACC_1014446,ACC_1001343,2017-10-22 22:41:47,APPROVED
B_111439,ACC_1014448,ACC_1008328,2016-05-14 09:09:52,APPROVED
B_111440,ACC_1014448,ACC_1008557,2016-05-13 09:09:52,APPROVED
B_111441,ACC_1014450,ACC_1002176,2021-06-21 17:36:58,APPROVED
B_111442,ACC_1014452,ACC_1004673,2021-04-17 06:10:21,APPROVED
B_111443,ACC_1014453,ACC_1010068,2019-06-18 05:55:32,APPROVED
B_111444,ACC_1014453,ACC_1011725,2019-06-24 05:55:32,APPROVED
B_111445,ACC_1014454,ACC_1004967,2022-04-26 16:58:31,APPROVED
B_111446,ACC_1014455,ACC_1014642,2025-09-07 17:31:54,APPROVED
B_111447,ACC_1014455,ACC_1012235,2025-08-29 17:31:54,APPROVED
B_111448,ACC_1014455,ACC_1008477,2025-08-31 17:31:54,APPROVED
B_111449,ACC_1014459,ACC_1005461,2025-03-11 23:55:37,APPROVED
B_111450,ACC_1014459,ACC_1000714,2025-03-10 23:55:37,APPROVED
B_111451,ACC_1014459,ACC_1002101,2025-03-10 23:55:37,APPROVED
B_111452,ACC_1014462,ACC_1013954,2017-10-11 05:13:57,APPROVED
B_111453,ACC_1014462,ACC_1000528,2017-10-11 05:13:57,APPROVED
B_111454,ACC_1014462,ACC_1012785,2017-10-13 05:13:57,APPROVED
B_111455,ACC_1014464,ACC_1003056,2024-10-05 07:48:53,APPROVED
B_111456,ACC_1014465,ACC_1013321,2022-05-06 02:22:28,PENDING
B_111457,ACC_1014465,ACC_1005961,2022-05-05 02:22:28,APPROVED
B_111458,ACC_1014465,ACC_1002078,2022-05-02 02:22:28,APPROVED
B_111459,ACC_1014468,ACC_1004661,2020-07-11 12:49:06,APPROVED
B_111460,ACC_1014468,ACC_1014956,2020-07-08 12:49:06,APPROVED
B_111461,ACC_1014469,ACC_1007401,2023-10-03 11:47:24,APPROVED
B_111462,ACC_1014472,ACC_1003666,2017-05-08 09:53:18,APPROVED
B_111463,ACC_1014472,ACC_1002112,2017-05-03 09:53:18,APPROVED
B_111464,ACC_1014472,ACC_1001028,2017-05-03 09:53:18,APPROVED
B_111465,ACC_1014473,ACC_1003557,2017-08-14 05:23:41,APPROVED
B_111466,ACC_1014473,ACC_1000928,2017-08-13 05:23:41,APPROVED
B_111467,ACC_1014473,ACC_1001007,2017-08-05 05:23:41,APPROVED
B_111468,ACC_1014478,ACC_1011000,2016-09-26 21:26:26,APPROVED
B_111469,ACC_1014478,ACC_1009477,2016-10-01 21:26:26,APPROVED
B_111470,ACC_1014478,ACC_1013819,2016-09-27 21:26:26,APPROVED
B_111471,ACC_1014479,ACC_1007475,2022-07-31 18:07:58,APPROVED
B_111472,ACC_1014479,ACC_1014029,2022-08-01 18:07:58,APPROVED
B_111473,ACC_1014479,ACC_1007059,2022-08-06 18:07:58,APPROVED
B_111474,ACC_1014482,ACC_1001236,2016-07-26 10:39:30,APPROVED
B_111475,ACC_1014482,ACC_1003319,2016-07-27 10:39:30,APPROVED
B_111476,ACC_1014482,ACC_1012949,2016-07-22 10:39:30,APPROVED
B_111477,ACC_1014483,ACC_1002936,2020-03-28 04:22:37,APPROVED
B_111478,ACC_1014489,ACC_1002631,2017-06-30 09:00:45,PENDING
B_111479,ACC_1014489,ACC_1009964,2017-06-26 09:00:45,APPROVED
B_111480,ACC_1014489,ACC_1014930,2017-06-26 09:00:45,APPROVED
B_111481,ACC_1014490,ACC_1009258,2017-06-29 22:23:45,APPROVED
B_111482,ACC_1014491,ACC_1006974,2018-03-13 04:06:23,APPROVED
B_111483,ACC_1014491,ACC_1013031,2018-03-12 04:06:23,APPROVED
B_111484,ACC_1014491,ACC_1008936,2018-03-15 04:06:23,APPROVED
B_111485,ACC_1014492,ACC_1001802,2022-03-08 19:17:58,APPROVED
B_111486,ACC_1014494,ACC_1009817,2025-05-19 00:05:45,APPROVED
B_111487,ACC_1014501,ACC_1007750,2020-07-16 10:26:31,APPROVED
B_111488,ACC_1014512,ACC_1007609,2017-09-25 04:53:58,APPROVED
B_111489,ACC_1014512,ACC_1014836,2017-09-27 04:53:58,APPROVED
B_111490,ACC_1014512,ACC_1000813,2017-09-19 04:53:58,APPROVED
B_111491,ACC_1014513,ACC_1005619,2024-12-28 05:56:55,APPROVED
B_111492,ACC_1014513,ACC_1007587,2025-01-01 05:56:55,APPROVED
B_111493,ACC_1014514,ACC_1004122,2024-01-09 13:07:42,APPROVED
B_111494,ACC_1014514,ACC_1001858,2023-12-31 13:07:42,APPROVED
B_111495,ACC_1014514,ACC_1005771,2024-01-09 13:07:42,APPROVED
B_111496,ACC_1014519,ACC_1007981,2022-09-14 06:53:47,APPROVED
B_111497,ACC_1014519,ACC_1007810,2022-09-16 06:53:47,APPROVED
B_111498,ACC_1014519,ACC_1014152,2022-09-15 06:53:47,APPROVED
B_111499,ACC_1014529,ACC_1004873,2022-05-26 11:32:00,APPROVED
B_111500,ACC_1014529,ACC_1013698,2022-05-30 11:32:00,APPROVED
B_111501,ACC_1014533,ACC_1005537,2017-07-12 12:46:46,APPROVED
B_111502,ACC_1014533,ACC_1007798,2017-07-13 12:46:46,APPROVED
B_111503,ACC_1014533,ACC_1010104,2017-07-10 12:46:46,APPROVED
B_111504,ACC_1014537,ACC_1010441,2017-03-30 12:44:52,APPROVED
B_111505,ACC_1014538,ACC_1002127,2017-03-24 16:21:52,APPROVED
B_111506,ACC_1014538,ACC_1000287,2017-03-27 16:21:52,APPROVED
B_111507,ACC_1014538,ACC_1008934,2017-03-25 16:21:52,APPROVED
B_111508,ACC_1014539,ACC_1004646,2020-10-24 14:03:58,APPROVED
B_111509,ACC_1014541,ACC_1005176,2022-02-24 22:14:54,APPROVED
B_111510,ACC_1014543,ACC_1013717,2022-02-15 05:47:54,APPROVED
B_111511,ACC_1014543,ACC_1003560,2022-02-17 05:47:54,APPROVED
B_111512,ACC_1014544,ACC_1014364,2020-07-27 21:51:42,APPROVED
B_111513,ACC_1014548,ACC_1003229,2016-05-26 23:53:11,APPROVED
B_111514,ACC_1014551,ACC_1009219,2025-09-01 22:47:03,APPROVED
B_111515,ACC_1014553,ACC_1000269,2021-12-31 17:47:39,APPROVED
B_111516,ACC_1014553,ACC_1011588,2022-01-02 17:47:39,APPROVED
B_111517,ACC_1014554,ACC_1013762,2021-12-11 16:24:39,APPROVED
B_111518,ACC_1014554,ACC_1014306,2021-12-08 16:24:39,APPROVED
B_111519,ACC_1014554,ACC_1008824,2021-12-09 16:24:39,APPROVED
B_111520,ACC_1014555,ACC_1006118,2021-12-06 14:15:39,APPROVED
B_111521,ACC_1014555,ACC_1013965,2021-12-02 14:15:39,APPROVED
B_111522,ACC_1014555,ACC_1004940,2021-12-09 14:15:39,APPROVED
B_111523,ACC_1014560,ACC_1004320,2016-06-08 10:08:12,APPROVED
B_111524,ACC_1014560,ACC_1011204,2016-05-30 10:08:12,PENDING
B_111525,ACC_1014561,ACC_1009288,2022-02-17 11:36:01,APPROVED
B_111526,ACC_1014570,ACC_1004892,2024-09-13 18:08:41,APPROVED
B_111527,ACC_1014570,ACC_1005130,2024-09-15 18:08:41,PENDING
B_111528,ACC_1014570,ACC_1013178,2024-09-19 18:08:41,APPROVED
B_111529,ACC_1014574,ACC_1004546,2020-04-03 01:44:52,APPROVED
B_111530,ACC_1014575,ACC_1013718,2025-08-14 02:18:10,APPROVED
B_111531,ACC_1014576,ACC_1002905,2025-08-08 04:27:10,APPROVED
B_111532,ACC_1014576,ACC_1006537,2025-08-04 04:27:10,PENDING
B_111533,ACC_1014576,ACC_1001635,2025-08-05 04:27:10,APPROVED
B_111534,ACC_1014581,ACC_1001016,2019-11-11 05:44:40,APPROVED
B_111535,ACC_1014581,ACC_1009914,2019-11-07 05:44:40,APPROVED
B_111536,ACC_1014588,ACC_1008370,2025-09-19 00:30:05,APPROVED
B_111537,ACC_1014588,ACC_1014293,2025-09-25 00:30:05,APPROVED
B_111538,ACC_1014590,ACC_1006062,2022-07-04 15:12:43,APPROVED
B_111539,ACC_1014590,ACC_1010627,2022-07-03 15:12:43,APPROVED
B_111540,ACC_1014591,ACC_1013185,2022-07-21 09:52:43,APPROVED
B_111541,ACC_1014591,ACC_1002369,2022-07-17 09:52:43,APPROVED
B_111542,ACC_1014596,ACC_1013723,2020-10-19 02:32:38,APPROVED
B_111543,ACC_1014596,ACC_1003531,2020-10-27 02:32:38,APPROVED
B_111544,ACC_1014600,ACC_1008350,2023-06-02 09:55:01,APPROVED
B_111545,ACC_1014601,ACC_1008786,2023-06-13 13:09:01,APPROVED
B_111546,ACC_1014601,ACC_1012220,2023-06-18 13:09:01,APPROVED
B_111547,ACC_1014601,ACC_1008343,2023-06-18 13:09:01,APPROVED
B_111548,ACC_1014607,ACC_1013841,2022-12-09 17:12:23,APPROVED
B_111549,ACC_1014607,ACC_1007387,2022-12-09 17:12:23,APPROVED
B_111550,ACC_1014607,ACC_1000193,2022-12-11 17:12:23,APPROVED
B_111551,ACC_1014608,ACC_1009961,2022-12-07 03:54:23,APPROVED
B_111552,ACC_1014608,ACC_1004084,2022-12-12 03:54:23,PENDING
B_111553,ACC_1014608,ACC_1004294,2022-12-08 03:54:23,APPROVED
B_111554,ACC_1014613,ACC_1009245,2025-01-23 18:56:15,APPROVED
B_111555,ACC_1014615,ACC_1001490,2023-07-16 04:03:51,APPROVED
B_111556,ACC_1014615,ACC_1006207,2023-07-11 04:03:51,APPROVED
B_111557,ACC_1014616,ACC_1006093,2020-03-18 17:47:53,APPROVED
B_111558,ACC_1014616,ACC_1009360,2020-03-18 17:47:53,APPROVED
B_111559,ACC_1014617,ACC_1000452,2020-03-31 07:52:53,APPROVED
B_111560,ACC_1014617,ACC_1008012,2020-03-30 07:52:53,APPROVED
B_111561,ACC_1014620,ACC_1004648,2026-02-03 12:31:25,APPROVED
B_111562,ACC_1014621,ACC_1013182,2024-12-24 11:33:59,APPROVED
B_111563,ACC_1014625,ACC_1014170,2021-10-31 16:49:41,APPROVED
B_111564,ACC_1014625,ACC_1005486,2021-11-06 16:49:41,APPROVED
B_111565,ACC_1014625,ACC_1010487,2021-11-02 16:49:41,APPROVED
B_111566,ACC_1014628,ACC_1009788,2018-05-07 19:34:46,APPROVED
B_111567,ACC_1014628,ACC_1007861,2018-05-06 19:34:46,APPROVED
B_111568,ACC_1014628,ACC_1007216,2018-05-09 19:34:46,APPROVED
B_111569,ACC_1014633,ACC_1003420,2019-08-10 11:27:09,APPROVED
B_111570,ACC_1014634,ACC_1014049,2019-07-25 18:22:09,APPROVED
B_111571,ACC_1014636,ACC_1009560,2024-10-29 04:46:21,PENDING
B_111572,ACC_1014639,ACC_1007200,2023-12-15 08:16:34,APPROVED
B_111573,ACC_1014639,ACC_1003777,2023-12-14 08:16:34,APPROVED
B_111574,ACC_1014639,ACC_1004054,2023-12-14 08:16:34,APPROVED
B_111575,ACC_1014644,ACC_1014953,2020-04-30 08:01:37,APPROVED
B_111576,ACC_1014644,ACC_1013175,2020-04-25 08:01:37,APPROVED
B_111577,ACC_1014644,ACC_1012934,2020-05-03 08:01:37,APPROVED
B_111578,ACC_1014652,ACC_1010232,2018-01-08 02:12:27,APPROVED
B_111579,ACC_1014652,ACC_1010388,2018-01-09 02:12:27,PENDING
B_111580,ACC_1014652,ACC_1012803,2018-01-04 02:12:27,APPROVED
B_111581,ACC_1014653,ACC_1004933,2021-04-06 16:46:06,APPROVED
B_111582,ACC_1014653,ACC_1000030,2021-04-01 16:46:06,APPROVED
B_111583,ACC_1014653,ACC_1003061,2021-03-31 16:46:06,APPROVED
B_111584,ACC_1014655,ACC_1013740,2022-03-22 10:34:20,APPROVED
B_111585,ACC_1014656,ACC_1013296,2022-03-25 20:00:20,APPROVED
B_111586,ACC_1014656,ACC_1007766,2022-03-17 20:00:20,APPROVED
B_111587,ACC_1014659,ACC_1008357,2022-06-24 12:01:26,APPROVED
B_111588,ACC_1014659,ACC_1013321,2022-06-26 12:01:26,APPROVED
B_111589,ACC_1014662,ACC_1002940,2022-09-15 21:53:47,APPROVED
B_111590,ACC_1014662,ACC_1008203,2022-09-20 21:53:47,APPROVED
B_111591,ACC_1014662,ACC_1009591,2022-09-16 21:53:47,APPROVED
B_111592,ACC_1014664,ACC_1000373,2016-06-10 03:23:41,APPROVED
B_111593,ACC_1014675,ACC_1004895,2021-05-18 16:30:45,APPROVED
B_111594,ACC_1014675,ACC_1002815,2021-05-17 16:30:45,APPROVED
B_111595,ACC_1014675,ACC_1000080,2021-05-12 16:30:45,APPROVED
B_111596,ACC_1014676,ACC_1006930,2022-12-26 10:02:46,APPROVED
B_111597,ACC_1014676,ACC_1007930,2022-12-24 10:02:46,APPROVED
B_111598,ACC_1014682,ACC_1010555,2020-05-31 00:05:09,APPROVED
B_111599,ACC_1014682,ACC_1005741,2020-06-03 00:05:09,APPROVED
B_111600,ACC_1014682,ACC_1005476,2020-06-02 00:05:09,APPROVED
B_111601,ACC_1014683,ACC_1011473,2025-10-19 14:21:19,APPROVED
B_111602,ACC_1014683,ACC_1012828,2025-10-19 14:21:19,APPROVED
B_111603,ACC_1014684,ACC_1014852,2025-10-22 04:36:19,APPROVED
B_111604,ACC_1014684,ACC_1000921,2025-10-21 04:36:19,APPROVED
B_111605,ACC_1014684,ACC_1001729,2025-10-22 04:36:19,APPROVED
B_111606,ACC_1014685,ACC_1013964,2025-06-15 16:39:16,APPROVED
B_111607,ACC_1014685,ACC_1008351,2025-06-06 16:39:16,APPROVED
B_111608,ACC_1014685,ACC_1007299,2025-06-12 16:39:16,APPROVED
B_111609,ACC_1014686,ACC_1008177,2017-08-28 21:20:47,APPROVED
B_111610,ACC_1014686,ACC_1002537,2017-09-01 21:20:47,PENDING
B_111611,ACC_1014690,ACC_1009020,2021-12-08 08:34:07,APPROVED
B_111612,ACC_1014690,ACC_1009954,2021-12-11 08:34:07,APPROVED
B_111613,ACC_1014690,ACC_1001373,2021-12-16 08:34:07,APPROVED
B_111614,ACC_1014695,ACC_1004420,2021-07-29 15:06:43,APPROVED
B_111615,ACC_1014699,ACC_1006185,2023-03-24 17:32:10,APPROVED
B_111616,ACC_1014699,ACC_1000907,2023-03-16 17:32:10,APPROVED
B_111617,ACC_1014700,ACC_1006889,2020-09-26 13:03:50,APPROVED
B_111618,ACC_1014701,ACC_1002958,2020-10-08 02:08:50,PENDING
B_111619,ACC_1014701,ACC_1009074,2020-10-08 02:08:50,APPROVED
B_111620,ACC_1014706,ACC_1003777,2021-10-24 21:29:01,APPROVED
B_111621,ACC_1014706,ACC_1012100,2021-10-30 21:29:01,APPROVED
B_111622,ACC_1014706,ACC_1010560,2021-10-24 21:29:01,APPROVED
B_111623,ACC_1014711,ACC_1006444,2017-11-05 12:05:11,APPROVED
B_111624,ACC_1014712,ACC_1009042,2025-04-15 09:09:50,APPROVED
B_111625,ACC_1014718,ACC_1006818,2018-05-06 07:53:17,APPROVED
B_111626,ACC_1014719,ACC_1000793,2018-05-01 09:42:17,APPROVED
B_111627,ACC_1014720,ACC_1012946,2024-08-07 06:30:47,APPROVED
B_111628,ACC_1014720,ACC_1006545,2024-08-12 06:30:47,APPROVED
B_111629,ACC_1014720,ACC_1011709,2024-08-16 06:30:47,APPROVED
B_111630,ACC_1014723,ACC_1014129,2025-11-19 12:37:29,APPROVED
B_111631,ACC_1014723,ACC_1003781,2025-11-22 12:37:29,APPROVED
B_111632,ACC_1014723,ACC_1010540,2025-11-17 12:37:29,APPROVED
B_111633,ACC_1014724,ACC_1007683,2019-12-05 02:31:37,APPROVED
B_111634,ACC_1014724,ACC_1004650,2019-12-05 02:31:37,APPROVED
B_111635,ACC_1014725,ACC_1012994,2019-11-23 00:41:38,APPROVED
B_111636,ACC_1014727,ACC_1007850,2021-10-19 13:27:44,APPROVED
B_111637,ACC_1014727,ACC_1013094,2021-10-22 13:27:44,APPROVED
B_111638,ACC_1014728,ACC_1007467,2017-05-20 13:37:30,APPROVED
B_111639,ACC_1014732,ACC_1001325,2022-07-13 15:07:30,APPROVED
B_111640,ACC_1014732,ACC_1013621,2022-07-19 15:07:30,APPROVED
B_111641,ACC_1014732,ACC_1009716,2022-07-17 15:07:30,APPROVED
B_111642,ACC_1014744,ACC_1005000,2017-07-08 18:13:39,APPROVED
B_111643,ACC_1014744,ACC_1008984,2017-07-04 18:13:39,APPROVED
B_111644,ACC_1014745,ACC_1000315,2023-08-18 07:19:53,APPROVED
B_111645,ACC_1014745,ACC_1002227,2023-08-14 07:19:53,APPROVED
B_111646,ACC_1014745,ACC_1010209,2023-08-16 07:19:53,APPROVED
B_111647,ACC_1014748,ACC_1008938,2016-02-23 01:31:04,APPROVED
B_111648,ACC_1014748,ACC_1010106,2016-02-23 01:31:04,APPROVED
B_111649,ACC_1014748,ACC_1003093,2016-02-29 01:31:04,APPROVED
B_111650,ACC_1014751,ACC_1014553,2024-11-10 19:13:04,APPROVED
B_111651,ACC_1014755,ACC_1001102,2021-06-19 13:00:00,APPROVED
B_111652,ACC_1014756,ACC_1005062,2020-09-24 08:40:11,APPROVED
B_111653,ACC_1014756,ACC_1008400,2020-09-27 08:40:11,APPROVED
B_111654,ACC_1014756,ACC_1004254,2020-09-26 08:40:11,APPROVED
B_111655,ACC_1014759,ACC_1007125,2017-10-10 20:35:45,APPROVED
B_111656,ACC_1014759,ACC_1011218,2017-10-13 20:35:45,APPROVED
B_111657,ACC_1014761,ACC_1001923,2020-04-14 05:37:18,APPROVED
B_111658,ACC_1014761,ACC_1014042,2020-04-22 05:37:18,APPROVED
B_111659,ACC_1014761,ACC_1013887,2020-04-19 05:37:18,APPROVED
B_111660,ACC_1014764,ACC_1004454,2022-10-07 05:44:20,APPROVED
B_111661,ACC_1014764,ACC_1009664,2022-10-13 05:44:20,APPROVED
B_111662,ACC_1014764,ACC_1005700,2022-10-10 05:44:20,APPROVED
B_111663,ACC_1014766,ACC_1014291,2021-10-30 03:48:04,APPROVED
B_111664,ACC_1014768,ACC_1006205,2017-06-28 07:13:02,APPROVED
B_111665,ACC_1014777,ACC_1014196,2017-10-14 18:22:23,APPROVED
B_111666,ACC_1014777,ACC_1000515,2017-10-11 18:22:23,APPROVED
B_111667,ACC_1014777,ACC_1007741,2017-10-11 18:22:23,APPROVED
B_111668,ACC_1014778,ACC_1005175,2025-10-28 07:02:41,APPROVED
B_111669,ACC_1014778,ACC_1013986,2025-11-03 07:02:41,APPROVED
B_111670,ACC_1014780,ACC_1003170,2018-09-09 23:19:53,APPROVED
B_111671,ACC_1014783,ACC_1014463,2025-10-07 17:09:44,APPROVED
B_111672,ACC_1014783,ACC_1001732,2025-10-13 17:09:44,APPROVED
B_111673,ACC_1014786,ACC_1010839,2023-01-08 18:54:02,APPROVED
B_111674,ACC_1014786,ACC_1013192,2023-01-06 18:54:02,APPROVED
B_111675,ACC_1014787,ACC_1007669,2020-04-21 10:05:29,APPROVED
B_111676,ACC_1014787,ACC_1008786,2020-04-25 10:05:29,PENDING
B_111677,ACC_1014788,ACC_1011678,2020-05-06 18:37:29,APPROVED
B_111678,ACC_1014789,ACC_1010717,2020-04-20 05:40:29,APPROVED
B_111679,ACC_1014791,ACC_1010084,2022-03-22 23:03:01,APPROVED
B_111680,ACC_1014791,ACC_1010825,2022-03-25 23:03:01,APPROVED
B_111681,ACC_1014794,ACC_1005775,2022-02-02 19:59:13,PENDING
B_111682,ACC_1014797,ACC_1005052,2018-02-06 20:15:55,PENDING
B_111683,ACC_1014797,ACC_1009481,2018-02-05 20:15:55,APPROVED
B_111684,ACC_1014798,ACC_1005310,2022-03-22 13:06:47,APPROVED
B_111685,ACC_1014798,ACC_1001885,2022-03-24 13:06:47,APPROVED
B_111686,ACC_1014802,ACC_1001742,2023-03-14 08:07:42,APPROVED
B_111687,ACC_1014802,ACC_1012194,2023-03-06 08:07:42,APPROVED
B_111688,ACC_1014806,ACC_1007756,2018-08-28 05:27:04,APPROVED
B_111689,ACC_1014806,ACC_1000969,2018-09-03 05:27:04,APPROVED
B_111690,ACC_1014807,ACC_1014038,2018-09-06 18:56:04,APPROVED
B_111691,ACC_1014807,ACC_1006061,2018-09-03 18:56:04,APPROVED
B_111692,ACC_1014808,ACC_1002105,2016-10-13 13:12:41,APPROVED
B_111693,ACC_1014808,ACC_1006190,2016-10-15 13:12:41,APPROVED
B_111694,ACC_1014808,ACC_1013349,2016-10-17 13:12:41,APPROVED
B_111695,ACC_1014809,ACC_1012099,2016-10-20 03:59:41,APPROVED
B_111696,ACC_1014810,ACC_1004336,2020-11-14 10:03:01,APPROVED
B_111697,ACC_1014811,ACC_1008853,2020-11-16 17:05:01,APPROVED
B_111698,ACC_1014813,ACC_1014532,2022-08-30 18:36:33,APPROVED
B_111699,ACC_1014813,ACC_1000453,2022-09-01 18:36:33,APPROVED
B_111700,ACC_1014813,ACC_1006736,2022-08-31 18:36:33,APPROVED
B_111701,ACC_1014821,ACC_1014385,2018-11-16 12:48:31,APPROVED
B_111702,ACC_1014821,ACC_1000906,2018-11-17 12:48:31,APPROVED
B_111703,ACC_1014823,ACC_1012284,2023-04-10 21:02:50,APPROVED
B_111704,ACC_1014827,ACC_1011738,2020-02-08 13:07:49,APPROVED
B_111705,ACC_1014836,ACC_1014755,2018-10-14 15:40:05,APPROVED
B_111706,ACC_1014836,ACC_1001724,2018-10-16 15:40:05,APPROVED
B_111707,ACC_1014842,ACC_1009929,2018-08-23 15:39:39,APPROVED
B_111708,ACC_1014842,ACC_1000932,2018-08-23 15:39:39,APPROVED
B_111709,ACC_1014842,ACC_1014237,2018-08-27 15:39:39,APPROVED
B_111710,ACC_1014844,ACC_1001121,2023-10-13 03:44:47,APPROVED
B_111711,ACC_1014844,ACC_1000972,2023-10-10 03:44:47,APPROVED
B_111712,ACC_1014844,ACC_1008919,2023-10-15 03:44:47,APPROVED
B_111713,ACC_1014847,ACC_1005816,2022-09-02 15:41:37,APPROVED
B_111714,ACC_1014848,ACC_1006810,2025-04-22 09:52:41,APPROVED
B_111715,ACC_1014848,ACC_1006653,2025-04-22 09:52:41,APPROVED
B_111716,ACC_1014848,ACC_1010318,2025-04-21 09:52:41,APPROVED
B_111717,ACC_1014850,ACC_1003509,2021-09-28 04:34:17,PENDING
B_111718,ACC_1014850,ACC_1004369,2021-09-23 04:34:17,APPROVED
B_111719,ACC_1014850,ACC_1003527,2021-09-29 04:34:17,APPROVED
B_111720,ACC_1014853,ACC_1011557,2022-06-13 06:10:42,APPROVED
B_111721,ACC_1014853,ACC_1010948,2022-06-12 06:10:42,APPROVED
B_111722,ACC_1014853,ACC_1007634,2022-06-17 06:10:42,APPROVED
B_111723,ACC_1014859,ACC_1003672,2022-06-11 20:01:18,APPROVED
B_111724,ACC_1014859,ACC_1001893,2022-06-17 20:01:18,APPROVED
B_111725,ACC_1014859,ACC_1006204,2022-06-14 20:01:18,APPROVED
B_111726,ACC_1014860,ACC_1006970,2022-09-14 19:15:27,APPROVED
B_111727,ACC_1014860,ACC_1011500,2022-09-10 19:15:27,APPROVED
B_111728,ACC_1014860,ACC_1011639,2022-09-15 19:15:27,APPROVED
B_111729,ACC_1014871,ACC_1012356,2023-05-21 11:39:55,APPROVED
B_111730,ACC_1014871,ACC_1013882,2023-05-28 11:39:55,APPROVED
B_111731,ACC_1014871,ACC_1000058,2023-05-21 11:39:55,APPROVED
B_111732,ACC_1014872,ACC_1012573,2017-04-11 07:43:34,APPROVED
B_111733,ACC_1014872,ACC_1000373,2017-04-13 07:43:34,APPROVED
B_111734,ACC_1014874,ACC_1001125,2017-05-02 18:52:34,APPROVED
B_111735,ACC_1014874,ACC_1000139,2017-04-30 18:52:34,APPROVED
B_111736,ACC_1014876,ACC_1005968,2017-05-11 18:51:05,APPROVED
B_111737,ACC_1014876,ACC_1004810,2017-05-10 18:51:05,APPROVED
B_111738,ACC_1014878,ACC_1007873,2021-10-27 17:09:45,APPROVED
B_111739,ACC_1014878,ACC_1008904,2021-10-28 17:09:45,APPROVED
B_111740,ACC_1014879,ACC_1008945,2022-02-20 16:19:22,PENDING
B_111741,ACC_1014879,ACC_1007273,2022-02-11 16:19:22,APPROVED
B_111742,ACC_1014879,ACC_1004750,2022-02-15 16:19:22,APPROVED
B_111743,ACC_1014882,ACC_1000202,2024-12-03 02:40:42,APPROVED
B_111744,ACC_1014883,ACC_1002510,2021-09-10 09:31:34,APPROVED
B_111745,ACC_1014883,ACC_1001196,2021-09-15 09:31:34,APPROVED
B_111746,ACC_1014885,ACC_1002650,2018-01-18 04:55:35,APPROVED
B_111747,ACC_1014887,ACC_1005363,2019-01-16 08:43:27,APPROVED
B_111748,ACC_1014887,ACC_1002189,2019-01-16 08:43:27,APPROVED
B_111749,ACC_1014887,ACC_1011122,2019-01-18 08:43:27,APPROVED
B_111750,ACC_1014890,ACC_1000654,2024-01-24 15:34:48,APPROVED
B_111751,ACC_1014893,ACC_1006565,2020-03-06 12:09:38,APPROVED
B_111752,ACC_1014893,ACC_1002447,2020-03-06 12:09:38,APPROVED
B_111753,ACC_1014894,ACC_1011872,2023-01-28 18:06:09,APPROVED
B_111754,ACC_1014894,ACC_1006135,2023-01-25 18:06:09,PENDING
B_111755,ACC_1014896,ACC_1008015,2019-07-04 20:57:26,APPROVED
B_111756,ACC_1014896,ACC_1007439,2019-07-05 20:57:26,APPROVED
B_111757,ACC_1014896,ACC_1013486,2019-07-12 20:57:26,APPROVED
B_111758,ACC_1014898,ACC_1014912,2018-08-07 19:40:59,APPROVED
B_111759,ACC_1014899,ACC_1005752,2016-10-13 21:39:33,APPROVED
B_111760,ACC_1014899,ACC_1012130,2016-10-12 21:39:33,APPROVED
B_111761,ACC_1014899,ACC_1006502,2016-10-09 21:39:33,APPROVED
B_111762,ACC_1014903,ACC_1014435,2019-08-19 01:57:41,APPROVED
B_111763,ACC_1014904,ACC_1002604,2021-05-02 01:11:41,APPROVED
B_111764,ACC_1014904,ACC_1006246,2021-05-03 01:11:41,APPROVED
B_111765,ACC_1014904,ACC_1010772,2021-04-27 01:11:41,APPROVED
B_111766,ACC_1014906,ACC_1012434,2020-09-14 08:12:38,APPROVED
B_111767,ACC_1014906,ACC_1007838,2020-09-12 08:12:38,APPROVED
B_111768,ACC_1014906,ACC_1010976,2020-09-09 08:12:38,APPROVED
B_111769,ACC_1014908,ACC_1007874,2016-02-08 15:13:17,APPROVED
B_111770,ACC_1014910,ACC_1005359,2016-09-05 14:46:29,APPROVED
B_111771,ACC_1014910,ACC_1014074,2016-09-09 14:46:29,APPROVED
B_111772,ACC_1014913,ACC_1009513,2023-06-07 22:17:30,PENDING
B_111773,ACC_1014913,ACC_1009849,2023-06-13 22:17:30,APPROVED
B_111774,ACC_1014913,ACC_1013902,2023-06-05 22:17:30,APPROVED
B_111775,ACC_1014915,ACC_1002180,2020-01-07 10:04:38,APPROVED
B_111776,ACC_1014917,ACC_1002478,2018-10-02 18:58:29,APPROVED
B_111777,ACC_1014921,ACC_1007851,2024-05-12 02:35:49,APPROVED
B_111778,ACC_1014921,ACC_1010511,2024-05-11 02:35:49,APPROVED
B_111779,ACC_1014923,ACC_1014347,2018-01-02 13:07:08,APPROVED
B_111780,ACC_1014923,ACC_1011724,2018-01-01 13:07:08,APPROVED
B_111781,ACC_1014924,ACC_1006159,2026-01-12 07:20:12,APPROVED
B_111782,ACC_1014924,ACC_1011427,2026-01-14 07:20:12,APPROVED
B_111783,ACC_1014925,ACC_1005476,2025-12-28 03:44:12,APPROVED
B_111784,ACC_1014925,ACC_1002588,2025-12-26 03:44:12,APPROVED
B_111785,ACC_1014927,ACC_1012430,2024-11-05 13:22:05,APPROVED
B_111786,ACC_1014927,ACC_1013076,2024-11-03 13:22:05,APPROVED
B_111787,ACC_1014928,ACC_1007068,2020-01-10 04:37:36,APPROVED
B_111788,ACC_1014928,ACC_1007217,2020-01-09 04:37:36,APPROVED
B_111789,ACC_1014928,ACC_1009777,2020-01-08 04:37:36,APPROVED
B_111790,ACC_1014934,ACC_1000273,2025-12-26 04:55:24,APPROVED
B_111791,ACC_1014934,ACC_1009140,2026-01-02 04:55:24,APPROVED
B_111792,ACC_1014936,ACC_1008325,2018-03-31 11:26:55,APPROVED
B_111793,ACC_1014937,ACC_1005367,2018-03-27 01:58:55,APPROVED
B_111794,ACC_1014937,ACC_1000844,2018-03-27 01:58:55,APPROVED
B_111795,ACC_1014937,ACC_1014894,2018-03-25 01:58:55,APPROVED
B_111796,ACC_1014948,ACC_1013754,2025-06-11 19:08:30,APPROVED
B_111797,ACC_1014948,ACC_1000076,2025-06-02 19:08:30,APPROVED
B_111798,ACC_1014948,ACC_1001345,2025-06-06 19:08:30,APPROVED
B_111799,ACC_1014949,ACC_1005826,2025-06-17 20:12:30,APPROVED
B_111800,ACC_1014949,ACC_1010403,2025-06-14 20:12:30,APPROVED
B_111801,ACC_1014949,ACC_1012172,2025-06-12 20:12:30,APPROVED
B_111802,ACC_1014953,ACC_1003496,2024-03-19 17:31:55,APPROVED
B_111803,ACC_1014954,ACC_1004906,2016-05-10 18:51:44,APPROVED
B_111804,ACC_1014954,ACC_1012051,2016-05-13 18:51:44,APPROVED
B_111805,ACC_1014954,ACC_1002706,2016-05-07 18:51:44,APPROVED
B_111806,ACC_1014955,ACC_1009371,2019-05-18 01:36:13,APPROVED
B_111807,ACC_1014955,ACC_1013579,2019-05-17 01:36:13,APPROVED
B_111808,ACC_1014956,ACC_1002747,2019-05-23 14:20:13,APPROVED
B_111809,ACC_1014956,ACC_1006374,2019-05-19 14:20:13,APPROVED
B_111810,ACC_1014958,ACC_1008483,2019-03-07 03:23:18,APPROVED
B_111811,ACC_1014958,ACC_1006927,2019-03-04 03:23:18,APPROVED
B_111812,ACC_1014958,ACC_1009287,2019-03-07 03:23:18,APPROVED
B_111813,ACC_1014959,ACC_1011973,2019-07-21 14:42:52,APPROVED
B_111814,ACC_1014960,ACC_1010419,2016-04-24 05:29:24,APPROVED
B_111815,ACC_1014960,ACC_1003859,2016-04-27 05:29:24,APPROVED
B_111816,ACC_1014960,ACC_1001822,2016-04-19 05:29:24,APPROVED
B_111817,ACC_1014961,ACC_1004062,2021-09-09 17:27:10,APPROVED
B_111818,ACC_1014963,ACC_1000601,2016-12-23 05:51:03,APPROVED
B_111819,ACC_1014963,ACC_1013384,2016-12-23 05:51:03,APPROVED
B_111820,ACC_1014963,ACC_1012100,2016-12-14 05:51:03,APPROVED
B_111821,ACC_1014964,ACC_1009158,2019-06-26 10:58:45,APPROVED
B_111822,ACC_1014964,ACC_1008760,2019-06-28 10:58:45,APPROVED
B_111823,ACC_1014966,ACC_1000138,2024-03-13 10:37:02,APPROVED
B_111824,ACC_1014966,ACC_1009906,2024-03-14 10:37:02,APPROVED
B_111825,ACC_1014966,ACC_1006465,2024-03-14 10:37:02,APPROVED
B_111826,ACC_1014969,ACC_1007672,2024-12-08 14:38:18,APPROVED
B_111827,ACC_1014969,ACC_1009909,2024-12-03 14:38:18,APPROVED
B_111828,ACC_1014970,ACC_1012026,2018-10-20 03:19:12,APPROVED
B_111829,ACC_1014970,ACC_1014917,2018-10-18 03:19:12,PENDING
B_111830,ACC_1014971,ACC_1012472,2018-10-20 19:02:12,APPROVED
B_111831,ACC_1014971,ACC_1011399,2018-10-18 19:02:12,APPROVED
B_111832,ACC_1014971,ACC_1003845,2018-10-16 19:02:12,APPROVED
B_111833,ACC_1014975,ACC_1005772,2017-01-28 02:56:33,APPROVED
B_111834,ACC_1014975,ACC_1006740,2017-02-04 02:56:33,APPROVED
B_111835,ACC_1014975,ACC_1014825,2017-01-31 02:56:33,APPROVED
B_111836,ACC_1014976,ACC_1013251,2022-06-17 15:02:07,APPROVED
B_111837,ACC_1014978,ACC_1012116,2022-11-01 01:21:26,APPROVED
B_111838,ACC_1014979,ACC_1004198,2020-01-20 01:12:10,APPROVED
B_111839,ACC_1014981,ACC_1013695,2022-07-08 06:41:13,APPROVED
B_111840,ACC_1014982,ACC_1004838,2018-07-20 11:34:20,APPROVED
B_111841,ACC_1014987,ACC_1001252,2016-03-02 06:08:21,PENDING
B_111842,ACC_1014987,ACC_1001425,2016-03-04 06:08:21,APPROVED
B_111843,ACC_1014987,ACC_1000671,2016-02-29 06:08:21,APPROVED
B_111844,ACC_1014989,ACC_1007935,2025-09-06 23:21:22,APPROVED
B_111845,ACC_1014989,ACC_1011602,2025-09-07 23:21:22,APPROVED
B_111846,ACC_1014992,ACC_1014351,2017-11-30 01:07:53,APPROVED
B_111847,ACC_1014992,ACC_1001663,2017-12-01 01:07:53,APPROVED
B_111848,ACC_1014994,ACC_1008546,2016-10-31 21:33:41,APPROVED
B_111849,ACC_1014995,ACC_1006230,2016-10-15 11:43:41,PENDING
B_111850,ACC_1014995,ACC_1001053,2016-10-13 11:43:41,APPROVED
B_111851,ACC_1014997,ACC_1001826,2020-09-15 19:38:13,APPROVED
B_111852,ACC_1014997,ACC_1006959,2020-09-13 19:38:13,APPROVED
B_111853,ACC_1015000,ACC_1003678,2022-11-01 20:13:20,APPROVED
B_111854,ACC_1015000,ACC_1013681,2022-11-01 20:13:20,APPROVED
B_111855,ACC_1015000,ACC_1001480,2022-10-30 20:13:20,APPROVED
B_111856,ACC_1015003,ACC_1004598,2019-07-15 01:56:18,APPROVED
B_111857,ACC_1015004,ACC_1010217,2019-07-08 23:10:18,APPROVED
B_111858,ACC_1015004,ACC_1010421,2019-07-09 23:10:18,APPROVED
B_111859,ACC_1015004,ACC_1010680,2019-07-13 23:10:18,APPROVED
B_111860,ACC_1015005,ACC_1013192,2021-08-09 18:32:44,APPROVED
B_111861,ACC_1015006,ACC_1011852,2025-08-23 23:44:33,APPROVED
B_111862,ACC_1015012,ACC_1007432,2019-03-18 05:29:26,APPROVED
B_111863,ACC_1015012,ACC_1014711,2019-03-14 05:29:26,APPROVED
B_111864,ACC_1015016,ACC_1000764,2022-06-03 09:13:55,APPROVED
B_111865,ACC_1015018,ACC_1008092,2024-11-02 17:07:44,APPROVED
B_111866,ACC_1015018,ACC_1002786,2024-10-31 17:07:44,APPROVED
B_111867,ACC_1015024,ACC_1006904,2025-08-28 10:44:55,APPROVED
B_111868,ACC_1015024,ACC_1001921,2025-08-28 10:44:55,APPROVED
B_111869,ACC_1015026,ACC_1007269,2020-07-18 23:36:15,APPROVED
B_111870,ACC_1015027,ACC_1012738,2021-10-30 23:36:28,APPROVED
B_111871,ACC_1015027,ACC_1000075,2021-10-30 23:36:28,APPROVED
B_111872,ACC_1015037,ACC_1006980,2016-11-10 17:08:22,APPROVED
B_111873,ACC_1015037,ACC_1011007,2016-11-06 17:08:22,APPROVED
B_111874,ACC_1015043,ACC_1001777,2018-01-22 21:14:21,APPROVED
B_111875,ACC_1015043,ACC_1008906,2018-01-23 21:14:21,APPROVED
B_111876,ACC_1015043,ACC_1001694,2018-01-27 21:14:21,APPROVED
B_111877,ACC_1015044,ACC_1009416,2018-02-08 06:05:21,APPROVED
B_111878,ACC_1015044,ACC_1012122,2018-02-08 06:05:21,APPROVED
B_111879,ACC_1015044,ACC_1002894,2018-02-08 06:05:21,APPROVED
B_111880,ACC_1015045,ACC_1005531,2024-01-11 11:24:06,APPROVED
B_111881,ACC_1015045,ACC_1002271,2024-01-16 11:24:06,APPROVED
B_111882,ACC_1015051,ACC_1014135,2024-08-24 12:25:39,APPROVED
B_111883,ACC_1015051,ACC_1009523,2024-08-24 12:25:39,APPROVED
B_111884,ACC_1015051,ACC_1006384,2024-08-19 12:25:39,APPROVED
B_111885,ACC_1015052,ACC_1010274,2019-08-28 19:47:53,PENDING
B_111886,ACC_1015052,ACC_1004453,2019-09-01 19:47:53,APPROVED
B_111887,ACC_1015052,ACC_1000271,2019-08-27 19:47:53,APPROVED
