customer_id,first_name,last_name,age,occupation,city,risk_category,created_at
C_100000,Lisa,Thomas,26,Sales Associate,Manchester,LOW,2023-08-03 19:51:22
C_100001,Leo,Baker,40,Administrative Assistant,Leeds,LOW,2016-04-18 20:26:03
C_100002,Mia,Watson,38,Accountant,Leicester,MEDIUM,2024-07-05 05:48:46
C_100003,Sandra,Hughes,37,Electrician,Birmingham,LOW,2017-01-31 13:04:12
C_100004,William,Carter,40,Driver,Birmingham,LOW,2025-04-20 22:53:17
C_100005,Karen,Clarke,48,Teacher,Belfast,LOW,2019-03-31 02:54:18
C_100006,Lily,Evans,36,Plumber,Manchester,LOW,2018-05-08 09:43:13
C_100007,Sandra,Brown,45,Sales Associate,Manchester,LOW,2019-01-10 23:18:06
C_100008,Sandra,Cooper,32,Teacher,Leeds,LOW,2025-01-10 11:29:07
C_100009,Joseph,Green,47,Administrative Assistant,Belfast,LOW,2025-12-02 23:24:19
C_100010,Daniel,Johnson,34,Chef,Edinburgh,LOW,2022-07-22 15:35:55
C_100011,Jessica,Lewis,24,Teacher,Coventry,LOW,2023-01-14 05:49:29
C_100012,Margaret,Hughes,45,Unemployed,Edinburgh,LOW,2022-03-16 00:25:04
C_100013,Margaret,Thomas,51,Accountant,Leicester,LOW,2017-04-01 10:41:09
C_100014,Charles,Roberts,18,Accountant,Leicester,LOW,2017-03-11 22:45:59
C_100015,John,King,45,Retired,Edinburgh,MEDIUM,2021-12-12 00:01:14
C_100016,Sarah,Harris,41,Plumber,Nottingham,HIGH,2025-01-17 11:11:46
C_100017,Isabella,Williams,27,Registered Nurse,Birmingham,LOW,2025-02-24 02:31:11
C_100018,Michelle,Watson,49,Doctor,Edinburgh,LOW,2021-12-01 22:05:07
C_100019,Charles,Wright,57,Driver,Belfast,LOW,2020-11-29 18:50:39
C_100020,Christopher,Thomas,35,Software Engineer,Cardiff,LOW,2022-08-07 08:01:04
C_100021,Oliver,Brown,47,Registered Nurse,Nottingham,LOW,2019-09-15 02:34:47
C_100022,Jennifer,White,31,Chef,Manchester,LOW,2025-11-23 20:47:27
C_100023,Susan,Patterson,30,Construction Worker,Leeds,LOW,2023-05-23 15:41:38
C_100024,William,Hughes,26,Teacher,Belfast,LOW,2023-03-31 03:34:59
C_100025,Arthur,Lewis,69,Retired,Leeds,LOW,2017-07-28 15:21:36
C_100026,Ava,Green,34,Registered Nurse,Bristol,LOW,2025-08-07 20:02:12
C_100027,Muhammad,Williams,49,Software Engineer,Birmingham,MEDIUM,2025-07-08 08:36:22
C_100028,Isla,Hill,41,Driver,Nottingham,LOW,2020-04-01 00:04:42
C_100029,Richard,Edwards,25,Chef,Belfast,LOW,2017-09-26 06:54:50
C_100030,James,Wright,46,Teacher,London,LOW,2021-08-21 19:20:15
C_100031,Isla,Williams,23,Sales Associate,Newcastle,LOW,2025-12-25 20:44:28
C_100032,Isabella,Baker,47,Construction Worker,Belfast,LOW,2021-11-11 11:31:07
C_100033,Sophia,Wright,47,Accountant,Newcastle,LOW,2023-03-28 10:55:21
C_100034,Daniel,Harris,43,Chef,Leeds,LOW,2017-06-26 12:42:25
C_100035,Harry,White,38,Chef,Sheffield,LOW,2025-01-18 23:48:37
C_100036,Linda,Smith,51,Business Owner,Nottingham,LOW,2017-04-17 03:53:49
C_100037,Donna,Cooper,30,Administrative Assistant,Sheffield,LOW,2023-09-16 23:05:30
C_100038,Sophia,King,39,Teacher,Birmingham,LOW,2025-04-20 10:04:25
C_100039,Noah,Smith,37,Accountant,Manchester,LOW,2022-03-09 15:34:17
C_100040,Barbara,Smith,47,Teacher,Coventry,LOW,2022-03-13 05:23:30
C_100041,Charles,Wilson,24,Teacher,Nottingham,LOW,2023-08-25 09:05:06
C_100042,Betty,Evans,34,Construction Worker,Cardiff,LOW,2018-08-27 05:54:59
C_100043,Ava,Hill,52,Business Owner,Newcastle,MEDIUM,2025-08-17 17:08:14
C_100044,Lily,Thompson,56,Project Manager,Coventry,LOW,2018-07-21 08:06:59
C_100045,George,Thompson,38,Registered Nurse,Leicester,LOW,2023-03-12 18:32:48
C_100046,Joseph,Watson,37,Accountant,Manchester,LOW,2018-12-23 01:23:34
C_100047,Muhammad,Carter,36,Electrician,Newcastle,LOW,2021-09-25 04:12:37
C_100048,Richard,Ward,38,Chef,Belfast,LOW,2024-04-27 07:10:25
C_100049,David,Hughes,36,Business Owner,Sheffield,MEDIUM,2021-09-08 11:15:38
C_100050,Betty,Hill,28,Chef,Manchester,LOW,2023-06-16 13:48:15
C_100051,Margaret,Robinson,45,Chef,Coventry,LOW,2019-03-21 07:39:09
C_100052,Charles,Baker,45,Unemployed,Bristol,LOW,2021-09-24 17:13:41
C_100053,Donna,Roberts,47,Electrician,Birmingham,LOW,2024-06-03 08:33:04
C_100054,Margaret,Wood,33,Software Engineer,London,LOW,2021-04-30 22:15:20
C_100055,Harry,Mason,36,Administrative Assistant,Sheffield,LOW,2021-07-17 14:33:03
C_100056,Isabella,Johnson,68,Retired,Leeds,LOW,2023-10-21 18:51:29
C_100057,Daniel,Williams,58,Business Owner,Bristol,LOW,2021-03-18 19:20:16
C_100058,Barbara,Carter,24,Unemployed,Cardiff,LOW,2026-01-01 18:22:42
C_100059,Charles,Cooper,40,Doctor,Bristol,LOW,2018-10-09 23:12:59
C_100060,Emily,Scott,41,Unemployed,Birmingham,LOW,2018-08-18 09:53:34
C_100061,Michael,Harris,28,Student,Sheffield,LOW,2020-08-26 14:50:24
C_100062,Michael,Watson,41,Construction Worker,Newcastle,MEDIUM,2022-07-20 00:42:40
C_100063,Michelle,Ward,27,Construction Worker,Edinburgh,LOW,2022-02-14 21:57:49
C_100064,Lily,Young,30,Software Engineer,Newcastle,LOW,2023-08-13 14:43:14
C_100065,Kimberly,Roberts,65,Software Engineer,Birmingham,LOW,2017-07-09 16:48:35
C_100066,Ava,Williams,33,Unemployed,Liverpool,LOW,2025-11-12 13:48:12
C_100067,Emily,Hill,35,Software Engineer,Sheffield,LOW,2019-12-04 08:09:49
C_100068,Nancy,Brown,61,Software Engineer,Leeds,LOW,2016-03-24 22:37:19
C_100069,Amelia,White,18,Consultant,Bristol,LOW,2024-08-07 13:25:51
C_100070,Isla,Carter,52,Business Owner,Leicester,LOW,2019-06-28 03:56:08
C_100071,Jessica,Jones,66,Retired,Sheffield,LOW,2022-08-22 22:50:13
C_100072,Isabella,Evans,48,Business Owner,Leicester,HIGH,2024-10-10 01:29:43
C_100073,William,Watson,39,Lawyer,Belfast,LOW,2025-07-11 15:17:37
C_100074,Patricia,Evans,39,Unemployed,Sheffield,LOW,2017-12-22 18:59:46
C_100075,Nancy,Green,76,Retired,Coventry,LOW,2019-01-04 11:44:05
C_100076,Isabella,Davies,32,Unemployed,Cardiff,LOW,2020-04-01 12:14:52
C_100077,George,Young,52,Administrative Assistant,Liverpool,LOW,2019-10-26 10:10:55
C_100078,Sarah,Green,44,Administrative Assistant,Birmingham,LOW,2020-07-22 17:47:18
C_100079,Barbara,White,54,Doctor,Bristol,LOW,2017-01-16 10:42:46
C_100080,Lily,Lewis,48,Consultant,Liverpool,LOW,2021-12-14 12:30:56
C_100081,Charles,Cooper,28,Accountant,Glasgow,LOW,2017-05-09 07:00:42
C_100082,Robert,Thomas,47,Doctor,Glasgow,LOW,2024-07-10 19:06:05
C_100083,Sarah,Hall,34,Project Manager,London,LOW,2017-06-02 09:59:14
C_100084,Noah,Williams,46,Student,Belfast,MEDIUM,2021-07-03 03:44:06
C_100085,Oliver,Ward,32,Electrician,Manchester,MEDIUM,2018-10-31 17:23:36
C_100086,Oscar,Brown,39,Teacher,Manchester,LOW,2022-04-24 11:03:44
C_100087,Leo,White,54,Sales Associate,Leicester,LOW,2021-01-19 16:07:08
C_100088,John,Baker,49,Business Owner,Leicester,LOW,2018-05-14 09:38:07
C_100089,Betty,Davies,32,Registered Nurse,Manchester,LOW,2021-01-19 21:37:12
C_100090,Matthew,Hall,26,Project Manager,Sheffield,MEDIUM,2016-10-18 08:29:55
C_100091,Sophia,Baker,38,Student,Nottingham,LOW,2017-08-05 02:35:59
C_100092,Arthur,Roberts,59,Consultant,Nottingham,LOW,2017-05-24 17:03:53
C_100093,Sandra,Wood,42,Registered Nurse,Cardiff,LOW,2020-11-04 11:44:07
C_100094,Sarah,Edwards,72,Consultant,Leicester,LOW,2019-01-08 20:58:49
C_100095,Noah,Robinson,39,Accountant,Manchester,HIGH,2020-11-20 23:06:42
C_100096,Patricia,Davies,40,Electrician,Belfast,LOW,2017-10-20 12:00:28
C_100097,Thomas,Young,58,Unemployed,Birmingham,LOW,2019-08-17 04:13:14
C_100098,Joseph,King,58,Teacher,Leeds,LOW,2022-12-25 18:08:58
C_100099,Lisa,Harrison,49,Chef,Manchester,MEDIUM,2020-11-29 17:38:52
C_100100,Oscar,Jones,34,Chef,London,LOW,2017-01-16 08:10:51
C_100101,Oscar,Mason,25,Construction Worker,Coventry,LOW,2021-04-18 08:52:26
C_100102,Daniel,Cooper,31,Lawyer,Sheffield,MEDIUM,2025-09-09 02:32:30
C_100103,Emily,Hill,23,Accountant,Coventry,LOW,2024-02-21 10:52:12
C_100104,Jessica,Baker,23,Plumber,Liverpool,LOW,2022-02-03 13:44:01
C_100105,Daniel,Harris,31,Construction Worker,London,LOW,2021-04-21 13:52:48
C_100106,Richard,Johnson,41,Lawyer,Cardiff,LOW,2017-02-15 16:01:51
C_100107,Muhammad,Scott,51,Driver,Belfast,LOW,2019-09-07 19:25:42
C_100108,Richard,Harris,69,Retired,London,LOW,2018-08-19 22:58:47
C_100109,Margaret,Hall,40,Business Owner,Bristol,LOW,2019-05-11 01:03:14
C_100110,Noah,Harris,52,Plumber,Newcastle,LOW,2021-12-15 15:00:08
C_100111,Susan,Robinson,65,Sales Associate,Bristol,MEDIUM,2017-08-09 08:27:13
C_100112,Daniel,Edwards,39,Unemployed,Nottingham,LOW,2022-02-16 05:45:06
C_100113,Harry,Harrison,50,Project Manager,Leeds,HIGH,2025-07-27 17:35:35
C_100114,Muhammad,White,37,Project Manager,Sheffield,LOW,2025-04-22 23:57:55
C_100115,Joseph,Green,50,Plumber,Leeds,LOW,2022-12-18 09:07:30
C_100116,Margaret,Wilson,73,Retired,Bristol,LOW,2020-02-03 04:47:04
C_100117,Leo,Hall,34,Administrative Assistant,Manchester,LOW,2025-10-29 13:19:13
C_100118,Linda,King,18,Doctor,Glasgow,LOW,2019-10-19 04:11:35
C_100119,Daniel,Brown,73,Driver,Leicester,LOW,2017-01-04 14:21:57
C_100120,Oliver,Edwards,43,Accountant,Cardiff,LOW,2023-02-28 13:31:29
C_100121,Muhammad,Walker,40,Chef,Liverpool,MEDIUM,2018-06-25 23:34:49
C_100122,Harry,Mason,56,Construction Worker,Birmingham,LOW,2016-06-01 11:04:53
C_100123,Patricia,Thomas,25,Chef,Newcastle,LOW,2024-02-24 05:37:33
C_100124,Thomas,Evans,62,Accountant,London,LOW,2018-06-08 16:08:35
C_100125,Christopher,White,51,Plumber,London,LOW,2018-02-16 04:26:51
C_100126,Daniel,Davies,52,Software Engineer,London,LOW,2018-09-24 04:35:05
C_100127,Susan,Wright,33,Sales Associate,Liverpool,LOW,2024-11-04 21:41:56
C_100128,Oliver,Green,52,Student,Edinburgh,LOW,2017-12-15 04:00:08
C_100129,Betty,Jones,28,Sales Associate,Cardiff,LOW,2017-12-14 09:39:42
C_100130,Arthur,Wilson,54,Registered Nurse,Bristol,LOW,2020-01-22 18:41:11
C_100131,Jessica,Evans,40,Teacher,Sheffield,LOW,2025-09-21 23:59:23
C_100132,Linda,Wood,18,Teacher,Coventry,LOW,2023-09-11 03:55:50
C_100133,Patricia,Harrison,44,Accountant,Cardiff,LOW,2022-02-24 11:50:22
C_100134,Richard,Carter,43,Construction Worker,Birmingham,LOW,2017-04-13 23:50:14
C_100135,Nancy,Cooper,48,Unemployed,Nottingham,LOW,2019-10-20 16:30:41
C_100136,Joseph,Hill,50,Electrician,Belfast,LOW,2017-09-17 17:16:03
C_100137,Harry,Davies,58,Consultant,Edinburgh,LOW,2023-07-07 04:27:01
C_100138,Thomas,Jackson,20,Teacher,Cardiff,LOW,2017-02-28 21:02:28
C_100139,Jennifer,Wright,25,Business Owner,Liverpool,LOW,2020-02-14 04:10:58
C_100140,Michelle,Green,51,Chef,Leicester,LOW,2022-11-18 23:23:59
C_100141,Barbara,Jones,49,Accountant,London,LOW,2023-11-18 11:14:59
C_100142,Michael,Jackson,44,Student,Sheffield,LOW,2016-05-05 03:20:26
C_100143,Donna,Scott,30,Electrician,Manchester,LOW,2024-02-03 11:48:37
C_100144,Susan,Carter,20,Student,Belfast,LOW,2022-10-22 16:05:39
C_100145,Thomas,Green,27,Plumber,Newcastle,LOW,2023-08-09 21:35:43
C_100146,Patricia,Scott,46,Driver,Cardiff,LOW,2018-04-17 10:58:27
C_100147,Ivy,Wilson,50,Business Owner,London,LOW,2020-10-29 06:23:48
C_100148,Olivia,Clark,43,Chef,Coventry,LOW,2019-12-21 02:37:27
C_100149,Joseph,Taylor,39,Registered Nurse,Coventry,LOW,2020-10-24 20:52:36
C_100150,Joseph,Hill,33,Electrician,Manchester,LOW,2022-12-06 16:45:05
C_100151,Sandra,Clarke,27,Lawyer,Birmingham,LOW,2019-06-24 12:21:40
C_100152,Lily,Martin,49,Business Owner,Edinburgh,LOW,2024-09-14 12:43:13
C_100153,William,Johnson,34,Administrative Assistant,Manchester,LOW,2024-07-10 23:51:58
C_100154,Harry,Robinson,40,Consultant,Bristol,LOW,2025-11-21 20:33:09
C_100155,Nancy,Mitchell,34,Doctor,Bristol,LOW,2024-12-05 10:00:02
C_100156,Jessica,Williams,38,Unemployed,Bristol,LOW,2020-02-19 10:27:07
C_100157,Harry,Davies,47,Unemployed,Cardiff,LOW,2024-11-17 01:29:36
C_100158,Christopher,Ward,47,Doctor,Edinburgh,LOW,2016-09-10 16:24:10
C_100159,Muhammad,Martin,45,Unemployed,Bristol,LOW,2022-11-02 05:46:47
C_100160,David,Clarke,58,Electrician,Belfast,LOW,2024-11-06 22:58:11
C_100161,Nancy,Martin,47,Student,Liverpool,LOW,2023-06-11 05:08:57
C_100162,William,Wood,35,Registered Nurse,Glasgow,LOW,2023-03-20 11:57:34
C_100163,Olivia,Scott,42,Project Manager,Manchester,MEDIUM,2019-10-31 17:42:16
C_100164,Mia,Walker,18,Lawyer,Coventry,LOW,2021-11-26 01:22:27
C_100165,Betty,Martin,65,Driver,Manchester,LOW,2025-04-28 22:44:45
C_100166,Isla,Harrison,24,Sales Associate,Bristol,LOW,2024-06-08 16:20:41
C_100167,Lily,Watson,19,Consultant,Bristol,LOW,2024-09-22 13:54:12
C_100168,Jennifer,Scott,39,Administrative Assistant,Leicester,LOW,2025-10-15 09:06:08
C_100169,Arthur,Patterson,62,Business Owner,Sheffield,LOW,2025-07-18 04:32:21
C_100170,James,Davies,50,Lawyer,Manchester,LOW,2017-01-10 08:05:02
C_100171,Christopher,Jackson,59,Driver,Edinburgh,LOW,2020-04-30 02:58:16
C_100172,David,Walker,65,Student,Manchester,LOW,2025-04-21 17:12:05
C_100173,Sandra,Wilson,53,Software Engineer,Nottingham,LOW,2018-11-14 07:51:06
C_100174,Amelia,Cooper,69,Retired,Glasgow,LOW,2017-05-14 01:44:18
C_100175,Isabella,Hill,50,Registered Nurse,Birmingham,LOW,2021-08-09 21:43:35
C_100176,Elizabeth,Jones,49,Student,Glasgow,LOW,2022-11-23 12:50:44
C_100177,Isabella,Ward,36,Registered Nurse,Edinburgh,HIGH,2016-10-04 19:09:11
C_100178,Elizabeth,King,55,Software Engineer,Newcastle,MEDIUM,2016-06-27 23:08:38
C_100179,Richard,Clarke,52,Business Owner,Leicester,LOW,2024-06-26 12:06:23
C_100180,Olivia,Taylor,36,Retired,Coventry,LOW,2021-03-18 17:25:22
C_100181,Lisa,Robinson,54,Project Manager,Leeds,LOW,2018-03-28 01:31:32
C_100182,Robert,Wood,75,Retired,London,LOW,2018-02-21 10:25:01
C_100183,William,Williams,55,Business Owner,Leicester,LOW,2025-12-22 14:33:51
C_100184,Donna,Harrison,57,Retired,Bristol,LOW,2020-02-13 18:54:22
C_100185,Emily,Davies,47,Retired,Edinburgh,LOW,2017-02-24 02:54:54
C_100186,Robert,Hall,30,Construction Worker,Manchester,LOW,2019-12-10 16:16:46
C_100187,Noah,Jackson,46,Teacher,Birmingham,LOW,2020-07-21 13:13:39
C_100188,Jennifer,Roberts,53,Teacher,Manchester,LOW,2024-09-23 23:29:22
C_100189,David,Clarke,35,Student,Belfast,LOW,2020-02-28 13:32:40
C_100190,Christopher,Brown,45,Driver,Liverpool,LOW,2018-10-19 04:07:49
C_100191,George,Robinson,41,Chef,Birmingham,LOW,2018-12-02 16:14:53
C_100192,Ivy,Mitchell,41,Registered Nurse,Bristol,LOW,2023-12-31 16:12:21
C_100193,Leo,Harris,55,Chef,Edinburgh,LOW,2019-05-13 05:44:04
C_100194,Ashley,Robinson,56,Business Owner,Leeds,LOW,2018-08-27 17:59:12
C_100195,George,Clarke,44,Chef,Manchester,LOW,2016-12-19 02:23:37
C_100196,John,Lewis,44,Consultant,Birmingham,LOW,2019-07-22 23:23:12
C_100197,Harry,Harrison,40,Student,Nottingham,LOW,2022-03-08 23:17:39
C_100198,Jessica,Robinson,49,Lawyer,Nottingham,MEDIUM,2025-04-28 04:31:14
C_100199,Linda,Johnson,36,Sales Associate,Liverpool,MEDIUM,2021-10-26 10:20:30
C_100200,Leo,Edwards,27,Chef,Birmingham,LOW,2017-11-21 21:32:49
C_100201,Jessica,Johnson,20,Electrician,Cardiff,LOW,2025-09-08 01:01:58
C_100202,Leo,Taylor,34,Consultant,Newcastle,LOW,2016-05-04 18:07:58
C_100203,Lisa,Watson,39,Driver,Glasgow,LOW,2023-09-21 02:10:52
C_100204,Isla,Harrison,38,Electrician,Cardiff,LOW,2025-08-29 11:37:33
C_100205,Kimberly,Jackson,34,Electrician,Leeds,LOW,2018-12-31 16:22:09
C_100206,Isabella,Johnson,28,Driver,Coventry,LOW,2018-10-13 05:48:52
C_100207,Robert,Ward,48,Retired,Bristol,HIGH,2021-03-27 18:09:33
C_100208,John,Young,45,Administrative Assistant,Cardiff,LOW,2016-07-26 10:14:37
C_100209,Patricia,Carter,68,Retired,London,LOW,2020-10-31 04:52:35
C_100210,Sophia,Clarke,51,Driver,London,LOW,2018-03-08 13:11:56
C_100211,Barbara,Hall,21,Student,Cardiff,LOW,2017-05-01 04:41:04
C_100212,Muhammad,Lewis,44,Student,Leeds,LOW,2020-07-02 18:12:26
C_100213,Noah,Taylor,57,Student,Cardiff,MEDIUM,2017-07-26 11:56:27
C_100214,Karen,Harris,50,Electrician,Edinburgh,LOW,2021-12-20 17:50:05
C_100215,Ashley,Ward,18,Student,Birmingham,HIGH,2022-07-18 11:12:07
C_100216,Kimberly,Jones,45,Consultant,Cardiff,LOW,2016-07-29 21:14:43
C_100217,Matthew,Roberts,44,Driver,Manchester,LOW,2018-09-19 01:08:58
C_100218,Susan,Thomas,28,Construction Worker,Manchester,LOW,2018-04-15 14:56:28
C_100219,Jennifer,Mitchell,48,Student,Edinburgh,LOW,2019-08-24 17:25:01
C_100220,Linda,Clark,36,Chef,Liverpool,LOW,2023-07-31 23:25:19
C_100221,Sandra,Edwards,45,Sales Associate,Glasgow,LOW,2018-07-10 10:50:08
C_100222,James,Wright,50,Doctor,Liverpool,LOW,2024-12-01 09:57:22
C_100223,James,Thomas,45,Driver,Coventry,LOW,2024-09-01 05:19:58
C_100224,James,Taylor,24,Plumber,Nottingham,LOW,2018-11-16 17:26:33
C_100225,Ivy,Thompson,52,Chef,Sheffield,LOW,2017-03-23 22:24:58
C_100226,Donna,Baker,54,Sales Associate,London,LOW,2019-09-14 17:11:58
C_100227,Muhammad,Wilson,59,Doctor,Bristol,LOW,2024-06-23 10:27:29
C_100228,Robert,Hall,80,Retired,Leeds,LOW,2024-02-09 01:21:28
C_100229,Ava,Hill,53,Teacher,Coventry,LOW,2021-07-22 06:47:00
C_100230,Donna,Hall,43,Electrician,Glasgow,LOW,2023-03-11 19:46:51
C_100231,Linda,Young,42,Business Owner,Liverpool,LOW,2021-02-22 23:36:12
C_100232,Sophia,Robinson,24,Project Manager,Cardiff,LOW,2018-03-02 06:23:22
C_100233,Karen,Lewis,58,Registered Nurse,Newcastle,LOW,2018-01-26 05:07:10
C_100234,Matthew,Harris,36,Accountant,Liverpool,LOW,2024-02-08 20:51:28
C_100235,Oliver,Edwards,54,Teacher,Belfast,LOW,2019-06-10 05:48:54
C_100236,Joseph,King,62,Project Manager,Liverpool,LOW,2018-06-16 04:51:47
C_100237,Matthew,Johnson,31,Doctor,Leicester,LOW,2023-06-13 07:57:07
C_100238,Michelle,White,52,Registered Nurse,Edinburgh,LOW,2023-11-22 13:10:19
C_100239,Harry,Ward,54,Chef,Manchester,LOW,2025-07-31 18:56:42
C_100240,Christopher,Thomas,57,Doctor,Birmingham,MEDIUM,2020-12-29 02:01:32
C_100241,Daniel,Wilson,42,Teacher,Edinburgh,LOW,2025-01-18 11:13:12
C_100242,Kimberly,Jones,28,Administrative Assistant,Cardiff,LOW,2020-10-01 12:32:38
C_100243,Sandra,Brown,43,Registered Nurse,Nottingham,LOW,2019-03-21 14:53:11
C_100244,Ava,Wilson,48,Driver,Bristol,MEDIUM,2020-03-26 13:40:36
C_100245,Leo,Watson,39,Sales Associate,Coventry,LOW,2016-04-03 10:51:47
C_100246,Daniel,Watson,39,Sales Associate,Leeds,LOW,2017-09-27 10:02:09
C_100247,Mia,Thomas,85,Retired,Birmingham,LOW,2016-05-17 16:15:15
C_100248,Sarah,Williams,38,Teacher,Manchester,LOW,2019-03-30 08:31:32
C_100249,Kimberly,Ward,31,Electrician,Leeds,LOW,2017-08-09 18:58:41
C_100250,Lily,Hill,36,Consultant,Nottingham,LOW,2017-12-18 22:47:30
C_100251,Margaret,Hughes,43,Plumber,Belfast,LOW,2024-10-23 19:05:42
C_100252,Robert,Hill,38,Retired,Leicester,LOW,2018-09-14 08:12:16
C_100253,John,Johnson,85,Retired,Newcastle,LOW,2018-04-12 12:01:28
C_100254,Nancy,Davies,31,Teacher,Coventry,LOW,2025-01-08 21:23:35
C_100255,Kimberly,Cooper,33,Electrician,Glasgow,MEDIUM,2016-03-03 07:42:42
C_100256,Mia,Thomas,66,Retired,Sheffield,LOW,2018-09-07 20:06:02
C_100257,Robert,Hall,35,Plumber,Glasgow,LOW,2021-10-01 18:06:19
C_100258,Daniel,Evans,68,Electrician,Liverpool,LOW,2016-07-06 20:28:51
C_100259,Lily,Johnson,49,Project Manager,Manchester,LOW,2018-07-31 13:49:46
C_100260,Susan,White,41,Electrician,Glasgow,LOW,2021-06-24 23:21:48
C_100261,Donna,Young,38,Plumber,Manchester,LOW,2022-02-16 17:46:44
C_100262,Ava,Watson,45,Registered Nurse,Coventry,LOW,2024-07-27 00:13:56
C_100263,Thomas,Wilson,52,Student,London,LOW,2021-02-10 13:35:16
C_100264,Arthur,Mitchell,39,Accountant,Edinburgh,HIGH,2016-03-11 18:17:06
C_100265,Sandra,Hughes,31,Lawyer,Glasgow,LOW,2018-12-30 14:27:02
C_100266,Leo,Clarke,62,Sales Associate,Sheffield,LOW,2023-09-02 02:56:06
C_100267,Nancy,Taylor,26,Chef,Bristol,LOW,2016-02-08 06:14:23
C_100268,Leo,Young,65,Electrician,Cardiff,HIGH,2017-01-25 19:13:46
C_100269,Noah,Walker,59,Teacher,Nottingham,LOW,2019-02-22 19:46:16
C_100270,Susan,Taylor,30,Consultant,Coventry,LOW,2023-08-05 19:40:52
C_100271,Michael,Clark,49,Registered Nurse,Edinburgh,LOW,2019-11-17 01:57:18
C_100272,Muhammad,Hughes,35,Driver,Leicester,LOW,2023-02-10 09:57:05
C_100273,Christopher,Young,27,Driver,Newcastle,LOW,2022-07-27 13:50:16
C_100274,Leo,Mitchell,35,Registered Nurse,Birmingham,LOW,2020-04-05 23:04:46
C_100275,Amelia,Clark,37,Software Engineer,Glasgow,LOW,2024-07-15 09:49:18
C_100276,Muhammad,Wilson,24,Chef,Edinburgh,LOW,2017-02-27 00:57:22
C_100277,Leo,Jackson,45,Electrician,Coventry,LOW,2019-04-10 15:03:58
C_100278,Richard,Davies,54,Sales Associate,Cardiff,LOW,2023-09-08 13:51:43
C_100279,Isla,Wilson,34,Student,Birmingham,LOW,2019-02-04 15:19:54
C_100280,John,Patterson,52,Sales Associate,Sheffield,LOW,2022-08-29 22:27:08
C_100281,Mia,Mason,28,Driver,Liverpool,LOW,2020-04-05 11:59:53
C_100282,Christopher,Martin,32,Student,Glasgow,LOW,2023-10-18 07:18:46
C_100283,Matthew,Harris,29,Electrician,Glasgow,LOW,2023-02-05 17:52:37
C_100284,Susan,White,36,Driver,Liverpool,LOW,2022-04-28 07:16:28
C_100285,Jessica,Watson,18,Software Engineer,Bristol,MEDIUM,2018-05-08 15:57:49
C_100286,James,Brown,37,Project Manager,Leeds,LOW,2017-09-23 15:24:20
C_100287,Richard,Brown,38,Consultant,Newcastle,LOW,2025-10-02 15:13:47
C_100288,Elizabeth,Taylor,52,Chef,Cardiff,LOW,2016-12-14 03:58:55
C_100289,Isabella,Jackson,21,Consultant,Belfast,LOW,2024-06-09 12:04:23
C_100290,Charles,Evans,42,Consultant,Sheffield,LOW,2020-12-30 13:37:16
C_100291,Joseph,Mason,57,Lawyer,Manchester,LOW,2016-04-10 17:34:37
C_100292,Muhammad,Hall,29,Unemployed,Leicester,LOW,2021-06-01 12:40:52
C_100293,Matthew,Evans,37,Electrician,Birmingham,LOW,2025-01-31 04:11:24
C_100294,George,Martin,53,Retired,Nottingham,HIGH,2018-09-26 18:47:12
C_100295,Ava,Cooper,23,Unemployed,Leeds,LOW,2023-01-23 06:42:56
C_100296,Ava,Hughes,32,Administrative Assistant,Bristol,LOW,2020-05-11 00:09:43
C_100297,Ashley,Wright,18,Student,Leicester,MEDIUM,2018-02-04 13:19:05
C_100298,Robert,Thompson,40,Doctor,Edinburgh,MEDIUM,2019-07-07 21:44:06
C_100299,Richard,Mitchell,39,Plumber,Coventry,LOW,2017-12-07 10:49:46
C_100300,Karen,Baker,28,Retired,Liverpool,LOW,2021-09-23 14:08:36
C_100301,Thomas,Carter,27,Retired,Bristol,LOW,2023-10-11 23:29:35
C_100302,Ava,Cooper,30,Retired,Liverpool,LOW,2022-12-12 01:57:06
C_100303,William,Smith,41,Driver,Edinburgh,LOW,2021-07-20 14:53:46
C_100304,Margaret,Young,29,Doctor,Manchester,LOW,2016-05-06 08:01:45
C_100305,James,Taylor,30,Retired,Leicester,LOW,2024-04-29 18:02:01
C_100306,Barbara,King,23,Teacher,Leicester,LOW,2022-02-15 07:57:24
C_100307,Charles,Evans,58,Sales Associate,Glasgow,MEDIUM,2016-05-12 16:22:27
C_100308,Sophia,Jackson,51,Consultant,Sheffield,LOW,2023-12-21 22:13:08
C_100309,Lisa,Hughes,32,Administrative Assistant,Coventry,LOW,2016-08-31 20:45:20
C_100310,William,Watson,30,Electrician,Sheffield,LOW,2022-06-03 09:44:01
C_100311,Jennifer,Evans,39,Accountant,Coventry,LOW,2023-11-13 04:49:52
C_100312,Isabella,Johnson,71,Retired,Cardiff,LOW,2023-01-15 15:04:53
C_100313,Richard,Harrison,52,Accountant,Sheffield,MEDIUM,2020-02-20 16:33:17
C_100314,Patricia,Harris,57,Registered Nurse,Sheffield,HIGH,2023-02-13 13:02:32
C_100315,Harry,Watson,57,Electrician,Coventry,LOW,2022-02-19 21:02:30
C_100316,Olivia,Ward,18,Student,Liverpool,LOW,2020-03-03 23:37:34
C_100317,Isla,Williams,38,Sales Associate,Newcastle,LOW,2023-11-22 03:27:55
C_100318,Oliver,Wright,41,Sales Associate,Edinburgh,LOW,2016-02-08 00:17:36
C_100319,Sandra,Martin,39,Registered Nurse,Leeds,LOW,2024-03-12 03:43:45
C_100320,Muhammad,Harris,37,Driver,Leicester,LOW,2025-10-21 04:50:51
C_100321,Nancy,Johnson,18,Student,Sheffield,LOW,2024-05-22 05:30:40
C_100322,Thomas,Mitchell,73,Retired,Manchester,LOW,2022-08-11 13:58:55
C_100323,William,Hughes,36,Accountant,Belfast,LOW,2022-03-16 21:52:54
C_100324,Sarah,Carter,53,Lawyer,Leeds,LOW,2019-04-25 23:31:34
C_100325,Arthur,White,41,Doctor,Belfast,LOW,2021-12-03 00:26:21
C_100326,David,Harris,44,Retired,Leicester,LOW,2024-08-21 02:39:27
C_100327,George,Baker,27,Teacher,Nottingham,LOW,2024-11-06 14:29:23
C_100328,Jennifer,Hall,48,Construction Worker,Newcastle,LOW,2016-12-03 23:19:16
C_100329,Elizabeth,Watson,45,Project Manager,Birmingham,LOW,2018-04-12 05:39:25
C_100330,Elizabeth,Harris,34,Registered Nurse,Glasgow,LOW,2024-03-08 08:41:18
C_100331,Arthur,White,24,Unemployed,Cardiff,LOW,2019-06-20 23:57:32
C_100332,Donna,Robinson,47,Plumber,Edinburgh,LOW,2025-03-22 09:26:20
C_100333,Isla,Clarke,52,Registered Nurse,Glasgow,LOW,2022-06-19 22:50:51
C_100334,Harry,Young,40,Doctor,Coventry,LOW,2020-02-15 05:43:38
C_100335,Sophia,Evans,71,Retired,Edinburgh,LOW,2025-08-18 00:26:50
C_100336,Isabella,Taylor,40,Student,Manchester,MEDIUM,2025-08-13 01:17:15
C_100337,Barbara,Hill,33,Electrician,Glasgow,LOW,2022-05-30 13:34:24
C_100338,Oscar,King,46,Sales Associate,Leicester,LOW,2016-07-07 14:35:50
C_100339,Harry,Mason,37,Unemployed,London,LOW,2019-04-09 20:31:39
C_100340,John,Mitchell,32,Doctor,Leicester,LOW,2024-03-19 19:53:58
C_100341,Michelle,White,52,Software Engineer,Liverpool,LOW,2023-05-16 13:41:59
C_100342,Donna,Wood,21,Student,London,HIGH,2017-08-06 10:11:17
C_100343,Leo,Taylor,43,Plumber,Bristol,HIGH,2016-12-13 21:08:42
C_100344,Muhammad,King,18,Student,Manchester,LOW,2018-12-05 11:28:08
C_100345,Joseph,Harris,35,Registered Nurse,Leeds,LOW,2024-08-20 21:17:18
C_100346,Muhammad,Johnson,24,Electrician,Newcastle,LOW,2020-01-07 07:33:35
C_100347,Christopher,Wood,36,Registered Nurse,Manchester,LOW,2019-05-31 21:57:56
C_100348,Noah,Wright,54,Registered Nurse,Sheffield,LOW,2019-12-28 14:25:36
C_100349,Jennifer,Williams,47,Retired,London,MEDIUM,2025-08-01 16:27:50
C_100350,Barbara,Cooper,30,Student,Birmingham,LOW,2025-04-24 08:05:35
C_100351,Olivia,Thompson,54,Registered Nurse,Cardiff,LOW,2025-02-11 02:43:48
C_100352,George,Brown,21,Student,Coventry,LOW,2019-09-20 04:27:39
C_100353,Noah,Mason,36,Doctor,London,LOW,2020-10-13 06:17:30
C_100354,William,Wright,55,Unemployed,Nottingham,LOW,2022-11-20 22:32:36
C_100355,Karen,White,49,Chef,Bristol,LOW,2019-02-19 13:56:42
C_100356,Olivia,Hill,43,Chef,Leicester,LOW,2020-04-15 13:04:29
C_100357,Matthew,Watson,52,Consultant,Edinburgh,LOW,2019-01-12 06:32:48
C_100358,George,Harris,44,Accountant,London,LOW,2021-04-16 19:16:33
C_100359,William,Baker,18,Student,Leicester,MEDIUM,2016-08-17 07:59:18
C_100360,Susan,Clark,20,Student,Cardiff,LOW,2024-04-11 13:03:46
C_100361,Jessica,Jones,49,Consultant,Cardiff,LOW,2018-02-10 17:55:17
C_100362,Elizabeth,Wood,18,Student,London,LOW,2022-11-20 07:20:06
C_100363,Olivia,Martin,54,Software Engineer,Manchester,LOW,2017-08-03 04:02:18
C_100364,Linda,Clarke,59,Driver,Cardiff,LOW,2019-05-21 11:44:44
C_100365,Olivia,Roberts,51,Doctor,Belfast,LOW,2023-12-06 20:27:39
C_100366,Sandra,Mitchell,50,Consultant,Coventry,LOW,2019-06-10 10:43:22
C_100367,Olivia,Robinson,59,Consultant,London,LOW,2019-07-27 22:15:34
C_100368,Lily,Ward,23,Electrician,Sheffield,LOW,2019-11-21 11:37:59
C_100369,Isla,Davies,65,Electrician,Bristol,LOW,2018-05-08 09:05:07
C_100370,Sandra,Brown,25,Software Engineer,London,LOW,2024-03-19 15:16:44
C_100371,Isla,Hill,41,Chef,Newcastle,LOW,2021-05-17 21:02:46
C_100372,Nancy,Walker,53,Electrician,Glasgow,MEDIUM,2016-10-30 12:26:41
C_100373,Isla,Clark,37,Construction Worker,Manchester,LOW,2019-09-18 07:29:01
C_100374,Mia,Hill,59,Chef,Glasgow,LOW,2019-05-03 08:38:55
C_100375,Muhammad,Williams,36,Doctor,Manchester,LOW,2016-01-16 15:34:07
C_100376,Leo,Hall,62,Doctor,Leeds,LOW,2018-04-27 06:13:11
C_100377,Lisa,Hall,63,Business Owner,Glasgow,LOW,2021-04-12 17:48:26
C_100378,Betty,Edwards,20,Student,Newcastle,LOW,2020-12-30 01:37:28
C_100379,Sophia,Harrison,40,Accountant,Cardiff,LOW,2024-06-08 03:31:15
C_100380,Leo,Jackson,54,Consultant,Leeds,LOW,2025-06-05 14:05:38
C_100381,Linda,Hill,66,Retired,Birmingham,LOW,2025-07-29 01:15:51
C_100382,Jennifer,Ward,53,Business Owner,Leicester,LOW,2017-11-15 07:42:52
C_100383,Mia,Wilson,47,Student,Coventry,LOW,2019-08-02 02:26:23
C_100384,Leo,Clark,45,Accountant,Edinburgh,LOW,2025-10-17 00:27:00
C_100385,Sandra,Mitchell,51,Business Owner,Newcastle,LOW,2022-05-09 21:24:21
C_100386,Jessica,Evans,65,Business Owner,Leicester,LOW,2022-01-02 12:31:11
C_100387,Thomas,Edwards,36,Doctor,London,LOW,2020-07-08 05:14:15
C_100388,Karen,Carter,49,Driver,Nottingham,MEDIUM,2023-09-29 08:38:59
C_100389,Arthur,Patterson,35,Doctor,Coventry,LOW,2017-02-06 08:17:58
C_100390,Olivia,Wood,62,Electrician,Glasgow,LOW,2022-10-13 23:30:14
C_100391,Leo,Thompson,25,Construction Worker,Sheffield,LOW,2021-10-16 13:36:49
C_100392,Arthur,King,50,Lawyer,Nottingham,LOW,2017-12-12 07:01:05
C_100393,Mia,Williams,30,Plumber,Sheffield,LOW,2020-02-17 16:54:06
C_100394,Jennifer,Lewis,45,Software Engineer,Leeds,LOW,2022-08-30 16:14:31
C_100395,Ava,Patterson,45,Retired,Coventry,MEDIUM,2024-05-25 03:17:27
C_100396,James,Jones,38,Consultant,Leicester,MEDIUM,2025-08-11 08:03:32
C_100397,Nancy,Walker,47,Construction Worker,Edinburgh,LOW,2024-10-01 00:19:26
C_100398,Matthew,Wilson,50,Software Engineer,Leeds,LOW,2025-01-10 11:07:17
C_100399,Ashley,Green,39,Plumber,Bristol,LOW,2021-03-26 11:00:02
C_100400,Margaret,Scott,54,Business Owner,London,LOW,2023-06-06 13:37:31
C_100401,Barbara,Carter,45,Business Owner,Bristol,LOW,2019-02-06 23:19:24
C_100402,Robert,Green,22,Project Manager,Leeds,LOW,2024-08-01 08:44:56
C_100403,Arthur,Carter,38,Student,Sheffield,LOW,2021-07-30 10:45:45
C_100404,Sophia,Hill,33,Consultant,Sheffield,HIGH,2025-02-24 06:54:52
C_100405,Michael,Walker,54,Doctor,Nottingham,MEDIUM,2020-01-08 18:28:14
C_100406,John,Roberts,33,Student,Sheffield,LOW,2025-01-23 20:21:13
C_100407,Michelle,Robinson,46,Sales Associate,Sheffield,MEDIUM,2020-09-18 12:03:46
C_100408,David,Edwards,45,Business Owner,Bristol,LOW,2023-02-11 21:14:50
C_100409,Jessica,Mitchell,42,Driver,Edinburgh,LOW,2016-08-09 05:29:22
C_100410,Olivia,Thompson,37,Unemployed,Glasgow,LOW,2024-09-03 06:08:19
C_100411,Susan,Roberts,40,Registered Nurse,Manchester,LOW,2023-02-07 15:38:03
C_100412,Joseph,Hughes,60,Teacher,Edinburgh,LOW,2020-03-08 00:30:45
C_100413,Robert,Scott,19,Student,Nottingham,LOW,2017-06-12 03:44:22
C_100414,Richard,King,44,Teacher,Glasgow,MEDIUM,2021-02-10 18:56:35
C_100415,Sarah,Scott,18,Student,Nottingham,LOW,2024-05-30 06:51:37
C_100416,Isla,Lewis,18,Student,Belfast,LOW,2020-03-16 23:18:48
C_100417,Sophia,Watson,49,Teacher,Belfast,LOW,2025-05-17 00:43:07
C_100418,Arthur,Thomas,38,Chef,Glasgow,LOW,2017-09-19 07:28:54
C_100419,Sandra,Smith,27,Lawyer,Glasgow,LOW,2023-11-10 04:59:38
C_100420,Thomas,Evans,42,Project Manager,Birmingham,LOW,2021-07-31 07:13:57
C_100421,Sarah,Thompson,59,Construction Worker,Glasgow,LOW,2022-02-23 18:04:18
C_100422,Ivy,Patterson,66,Student,Leicester,LOW,2024-02-11 03:41:16
C_100423,Sophia,Walker,18,Student,Birmingham,LOW,2025-10-20 01:26:10
C_100424,James,Clarke,52,Business Owner,Birmingham,MEDIUM,2025-12-25 01:40:14
C_100425,Oliver,Wilson,46,Plumber,Nottingham,LOW,2022-12-21 09:46:07
C_100426,Kimberly,Davies,37,Business Owner,Newcastle,LOW,2021-02-12 09:53:49
C_100427,Richard,Patterson,62,Retired,Birmingham,LOW,2024-02-23 02:08:06
C_100428,Isla,Evans,37,Consultant,Belfast,LOW,2022-11-08 13:49:34
C_100429,William,Mitchell,26,Teacher,Birmingham,LOW,2019-07-11 00:27:00
C_100430,Ashley,Scott,57,Consultant,Leeds,HIGH,2023-07-06 12:19:01
C_100431,Linda,Scott,53,Construction Worker,Belfast,LOW,2021-05-27 12:35:18
C_100432,Betty,Clark,66,Retired,Manchester,LOW,2021-04-06 18:03:10
C_100433,Isla,Brown,50,Electrician,Glasgow,LOW,2018-07-01 20:02:34
C_100434,Nancy,Clark,38,Unemployed,Bristol,LOW,2021-01-09 03:12:16
C_100435,Patricia,Harrison,39,Chef,London,LOW,2024-11-17 21:59:54
C_100436,Karen,Wood,63,Unemployed,Liverpool,LOW,2016-08-10 08:06:58
C_100437,Daniel,Martin,45,Doctor,Sheffield,LOW,2024-01-11 16:28:34
C_100438,Oscar,Evans,50,Electrician,Liverpool,LOW,2024-12-20 10:37:50
C_100439,Barbara,Scott,38,Retired,Bristol,LOW,2024-01-15 14:53:56
C_100440,Muhammad,Edwards,45,Driver,Leeds,LOW,2024-10-05 06:56:19
C_100441,Ashley,Martin,25,Consultant,Birmingham,LOW,2021-01-19 16:39:10
C_100442,Betty,Baker,41,Teacher,Edinburgh,MEDIUM,2025-05-28 21:18:12
C_100443,Matthew,King,47,Student,Birmingham,LOW,2022-09-25 22:04:10
C_100444,Robert,King,57,Sales Associate,Glasgow,LOW,2019-11-05 10:42:37
C_100445,Christopher,Wilson,20,Student,Sheffield,LOW,2019-07-09 20:09:19
C_100446,Lisa,Wright,22,Project Manager,Belfast,LOW,2023-07-17 04:49:49
C_100447,Ashley,Robinson,42,Electrician,Sheffield,LOW,2019-12-13 20:28:19
C_100448,Matthew,Baker,47,Construction Worker,Belfast,LOW,2025-06-08 19:26:19
C_100449,James,Hughes,57,Software Engineer,Newcastle,LOW,2023-07-08 02:03:39
C_100450,Mia,Green,49,Project Manager,Belfast,LOW,2025-05-31 02:15:30
C_100451,Sandra,Hall,26,Plumber,Coventry,LOW,2022-11-28 20:27:27
C_100452,Lily,Cooper,36,Project Manager,Sheffield,LOW,2020-04-11 14:06:37
C_100453,Thomas,Harris,49,Unemployed,Coventry,LOW,2023-02-08 23:34:46
C_100454,David,Baker,44,Administrative Assistant,Glasgow,LOW,2023-08-28 02:42:40
C_100455,Ava,Robinson,48,Teacher,Newcastle,LOW,2018-12-18 04:44:08
C_100456,Isla,Baker,29,Teacher,Manchester,MEDIUM,2022-09-10 01:51:05
C_100457,Lisa,Mitchell,53,Consultant,Edinburgh,LOW,2024-10-16 11:34:22
C_100458,Linda,Walker,64,Lawyer,Manchester,LOW,2022-01-08 14:41:16
C_100459,Leo,Jackson,33,Electrician,Liverpool,LOW,2018-06-13 22:30:39
C_100460,Linda,Patterson,49,Sales Associate,London,LOW,2019-08-07 13:53:07
C_100461,Oscar,Clark,20,Software Engineer,Coventry,LOW,2021-10-07 18:31:20
C_100462,Christopher,Young,26,Business Owner,Manchester,HIGH,2024-09-02 19:35:13
C_100463,Elizabeth,Smith,45,Administrative Assistant,Coventry,LOW,2025-05-15 03:47:01
C_100464,Ivy,Watson,52,Registered Nurse,Sheffield,LOW,2016-04-07 16:43:11
C_100465,Ashley,Martin,31,Registered Nurse,Cardiff,LOW,2018-11-25 14:50:29
C_100466,Richard,Harrison,47,Software Engineer,Newcastle,LOW,2021-12-30 00:12:53
C_100467,Nancy,Mitchell,35,Project Manager,Leicester,LOW,2022-10-20 03:08:58
C_100468,James,Harrison,25,Software Engineer,Bristol,LOW,2018-06-19 04:57:55
C_100469,Donna,Lewis,28,Project Manager,Belfast,MEDIUM,2024-11-30 23:35:26
C_100470,David,Smith,44,Business Owner,London,LOW,2022-09-09 14:20:53
C_100471,Elizabeth,Cooper,57,Plumber,Leeds,LOW,2023-03-30 18:39:41
C_100472,Amelia,Roberts,22,Accountant,Leeds,LOW,2023-07-11 20:39:16
C_100473,Arthur,Cooper,39,Project Manager,Belfast,LOW,2017-02-06 07:11:15
C_100474,Kimberly,Baker,41,Student,Belfast,LOW,2017-02-13 10:22:53
C_100475,Karen,Brown,56,Unemployed,Liverpool,LOW,2019-06-06 21:16:08
C_100476,Amelia,Ward,50,Construction Worker,Manchester,LOW,2018-10-05 08:03:55
C_100477,Ashley,Hughes,33,Electrician,Nottingham,LOW,2020-12-29 13:03:40
C_100478,John,Young,43,Registered Nurse,Coventry,LOW,2025-04-08 05:05:50
C_100479,Elizabeth,Thompson,18,Software Engineer,Cardiff,LOW,2022-08-13 07:44:46
C_100480,Noah,Cooper,44,Student,Liverpool,LOW,2025-12-30 21:28:00
C_100481,Kimberly,Hall,24,Registered Nurse,Newcastle,LOW,2016-02-13 08:41:50
C_100482,Karen,Roberts,49,Retired,Manchester,LOW,2022-05-06 05:19:22
C_100483,Donna,Patterson,50,Accountant,Liverpool,LOW,2023-07-01 07:31:42
C_100484,Linda,Clarke,18,Student,Belfast,LOW,2023-11-22 18:58:57
C_100485,Lisa,Green,52,Chef,Cardiff,LOW,2023-05-01 13:46:53
C_100486,David,Baker,64,Lawyer,Glasgow,LOW,2018-07-01 18:48:01
C_100487,Joseph,Jackson,53,Doctor,Nottingham,LOW,2021-08-17 05:03:34
C_100488,Christopher,Roberts,28,Accountant,Leeds,LOW,2017-10-06 13:11:17
C_100489,Sarah,Thomas,48,Electrician,Sheffield,LOW,2023-07-28 17:25:59
C_100490,Matthew,Wright,48,Construction Worker,London,LOW,2017-06-07 20:52:48
C_100491,Jessica,Roberts,23,Consultant,Manchester,LOW,2018-11-23 06:33:17
C_100492,Linda,Lewis,47,Software Engineer,Nottingham,LOW,2023-06-03 10:19:12
C_100493,Leo,Wright,52,Construction Worker,Cardiff,LOW,2022-07-14 06:37:19
C_100494,Karen,King,21,Electrician,Cardiff,LOW,2018-07-30 13:46:12
C_100495,Richard,Wilson,30,Lawyer,Belfast,LOW,2017-09-04 22:02:45
C_100496,Muhammad,Robinson,40,Teacher,Nottingham,LOW,2021-08-23 04:16:43
C_100497,Leo,Patterson,81,Retired,Nottingham,MEDIUM,2023-08-11 23:38:16
C_100498,Charles,Scott,26,Lawyer,Newcastle,LOW,2024-12-30 17:33:12
C_100499,Richard,Jackson,50,Consultant,Birmingham,LOW,2018-11-08 17:22:19
C_100500,Lily,Davies,39,Software Engineer,Cardiff,LOW,2021-10-29 00:15:42
C_100501,Richard,Wright,48,Plumber,Birmingham,LOW,2023-04-22 21:18:45
C_100502,Sophia,Edwards,56,Plumber,Cardiff,LOW,2023-08-19 14:28:15
C_100503,Michelle,Wright,32,Doctor,Manchester,LOW,2022-03-22 17:36:47
C_100504,Sophia,Wood,50,Driver,Sheffield,LOW,2025-09-08 04:20:08
C_100505,Donna,Walker,37,Retired,Birmingham,LOW,2020-06-28 12:19:19
C_100506,Barbara,Mitchell,58,Retired,Newcastle,MEDIUM,2016-01-22 03:18:59
C_100507,Amelia,Patterson,60,Registered Nurse,Glasgow,LOW,2016-11-23 22:10:26
C_100508,Noah,Clark,59,Lawyer,Glasgow,LOW,2022-09-13 02:05:31
C_100509,Ava,Young,40,Lawyer,Glasgow,LOW,2024-10-16 21:49:39
C_100510,Jennifer,Scott,54,Teacher,Liverpool,LOW,2016-01-02 05:43:56
C_100511,Leo,Green,52,Driver,Newcastle,LOW,2021-10-21 00:33:34
C_100512,Donna,Brown,64,Chef,Nottingham,LOW,2019-11-24 10:04:02
C_100513,Lily,Carter,62,Driver,Cardiff,LOW,2017-12-17 14:49:23
C_100514,Jennifer,Evans,44,Electrician,Birmingham,LOW,2018-11-21 19:35:04
C_100515,Susan,Edwards,48,Electrician,Leicester,LOW,2021-03-02 21:21:56
C_100516,George,Patterson,47,Electrician,Newcastle,MEDIUM,2021-10-16 19:30:08
C_100517,Oliver,Edwards,35,Electrician,Birmingham,LOW,2018-01-01 17:21:03
C_100518,Robert,Jackson,26,Retired,Sheffield,LOW,2018-02-17 18:10:04
C_100519,Donna,Thompson,33,Accountant,Leeds,LOW,2025-05-12 09:05:28
C_100520,Karen,Jackson,32,Registered Nurse,Belfast,MEDIUM,2021-07-10 22:20:55
C_100521,Oliver,Watson,37,Consultant,Coventry,LOW,2018-01-19 18:36:35
C_100522,Emily,Lewis,26,Teacher,Edinburgh,LOW,2021-05-13 19:41:19
C_100523,Noah,King,18,Student,Birmingham,LOW,2021-02-27 11:29:33
C_100524,Sandra,Smith,44,Accountant,Manchester,LOW,2018-08-29 09:48:31
C_100525,Matthew,Mitchell,37,Construction Worker,Leeds,LOW,2024-06-07 13:33:19
C_100526,David,Lewis,35,Student,Cardiff,LOW,2025-02-16 03:38:10
C_100527,Kimberly,Green,58,Driver,Leeds,LOW,2024-04-13 05:26:41
C_100528,Matthew,Smith,26,Lawyer,Edinburgh,LOW,2024-10-21 17:43:02
C_100529,John,Edwards,45,Driver,Birmingham,LOW,2016-09-02 07:50:41
C_100530,Sophia,Patterson,49,Plumber,Edinburgh,LOW,2025-01-30 09:22:59
C_100531,William,Jones,38,Administrative Assistant,Cardiff,LOW,2023-04-12 19:36:14
C_100532,Ava,Hall,31,Doctor,Leicester,LOW,2025-12-22 02:51:17
C_100533,Richard,Mitchell,28,Student,Coventry,LOW,2025-01-21 12:17:02
C_100534,Thomas,Mitchell,53,Registered Nurse,Birmingham,LOW,2018-07-23 11:24:48
C_100535,Robert,Hall,54,Driver,Glasgow,MEDIUM,2024-10-03 13:13:20
C_100536,Donna,Baker,42,Retired,Manchester,MEDIUM,2017-05-27 08:32:33
C_100537,Betty,Edwards,62,Software Engineer,Leicester,LOW,2024-07-30 03:01:51
C_100538,Muhammad,Edwards,45,Driver,Glasgow,LOW,2024-04-09 10:20:47
C_100539,Christopher,Wilson,54,Doctor,Bristol,HIGH,2022-01-23 09:55:05
C_100540,Barbara,Harrison,44,Unemployed,Belfast,LOW,2025-11-02 20:32:02
C_100541,Charles,Scott,49,Plumber,Bristol,LOW,2025-01-09 03:15:38
C_100542,Christopher,Wood,37,Project Manager,London,LOW,2025-02-21 04:57:45
C_100543,William,Hall,41,Doctor,Leicester,LOW,2016-02-07 15:40:18
C_100544,James,Carter,36,Chef,Newcastle,LOW,2017-10-30 23:31:11
C_100545,Richard,Clark,34,Sales Associate,Edinburgh,LOW,2022-11-16 09:53:53
C_100546,James,Watson,54,Registered Nurse,Manchester,LOW,2017-03-28 23:11:18
C_100547,Daniel,Mitchell,38,Doctor,Leeds,LOW,2017-09-15 01:48:25
C_100548,Elizabeth,Jones,33,Accountant,Manchester,LOW,2024-02-26 00:17:55
C_100549,Lily,Davies,25,Electrician,Newcastle,LOW,2024-12-18 18:08:45
C_100550,David,Mason,46,Registered Nurse,Coventry,LOW,2017-08-21 02:02:25
C_100551,Emily,Lewis,22,Administrative Assistant,Nottingham,LOW,2025-03-01 13:53:34
C_100552,Oliver,Thomas,18,Student,Leeds,LOW,2023-08-23 11:21:48
C_100553,Robert,Roberts,45,Chef,Edinburgh,LOW,2021-05-25 23:14:52
C_100554,John,Thompson,38,Administrative Assistant,Birmingham,LOW,2020-11-13 11:48:54
C_100555,Oliver,Roberts,59,Driver,Leicester,LOW,2016-06-21 21:09:22
C_100556,Sandra,Patterson,47,Registered Nurse,Leeds,LOW,2017-01-09 22:31:27
C_100557,Michael,Williams,65,Student,Bristol,LOW,2022-04-06 23:28:15
C_100558,Michelle,Jackson,55,Administrative Assistant,London,LOW,2020-01-07 04:54:19
C_100559,Sophia,Taylor,41,Project Manager,Edinburgh,LOW,2018-02-16 20:37:58
C_100560,Ava,Watson,28,Accountant,Coventry,LOW,2025-08-25 20:11:22
C_100561,Isla,Brown,43,Accountant,Edinburgh,LOW,2016-01-03 23:13:47
C_100562,Jennifer,Clark,46,Sales Associate,Liverpool,LOW,2023-05-20 19:37:22
C_100563,Richard,Thompson,43,Chef,Manchester,LOW,2019-08-14 14:55:13
C_100564,Nancy,Harris,22,Registered Nurse,London,LOW,2017-06-15 06:30:14
C_100565,Noah,Thompson,30,Teacher,Cardiff,LOW,2020-05-10 23:57:15
C_100566,Patricia,Scott,49,Teacher,Liverpool,LOW,2024-01-19 02:34:49
C_100567,Oliver,Wright,56,Teacher,Liverpool,LOW,2025-12-26 15:08:39
C_100568,David,Williams,52,Teacher,Sheffield,LOW,2019-05-29 02:50:15
C_100569,Ivy,Scott,42,Lawyer,Belfast,LOW,2023-01-05 06:30:48
C_100570,Barbara,Cooper,39,Consultant,Liverpool,LOW,2023-11-17 15:32:57
C_100571,Muhammad,Roberts,57,Lawyer,Liverpool,LOW,2021-12-26 21:50:32
C_100572,Christopher,Jackson,63,Electrician,Coventry,LOW,2024-07-27 23:03:20
C_100573,Charles,Harris,47,Administrative Assistant,Newcastle,LOW,2024-05-07 09:15:03
C_100574,David,Harrison,39,Teacher,Glasgow,LOW,2021-10-21 04:55:05
C_100575,John,Smith,35,Electrician,London,LOW,2023-09-26 10:02:50
C_100576,Barbara,King,60,Student,Birmingham,LOW,2019-12-27 05:41:01
C_100577,Olivia,Edwards,34,Sales Associate,Glasgow,LOW,2017-01-11 20:46:14
C_100578,Joseph,Ward,67,Retired,Nottingham,LOW,2022-06-18 03:28:19
C_100579,Sarah,Wood,29,Electrician,Liverpool,MEDIUM,2020-11-13 15:09:54
C_100580,Oscar,Walker,45,Lawyer,London,LOW,2022-05-02 05:26:45
C_100581,Robert,King,47,Driver,Bristol,LOW,2022-06-14 18:22:35
C_100582,Leo,Walker,34,Student,Manchester,LOW,2021-05-03 20:48:19
C_100583,Donna,Williams,43,Driver,Edinburgh,LOW,2023-10-29 04:44:48
C_100584,Michelle,Wilson,41,Driver,Belfast,LOW,2022-04-17 22:25:39
C_100585,Donna,Scott,35,Construction Worker,Liverpool,LOW,2022-06-17 03:15:43
C_100586,Oscar,Hill,39,Electrician,Liverpool,LOW,2016-04-09 11:05:53
C_100587,Isla,Jackson,40,Teacher,Nottingham,LOW,2018-03-28 13:36:37
C_100588,Amelia,Davies,25,Software Engineer,Liverpool,LOW,2022-01-12 07:42:50
C_100589,Ivy,Watson,42,Doctor,Cardiff,LOW,2017-08-01 00:40:10
C_100590,Richard,Baker,62,Accountant,Manchester,LOW,2018-04-02 22:29:57
C_100591,Emily,Williams,26,Registered Nurse,Newcastle,LOW,2023-06-08 13:06:54
C_100592,Muhammad,Jones,42,Electrician,Bristol,MEDIUM,2021-12-17 03:12:17
C_100593,Ava,Thompson,42,Software Engineer,London,LOW,2021-12-08 11:06:07
C_100594,Michael,Young,38,Plumber,Belfast,LOW,2023-01-04 11:00:26
C_100595,Isabella,King,36,Accountant,Nottingham,LOW,2025-02-19 01:04:22
C_100596,Barbara,Green,31,Driver,Belfast,LOW,2024-03-08 13:54:56
C_100597,Linda,Mitchell,70,Retired,Manchester,LOW,2019-07-03 22:02:26
C_100598,Michael,Harrison,43,Student,Cardiff,LOW,2024-12-21 07:21:57
C_100599,Olivia,Wood,59,Student,Belfast,MEDIUM,2017-10-09 11:33:34
C_100600,Harry,Cooper,44,Retired,Liverpool,LOW,2017-08-19 01:04:24
C_100601,Michelle,Harris,57,Construction Worker,Glasgow,LOW,2025-03-19 23:11:12
C_100602,Donna,Green,31,Student,Manchester,LOW,2022-11-11 22:27:44
C_100603,Emily,Carter,44,Sales Associate,Leeds,LOW,2020-01-11 02:53:37
C_100604,Sandra,Patterson,39,Retired,Coventry,LOW,2021-04-24 05:00:24
C_100605,Isla,Thompson,30,Software Engineer,Nottingham,LOW,2020-08-18 08:06:10
C_100606,Donna,Thompson,48,Unemployed,Coventry,LOW,2023-09-18 11:49:44
C_100607,Daniel,White,34,Driver,Sheffield,LOW,2022-11-09 20:49:24
C_100608,Sarah,Watson,46,Teacher,Edinburgh,LOW,2021-02-14 01:32:39
C_100609,Isabella,Scott,85,Retired,Edinburgh,LOW,2016-07-20 06:54:44
C_100610,James,Harrison,38,Project Manager,Bristol,LOW,2019-04-20 22:19:24
C_100611,Arthur,Scott,60,Unemployed,Birmingham,LOW,2017-04-08 06:32:42
C_100612,Jessica,Watson,27,Unemployed,London,LOW,2022-08-14 07:21:07
C_100613,Daniel,Davies,22,Retired,Sheffield,LOW,2017-01-08 04:09:23
C_100614,Ashley,Harrison,45,Driver,Sheffield,LOW,2021-09-26 22:17:05
C_100615,Isla,Clark,43,Retired,Nottingham,LOW,2025-10-08 05:27:52
C_100616,Isla,Johnson,18,Student,Sheffield,LOW,2021-01-01 10:30:51
C_100617,Lisa,Robinson,23,Accountant,London,LOW,2025-08-04 18:09:18
C_100618,Elizabeth,Smith,47,Administrative Assistant,Cardiff,LOW,2021-02-01 14:55:59
C_100619,Christopher,Davies,54,Chef,Coventry,LOW,2016-07-19 06:43:47
C_100620,Amelia,Williams,45,Teacher,Belfast,LOW,2022-10-07 10:51:57
C_100621,Michael,Davies,23,Retired,Manchester,LOW,2022-11-08 21:39:43
C_100622,Susan,Cooper,27,Consultant,Liverpool,MEDIUM,2017-01-16 10:53:49
C_100623,Robert,Clarke,22,Business Owner,Sheffield,MEDIUM,2019-09-10 19:11:21
C_100624,Thomas,Scott,33,Teacher,Birmingham,LOW,2023-01-20 19:15:30
C_100625,Leo,Patterson,55,Project Manager,Newcastle,LOW,2019-07-20 09:27:14
C_100626,Linda,Ward,60,Student,Cardiff,LOW,2021-10-29 23:00:18
C_100627,Patricia,Young,32,Administrative Assistant,London,LOW,2021-03-19 22:46:20
C_100628,Oscar,Wright,38,Chef,Leicester,LOW,2016-02-16 23:19:27
C_100629,Mia,Hall,35,Project Manager,Edinburgh,LOW,2024-08-07 00:13:23
C_100630,Oscar,Martin,28,Software Engineer,Coventry,LOW,2019-09-15 12:18:14
C_100631,Margaret,Patterson,48,Unemployed,Nottingham,MEDIUM,2019-10-04 16:50:16
C_100632,Thomas,Williams,53,Electrician,Edinburgh,LOW,2018-05-03 21:01:20
C_100633,Margaret,Martin,61,Driver,Manchester,LOW,2025-09-11 11:13:27
C_100634,Ashley,Harris,48,Registered Nurse,Bristol,MEDIUM,2020-03-02 16:27:12
C_100635,John,Wright,42,Plumber,Leicester,LOW,2018-04-07 03:22:17
C_100636,Christopher,King,19,Student,Liverpool,MEDIUM,2024-03-19 19:03:52
C_100637,John,Harris,46,Teacher,Bristol,LOW,2025-09-12 19:01:04
C_100638,Oscar,Smith,37,Registered Nurse,Liverpool,LOW,2016-07-07 03:45:13
C_100639,Linda,Wood,46,Administrative Assistant,Leeds,LOW,2021-12-20 11:37:11
C_100640,Christopher,Thomas,35,Business Owner,London,MEDIUM,2022-04-11 18:42:58
C_100641,Muhammad,Wright,44,Accountant,Manchester,MEDIUM,2025-01-06 10:18:48
C_100642,Susan,White,30,Electrician,Edinburgh,LOW,2017-06-16 01:03:20
C_100643,Matthew,Williams,39,Consultant,Belfast,LOW,2023-11-04 16:13:56
C_100644,Karen,Jackson,18,Student,Nottingham,LOW,2021-03-22 20:40:21
C_100645,Olivia,Davies,40,Unemployed,Bristol,LOW,2018-07-05 05:13:57
C_100646,Karen,Edwards,58,Electrician,Leicester,MEDIUM,2019-08-23 16:30:12
C_100647,Patricia,Jones,38,Project Manager,Leicester,LOW,2022-06-11 04:38:17
C_100648,Jennifer,Evans,34,Business Owner,Liverpool,LOW,2016-10-17 10:59:59
C_100649,Elizabeth,Mason,37,Sales Associate,Edinburgh,LOW,2021-05-29 13:58:27
C_100650,Harry,Martin,19,Construction Worker,Newcastle,LOW,2019-11-02 19:49:32
C_100651,Sandra,White,18,Consultant,Birmingham,LOW,2021-03-11 11:50:47
C_100652,Barbara,Evans,51,Driver,Birmingham,LOW,2023-09-08 21:42:52
C_100653,Richard,Harris,41,Registered Nurse,Leeds,LOW,2025-12-13 21:08:42
C_100654,Michelle,Smith,60,Unemployed,Edinburgh,LOW,2022-11-26 21:02:30
C_100655,Christopher,Thompson,18,Project Manager,Nottingham,LOW,2019-11-11 03:15:03
C_100656,Jessica,Smith,47,Student,Coventry,LOW,2020-02-21 19:59:03
C_100657,Arthur,Smith,69,Retired,Glasgow,MEDIUM,2018-08-21 15:43:05
C_100658,Sandra,Baker,38,Driver,Newcastle,LOW,2022-02-10 07:41:24
C_100659,Betty,Robinson,41,Driver,Coventry,MEDIUM,2025-06-02 15:11:27
C_100660,Amelia,Hall,41,Student,Birmingham,LOW,2025-01-14 15:08:27
C_100661,Daniel,Carter,69,Retired,Edinburgh,LOW,2020-04-24 12:56:10
C_100662,Lily,Robinson,40,Doctor,Coventry,LOW,2023-12-26 18:16:02
C_100663,Emily,Hill,66,Teacher,Cardiff,LOW,2020-02-18 04:07:12
C_100664,Jessica,Patterson,53,Accountant,Bristol,LOW,2021-11-13 22:12:43
C_100665,Leo,White,39,Registered Nurse,Belfast,LOW,2024-12-13 21:06:13
C_100666,John,Mitchell,25,Software Engineer,Bristol,LOW,2021-04-05 20:53:50
C_100667,Kimberly,Martin,18,Student,London,LOW,2022-09-13 11:04:15
C_100668,Kimberly,Ward,26,Consultant,Manchester,LOW,2023-05-12 10:37:20
C_100669,Donna,Mitchell,19,Student,Coventry,LOW,2018-10-29 04:49:32
C_100670,Karen,Green,34,Business Owner,Cardiff,LOW,2022-08-20 05:30:09
C_100671,Betty,Harrison,38,Sales Associate,Bristol,LOW,2021-11-30 01:12:17
C_100672,Michael,Davies,52,Driver,Leeds,LOW,2024-02-21 23:12:48
C_100673,Isla,Wright,53,Teacher,Belfast,LOW,2025-03-10 04:13:23
C_100674,Arthur,Roberts,40,Doctor,Sheffield,MEDIUM,2021-12-21 08:30:26
C_100675,Richard,Clark,41,Construction Worker,London,LOW,2024-12-09 16:20:27
C_100676,Richard,Harris,22,Accountant,Liverpool,LOW,2024-12-30 03:34:41
C_100677,Sophia,Baker,30,Sales Associate,Sheffield,LOW,2024-08-21 07:05:49
C_100678,Linda,Martin,37,Unemployed,Liverpool,LOW,2019-03-06 09:10:16
C_100679,Mia,Taylor,53,Business Owner,Birmingham,MEDIUM,2017-06-16 13:41:17
C_100680,Betty,Ward,50,Business Owner,Sheffield,LOW,2019-04-21 17:00:04
C_100681,Betty,Brown,85,Retired,Sheffield,MEDIUM,2024-08-19 11:46:29
C_100682,Sophia,Roberts,51,Teacher,Newcastle,LOW,2016-09-03 09:24:07
C_100683,Sophia,Robinson,39,Administrative Assistant,Cardiff,LOW,2023-03-28 17:54:54
C_100684,Muhammad,Johnson,43,Business Owner,Nottingham,LOW,2018-11-26 03:45:38
C_100685,Noah,Brown,41,Software Engineer,Nottingham,LOW,2020-05-18 09:42:02
C_100686,Amelia,Martin,64,Lawyer,Sheffield,MEDIUM,2021-07-02 17:24:30
C_100687,Charles,Lewis,56,Software Engineer,Newcastle,MEDIUM,2025-03-04 17:33:05
C_100688,Oscar,Ward,36,Teacher,Belfast,HIGH,2023-04-04 03:18:03
C_100689,David,Watson,54,Unemployed,Leicester,LOW,2023-04-07 07:23:43
C_100690,Ava,Cooper,24,Administrative Assistant,Glasgow,LOW,2017-03-13 22:57:36
C_100691,Sandra,Jackson,39,Unemployed,Sheffield,LOW,2016-05-26 07:01:49
C_100692,George,Baker,31,Chef,Belfast,LOW,2021-12-27 16:21:31
C_100693,George,Taylor,36,Teacher,Newcastle,LOW,2025-01-18 23:48:21
C_100694,Betty,Scott,38,Chef,Manchester,LOW,2018-08-12 02:37:21
C_100695,Noah,Johnson,41,Teacher,Leeds,LOW,2017-06-18 00:31:22
C_100696,Ava,Williams,18,Student,Coventry,LOW,2021-07-29 21:39:44
C_100697,Karen,Walker,28,Electrician,Leicester,LOW,2024-04-10 14:38:12
C_100698,Robert,Thomas,71,Retired,Birmingham,LOW,2017-08-01 15:06:55
C_100699,Isla,Clarke,44,Consultant,London,LOW,2024-11-14 23:01:03
C_100700,Karen,Clark,41,Retired,Nottingham,LOW,2023-04-23 21:37:01
C_100701,James,Hill,64,Doctor,Sheffield,LOW,2017-08-09 23:17:43
C_100702,Emily,Scott,40,Retired,Cardiff,LOW,2022-09-08 06:33:13
C_100703,Ashley,Young,44,Project Manager,Liverpool,LOW,2022-04-03 08:34:45
C_100704,Mia,Thomas,62,Chef,Edinburgh,LOW,2024-08-21 22:48:31
C_100705,Betty,Wright,35,Student,Belfast,LOW,2021-04-27 18:06:50
C_100706,Ava,Roberts,46,Plumber,Glasgow,LOW,2018-10-26 12:10:16
C_100707,Karen,Mason,55,Business Owner,Birmingham,MEDIUM,2024-02-02 16:11:43
C_100708,Jessica,Baker,36,Electrician,Leeds,LOW,2019-08-28 08:17:35
C_100709,Muhammad,White,38,Doctor,Cardiff,LOW,2025-12-26 15:52:09
C_100710,Amelia,Wright,60,Driver,Liverpool,LOW,2024-01-27 07:04:08
C_100711,Lisa,Jackson,18,Student,Birmingham,MEDIUM,2021-02-21 15:13:37
C_100712,Isla,Martin,32,Retired,Leicester,LOW,2022-11-09 06:11:13
C_100713,Susan,Cooper,58,Administrative Assistant,Cardiff,LOW,2021-03-10 10:09:51
C_100714,Oliver,Hughes,49,Electrician,Newcastle,LOW,2025-12-31 21:32:44
C_100715,Amelia,Ward,58,Teacher,London,HIGH,2024-03-23 18:21:28
C_100716,Noah,Hughes,43,Business Owner,Bristol,LOW,2016-12-06 20:20:02
C_100717,Michelle,Smith,49,Administrative Assistant,Manchester,LOW,2018-09-06 23:34:47
C_100718,Leo,Jones,41,Unemployed,Coventry,LOW,2022-07-18 00:53:19
C_100719,Daniel,Mason,31,Plumber,Belfast,LOW,2023-02-07 00:02:58
C_100720,Lisa,Brown,33,Lawyer,London,LOW,2024-06-10 09:49:21
C_100721,Sandra,Mitchell,46,Registered Nurse,Cardiff,MEDIUM,2024-04-01 01:59:44
C_100722,Jennifer,Clarke,33,Plumber,Liverpool,LOW,2022-04-07 02:26:22
C_100723,Barbara,Wright,28,Chef,Birmingham,LOW,2024-04-08 21:07:17
C_100724,Sandra,Wright,67,Retired,Glasgow,LOW,2020-09-28 10:05:25
C_100725,Arthur,Brown,36,Lawyer,Edinburgh,LOW,2021-04-09 19:21:57
C_100726,Margaret,Watson,59,Plumber,Leicester,LOW,2023-10-10 02:23:21
C_100727,Mia,Mason,25,Retired,Glasgow,MEDIUM,2016-11-11 03:58:54
C_100728,Isla,Green,31,Student,Coventry,LOW,2023-01-13 00:49:34
C_100729,James,Hill,66,Retired,Newcastle,LOW,2023-03-25 00:46:55
C_100730,James,Thompson,47,Electrician,Belfast,LOW,2019-08-29 17:42:00
C_100731,Jessica,Scott,56,Project Manager,Cardiff,LOW,2024-11-07 11:09:32
C_100732,Isla,Edwards,31,Project Manager,Leicester,LOW,2017-08-30 12:51:24
C_100733,James,Mason,24,Retired,Manchester,LOW,2023-10-08 05:35:17
C_100734,Isla,White,45,Plumber,Manchester,LOW,2023-12-06 01:15:46
C_100735,Betty,Harris,18,Student,Nottingham,LOW,2021-08-07 05:17:35
C_100736,Daniel,Harris,44,Project Manager,Bristol,MEDIUM,2024-06-16 20:53:19
C_100737,Betty,Johnson,68,Retired,Birmingham,LOW,2016-06-13 05:04:34
C_100738,Margaret,Cooper,45,Plumber,Birmingham,LOW,2022-10-26 23:20:58
C_100739,Mia,Baker,44,Accountant,Leeds,LOW,2022-01-14 16:13:07
C_100740,Margaret,Davies,60,Doctor,Liverpool,LOW,2021-09-26 02:02:26
C_100741,Betty,Clarke,33,Construction Worker,Liverpool,LOW,2016-02-19 10:21:49
C_100742,William,Jackson,33,Chef,Birmingham,LOW,2025-12-15 16:10:24
C_100743,Donna,Hill,52,Construction Worker,Sheffield,MEDIUM,2017-07-25 21:22:42
C_100744,Sarah,Davies,29,Lawyer,Liverpool,LOW,2022-08-16 13:40:53
C_100745,Leo,Smith,18,Student,Bristol,LOW,2024-06-20 04:59:07
C_100746,Mia,Robinson,53,Doctor,London,LOW,2019-05-21 21:18:24
C_100747,John,Young,44,Software Engineer,Leicester,LOW,2018-12-11 10:55:43
C_100748,Lisa,Patterson,18,Student,Bristol,MEDIUM,2023-03-26 08:54:39
C_100749,George,Thomas,54,Registered Nurse,Cardiff,LOW,2022-07-08 17:29:38
C_100750,Susan,Hughes,65,Doctor,Sheffield,LOW,2020-03-08 18:39:37
C_100751,Kimberly,Ward,44,Unemployed,Nottingham,LOW,2020-01-03 05:56:45
C_100752,Arthur,Green,32,Plumber,London,LOW,2021-12-09 23:15:47
C_100753,Harry,King,22,Business Owner,Cardiff,LOW,2022-02-05 11:44:44
C_100754,Robert,Wood,23,Plumber,Birmingham,LOW,2019-12-11 05:13:57
C_100755,Oliver,Wilson,42,Doctor,Newcastle,LOW,2017-10-29 03:43:44
C_100756,Ivy,Johnson,42,Chef,Cardiff,LOW,2021-11-23 19:22:22
C_100757,Ashley,Cooper,66,Retired,Birmingham,LOW,2017-06-21 00:37:57
C_100758,Matthew,Jackson,34,Unemployed,Nottingham,HIGH,2021-11-12 12:27:12
C_100759,Ava,Wood,30,Student,Leeds,LOW,2016-11-17 15:28:00
C_100760,Sandra,Thomas,42,Business Owner,Nottingham,LOW,2016-09-28 10:58:57
C_100761,Betty,Smith,70,Retired,Leeds,LOW,2019-12-10 01:03:55
C_100762,Leo,Johnson,58,Retired,Coventry,LOW,2024-03-03 22:19:01
C_100763,Isabella,King,43,Consultant,Leicester,LOW,2018-06-07 06:58:26
C_100764,James,Roberts,62,Business Owner,Nottingham,LOW,2021-08-27 17:17:01
C_100765,David,Baker,18,Student,Liverpool,HIGH,2020-10-03 07:48:05
C_100766,Jennifer,Walker,32,Electrician,Birmingham,LOW,2021-10-29 04:56:54
C_100767,Patricia,Clarke,53,Teacher,Birmingham,LOW,2017-04-18 14:00:34
C_100768,James,Mason,45,Unemployed,Leeds,LOW,2019-04-05 15:34:53
C_100769,Mia,Brown,58,Software Engineer,Belfast,LOW,2017-03-06 14:25:52
C_100770,Christopher,Scott,46,Student,Newcastle,LOW,2022-08-15 03:42:12
C_100771,Donna,Roberts,32,Driver,Birmingham,LOW,2020-10-05 18:10:19
C_100772,Emily,Baker,51,Driver,Liverpool,LOW,2022-10-06 14:43:31
C_100773,Patricia,King,19,Student,Bristol,LOW,2023-01-17 04:54:03
C_100774,George,Evans,75,Retired,Manchester,LOW,2023-08-14 11:54:14
C_100775,Amelia,Wood,45,Registered Nurse,Belfast,LOW,2024-08-09 17:55:12
C_100776,Daniel,Thompson,32,Lawyer,Glasgow,LOW,2025-01-28 19:40:48
C_100777,Elizabeth,Jones,22,Driver,Bristol,LOW,2020-03-21 16:06:46
C_100778,Daniel,Taylor,54,Retired,Bristol,LOW,2019-07-03 14:09:57
C_100779,Patricia,Thomas,45,Chef,Belfast,LOW,2021-04-08 17:19:38
C_100780,Barbara,Roberts,42,Doctor,Cardiff,HIGH,2022-12-01 12:50:37
C_100781,James,Harris,18,Student,Liverpool,LOW,2022-07-19 00:58:45
C_100782,Michelle,Martin,36,Plumber,Newcastle,LOW,2023-06-01 08:53:31
C_100783,Isabella,White,50,Registered Nurse,Coventry,LOW,2019-10-14 06:10:53
C_100784,George,Watson,34,Construction Worker,Cardiff,LOW,2020-09-21 09:42:26
C_100785,George,Patterson,37,Consultant,Birmingham,LOW,2017-02-13 07:29:48
C_100786,Michael,Young,42,Electrician,Manchester,LOW,2020-01-28 15:52:26
C_100787,Mia,Young,32,Project Manager,Cardiff,LOW,2018-07-14 22:44:23
C_100788,Donna,Davies,54,Consultant,Liverpool,LOW,2022-05-09 19:20:07
C_100789,Matthew,Hughes,18,Student,Glasgow,LOW,2022-01-20 11:24:31
C_100790,Mia,Hill,35,Unemployed,Belfast,LOW,2018-01-09 00:40:38
C_100791,Lisa,Scott,62,Administrative Assistant,Belfast,MEDIUM,2024-04-28 17:00:49
C_100792,Emily,Watson,47,Administrative Assistant,Liverpool,LOW,2018-09-11 05:28:42
C_100793,Donna,Wood,56,Registered Nurse,Belfast,LOW,2020-08-16 09:43:07
C_100794,James,Roberts,27,Driver,Leeds,LOW,2018-02-25 01:00:31
C_100795,Isabella,Wood,40,Construction Worker,Newcastle,LOW,2016-05-31 07:21:15
C_100796,Isla,Green,30,Accountant,Belfast,LOW,2023-03-24 01:32:15
C_100797,Kimberly,Young,55,Project Manager,Coventry,LOW,2020-07-25 13:13:56
C_100798,Betty,Davies,26,Student,Leeds,LOW,2024-03-27 18:12:48
C_100799,Oscar,Scott,51,Lawyer,Glasgow,LOW,2017-01-04 08:40:05
C_100800,Sarah,Thomas,51,Consultant,Sheffield,LOW,2024-05-23 08:35:24
C_100801,Charles,Wright,31,Accountant,Bristol,LOW,2025-09-04 21:27:44
C_100802,Arthur,Young,44,Business Owner,Liverpool,LOW,2021-04-29 08:58:09
C_100803,Emily,Johnson,30,Project Manager,London,LOW,2022-10-17 01:16:02
C_100804,Donna,Williams,63,Sales Associate,Glasgow,LOW,2019-06-20 23:15:48
C_100805,Sandra,Clarke,43,Unemployed,Newcastle,LOW,2020-05-28 09:18:13
C_100806,John,Davies,18,Retired,Belfast,LOW,2025-02-08 23:27:46
C_100807,Thomas,Taylor,36,Doctor,Bristol,LOW,2025-06-07 12:06:50
C_100808,Ashley,Hughes,67,Retired,Newcastle,LOW,2025-02-13 19:56:31
C_100809,Donna,Harris,40,Teacher,Belfast,LOW,2023-01-25 16:08:37
C_100810,Nancy,Wilson,30,Business Owner,Manchester,LOW,2024-01-01 23:38:09
C_100811,Michelle,Wilson,68,Retired,Coventry,LOW,2018-12-03 06:18:58
C_100812,Margaret,Baker,29,Retired,Newcastle,MEDIUM,2025-05-11 20:46:02
C_100813,Lily,Jones,51,Registered Nurse,Bristol,LOW,2023-11-12 06:08:39
C_100814,Arthur,Lewis,49,Student,Birmingham,MEDIUM,2017-11-27 20:39:09
C_100815,Oscar,Smith,51,Unemployed,Coventry,LOW,2017-04-30 08:10:23
C_100816,Ashley,Wright,51,Doctor,Newcastle,LOW,2025-08-08 07:31:20
C_100817,Sarah,Wright,49,Construction Worker,Leicester,LOW,2019-04-03 09:31:54
C_100818,Isabella,Mitchell,40,Consultant,Belfast,LOW,2016-12-17 00:22:32
C_100819,Matthew,Wilson,38,Driver,Sheffield,LOW,2022-09-12 09:19:44
C_100820,Harry,Evans,43,Sales Associate,Bristol,MEDIUM,2022-10-19 21:46:51
C_100821,Ashley,Taylor,46,Chef,London,LOW,2018-12-02 06:11:04
C_100822,Jennifer,Young,29,Lawyer,Newcastle,LOW,2017-04-23 11:24:20
C_100823,Noah,Wilson,41,Accountant,Sheffield,LOW,2020-10-27 10:18:03
C_100824,Sophia,Mitchell,42,Retired,Liverpool,LOW,2021-07-05 05:30:26
C_100825,Barbara,Harrison,22,Construction Worker,Birmingham,HIGH,2021-07-20 01:29:06
C_100826,Christopher,Jackson,40,Student,Birmingham,LOW,2018-04-14 10:20:39
C_100827,Ava,Roberts,75,Retired,Cardiff,LOW,2016-01-17 19:09:05
C_100828,Susan,Robinson,39,Doctor,Belfast,LOW,2019-09-08 00:56:42
C_100829,James,Thomas,35,Business Owner,Coventry,LOW,2016-04-28 02:57:05
C_100830,Daniel,Patterson,18,Student,London,LOW,2021-01-29 11:49:47
C_100831,Kimberly,Ward,52,Teacher,Sheffield,LOW,2022-10-02 13:53:09
C_100832,Leo,Lewis,34,Driver,Birmingham,LOW,2018-05-02 05:55:56
C_100833,Richard,Lewis,21,Student,Bristol,LOW,2024-04-02 11:17:25
C_100834,Margaret,Carter,18,Student,Bristol,LOW,2020-05-08 17:20:47
C_100835,Emily,Ward,44,Construction Worker,Leicester,LOW,2018-02-02 15:48:19
C_100836,Lisa,Hughes,21,Student,Belfast,LOW,2017-09-27 18:02:02
C_100837,Linda,Scott,23,Registered Nurse,Nottingham,LOW,2019-05-15 05:24:38
C_100838,Olivia,Wood,59,Project Manager,Cardiff,LOW,2016-11-09 01:38:30
C_100839,Jennifer,Evans,42,Unemployed,Belfast,LOW,2025-02-11 09:13:31
C_100840,William,Edwards,50,Software Engineer,Birmingham,LOW,2021-03-10 06:32:14
C_100841,Ava,Lewis,23,Project Manager,Liverpool,LOW,2021-02-06 16:22:55
C_100842,Karen,Edwards,51,Registered Nurse,Sheffield,HIGH,2018-11-28 03:52:16
C_100843,Charles,Watson,22,Software Engineer,Manchester,LOW,2021-02-27 14:44:56
C_100844,Betty,Carter,49,Plumber,Sheffield,LOW,2023-09-28 14:22:53
C_100845,John,Davies,22,Sales Associate,Newcastle,LOW,2025-08-16 19:36:33
C_100846,Mia,Davies,33,Doctor,Newcastle,LOW,2017-11-11 05:32:58
C_100847,Donna,Harrison,63,Unemployed,Cardiff,LOW,2019-04-22 20:43:56
C_100848,Joseph,Williams,37,Construction Worker,Newcastle,LOW,2024-04-07 21:04:06
C_100849,Sarah,Cooper,37,Doctor,Leeds,LOW,2021-12-03 00:41:32
C_100850,Charles,Ward,37,Construction Worker,Nottingham,LOW,2021-07-19 22:40:18
C_100851,Nancy,Jackson,39,Retired,Glasgow,LOW,2021-04-06 12:31:08
C_100852,Christopher,Walker,42,Electrician,Nottingham,LOW,2025-06-12 23:55:08
C_100853,Daniel,Wilson,37,Plumber,Leicester,LOW,2025-06-21 05:53:57
C_100854,Karen,Wright,21,Student,Leeds,LOW,2021-07-08 03:40:25
C_100855,Thomas,Young,36,Teacher,London,LOW,2018-12-04 12:59:58
C_100856,Margaret,Roberts,42,Electrician,Newcastle,LOW,2018-07-17 04:23:38
C_100857,Barbara,Walker,18,Plumber,Leicester,MEDIUM,2018-12-31 05:30:15
C_100858,Sandra,King,44,Teacher,Nottingham,MEDIUM,2024-12-16 16:38:37
C_100859,Michelle,Thomas,60,Business Owner,Coventry,LOW,2021-09-08 03:50:16
C_100860,Isla,Thomas,30,Unemployed,Leicester,LOW,2024-03-19 03:36:54
C_100861,Amelia,Clarke,37,Administrative Assistant,Bristol,MEDIUM,2024-08-16 00:14:23
C_100862,Isabella,Patterson,34,Registered Nurse,Glasgow,LOW,2024-06-18 15:06:36
C_100863,David,White,39,Construction Worker,Newcastle,MEDIUM,2021-02-22 18:47:33
C_100864,Margaret,Clarke,61,Software Engineer,Sheffield,LOW,2016-10-12 03:05:12
C_100865,Michael,Harris,31,Construction Worker,London,LOW,2016-05-31 23:21:18
C_100866,Amelia,Ward,57,Lawyer,Glasgow,LOW,2025-12-07 20:09:22
C_100867,John,Harris,30,Student,Sheffield,LOW,2023-03-22 07:28:07
C_100868,Elizabeth,Mitchell,61,Plumber,Nottingham,LOW,2023-04-11 14:43:39
C_100869,Mia,Wood,20,Driver,Sheffield,MEDIUM,2021-11-01 19:41:22
C_100870,James,Wright,20,Student,Belfast,LOW,2016-04-24 19:39:30
C_100871,Jessica,Edwards,18,Construction Worker,Birmingham,LOW,2025-06-09 13:34:47
C_100872,Sophia,King,38,Business Owner,Bristol,LOW,2024-04-06 00:11:23
C_100873,Daniel,Martin,67,Retired,Leeds,LOW,2019-03-11 20:51:13
C_100874,Margaret,Wilson,52,Sales Associate,Birmingham,LOW,2022-07-13 07:00:38
C_100875,David,Mason,40,Plumber,Belfast,LOW,2022-08-06 20:21:05
C_100876,Linda,Lewis,63,Construction Worker,Bristol,LOW,2021-06-28 15:10:46
C_100877,Isla,Johnson,42,Unemployed,Manchester,MEDIUM,2021-10-03 19:15:55
C_100878,Oscar,Wright,40,Retired,Edinburgh,LOW,2017-05-01 21:54:12
C_100879,Thomas,Thomas,20,Student,Birmingham,LOW,2020-03-13 11:02:28
C_100880,James,Young,53,Project Manager,Nottingham,LOW,2018-01-19 17:47:47
C_100881,Oliver,Thomas,43,Teacher,Newcastle,LOW,2019-06-22 20:35:55
C_100882,Christopher,Martin,54,Student,Leicester,LOW,2023-02-19 16:46:55
C_100883,Michelle,Harrison,46,Electrician,Birmingham,LOW,2023-06-14 22:42:15
C_100884,Thomas,Clark,31,Chef,London,MEDIUM,2025-12-24 16:07:57
C_100885,Donna,Green,68,Retired,Leicester,LOW,2019-06-19 20:25:37
C_100886,Nancy,Thomas,45,Chef,Cardiff,LOW,2022-05-24 18:59:47
C_100887,Mia,Patterson,42,Chef,Manchester,MEDIUM,2019-01-31 07:29:35
C_100888,Isabella,Baker,35,Electrician,Newcastle,LOW,2021-07-06 00:50:49
C_100889,Michael,Hughes,43,Registered Nurse,Birmingham,HIGH,2022-01-28 06:07:20
C_100890,James,Johnson,18,Student,Newcastle,LOW,2016-08-29 22:22:20
C_100891,Robert,Robinson,38,Construction Worker,Nottingham,LOW,2020-03-18 04:24:15
C_100892,Arthur,Thompson,26,Sales Associate,Bristol,LOW,2021-08-28 14:01:09
C_100893,Oscar,Green,22,Construction Worker,Birmingham,LOW,2020-07-27 23:03:59
C_100894,Lily,Jones,47,Chef,Belfast,LOW,2019-06-01 20:41:21
C_100895,Thomas,Harrison,18,Administrative Assistant,Manchester,LOW,2017-11-19 08:55:33
C_100896,Elizabeth,Hughes,66,Retired,Bristol,MEDIUM,2022-12-17 10:31:52
C_100897,Nancy,Roberts,40,Driver,Liverpool,LOW,2018-05-21 21:18:17
C_100898,Jennifer,Hall,44,Driver,Sheffield,LOW,2017-07-26 20:15:38
C_100899,Emily,Hughes,27,Electrician,Nottingham,LOW,2019-11-04 23:07:32
C_100900,Sophia,Harrison,25,Electrician,Liverpool,LOW,2022-09-21 11:57:31
C_100901,George,Wilson,36,Retired,Newcastle,LOW,2023-10-23 17:48:11
C_100902,Michelle,Lewis,46,Registered Nurse,Edinburgh,LOW,2025-05-01 16:12:30
C_100903,Margaret,Thomas,23,Plumber,Newcastle,LOW,2024-08-11 00:18:25
C_100904,Oscar,Mason,38,Software Engineer,Leeds,LOW,2024-07-03 10:14:08
C_100905,Margaret,Jackson,57,Sales Associate,Leeds,HIGH,2020-01-26 01:20:22
C_100906,Emily,Young,33,Driver,Birmingham,MEDIUM,2022-05-20 18:12:58
C_100907,Patricia,Roberts,45,Consultant,Belfast,LOW,2022-05-03 06:23:26
C_100908,Harry,Baker,28,Sales Associate,Nottingham,LOW,2024-10-09 09:59:16
C_100909,Mia,Jones,43,Chef,Nottingham,LOW,2020-10-15 23:20:12
C_100910,Margaret,Williams,54,Construction Worker,Glasgow,LOW,2021-10-23 16:59:16
C_100911,Patricia,Clarke,42,Sales Associate,London,LOW,2020-09-16 19:23:04
C_100912,Christopher,Harris,18,Software Engineer,Leeds,HIGH,2020-10-01 02:42:37
C_100913,Isabella,Thompson,30,Business Owner,London,LOW,2025-01-22 00:52:28
C_100914,Jessica,Martin,52,Doctor,Leeds,MEDIUM,2025-05-02 01:58:54
C_100915,Michael,Scott,59,Business Owner,Belfast,LOW,2017-05-26 03:06:51
C_100916,Arthur,Taylor,18,Registered Nurse,London,MEDIUM,2020-12-15 01:59:41
C_100917,John,Mitchell,45,Teacher,Edinburgh,LOW,2025-07-13 13:53:18
C_100918,Joseph,Evans,46,Software Engineer,Bristol,LOW,2024-11-30 15:35:12
C_100919,Karen,Mitchell,18,Student,Liverpool,LOW,2017-03-18 03:44:19
C_100920,Oliver,Carter,54,Administrative Assistant,Nottingham,LOW,2023-02-23 18:31:42
C_100921,Sophia,Jackson,35,Unemployed,Manchester,LOW,2024-12-08 01:36:16
C_100922,Arthur,Wilson,33,Plumber,Glasgow,LOW,2022-01-25 05:18:07
C_100923,Amelia,Patterson,35,Plumber,London,LOW,2023-05-17 05:15:53
C_100924,Arthur,White,43,Teacher,Newcastle,LOW,2018-03-31 23:19:18
C_100925,Mia,Brown,30,Unemployed,Cardiff,LOW,2025-07-21 21:03:33
C_100926,Susan,Martin,46,Retired,Birmingham,LOW,2024-11-06 01:32:10
C_100927,Patricia,Walker,69,Retired,Leeds,LOW,2024-03-27 12:04:12
C_100928,Donna,Clark,33,Software Engineer,Liverpool,LOW,2020-01-05 01:05:34
C_100929,Barbara,Thomas,26,Consultant,Nottingham,LOW,2016-06-28 01:04:50
C_100930,Mia,Thompson,35,Accountant,Sheffield,LOW,2025-07-03 20:11:20
C_100931,Isabella,Robinson,33,Accountant,Nottingham,LOW,2025-04-28 04:59:48
C_100932,Richard,Thomas,37,Unemployed,Leeds,LOW,2020-03-05 06:14:20
C_100933,Linda,Mitchell,30,Plumber,Liverpool,LOW,2023-02-18 08:54:13
C_100934,Noah,Mitchell,56,Project Manager,Leicester,LOW,2018-10-09 01:56:20
C_100935,Lisa,Green,34,Doctor,Leicester,LOW,2016-09-22 06:05:45
C_100936,Jennifer,Clark,59,Lawyer,Liverpool,LOW,2021-03-16 06:31:01
C_100937,Robert,Clarke,43,Doctor,Bristol,LOW,2020-06-30 23:13:57
C_100938,Jessica,Taylor,40,Administrative Assistant,Glasgow,LOW,2020-03-24 20:48:10
C_100939,Isla,Clarke,35,Registered Nurse,Glasgow,LOW,2019-12-11 08:22:49
C_100940,Jessica,Taylor,39,Construction Worker,Bristol,LOW,2020-08-02 13:22:50
C_100941,Patricia,Harris,40,Registered Nurse,Liverpool,MEDIUM,2019-04-21 18:16:07
C_100942,Jennifer,Watson,58,Sales Associate,Birmingham,LOW,2020-01-15 01:23:37
C_100943,Elizabeth,Thompson,29,Accountant,Glasgow,LOW,2024-08-13 09:59:34
C_100944,Mia,Carter,65,Accountant,London,LOW,2019-02-28 12:37:13
C_100945,Joseph,Lewis,73,Retired,Edinburgh,HIGH,2017-09-03 14:28:21
C_100946,Lily,Walker,48,Sales Associate,Edinburgh,LOW,2022-03-13 17:03:58
C_100947,Kimberly,Mason,37,Administrative Assistant,Newcastle,LOW,2023-10-29 15:12:27
C_100948,Ivy,Harrison,39,Plumber,Manchester,LOW,2017-06-09 11:07:31
C_100949,Donna,Smith,41,Plumber,Liverpool,LOW,2020-10-09 14:41:10
C_100950,Michelle,Watson,30,Consultant,Leicester,LOW,2017-07-23 05:35:44
C_100951,Michael,Ward,49,Consultant,Coventry,LOW,2020-04-10 07:26:05
C_100952,Joseph,Brown,43,Business Owner,Liverpool,LOW,2021-01-23 23:15:55
C_100953,John,Davies,18,Student,Sheffield,LOW,2016-04-19 06:47:50
C_100954,Mia,Brown,58,Administrative Assistant,Leeds,LOW,2021-11-17 02:32:52
C_100955,Daniel,Williams,26,Registered Nurse,Newcastle,MEDIUM,2025-09-15 07:31:03
C_100956,Olivia,Wright,18,Student,Cardiff,MEDIUM,2022-08-03 07:23:24
C_100957,Jennifer,Mason,29,Lawyer,Liverpool,MEDIUM,2025-11-10 17:52:30
C_100958,Daniel,Mason,48,Project Manager,Belfast,MEDIUM,2021-02-12 12:37:33
C_100959,Sandra,Wood,27,Retired,Newcastle,LOW,2022-12-05 15:43:53
C_100960,Daniel,Clark,54,Consultant,Birmingham,LOW,2016-06-27 08:43:37
C_100961,Isla,Green,61,Registered Nurse,Sheffield,LOW,2018-06-08 17:58:02
C_100962,Thomas,Cooper,27,Business Owner,Edinburgh,LOW,2019-08-28 14:55:52
C_100963,Christopher,Roberts,29,Unemployed,London,LOW,2023-10-15 16:49:02
C_100964,Richard,Martin,39,Business Owner,Sheffield,MEDIUM,2019-09-01 16:54:09
C_100965,Patricia,Mason,19,Sales Associate,Bristol,LOW,2025-03-14 10:09:47
C_100966,Isla,Roberts,62,Retired,Glasgow,LOW,2024-04-24 14:13:49
C_100967,Isla,Brown,32,Retired,Leeds,LOW,2023-07-27 19:22:49
C_100968,Ivy,Harrison,70,Retired,Sheffield,LOW,2017-02-25 14:13:19
C_100969,Sandra,Wood,38,Teacher,Leicester,LOW,2018-04-06 09:05:28
C_100970,David,White,66,Retired,Nottingham,LOW,2025-05-14 06:06:44
C_100971,Kimberly,Roberts,19,Student,Belfast,LOW,2018-04-28 19:43:22
C_100972,Joseph,Hughes,30,Plumber,Liverpool,LOW,2020-07-05 23:48:40
C_100973,Robert,Smith,37,Registered Nurse,Belfast,LOW,2023-04-16 22:42:57
C_100974,David,Taylor,28,Project Manager,Leicester,LOW,2017-02-21 19:31:18
C_100975,Susan,Roberts,35,Electrician,Belfast,LOW,2023-08-08 04:50:23
C_100976,Michael,Robinson,70,Electrician,Belfast,LOW,2019-10-04 00:38:33
C_100977,Sarah,Baker,39,Sales Associate,Edinburgh,LOW,2016-02-24 08:28:08
C_100978,George,Mitchell,49,Sales Associate,Sheffield,LOW,2018-09-24 22:33:53
C_100979,Leo,Williams,24,Administrative Assistant,Manchester,LOW,2023-03-14 01:22:48
C_100980,Isabella,Carter,63,Electrician,Manchester,LOW,2023-03-21 01:26:31
C_100981,Linda,Hill,46,Software Engineer,Leeds,LOW,2019-09-18 12:28:42
C_100982,Isabella,Wright,52,Sales Associate,Leicester,LOW,2024-01-26 08:05:56
C_100983,Sarah,Clark,42,Software Engineer,Birmingham,MEDIUM,2016-10-13 07:00:26
C_100984,Arthur,Johnson,24,Administrative Assistant,Leeds,LOW,2020-10-11 17:00:20
C_100985,John,Roberts,49,Retired,Cardiff,LOW,2019-03-14 20:59:12
C_100986,Christopher,Thompson,18,Registered Nurse,Liverpool,LOW,2017-11-18 17:08:17
C_100987,Christopher,Hughes,42,Student,Coventry,MEDIUM,2021-05-28 00:43:16
C_100988,Michelle,Clark,40,Project Manager,Cardiff,LOW,2022-03-14 06:23:49
C_100989,Sophia,Clark,40,Driver,Edinburgh,LOW,2016-10-21 12:07:57
C_100990,Olivia,Patterson,50,Driver,Nottingham,LOW,2020-06-04 13:35:08
C_100991,Richard,Young,68,Retired,Bristol,LOW,2020-02-17 02:06:03
C_100992,Nancy,Clark,62,Software Engineer,Sheffield,LOW,2017-08-28 09:30:53
C_100993,Sarah,Mason,27,Retired,London,LOW,2017-01-13 23:27:42
C_100994,Ashley,Clark,36,Registered Nurse,Edinburgh,MEDIUM,2025-10-28 15:23:56
C_100995,Isla,Hughes,33,Chef,Belfast,MEDIUM,2022-07-28 11:12:47
C_100996,Kimberly,Hill,50,Student,Glasgow,LOW,2024-05-22 14:29:22
C_100997,Sandra,Wood,41,Construction Worker,Edinburgh,LOW,2019-03-27 15:41:25
C_100998,Isla,Robinson,31,Administrative Assistant,Bristol,LOW,2017-03-27 16:24:29
C_100999,Susan,Wright,18,Accountant,Coventry,LOW,2023-01-11 22:44:04
C_101000,Muhammad,Roberts,40,Software Engineer,London,LOW,2016-01-30 21:12:22
C_101001,Noah,Evans,18,Student,Leicester,LOW,2021-06-13 17:13:47
C_101002,Michelle,Martin,45,Electrician,Liverpool,LOW,2020-01-19 14:30:28
C_101003,Richard,Mitchell,25,Electrician,Leicester,LOW,2021-02-14 14:37:45
C_101004,Kimberly,Wilson,57,Sales Associate,Liverpool,LOW,2023-09-11 23:59:20
C_101005,Matthew,King,39,Electrician,London,LOW,2025-10-17 01:39:57
C_101006,Donna,Harris,47,Doctor,Newcastle,LOW,2024-11-26 02:57:45
C_101007,William,Hughes,40,Business Owner,Sheffield,LOW,2022-10-22 07:06:09
C_101008,Ashley,Johnson,66,Retired,Leicester,LOW,2025-05-02 19:58:45
C_101009,Daniel,Roberts,41,Sales Associate,Leeds,LOW,2023-05-26 03:15:22
C_101010,Muhammad,Hughes,57,Driver,Leicester,LOW,2024-01-24 09:22:47
C_101011,Betty,Patterson,48,Electrician,Coventry,LOW,2022-06-17 21:52:12
C_101012,Harry,Martin,31,Driver,Belfast,LOW,2022-04-20 15:54:33
C_101013,Lily,Walker,33,Business Owner,Birmingham,LOW,2022-08-22 06:51:02
C_101014,Donna,Thomas,44,Electrician,Newcastle,LOW,2016-01-07 11:18:57
C_101015,Arthur,Baker,47,Construction Worker,Liverpool,LOW,2024-12-10 04:35:55
C_101016,Linda,Carter,44,Software Engineer,Edinburgh,MEDIUM,2019-07-18 05:16:06
C_101017,James,Walker,41,Project Manager,Manchester,LOW,2025-07-10 01:15:01
C_101018,Sarah,Harris,51,Administrative Assistant,Bristol,LOW,2020-03-22 02:08:28
C_101019,Michael,Johnson,51,Sales Associate,Sheffield,LOW,2025-09-14 06:31:04
C_101020,Patricia,Lewis,18,Retired,Edinburgh,LOW,2020-09-26 17:14:12
C_101021,William,Lewis,36,Project Manager,Glasgow,LOW,2018-03-10 19:57:08
C_101022,Joseph,Evans,51,Project Manager,Bristol,LOW,2022-06-22 05:00:30
C_101023,Christopher,Patterson,36,Administrative Assistant,Leicester,LOW,2024-03-30 23:42:39
C_101024,Oliver,Clarke,54,Student,Newcastle,MEDIUM,2020-10-15 06:07:29
C_101025,Arthur,Evans,35,Teacher,Birmingham,HIGH,2023-04-16 12:19:26
C_101026,Jessica,Hughes,39,Sales Associate,Newcastle,LOW,2023-09-18 21:42:19
C_101027,Ava,Clark,46,Unemployed,Coventry,LOW,2020-04-14 10:01:13
C_101028,Lisa,Harrison,38,Registered Nurse,Birmingham,LOW,2023-07-02 18:33:33
C_101029,Lily,Jones,40,Business Owner,Leicester,LOW,2020-04-21 17:37:43
C_101030,Nancy,Hughes,36,Electrician,Birmingham,LOW,2025-09-01 19:34:12
C_101031,Ava,Lewis,44,Lawyer,Bristol,LOW,2025-05-21 21:17:20
C_101032,Elizabeth,Thomas,49,Business Owner,Manchester,MEDIUM,2023-10-18 06:33:04
C_101033,Oliver,Cooper,40,Teacher,Manchester,LOW,2023-04-27 05:52:10
C_101034,Leo,Cooper,18,Registered Nurse,Edinburgh,LOW,2022-02-07 06:14:52
C_101035,Charles,Smith,31,Student,Cardiff,LOW,2019-07-05 19:01:46
C_101036,William,Carter,43,Business Owner,Belfast,LOW,2018-08-29 01:20:14
C_101037,Mia,Johnson,18,Student,Leeds,LOW,2019-02-10 04:40:41
C_101038,Kimberly,Mitchell,37,Accountant,Newcastle,LOW,2017-10-30 14:33:56
C_101039,Daniel,Davies,22,Accountant,Belfast,LOW,2018-02-28 13:32:57
C_101040,Susan,King,46,Student,Liverpool,HIGH,2020-11-11 13:47:48
C_101041,George,Carter,33,Chef,Birmingham,LOW,2020-07-24 02:24:05
C_101042,Michael,Davies,37,Accountant,Manchester,MEDIUM,2018-07-13 09:57:47
C_101043,Oliver,Evans,38,Business Owner,Manchester,LOW,2025-10-26 11:09:40
C_101044,Jessica,Young,27,Consultant,Coventry,LOW,2019-01-15 22:07:01
C_101045,Muhammad,Williams,37,Chef,Edinburgh,LOW,2025-07-12 14:39:36
C_101046,Matthew,Baker,42,Student,Manchester,LOW,2024-03-31 09:44:04
C_101047,Arthur,Clarke,48,Construction Worker,Sheffield,LOW,2020-12-02 12:53:19
C_101048,Daniel,King,43,Sales Associate,Glasgow,LOW,2016-12-22 11:07:43
C_101049,Thomas,Harris,64,Registered Nurse,Sheffield,LOW,2017-01-18 06:00:41
C_101050,Susan,Williams,28,Doctor,Leicester,MEDIUM,2020-10-02 18:31:14
C_101051,Kimberly,Wilson,40,Chef,Sheffield,LOW,2016-02-26 22:26:17
C_101052,Mia,Smith,59,Plumber,Leeds,HIGH,2023-06-01 19:13:40
C_101053,Margaret,Carter,22,Retired,Belfast,MEDIUM,2024-07-25 19:03:38
C_101054,Lily,Robinson,48,Construction Worker,Bristol,LOW,2020-03-08 04:07:21
C_101055,Michael,White,54,Doctor,Glasgow,LOW,2016-01-10 22:58:49
C_101056,Susan,Lewis,32,Lawyer,Coventry,MEDIUM,2021-03-11 22:29:29
C_101057,Patricia,Williams,32,Electrician,Glasgow,LOW,2016-01-22 12:43:58
C_101058,Kimberly,Robinson,39,Construction Worker,Bristol,LOW,2021-12-07 18:43:32
C_101059,Amelia,Hill,24,Student,Leicester,LOW,2018-07-15 17:08:15
C_101060,Joseph,Clarke,33,Retired,Edinburgh,LOW,2017-03-21 15:58:04
C_101061,Betty,Harrison,29,Construction Worker,London,LOW,2025-10-05 07:13:33
C_101062,Oscar,Thompson,36,Construction Worker,Sheffield,LOW,2016-05-09 05:50:12
C_101063,Betty,Thompson,41,Student,Liverpool,LOW,2024-10-01 14:33:32
C_101064,Jennifer,Clark,50,Plumber,Edinburgh,LOW,2023-09-04 08:36:39
C_101065,Arthur,Martin,37,Software Engineer,Newcastle,LOW,2019-03-01 17:41:31
C_101066,Leo,Hughes,34,Lawyer,Manchester,LOW,2024-08-06 04:11:15
C_101067,Sophia,White,48,Doctor,Sheffield,LOW,2017-02-26 18:17:21
C_101068,Karen,Robinson,45,Business Owner,Manchester,LOW,2019-01-26 06:59:49
C_101069,Amelia,Hughes,56,Lawyer,Glasgow,LOW,2018-08-05 08:04:28
C_101070,Michael,Hughes,40,Teacher,Glasgow,LOW,2020-01-29 10:12:53
C_101071,William,Hill,47,Project Manager,Bristol,LOW,2022-10-20 03:40:07
C_101072,Charles,Robinson,30,Electrician,Glasgow,LOW,2023-07-03 00:29:50
C_101073,Margaret,Cooper,49,Plumber,Sheffield,LOW,2024-05-01 21:26:29
C_101074,Linda,Carter,33,Administrative Assistant,Cardiff,LOW,2025-12-12 03:52:21
C_101075,Olivia,Carter,19,Student,Bristol,MEDIUM,2016-11-02 19:54:01
C_101076,Karen,Martin,32,Administrative Assistant,Edinburgh,LOW,2016-06-28 04:39:15
C_101077,Mia,Hill,43,Chef,Liverpool,MEDIUM,2021-01-10 22:55:57
C_101078,Ashley,Thomas,18,Lawyer,Manchester,LOW,2023-10-24 04:41:39
C_101079,James,Taylor,56,Chef,Coventry,LOW,2016-11-03 06:01:34
C_101080,Christopher,King,29,Driver,Cardiff,LOW,2018-01-23 00:07:51
C_101081,Isla,Ward,19,Student,Sheffield,LOW,2018-11-26 11:02:48
C_101082,Lily,Hall,53,Retired,Leeds,LOW,2018-09-02 10:37:32
C_101083,Noah,Johnson,56,Student,Glasgow,MEDIUM,2016-07-30 23:23:22
C_101084,Isabella,Wright,42,Plumber,Belfast,LOW,2020-02-20 11:49:00
C_101085,Leo,Cooper,35,Project Manager,Liverpool,HIGH,2023-01-07 00:22:44
C_101086,William,Walker,49,Accountant,London,LOW,2025-09-25 21:14:09
C_101087,Muhammad,Clark,56,Chef,Leeds,LOW,2018-06-22 11:48:21
C_101088,Emily,Wright,52,Driver,Manchester,LOW,2024-03-08 15:47:52
C_101089,David,Johnson,32,Retired,Leeds,LOW,2024-03-06 06:34:06
C_101090,Nancy,Hall,29,Administrative Assistant,Birmingham,LOW,2020-10-12 08:55:45
C_101091,Daniel,Lewis,21,Student,Newcastle,LOW,2017-03-26 00:29:36
C_101092,Michelle,Taylor,53,Software Engineer,Leicester,LOW,2024-04-03 12:19:13
C_101093,Ashley,Davies,28,Consultant,Nottingham,LOW,2017-10-30 11:11:29
C_101094,Michael,Patterson,54,Business Owner,London,LOW,2017-02-25 19:49:47
C_101095,James,Evans,43,Student,London,MEDIUM,2016-04-08 08:15:10
C_101096,Charles,Clark,18,Sales Associate,Belfast,LOW,2025-11-30 04:05:33
C_101097,Patricia,Roberts,57,Registered Nurse,Cardiff,LOW,2020-01-16 03:05:15
C_101098,Noah,Carter,27,Electrician,Cardiff,LOW,2020-10-07 05:28:09
C_101099,Betty,Wood,46,Business Owner,Glasgow,MEDIUM,2023-06-03 13:26:20
C_101100,Sophia,Brown,32,Unemployed,Sheffield,LOW,2021-05-13 02:27:02
C_101101,Oscar,Ward,35,Student,Birmingham,LOW,2017-06-06 06:37:18
C_101102,Richard,Jackson,34,Construction Worker,Cardiff,LOW,2019-09-27 05:01:56
C_101103,Nancy,White,35,Chef,Edinburgh,LOW,2022-01-05 08:22:41
C_101104,Richard,Davies,45,Consultant,Leicester,LOW,2024-05-22 07:59:08
C_101105,Sandra,Davies,75,Retired,Liverpool,LOW,2025-07-10 05:04:24
C_101106,James,Mason,18,Teacher,Birmingham,MEDIUM,2023-11-23 05:12:33
C_101107,Richard,Jones,50,Teacher,Sheffield,LOW,2022-07-10 02:41:09
C_101108,Matthew,Carter,38,Registered Nurse,London,LOW,2025-02-14 15:09:50
C_101109,Amelia,Robinson,41,Lawyer,Sheffield,MEDIUM,2021-04-09 14:58:59
C_101110,Kimberly,Martin,38,Software Engineer,Glasgow,LOW,2016-09-02 23:23:27
C_101111,Noah,Carter,54,Software Engineer,Newcastle,LOW,2023-08-16 16:32:25
C_101112,Barbara,Edwards,62,Sales Associate,Newcastle,MEDIUM,2019-01-18 03:20:50
C_101113,Linda,Clark,23,Sales Associate,Newcastle,LOW,2024-05-13 20:21:47
C_101114,Sarah,Brown,56,Electrician,Belfast,LOW,2025-04-11 13:51:08
C_101115,Isla,Williams,62,Administrative Assistant,Glasgow,LOW,2016-11-14 13:12:20
C_101116,Sarah,Martin,26,Chef,Birmingham,LOW,2022-09-11 00:23:58
C_101117,Michelle,Wood,32,Teacher,Leeds,LOW,2022-05-24 20:33:49
C_101118,Noah,Ward,64,Teacher,Liverpool,LOW,2019-06-18 00:18:31
C_101119,William,Hall,64,Electrician,Leicester,LOW,2019-12-28 04:42:56
C_101120,Sandra,Evans,18,Student,Leicester,LOW,2016-04-07 21:22:42
C_101121,Richard,Patterson,56,Project Manager,Manchester,LOW,2021-03-11 02:52:02
C_101122,Lisa,Davies,56,Administrative Assistant,Leicester,LOW,2017-07-30 05:51:48
C_101123,Jennifer,Scott,44,Unemployed,Leicester,LOW,2019-04-06 13:07:07
C_101124,Karen,Hughes,47,Registered Nurse,Manchester,LOW,2021-07-30 03:32:47
C_101125,Oliver,Johnson,51,Registered Nurse,Bristol,LOW,2019-07-08 06:10:45
C_101126,James,Roberts,18,Student,Manchester,LOW,2021-03-02 09:23:29
C_101127,Matthew,Edwards,53,Student,Birmingham,HIGH,2021-06-22 01:26:29
C_101128,David,Hall,25,Student,Bristol,LOW,2025-06-22 22:44:31
C_101129,Robert,Clarke,24,Unemployed,Glasgow,MEDIUM,2023-08-27 01:33:13
C_101130,Karen,Williams,49,Chef,London,LOW,2017-03-07 10:34:57
C_101131,Richard,Roberts,53,Sales Associate,Newcastle,MEDIUM,2023-07-03 03:24:15
C_101132,William,Mason,40,Unemployed,Birmingham,LOW,2024-03-16 03:56:41
C_101133,Joseph,Hughes,31,Electrician,Liverpool,HIGH,2021-06-14 07:44:30
C_101134,Sandra,Patterson,25,Chef,Manchester,MEDIUM,2017-08-19 23:18:34
C_101135,Ivy,Harris,49,Plumber,Leicester,LOW,2021-04-23 07:46:13
C_101136,Arthur,Wright,48,Retired,Birmingham,LOW,2019-01-26 14:44:53
C_101137,Leo,Wood,58,Construction Worker,Edinburgh,LOW,2018-11-28 06:42:07
C_101138,Arthur,Davies,58,Project Manager,Manchester,LOW,2020-09-12 17:32:07
C_101139,Matthew,Watson,47,Construction Worker,Liverpool,MEDIUM,2022-05-25 14:10:05
C_101140,Oliver,Cooper,58,Registered Nurse,Sheffield,LOW,2022-11-30 05:15:55
C_101141,Robert,Harris,62,Electrician,Birmingham,LOW,2023-07-23 14:47:45
C_101142,Sophia,Scott,50,Consultant,Birmingham,LOW,2024-05-12 06:49:56
C_101143,Thomas,Watson,58,Administrative Assistant,Liverpool,LOW,2018-02-21 21:00:07
C_101144,Oliver,Clarke,61,Business Owner,Sheffield,LOW,2021-02-10 15:04:30
C_101145,Thomas,Jackson,34,Lawyer,Leicester,LOW,2017-12-21 16:42:18
C_101146,Charles,Clarke,22,Chef,Newcastle,LOW,2025-06-23 15:55:43
C_101147,Lisa,Hall,57,Chef,Birmingham,LOW,2021-08-23 21:09:43
C_101148,Noah,Hall,52,Unemployed,Edinburgh,LOW,2018-03-12 17:05:48
C_101149,Oscar,Jackson,30,Driver,London,MEDIUM,2024-10-08 08:09:11
C_101150,Jennifer,Hall,25,Project Manager,Coventry,MEDIUM,2020-08-25 08:47:41
C_101151,Oliver,Hill,43,Electrician,Liverpool,LOW,2022-06-01 15:39:23
C_101152,Isabella,Cooper,62,Consultant,Newcastle,LOW,2023-02-19 14:12:52
C_101153,Kimberly,Robinson,38,Retired,Newcastle,LOW,2023-12-18 04:35:58
C_101154,Jennifer,Thomas,56,Accountant,Coventry,LOW,2019-08-13 07:25:07
C_101155,Leo,Davies,49,Chef,Nottingham,HIGH,2022-05-31 13:55:22
C_101156,George,Wilson,50,Sales Associate,Glasgow,LOW,2025-06-04 08:55:45
C_101157,Kimberly,Clark,61,Accountant,Birmingham,MEDIUM,2023-01-13 00:50:33
C_101158,Lisa,Baker,30,Retired,Birmingham,LOW,2025-06-21 13:09:29
C_101159,Ivy,Lewis,37,Registered Nurse,Leeds,LOW,2020-03-17 11:25:02
C_101160,Lisa,Harrison,51,Software Engineer,Nottingham,LOW,2022-05-12 22:58:54
C_101161,Sarah,Taylor,28,Plumber,Bristol,HIGH,2022-09-23 19:53:48
C_101162,Oliver,Roberts,42,Business Owner,Leeds,LOW,2022-01-04 00:50:19
C_101163,Linda,King,49,Plumber,Birmingham,MEDIUM,2016-04-30 11:55:31
C_101164,Olivia,Walker,29,Administrative Assistant,Birmingham,LOW,2022-03-08 23:44:09
C_101165,James,Mason,53,Lawyer,Newcastle,MEDIUM,2018-10-21 06:17:50
C_101166,Mia,Green,59,Retired,Leicester,LOW,2024-02-05 17:45:41
C_101167,Charles,Harrison,34,Electrician,Cardiff,LOW,2020-04-17 15:37:50
C_101168,Mia,Ward,18,Student,Nottingham,LOW,2021-09-25 09:12:49
C_101169,Jessica,Hill,18,Student,London,LOW,2025-01-26 11:44:54
C_101170,Charles,Robinson,38,Plumber,Liverpool,LOW,2019-07-11 04:27:10
C_101171,Oliver,Harris,57,Administrative Assistant,Bristol,LOW,2019-08-10 08:28:13
C_101172,Barbara,Brown,35,Lawyer,Leeds,LOW,2019-02-12 22:07:59
C_101173,Betty,Brown,47,Construction Worker,Liverpool,LOW,2018-03-22 07:10:37
C_101174,Arthur,Young,38,Construction Worker,Birmingham,LOW,2017-12-01 21:53:50
C_101175,Robert,Baker,35,Project Manager,London,LOW,2025-08-07 20:57:45
C_101176,Oliver,Mason,18,Student,Edinburgh,MEDIUM,2016-06-09 12:17:02
C_101177,Nancy,Jones,68,Retired,Liverpool,LOW,2022-03-29 11:24:08
C_101178,Patricia,Mitchell,26,Unemployed,Bristol,LOW,2017-05-12 13:36:48
C_101179,Karen,Evans,28,Construction Worker,Leeds,LOW,2018-02-21 13:25:49
C_101180,Elizabeth,Smith,18,Student,Glasgow,LOW,2019-09-10 22:18:34
C_101181,Richard,Green,44,Electrician,Coventry,LOW,2022-07-20 15:02:51
C_101182,Lisa,Harrison,50,Sales Associate,Cardiff,LOW,2021-06-30 10:12:51
C_101183,Robert,Patterson,33,Project Manager,Sheffield,LOW,2022-04-06 08:49:28
C_101184,Betty,Wright,47,Doctor,London,LOW,2023-07-09 07:52:09
C_101185,Daniel,Clark,33,Administrative Assistant,Coventry,LOW,2021-12-01 18:42:41
C_101186,Robert,Wood,56,Lawyer,Birmingham,MEDIUM,2018-06-15 13:14:23
C_101187,Richard,Harrison,60,Driver,Leeds,LOW,2020-09-28 05:58:41
C_101188,Margaret,Wood,67,Retired,Nottingham,LOW,2017-03-27 08:45:31
C_101189,George,Mason,49,Accountant,Birmingham,MEDIUM,2016-12-10 12:54:15
C_101190,Charles,Wright,25,Lawyer,Liverpool,LOW,2019-01-21 13:27:47
C_101191,Muhammad,Williams,55,Construction Worker,Leeds,LOW,2020-07-07 06:25:53
C_101192,Sarah,Green,43,Construction Worker,Birmingham,LOW,2023-04-01 09:03:49
C_101193,Oscar,Walker,44,Chef,Birmingham,LOW,2025-11-24 22:34:53
C_101194,Sandra,Lewis,39,Accountant,Bristol,LOW,2024-10-23 07:24:43
C_101195,William,Hall,48,Software Engineer,Birmingham,LOW,2023-11-09 22:39:02
C_101196,Matthew,Wood,69,Retired,Birmingham,LOW,2019-09-22 16:34:26
C_101197,Amelia,Smith,48,Software Engineer,Manchester,HIGH,2025-11-18 02:48:09
C_101198,Isla,Smith,45,Sales Associate,Bristol,LOW,2025-03-08 00:37:59
C_101199,Susan,Hall,58,Retired,Leicester,LOW,2017-01-19 03:38:26
C_101200,John,Martin,37,Chef,Glasgow,LOW,2018-11-04 13:15:48
C_101201,Daniel,Smith,53,Electrician,Nottingham,LOW,2023-06-12 21:41:25
C_101202,Matthew,Thomas,30,Software Engineer,Manchester,HIGH,2025-08-08 08:01:09
C_101203,Betty,Johnson,38,Consultant,Sheffield,LOW,2020-10-30 13:05:09
C_101204,Ivy,Davies,70,Unemployed,Nottingham,LOW,2018-12-22 12:42:03
C_101205,Michael,Lewis,81,Retired,London,LOW,2023-11-14 12:29:53
C_101206,Karen,Thomas,39,Plumber,Glasgow,LOW,2016-02-04 18:09:55
C_101207,Margaret,Johnson,41,Project Manager,Cardiff,LOW,2017-10-28 11:03:19
C_101208,Patricia,Hall,27,Unemployed,London,LOW,2025-04-04 21:35:35
C_101209,Oscar,Williams,41,Plumber,Belfast,LOW,2016-07-23 09:09:15
C_101210,Olivia,Jackson,43,Chef,Manchester,MEDIUM,2023-12-31 09:51:17
C_101211,Amelia,Thompson,22,Project Manager,Leeds,LOW,2019-12-23 09:03:21
C_101212,Margaret,Clark,28,Project Manager,Cardiff,LOW,2022-04-28 15:52:03
C_101213,Margaret,Harris,50,Administrative Assistant,Glasgow,LOW,2022-03-20 07:15:51
C_101214,John,Wood,19,Student,Newcastle,LOW,2025-05-08 15:54:24
C_101215,Muhammad,Wilson,44,Lawyer,Nottingham,LOW,2020-01-04 17:03:11
C_101216,William,Hughes,21,Student,Edinburgh,LOW,2024-08-06 15:19:30
C_101217,Leo,Wilson,45,Sales Associate,Cardiff,LOW,2017-06-05 22:36:21
C_101218,Elizabeth,Ward,51,Software Engineer,Bristol,LOW,2025-10-23 18:51:36
C_101219,Daniel,Williams,28,Business Owner,Liverpool,LOW,2025-03-20 10:34:46
C_101220,Susan,Patterson,75,Retired,Belfast,LOW,2024-01-15 01:55:49
C_101221,Sandra,Wright,42,Doctor,Manchester,LOW,2023-07-30 23:17:22
C_101222,Amelia,Wood,52,Software Engineer,Leicester,LOW,2023-09-18 07:18:26
C_101223,Oscar,Brown,28,Lawyer,Bristol,LOW,2017-05-13 10:55:11
C_101224,Joseph,Patterson,60,Unemployed,Coventry,LOW,2017-05-19 15:44:29
C_101225,Amelia,Jones,46,Chef,Leeds,LOW,2019-04-02 10:32:18
C_101226,Betty,Evans,63,Accountant,Newcastle,LOW,2024-12-20 03:54:28
C_101227,Daniel,Hill,50,Project Manager,Bristol,LOW,2020-05-14 00:24:04
C_101228,Jessica,Wood,48,Plumber,Manchester,LOW,2024-02-09 16:41:16
C_101229,Emily,Smith,60,Lawyer,Leeds,LOW,2023-12-02 19:07:00
C_101230,Richard,King,29,Electrician,Bristol,LOW,2024-10-27 05:05:55
C_101231,Emily,Wood,57,Doctor,Cardiff,LOW,2022-06-17 18:27:30
C_101232,Betty,Scott,22,Consultant,Cardiff,LOW,2022-12-04 14:42:03
C_101233,Harry,Taylor,22,Doctor,Nottingham,LOW,2019-08-18 08:25:47
C_101234,Kimberly,White,50,Construction Worker,Nottingham,LOW,2022-11-11 09:07:11
C_101235,Oscar,Taylor,58,Software Engineer,Nottingham,LOW,2017-03-16 16:21:58
C_101236,Richard,Wilson,32,Unemployed,Belfast,LOW,2018-04-04 05:54:05
C_101237,Charles,Scott,51,Consultant,London,LOW,2023-07-01 03:30:09
C_101238,Ivy,Taylor,36,Chef,Coventry,LOW,2018-01-29 23:22:58
C_101239,Linda,Young,32,Doctor,Edinburgh,LOW,2022-12-08 20:20:29
C_101240,Olivia,Brown,38,Registered Nurse,Cardiff,LOW,2024-10-09 18:49:56
C_101241,John,Evans,30,Chef,Liverpool,LOW,2025-03-18 10:33:17
C_101242,Sophia,Clark,47,Retired,Glasgow,LOW,2022-06-14 08:47:20
C_101243,Linda,Mitchell,42,Teacher,Edinburgh,LOW,2017-03-30 21:13:05
C_101244,Matthew,Edwards,45,Construction Worker,Glasgow,LOW,2025-12-16 02:09:44
C_101245,Olivia,Wright,46,Teacher,Leeds,LOW,2025-01-12 20:31:45
C_101246,Karen,Taylor,38,Construction Worker,Cardiff,LOW,2016-11-26 20:04:36
C_101247,Matthew,Wilson,36,Teacher,Bristol,LOW,2023-04-17 12:45:08
C_101248,Charles,Patterson,18,Student,London,LOW,2024-10-07 07:08:32
C_101249,Elizabeth,Carter,69,Retired,London,LOW,2020-03-25 04:33:35
C_101250,Charles,Hughes,43,Business Owner,Nottingham,LOW,2020-02-15 12:48:29
C_101251,Mia,Martin,40,Sales Associate,Birmingham,LOW,2018-07-19 15:02:21
C_101252,Donna,Watson,31,Teacher,Liverpool,LOW,2023-05-07 08:53:33
C_101253,James,Wilson,46,Business Owner,Belfast,LOW,2018-10-21 19:47:36
C_101254,Ivy,Young,68,Retired,Glasgow,MEDIUM,2024-09-30 20:04:33
C_101255,James,White,42,Chef,Edinburgh,LOW,2019-11-20 14:57:28
C_101256,Ashley,Mitchell,41,Student,Coventry,HIGH,2018-08-02 11:06:08
C_101257,Donna,Cooper,30,Student,London,HIGH,2023-10-31 16:01:48
C_101258,Nancy,Mason,53,Consultant,Newcastle,LOW,2016-12-12 02:10:27
C_101259,Emily,Mitchell,39,Driver,Newcastle,LOW,2018-07-08 07:29:25
C_101260,Richard,Robinson,50,Project Manager,London,LOW,2019-11-25 00:56:46
C_101261,Sarah,Martin,60,Software Engineer,Liverpool,LOW,2022-12-20 15:48:15
C_101262,Charles,Williams,58,Project Manager,Coventry,HIGH,2021-12-30 16:52:32
C_101263,Charles,Ward,64,Accountant,Manchester,MEDIUM,2021-03-29 08:40:24
C_101264,Olivia,Smith,25,Accountant,Birmingham,HIGH,2024-08-25 19:45:46
C_101265,James,Martin,43,Accountant,Liverpool,LOW,2018-10-23 23:46:34
C_101266,Sarah,Smith,21,Electrician,Coventry,LOW,2021-03-10 00:37:43
C_101267,Christopher,Smith,18,Student,Edinburgh,LOW,2016-08-27 21:06:05
C_101268,Leo,Green,63,Registered Nurse,Bristol,LOW,2024-08-03 10:03:14
C_101269,Sophia,Young,18,Student,Belfast,LOW,2017-04-13 23:49:59
C_101270,Noah,Robinson,73,Retired,Edinburgh,LOW,2016-09-06 09:25:54
C_101271,Sophia,Jones,72,Retired,London,LOW,2019-12-03 03:58:28
C_101272,Harry,King,39,Sales Associate,Leeds,LOW,2020-03-01 15:08:41
C_101273,Harry,Hughes,52,Electrician,Cardiff,LOW,2019-10-04 14:51:35
C_101274,Nancy,Clarke,18,Student,London,LOW,2017-09-06 21:31:33
C_101275,George,Evans,55,Lawyer,Sheffield,LOW,2021-09-12 21:10:16
C_101276,Ashley,Jackson,59,Consultant,London,LOW,2017-09-06 13:52:30
C_101277,Michelle,Davies,54,Business Owner,Coventry,MEDIUM,2024-12-13 01:52:21
C_101278,Sarah,Patterson,49,Electrician,Glasgow,LOW,2022-06-14 10:40:12
C_101279,Isabella,Martin,18,Student,Liverpool,LOW,2017-04-17 08:46:34
C_101280,Christopher,Hill,36,Lawyer,Birmingham,MEDIUM,2023-04-30 17:37:39
C_101281,Sarah,Walker,39,Consultant,Coventry,LOW,2017-05-28 19:34:26
C_101282,Isabella,Hill,54,Accountant,Leicester,LOW,2019-07-09 04:17:41
C_101283,Leo,Hill,46,Administrative Assistant,Nottingham,LOW,2021-02-02 00:33:53
C_101284,Isla,Thomas,33,Doctor,Sheffield,LOW,2025-10-01 01:14:26
C_101285,Charles,Jones,36,Chef,Leeds,LOW,2017-05-02 12:15:46
C_101286,Michael,Baker,44,Teacher,Birmingham,LOW,2019-12-24 16:20:37
C_101287,Thomas,Harrison,52,Doctor,Sheffield,LOW,2018-01-21 21:27:54
C_101288,Jennifer,Davies,48,Unemployed,Newcastle,LOW,2017-12-24 18:31:12
C_101289,Kimberly,Baker,18,Student,Liverpool,LOW,2021-10-21 19:07:18
C_101290,Jessica,King,56,Electrician,Newcastle,LOW,2017-12-31 05:12:49
C_101291,Noah,Wright,39,Electrician,Birmingham,LOW,2017-11-09 04:18:58
C_101292,James,Green,41,Retired,Glasgow,MEDIUM,2018-11-28 22:04:11
C_101293,Michelle,Evans,31,Lawyer,Leicester,LOW,2022-09-17 01:26:49
C_101294,Elizabeth,Watson,48,Lawyer,Manchester,LOW,2019-04-23 03:59:27
C_101295,Ashley,Thomas,39,Accountant,Birmingham,MEDIUM,2019-02-14 04:14:24
C_101296,William,Davies,49,Registered Nurse,Liverpool,LOW,2019-10-05 10:03:10
C_101297,Daniel,King,46,Electrician,Nottingham,MEDIUM,2020-11-10 03:39:24
C_101298,Ashley,Scott,18,Teacher,Belfast,LOW,2017-07-14 21:20:53
C_101299,Richard,Walker,47,Student,Bristol,LOW,2024-03-23 18:05:06
C_101300,James,Wilson,18,Administrative Assistant,London,LOW,2018-12-13 22:19:56
C_101301,Richard,Baker,32,Lawyer,Belfast,MEDIUM,2025-11-04 10:55:34
C_101302,Lily,Hall,49,Driver,Cardiff,LOW,2021-05-24 10:45:20
C_101303,Muhammad,Walker,50,Unemployed,Liverpool,LOW,2020-10-06 04:13:00
C_101304,Ava,Mason,35,Student,Leicester,MEDIUM,2025-06-03 17:48:37
C_101305,Sarah,Hill,46,Accountant,Edinburgh,LOW,2025-07-17 14:53:29
C_101306,Arthur,Cooper,50,Electrician,Newcastle,LOW,2020-12-15 15:28:51
C_101307,Joseph,Edwards,55,Sales Associate,Liverpool,LOW,2016-07-05 11:13:57
C_101308,Christopher,Hill,45,Business Owner,Cardiff,LOW,2017-06-13 22:01:33
C_101309,Elizabeth,Jones,28,Electrician,Nottingham,LOW,2024-08-03 20:07:48
C_101310,Harry,Williams,42,Administrative Assistant,Manchester,LOW,2020-06-08 08:20:59
C_101311,James,Roberts,56,Administrative Assistant,Edinburgh,LOW,2016-02-25 01:18:48
C_101312,George,Scott,26,Doctor,London,LOW,2019-05-19 00:52:57
C_101313,Lily,White,54,Driver,Manchester,LOW,2025-10-30 09:49:49
C_101314,Leo,Brown,52,Software Engineer,Sheffield,LOW,2022-10-13 05:31:42
C_101315,Muhammad,Baker,50,Project Manager,Leicester,LOW,2021-09-29 00:51:11
C_101316,John,Green,40,Consultant,Bristol,LOW,2020-10-25 03:23:17
C_101317,Lily,Hill,44,Chef,Edinburgh,LOW,2016-03-11 18:05:47
C_101318,Kimberly,Lewis,51,Consultant,London,LOW,2018-08-08 16:16:40
C_101319,David,Patterson,46,Electrician,Manchester,LOW,2016-12-08 03:28:22
C_101320,Barbara,Roberts,44,Driver,Cardiff,LOW,2021-11-13 20:37:50
C_101321,Michelle,Walker,21,Student,Liverpool,LOW,2016-05-29 11:42:12
C_101322,Sandra,Ward,60,Accountant,Sheffield,LOW,2022-04-22 17:47:38
C_101323,Elizabeth,Young,29,Electrician,Bristol,LOW,2021-10-08 20:11:59
C_101324,Donna,Davies,59,Registered Nurse,Newcastle,LOW,2016-02-25 05:54:05
C_101325,Linda,Thomas,27,Business Owner,London,MEDIUM,2021-07-21 06:12:56
C_101326,Lisa,Scott,40,Chef,Newcastle,LOW,2019-04-30 04:16:51
C_101327,Charles,Hall,33,Plumber,Cardiff,LOW,2017-08-02 10:33:56
C_101328,Linda,Wright,34,Doctor,Bristol,LOW,2019-09-14 04:55:39
C_101329,Isla,Scott,51,Electrician,Newcastle,LOW,2021-04-11 02:26:28
C_101330,Oliver,Wood,48,Business Owner,Edinburgh,LOW,2017-01-22 02:13:29
C_101331,Karen,Mason,44,Chef,Nottingham,LOW,2023-01-19 00:30:51
C_101332,Mia,Green,35,Plumber,Cardiff,LOW,2018-11-09 20:25:46
C_101333,Elizabeth,Thompson,49,Accountant,Cardiff,LOW,2024-12-08 19:01:01
C_101334,Jessica,Clark,24,Consultant,Cardiff,LOW,2025-01-19 22:25:25
C_101335,Betty,Patterson,33,Student,Manchester,LOW,2025-10-22 00:00:32
C_101336,Robert,Brown,42,Doctor,Liverpool,LOW,2024-07-09 04:16:14
C_101337,Isabella,Cooper,30,Doctor,Liverpool,LOW,2021-11-08 11:32:26
C_101338,Linda,Davies,69,Retired,Bristol,LOW,2018-10-23 04:22:40
C_101339,Barbara,Hughes,46,Plumber,Coventry,LOW,2023-07-07 12:35:49
C_101340,Kimberly,Hughes,26,Administrative Assistant,Newcastle,LOW,2024-05-20 00:23:18
C_101341,Mia,Harrison,37,Consultant,Glasgow,LOW,2020-02-19 09:14:20
C_101342,Jennifer,Smith,44,Accountant,Belfast,LOW,2016-06-28 09:12:46
C_101343,Emily,Williams,41,Chef,Leicester,LOW,2020-02-22 01:02:59
C_101344,Karen,Johnson,48,Student,Birmingham,LOW,2025-06-26 04:20:53
C_101345,Arthur,Harrison,45,Business Owner,Coventry,LOW,2025-07-24 07:04:11
C_101346,Nancy,Mitchell,50,Electrician,Nottingham,LOW,2022-07-31 13:20:05
C_101347,Linda,Smith,59,Teacher,Birmingham,LOW,2024-07-15 18:15:35
C_101348,Amelia,Green,24,Accountant,Cardiff,LOW,2021-09-01 14:54:01
C_101349,Ava,Smith,31,Business Owner,Liverpool,LOW,2025-05-17 03:08:04
C_101350,Susan,Mason,33,Electrician,Cardiff,LOW,2016-03-23 06:09:55
C_101351,Oliver,Wright,48,Sales Associate,Glasgow,LOW,2023-03-15 06:57:26
C_101352,Donna,Wilson,34,Project Manager,Manchester,LOW,2022-05-03 11:29:18
C_101353,Thomas,Walker,53,Administrative Assistant,Manchester,HIGH,2018-11-28 16:00:19
C_101354,Sophia,Davies,41,Plumber,Leicester,LOW,2021-01-15 22:58:29
C_101355,Margaret,Roberts,36,Administrative Assistant,Sheffield,LOW,2023-03-31 10:30:39
C_101356,Ivy,Martin,51,Accountant,Birmingham,LOW,2018-05-13 09:24:04
C_101357,Ivy,Mason,43,Doctor,Manchester,LOW,2019-08-15 13:33:15
C_101358,Susan,Clark,80,Retired,Belfast,LOW,2016-02-02 05:46:47
C_101359,Thomas,Patterson,30,Business Owner,Manchester,MEDIUM,2019-06-08 05:55:31
C_101360,Daniel,Watson,55,Consultant,Sheffield,LOW,2020-06-23 17:14:32
C_101361,Isabella,Edwards,55,Doctor,Belfast,LOW,2016-06-13 08:31:50
C_101362,Michelle,King,25,Accountant,Cardiff,LOW,2016-04-26 05:58:19
C_101363,Jennifer,Roberts,48,Electrician,Leicester,MEDIUM,2017-01-05 11:15:37
C_101364,Amelia,Jackson,40,Software Engineer,Belfast,LOW,2025-11-25 06:15:53
C_101365,John,Wood,28,Administrative Assistant,Newcastle,LOW,2018-09-29 05:36:43
C_101366,Margaret,Cooper,55,Doctor,Manchester,LOW,2021-04-12 20:01:07
C_101367,Margaret,Lewis,65,Sales Associate,Leicester,MEDIUM,2020-05-06 04:40:43
C_101368,Robert,Wilson,38,Project Manager,Coventry,LOW,2025-10-14 15:27:32
C_101369,Sarah,Lewis,43,Consultant,London,LOW,2022-10-28 06:29:11
C_101370,Isabella,Clarke,35,Software Engineer,Cardiff,LOW,2020-06-18 02:48:47
C_101371,Nancy,Walker,31,Administrative Assistant,Glasgow,LOW,2019-10-22 13:59:00
C_101372,Nancy,Robinson,39,Driver,Belfast,LOW,2016-05-22 09:30:12
C_101373,Thomas,Robinson,18,Student,Birmingham,LOW,2024-03-20 03:41:31
C_101374,Nancy,Lewis,31,Driver,Belfast,LOW,2021-06-14 23:48:17
C_101375,Betty,Lewis,40,Construction Worker,Glasgow,LOW,2017-04-19 21:58:39
C_101376,Christopher,King,36,Electrician,Coventry,LOW,2020-02-03 04:03:57
C_101377,Ava,Hughes,43,Registered Nurse,Manchester,LOW,2023-12-08 21:29:12
C_101378,Sophia,Thompson,42,Unemployed,Newcastle,LOW,2019-02-27 01:27:02
C_101379,Oscar,Young,40,Plumber,Glasgow,LOW,2023-07-27 10:46:56
C_101380,George,Watson,34,Construction Worker,London,LOW,2019-05-04 23:09:19
C_101381,Noah,Carter,43,Retired,Birmingham,LOW,2017-05-31 05:15:58
C_101382,Lisa,Young,39,Unemployed,Sheffield,LOW,2025-04-04 19:03:43
C_101383,Susan,Mason,25,Teacher,Manchester,LOW,2024-02-12 23:13:19
C_101384,Muhammad,Clark,43,Electrician,Nottingham,LOW,2019-05-21 15:23:01
C_101385,Joseph,Jones,18,Registered Nurse,Newcastle,MEDIUM,2024-11-24 06:58:39
C_101386,Susan,Edwards,46,Teacher,Liverpool,LOW,2018-05-31 15:54:31
C_101387,Emily,Robinson,25,Driver,Nottingham,LOW,2019-03-13 09:55:40
C_101388,Oliver,Hill,18,Student,Bristol,LOW,2023-02-13 11:35:01
C_101389,Muhammad,Walker,19,Student,Glasgow,LOW,2022-10-31 16:46:17
C_101390,Jessica,Hill,46,Driver,Bristol,MEDIUM,2016-02-21 12:29:11
C_101391,Michael,Harris,35,Unemployed,Coventry,LOW,2018-05-12 19:22:41
C_101392,Sandra,Roberts,47,Teacher,Belfast,MEDIUM,2016-11-17 22:59:16
C_101393,Patricia,Cooper,54,Project Manager,Glasgow,LOW,2021-01-23 17:01:00
C_101394,George,Johnson,45,Plumber,Cardiff,LOW,2024-07-30 00:51:08
C_101395,Michelle,Hall,44,Sales Associate,Newcastle,MEDIUM,2017-06-23 13:46:41
C_101396,Sarah,Thomas,29,Business Owner,Cardiff,LOW,2025-09-12 05:47:35
C_101397,Donna,Lewis,43,Administrative Assistant,Newcastle,MEDIUM,2019-02-16 11:37:44
C_101398,David,Evans,54,Electrician,Edinburgh,LOW,2020-05-25 08:11:44
C_101399,Joseph,Young,50,Unemployed,Manchester,MEDIUM,2017-12-28 14:33:55
C_101400,James,Smith,43,Unemployed,Belfast,LOW,2017-02-06 13:57:26
C_101401,Jessica,Hill,61,Software Engineer,Cardiff,LOW,2022-11-02 22:34:14
C_101402,Jennifer,Davies,50,Software Engineer,Liverpool,LOW,2017-11-12 20:43:40
C_101403,Lisa,Patterson,53,Lawyer,Coventry,LOW,2017-10-23 16:40:00
C_101404,David,White,56,Project Manager,Birmingham,MEDIUM,2018-04-27 21:01:47
C_101405,Daniel,Mason,26,Sales Associate,Leicester,LOW,2021-03-04 18:12:44
C_101406,Nancy,Thomas,19,Student,London,LOW,2020-07-22 18:55:26
C_101407,Matthew,Clark,24,Accountant,Nottingham,LOW,2017-05-10 22:05:57
C_101408,Nancy,Watson,51,Teacher,Glasgow,LOW,2025-04-15 01:27:10
C_101409,David,Lewis,52,Unemployed,Newcastle,LOW,2017-02-28 05:18:54
C_101410,Sophia,Baker,48,Retired,Liverpool,LOW,2019-10-23 05:10:05
C_101411,Isabella,Patterson,34,Registered Nurse,Bristol,MEDIUM,2021-07-06 08:54:37
C_101412,Michelle,Edwards,29,Electrician,Leicester,LOW,2018-11-22 20:41:19
C_101413,Emily,Carter,42,Plumber,Cardiff,LOW,2019-04-07 11:09:54
C_101414,Ashley,Roberts,44,Unemployed,Belfast,LOW,2024-05-04 04:40:49
C_101415,Amelia,Carter,33,Sales Associate,London,MEDIUM,2022-07-16 11:01:49
C_101416,Amelia,Baker,23,Lawyer,Sheffield,MEDIUM,2021-10-17 14:46:34
C_101417,Matthew,Mitchell,50,Lawyer,Liverpool,LOW,2020-03-28 17:40:02
C_101418,Nancy,Roberts,59,Doctor,Nottingham,LOW,2023-07-02 02:21:27
C_101419,Michael,Walker,36,Accountant,Cardiff,LOW,2024-11-06 04:21:15
C_101420,Nancy,Thompson,35,Software Engineer,Coventry,LOW,2025-03-08 19:04:57
C_101421,Lily,Thompson,38,Business Owner,Liverpool,LOW,2019-01-16 20:08:40
C_101422,Elizabeth,Watson,18,Student,Leicester,LOW,2023-09-26 23:41:42
C_101423,Isabella,Walker,50,Teacher,Cardiff,LOW,2019-02-10 03:19:34
C_101424,Donna,Thompson,36,Sales Associate,Cardiff,LOW,2021-05-08 16:54:12
C_101425,Muhammad,Watson,49,Doctor,Birmingham,LOW,2021-05-03 07:11:13
C_101426,Muhammad,Watson,47,Project Manager,Cardiff,LOW,2020-10-26 04:03:37
C_101427,Kimberly,Harrison,50,Unemployed,London,LOW,2020-07-25 21:53:40
C_101428,Emily,Young,46,Doctor,Edinburgh,LOW,2023-03-28 10:54:34
C_101429,Sophia,Watson,33,Chef,Edinburgh,LOW,2020-12-07 04:03:30
C_101430,Michelle,Robinson,41,Lawyer,Bristol,LOW,2018-01-02 02:23:13
C_101431,Michelle,Hughes,46,Unemployed,Liverpool,LOW,2022-01-15 06:39:01
C_101432,Mia,Evans,50,Lawyer,Glasgow,LOW,2021-12-12 17:10:49
C_101433,Muhammad,Wood,55,Student,Liverpool,LOW,2024-08-05 14:25:35
C_101434,Isla,Roberts,45,Lawyer,Bristol,LOW,2024-11-04 15:10:45
C_101435,Kimberly,Green,33,Project Manager,Liverpool,LOW,2019-09-28 12:53:10
C_101436,Donna,Harris,39,Driver,Leicester,LOW,2024-07-19 14:42:43
C_101437,Arthur,Hill,23,Unemployed,Leicester,LOW,2025-03-06 07:21:44
C_101438,Ivy,Edwards,34,Electrician,Newcastle,LOW,2019-08-27 20:19:07
C_101439,Barbara,Thompson,60,Unemployed,Coventry,LOW,2016-10-31 08:51:08
C_101440,Isla,Harris,85,Retired,Newcastle,LOW,2023-12-03 17:43:57
C_101441,Isabella,Green,33,Unemployed,Nottingham,LOW,2021-04-16 04:53:20
C_101442,Donna,Brown,23,Construction Worker,Coventry,LOW,2017-09-08 21:28:27
C_101443,John,Ward,34,Sales Associate,Liverpool,LOW,2024-07-21 09:29:32
C_101444,Barbara,Scott,66,Retired,Birmingham,MEDIUM,2023-11-04 11:25:51
C_101445,David,Harrison,49,Electrician,Bristol,LOW,2020-01-23 12:07:28
C_101446,Mia,Edwards,18,Student,Belfast,LOW,2020-06-11 17:42:27
C_101447,Arthur,Scott,35,Teacher,Edinburgh,MEDIUM,2019-09-01 19:37:02
C_101448,Patricia,Hall,46,Registered Nurse,Cardiff,LOW,2022-04-05 04:05:23
C_101449,Elizabeth,Roberts,67,Retired,Bristol,LOW,2025-11-15 05:32:29
C_101450,Nancy,Martin,33,Construction Worker,Nottingham,LOW,2022-06-12 10:41:50
C_101451,Oliver,Mitchell,30,Accountant,Coventry,LOW,2023-07-25 11:53:30
C_101452,Elizabeth,Mason,46,Consultant,Nottingham,LOW,2025-11-14 21:00:09
C_101453,Amelia,Thompson,50,Retired,Birmingham,LOW,2022-10-01 01:26:11
C_101454,Olivia,Watson,38,Electrician,Nottingham,LOW,2018-05-05 07:20:37
C_101455,John,Roberts,39,Administrative Assistant,Leicester,LOW,2017-07-16 16:00:24
C_101456,Oscar,Clark,52,Teacher,Bristol,LOW,2018-03-24 07:29:12
C_101457,Richard,Baker,50,Retired,Edinburgh,MEDIUM,2024-02-15 18:48:18
C_101458,Oscar,Roberts,49,Doctor,Sheffield,LOW,2024-05-28 11:32:14
C_101459,Thomas,Thompson,34,Lawyer,Liverpool,LOW,2021-09-14 04:04:39
C_101460,Daniel,Jones,25,Plumber,Liverpool,MEDIUM,2025-05-19 02:22:39
C_101461,Charles,Wood,20,Driver,London,MEDIUM,2019-01-30 23:34:10
C_101462,Robert,Taylor,30,Consultant,London,LOW,2017-09-29 05:06:18
C_101463,Sandra,Patterson,48,Administrative Assistant,Coventry,LOW,2019-04-15 13:31:59
C_101464,Karen,Hill,55,Retired,Nottingham,LOW,2017-09-12 06:36:44
C_101465,David,Thomas,30,Plumber,Nottingham,LOW,2022-12-22 11:41:23
C_101466,George,Jones,18,Teacher,Manchester,MEDIUM,2016-07-09 19:38:30
C_101467,Richard,Carter,48,Business Owner,London,LOW,2018-07-01 03:21:14
C_101468,Thomas,Brown,24,Construction Worker,Coventry,MEDIUM,2020-12-08 04:53:36
C_101469,Sarah,Smith,33,Accountant,Manchester,LOW,2022-01-20 13:18:37
C_101470,Karen,Evans,39,Consultant,Leeds,LOW,2021-10-09 04:43:34
C_101471,Amelia,Walker,56,Driver,Glasgow,MEDIUM,2017-03-07 09:05:39
C_101472,Lily,Edwards,19,Electrician,Bristol,LOW,2021-10-30 18:49:11
C_101473,Susan,Green,49,Construction Worker,Liverpool,LOW,2022-07-01 01:14:45
C_101474,Donna,Clark,57,Retired,London,LOW,2016-05-19 08:39:32
C_101475,Isla,Lewis,32,Doctor,Coventry,LOW,2023-01-19 21:00:54
C_101476,Joseph,Harrison,63,Accountant,Edinburgh,LOW,2024-05-09 10:10:09
C_101477,Nancy,King,57,Retired,Glasgow,LOW,2025-10-11 17:44:38
C_101478,Barbara,Mason,53,Electrician,Leicester,LOW,2016-09-15 13:18:16
C_101479,Charles,Jones,29,Business Owner,Birmingham,LOW,2019-04-26 04:35:54
C_101480,William,Wood,39,Registered Nurse,Coventry,HIGH,2018-01-17 14:28:28
C_101481,Jennifer,Thompson,18,Student,Sheffield,LOW,2022-09-27 05:31:32
C_101482,Susan,Scott,45,Plumber,Edinburgh,LOW,2021-12-14 06:04:16
C_101483,David,Roberts,30,Sales Associate,Coventry,MEDIUM,2024-01-12 05:32:09
C_101484,Elizabeth,Mitchell,39,Teacher,Newcastle,LOW,2021-11-07 15:20:15
C_101485,Matthew,Mason,26,Project Manager,London,LOW,2023-12-11 20:14:04
C_101486,Betty,Wood,18,Student,Newcastle,LOW,2021-05-23 05:50:04
C_101487,Michelle,White,38,Construction Worker,Newcastle,LOW,2018-10-15 12:45:28
C_101488,Harry,Walker,57,Driver,Birmingham,LOW,2022-07-27 05:31:42
C_101489,Ivy,Harrison,30,Electrician,London,LOW,2021-11-02 11:19:44
C_101490,Linda,Evans,58,Sales Associate,Belfast,LOW,2025-03-21 04:32:46
C_101491,Elizabeth,Mitchell,40,Electrician,Nottingham,LOW,2016-06-16 13:53:24
C_101492,Sophia,Thomas,47,Retired,Nottingham,LOW,2025-09-15 17:44:31
C_101493,Michelle,Hall,34,Plumber,Leeds,MEDIUM,2023-06-16 18:00:19
C_101494,Sandra,Hughes,36,Accountant,Coventry,LOW,2019-02-03 09:09:46
C_101495,Lisa,King,29,Accountant,Liverpool,LOW,2017-02-18 17:40:41
C_101496,Isabella,Baker,41,Accountant,Birmingham,HIGH,2025-04-07 17:45:45
C_101497,Barbara,Carter,54,Lawyer,Coventry,MEDIUM,2020-04-16 01:31:58
C_101498,Sarah,Evans,52,Business Owner,Cardiff,LOW,2024-07-26 08:41:15
C_101499,David,Baker,38,Teacher,Liverpool,LOW,2020-12-08 16:46:30
C_101500,Susan,Scott,23,Construction Worker,Belfast,MEDIUM,2018-06-03 20:38:28
C_101501,Ava,Jones,46,Project Manager,Nottingham,LOW,2016-04-26 16:37:30
C_101502,Sophia,Jackson,53,Sales Associate,Glasgow,LOW,2016-07-14 11:48:54
C_101503,Daniel,Edwards,49,Chef,Leicester,MEDIUM,2023-04-09 11:43:09
C_101504,Donna,Lewis,69,Retired,Coventry,LOW,2019-12-11 22:26:33
C_101505,Elizabeth,Walker,35,Registered Nurse,Belfast,LOW,2022-12-21 18:06:08
C_101506,Lisa,Robinson,49,Doctor,Liverpool,LOW,2020-11-28 13:09:37
C_101507,Michelle,Roberts,58,Business Owner,Leeds,LOW,2021-09-04 23:23:08
C_101508,Barbara,Hall,55,Driver,Cardiff,LOW,2018-03-24 03:23:57
C_101509,Leo,Carter,51,Electrician,Edinburgh,LOW,2017-06-28 14:01:34
C_101510,Muhammad,Hall,36,Teacher,Leeds,LOW,2023-06-27 09:58:05
C_101511,George,Young,20,Student,Leeds,LOW,2025-02-06 07:51:47
C_101512,Amelia,Smith,58,Unemployed,Newcastle,LOW,2022-05-15 06:59:57
C_101513,Thomas,Robinson,61,Consultant,Nottingham,MEDIUM,2020-05-04 09:31:14
C_101514,Ashley,Clarke,51,Plumber,Liverpool,MEDIUM,2018-08-19 11:39:23
C_101515,Elizabeth,Jackson,18,Sales Associate,Cardiff,LOW,2024-10-17 18:28:32
C_101516,Ashley,Patterson,42,Sales Associate,Sheffield,LOW,2023-11-15 23:28:56
C_101517,Barbara,Walker,40,Teacher,Bristol,LOW,2021-07-29 21:31:11
C_101518,Charles,Brown,45,Teacher,Nottingham,LOW,2025-09-23 05:23:02
C_101519,Harry,Jackson,73,Retired,Bristol,LOW,2024-07-27 04:51:19
C_101520,Joseph,Wright,47,Project Manager,Liverpool,LOW,2024-12-14 18:29:38
C_101521,Thomas,Johnson,57,Teacher,Sheffield,LOW,2022-08-03 04:21:27
C_101522,Harry,Mitchell,24,Retired,Sheffield,LOW,2022-09-29 06:31:46
C_101523,Ava,Jones,49,Business Owner,Liverpool,LOW,2020-07-10 20:53:55
C_101524,Sandra,Clark,53,Doctor,Manchester,LOW,2018-01-19 03:29:24
C_101525,John,Jackson,28,Accountant,Bristol,LOW,2018-12-03 14:36:55
C_101526,Mia,Walker,31,Registered Nurse,Liverpool,LOW,2017-01-20 19:04:24
C_101527,Sophia,Jones,46,Business Owner,Manchester,LOW,2021-12-07 00:27:28
C_101528,Oliver,Harris,39,Consultant,Cardiff,LOW,2016-10-11 06:16:35
C_101529,Mia,Mitchell,41,Plumber,Birmingham,MEDIUM,2017-09-25 21:50:06
C_101530,David,Ward,28,Retired,Edinburgh,LOW,2025-03-08 16:12:20
C_101531,George,Mitchell,18,Business Owner,Glasgow,MEDIUM,2017-03-17 12:42:31
C_101532,Margaret,Robinson,44,Business Owner,Bristol,LOW,2017-09-27 22:19:32
C_101533,Michael,Mason,64,Driver,Leicester,LOW,2017-04-21 20:11:14
C_101534,Harry,Martin,34,Doctor,Leeds,LOW,2016-06-19 13:02:45
C_101535,Arthur,Patterson,72,Retired,Birmingham,LOW,2019-08-05 19:11:59
C_101536,Susan,Ward,52,Chef,Belfast,LOW,2019-08-05 04:55:57
C_101537,Christopher,Thompson,28,Driver,Newcastle,LOW,2021-07-01 00:52:03
C_101538,Patricia,Evans,33,Driver,Glasgow,LOW,2024-10-25 10:27:23
C_101539,Margaret,Williams,42,Registered Nurse,Glasgow,MEDIUM,2024-05-21 20:47:58
C_101540,Elizabeth,Robinson,54,Chef,London,LOW,2019-05-25 14:00:49
C_101541,Mia,Jackson,54,Retired,Edinburgh,LOW,2023-11-03 01:37:41
C_101542,Ivy,Evans,40,Sales Associate,Sheffield,LOW,2024-01-03 07:24:47
C_101543,Patricia,Wright,46,Teacher,Nottingham,LOW,2023-09-24 04:14:07
C_101544,James,Smith,70,Electrician,Newcastle,LOW,2020-03-02 14:38:05
C_101545,Noah,Johnson,30,Accountant,Nottingham,MEDIUM,2023-08-18 20:46:21
C_101546,Ashley,Wood,49,Software Engineer,Newcastle,LOW,2020-03-24 10:07:29
C_101547,Mia,Young,46,Unemployed,Manchester,LOW,2018-07-02 02:34:03
C_101548,Lisa,Thomas,41,Electrician,Manchester,MEDIUM,2018-11-16 14:29:53
C_101549,James,Watson,18,Student,Birmingham,LOW,2025-12-06 07:21:33
C_101550,Leo,Cooper,52,Lawyer,London,LOW,2017-03-23 04:03:22
C_101551,Lily,Taylor,51,Registered Nurse,Leeds,LOW,2020-02-28 15:57:03
C_101552,Donna,Johnson,35,Lawyer,Leicester,HIGH,2024-08-13 07:39:41
C_101553,Kimberly,Harris,34,Unemployed,Leeds,MEDIUM,2016-08-19 14:14:50
C_101554,Richard,Johnson,63,Sales Associate,Manchester,LOW,2019-10-07 23:57:26
C_101555,Kimberly,Harrison,21,Student,Glasgow,LOW,2017-08-10 19:55:12
C_101556,Robert,Williams,42,Retired,Sheffield,MEDIUM,2020-02-26 01:23:57
C_101557,Amelia,Evans,35,Sales Associate,Leicester,LOW,2022-04-27 19:51:50
C_101558,Harry,Jones,82,Retired,Glasgow,LOW,2020-05-03 16:22:19
C_101559,Donna,White,53,Plumber,Belfast,LOW,2017-09-19 16:32:15
C_101560,Elizabeth,Clarke,32,Retired,Newcastle,HIGH,2025-11-21 05:50:13
C_101561,David,Jones,39,Teacher,Bristol,LOW,2025-11-12 19:42:55
C_101562,Lily,Lewis,18,Administrative Assistant,Newcastle,MEDIUM,2021-03-01 16:28:05
C_101563,Christopher,Clark,40,Driver,Manchester,LOW,2018-04-23 08:57:24
C_101564,Ivy,Thompson,73,Plumber,Edinburgh,MEDIUM,2024-11-18 14:51:44
C_101565,David,Wood,33,Business Owner,Edinburgh,LOW,2019-05-15 22:42:15
C_101566,Thomas,Williams,31,Retired,Belfast,LOW,2021-10-20 15:43:14
C_101567,Ava,Harrison,43,Consultant,Leicester,LOW,2020-07-04 20:56:15
C_101568,Mia,Johnson,37,Student,Leicester,MEDIUM,2019-07-19 22:13:20
C_101569,Michelle,Mitchell,43,Teacher,Belfast,LOW,2016-09-24 03:07:19
C_101570,George,Smith,37,Plumber,Leeds,LOW,2018-05-22 11:11:52
C_101571,Harry,Clarke,46,Unemployed,Bristol,LOW,2017-12-18 10:32:56
C_101572,John,Evans,50,Student,Manchester,LOW,2021-12-20 22:30:40
C_101573,Thomas,Roberts,45,Accountant,Sheffield,LOW,2018-10-18 04:07:38
C_101574,Betty,Johnson,40,Software Engineer,Cardiff,LOW,2025-03-04 13:11:38
C_101575,Christopher,Baker,45,Software Engineer,Bristol,MEDIUM,2022-05-10 12:31:06
C_101576,Michael,Davies,29,Driver,Nottingham,LOW,2024-11-13 07:10:38
C_101577,Lisa,Harris,18,Student,Leicester,LOW,2022-12-22 21:29:34
C_101578,Thomas,Roberts,37,Lawyer,Glasgow,HIGH,2016-04-06 17:49:34
C_101579,Robert,Roberts,27,Project Manager,Glasgow,LOW,2020-11-08 12:17:19
C_101580,Noah,Green,66,Retired,Liverpool,LOW,2017-06-19 22:43:31
C_101581,Oliver,Ward,23,Doctor,Newcastle,LOW,2023-10-18 09:50:26
C_101582,Sandra,Clark,21,Student,Liverpool,LOW,2019-11-19 09:31:26
C_101583,Barbara,Thompson,41,Unemployed,Nottingham,LOW,2025-01-12 11:36:01
C_101584,Jennifer,Thomas,50,Retired,Liverpool,LOW,2022-05-31 08:37:36
C_101585,Leo,Brown,45,Unemployed,Belfast,MEDIUM,2024-10-24 03:51:11
C_101586,Karen,Thomas,18,Student,Leicester,LOW,2018-05-11 01:49:13
C_101587,Ashley,Davies,34,Administrative Assistant,Bristol,LOW,2023-12-10 18:02:00
C_101588,Sarah,Robinson,39,Consultant,Coventry,MEDIUM,2020-12-17 06:43:58
C_101589,Jennifer,Smith,44,Business Owner,Sheffield,LOW,2018-02-09 06:48:36
C_101590,Robert,Walker,19,Student,Newcastle,LOW,2019-03-15 07:56:47
C_101591,Charles,Edwards,71,Retired,Nottingham,MEDIUM,2018-10-27 10:14:50
C_101592,Michelle,Roberts,27,Construction Worker,Birmingham,LOW,2024-01-12 16:14:09
C_101593,Oliver,Davies,22,Plumber,Sheffield,LOW,2023-08-09 02:23:54
C_101594,Susan,Edwards,50,Plumber,Sheffield,LOW,2020-02-26 18:11:36
C_101595,John,Young,23,Teacher,Sheffield,LOW,2021-03-19 16:48:28
C_101596,Robert,Lewis,33,Unemployed,Manchester,LOW,2024-06-01 14:02:16
C_101597,Thomas,Jones,20,Student,London,LOW,2025-03-02 06:17:26
C_101598,Amelia,Baker,55,Software Engineer,Newcastle,LOW,2019-01-14 12:16:52
C_101599,Mia,Jones,41,Chef,Glasgow,LOW,2021-06-15 22:05:37
C_101600,Kimberly,Young,18,Student,Belfast,LOW,2017-03-10 02:26:09
C_101601,Robert,Patterson,45,Lawyer,Bristol,LOW,2020-09-01 17:51:31
C_101602,Oliver,Wood,46,Project Manager,Belfast,LOW,2022-11-10 04:26:10
C_101603,Sarah,Wilson,43,Plumber,Leicester,LOW,2017-06-08 13:27:19
C_101604,Susan,Patterson,23,Construction Worker,Leeds,LOW,2019-08-29 08:29:57
C_101605,Robert,Patterson,57,Consultant,Leicester,LOW,2018-03-07 04:37:43
C_101606,Robert,Ward,44,Sales Associate,Bristol,LOW,2025-12-26 00:42:22
C_101607,Robert,King,56,Student,Cardiff,LOW,2021-12-07 17:52:28
C_101608,Daniel,Carter,47,Driver,Leicester,LOW,2024-08-19 10:03:23
C_101609,Ashley,Johnson,27,Doctor,Leeds,LOW,2016-01-13 11:54:48
C_101610,William,Mitchell,41,Accountant,Liverpool,LOW,2019-07-10 22:01:08
C_101611,Elizabeth,Thompson,63,Business Owner,Glasgow,LOW,2024-03-31 07:05:51
C_101612,Linda,King,18,Construction Worker,Coventry,LOW,2018-12-05 07:26:10
C_101613,Amelia,Hall,48,Unemployed,Leicester,MEDIUM,2017-08-27 16:15:47
C_101614,Lisa,Clark,45,Electrician,Birmingham,MEDIUM,2021-02-10 10:02:49
C_101615,Mia,Carter,40,Student,Liverpool,MEDIUM,2017-05-22 01:54:31
C_101616,Robert,Cooper,41,Driver,Edinburgh,LOW,2020-11-13 23:31:55
C_101617,Robert,Lewis,22,Teacher,Belfast,LOW,2022-05-05 20:41:58
C_101618,Noah,King,51,Sales Associate,Birmingham,LOW,2020-01-02 12:18:43
C_101619,Leo,Hill,37,Driver,Edinburgh,LOW,2020-09-01 23:22:04
C_101620,Joseph,Johnson,43,Administrative Assistant,Bristol,LOW,2024-07-21 09:29:37
C_101621,Lily,White,51,Teacher,Leeds,LOW,2017-09-17 05:00:45
C_101622,Jennifer,Harris,24,Driver,London,LOW,2019-04-01 17:55:17
C_101623,George,Hill,43,Consultant,London,LOW,2022-07-14 17:53:37
C_101624,Oliver,Jackson,53,Plumber,Edinburgh,MEDIUM,2017-11-03 14:27:39
C_101625,Ivy,Johnson,52,Project Manager,Glasgow,LOW,2021-09-23 14:08:30
C_101626,Isla,Thompson,50,Administrative Assistant,Liverpool,MEDIUM,2020-05-27 04:20:19
C_101627,Nancy,Hall,39,Lawyer,Leicester,LOW,2018-01-27 04:06:10
C_101628,Noah,Clark,70,Retired,Cardiff,LOW,2019-05-08 07:48:14
C_101629,Jessica,Wood,38,Sales Associate,Cardiff,MEDIUM,2025-06-17 09:11:13
C_101630,Ivy,King,38,Driver,Cardiff,LOW,2021-07-06 17:28:57
C_101631,Barbara,Carter,53,Business Owner,Nottingham,LOW,2016-05-07 22:32:49
C_101632,Arthur,Smith,34,Consultant,Manchester,LOW,2020-02-16 07:50:20
C_101633,Nancy,Thompson,37,Software Engineer,Glasgow,LOW,2017-05-06 10:59:50
C_101634,Amelia,Edwards,26,Administrative Assistant,Birmingham,MEDIUM,2024-05-06 01:06:20
C_101635,Matthew,Robinson,46,Accountant,London,LOW,2021-05-18 02:18:14
C_101636,Kimberly,Johnson,30,Driver,London,LOW,2020-11-06 16:57:20
C_101637,Thomas,Robinson,51,Project Manager,Sheffield,LOW,2024-12-28 09:43:53
C_101638,George,Green,66,Retired,Coventry,MEDIUM,2022-04-08 17:47:12
C_101639,Lily,Williams,36,Plumber,Bristol,LOW,2022-02-08 05:58:02
C_101640,David,Clarke,53,Electrician,Sheffield,LOW,2020-07-25 06:20:01
C_101641,Jessica,Lewis,49,Doctor,Belfast,LOW,2020-01-15 15:43:05
C_101642,Leo,Carter,35,Plumber,Belfast,LOW,2024-06-14 19:37:55
C_101643,Margaret,Roberts,56,Student,Cardiff,LOW,2023-02-04 05:48:16
C_101644,Susan,Wilson,54,Construction Worker,Nottingham,LOW,2021-08-15 19:48:22
C_101645,Noah,Scott,31,Electrician,Bristol,LOW,2024-03-16 13:35:32
C_101646,Barbara,Lewis,45,Sales Associate,Cardiff,LOW,2020-07-29 03:52:29
C_101647,Lily,Mason,18,Administrative Assistant,Nottingham,LOW,2021-08-28 03:55:29
C_101648,Patricia,Johnson,22,Project Manager,Coventry,LOW,2023-02-27 03:30:59
C_101649,Mia,Jones,25,Administrative Assistant,Manchester,LOW,2023-08-19 02:35:50
C_101650,Harry,Edwards,40,Plumber,Belfast,LOW,2023-10-29 21:45:23
C_101651,John,Martin,38,Construction Worker,Cardiff,LOW,2021-05-13 23:07:39
C_101652,Karen,Baker,20,Student,Liverpool,LOW,2023-11-09 17:14:35
C_101653,Richard,Watson,53,Consultant,Cardiff,MEDIUM,2023-09-06 17:51:05
C_101654,George,Clark,20,Student,Edinburgh,LOW,2018-10-02 22:59:05
C_101655,Muhammad,Mason,37,Doctor,London,LOW,2022-03-13 16:25:39
C_101656,Ivy,Mitchell,39,Student,Cardiff,MEDIUM,2024-10-03 01:01:40
C_101657,Jennifer,Harrison,29,Chef,Belfast,LOW,2018-11-03 21:19:23
C_101658,Oscar,Scott,39,Project Manager,Coventry,LOW,2019-04-04 21:53:10
C_101659,Michael,Hughes,30,Registered Nurse,Leeds,LOW,2018-10-17 00:12:26
C_101660,Richard,Robinson,30,Consultant,Coventry,LOW,2024-01-02 16:11:23
C_101661,Sandra,Thomas,44,Plumber,Leicester,LOW,2016-03-25 19:07:15
C_101662,Sandra,Clarke,45,Doctor,London,LOW,2022-04-01 15:22:25
C_101663,Harry,Brown,49,Lawyer,Nottingham,LOW,2025-10-26 05:00:25
C_101664,Oscar,Jones,23,Administrative Assistant,Bristol,LOW,2022-02-14 13:35:31
C_101665,Barbara,Edwards,23,Retired,Cardiff,LOW,2022-04-11 01:26:50
C_101666,Lily,Thompson,32,Driver,London,LOW,2021-09-20 00:26:34
C_101667,Oscar,Scott,51,Software Engineer,Glasgow,MEDIUM,2017-07-15 11:38:01
C_101668,Isabella,Patterson,50,Doctor,Bristol,LOW,2017-02-09 06:16:39
C_101669,Richard,Cooper,48,Registered Nurse,Manchester,LOW,2025-08-14 18:33:49
C_101670,Amelia,Brown,18,Student,Leeds,LOW,2020-08-20 22:46:41
C_101671,David,Walker,55,Construction Worker,London,MEDIUM,2024-10-02 14:22:04
C_101672,George,Thompson,35,Sales Associate,Sheffield,MEDIUM,2021-05-17 22:23:15
C_101673,Jennifer,Hill,56,Retired,Leeds,LOW,2019-03-24 18:06:00
C_101674,Harry,Hughes,46,Chef,Birmingham,LOW,2024-09-17 05:17:59
C_101675,Nancy,Taylor,36,Unemployed,Belfast,LOW,2019-10-30 11:02:59
C_101676,Elizabeth,Carter,35,Doctor,Edinburgh,LOW,2024-06-29 21:27:54
C_101677,Sandra,Cooper,67,Retired,Liverpool,LOW,2021-06-28 12:28:00
C_101678,Elizabeth,Scott,44,Accountant,Nottingham,LOW,2019-03-29 21:38:33
C_101679,Jennifer,Walker,64,Plumber,Glasgow,LOW,2019-10-04 18:50:52
C_101680,Margaret,Hill,28,Administrative Assistant,Leicester,LOW,2024-10-28 05:04:15
C_101681,Sandra,Hall,18,Student,Leeds,LOW,2022-07-10 18:56:12
C_101682,Ava,Thomas,46,Electrician,Manchester,MEDIUM,2025-01-29 18:05:36
C_101683,David,White,32,Consultant,Bristol,LOW,2017-08-22 09:16:27
C_101684,Sarah,Brown,44,Consultant,Newcastle,LOW,2016-07-27 15:34:20
C_101685,Lisa,Young,46,Driver,Liverpool,LOW,2018-01-11 04:28:30
C_101686,David,Williams,21,Student,Nottingham,LOW,2020-09-29 07:27:35
C_101687,Noah,Ward,35,Sales Associate,Cardiff,LOW,2024-06-06 09:42:41
C_101688,Barbara,Jackson,51,Chef,Cardiff,LOW,2018-06-19 06:15:23
C_101689,Richard,Wright,43,Retired,Birmingham,LOW,2022-11-20 09:49:13
C_101690,Patricia,Thomas,29,Retired,Nottingham,LOW,2018-06-21 10:10:30
C_101691,Muhammad,Smith,32,Consultant,Coventry,LOW,2020-05-02 16:14:39
C_101692,Ivy,Walker,51,Driver,Coventry,LOW,2020-04-06 00:50:18
C_101693,Elizabeth,Green,20,Construction Worker,Edinburgh,LOW,2016-03-25 18:10:09
C_101694,Jennifer,Mitchell,37,Administrative Assistant,Liverpool,LOW,2016-11-12 21:52:48
C_101695,Sandra,Clark,28,Administrative Assistant,Liverpool,LOW,2019-01-27 09:03:26
C_101696,Ashley,Hall,57,Doctor,London,LOW,2022-04-26 08:53:11
C_101697,Nancy,Brown,36,Driver,Cardiff,LOW,2020-04-09 00:44:46
C_101698,Patricia,Hughes,28,Sales Associate,Glasgow,LOW,2018-11-30 17:25:21
C_101699,Isla,Roberts,25,Lawyer,Cardiff,LOW,2018-03-12 01:19:17
C_101700,Richard,Clarke,27,Retired,Birmingham,LOW,2022-03-14 01:49:22
C_101701,Sophia,Davies,42,Student,Glasgow,LOW,2020-11-20 10:08:25
C_101702,Ava,Walker,39,Registered Nurse,Leeds,MEDIUM,2022-12-18 01:53:54
C_101703,Susan,Robinson,32,Construction Worker,Nottingham,LOW,2016-03-11 07:06:49
C_101704,Sarah,Brown,51,Business Owner,Leicester,LOW,2024-07-13 13:25:56
C_101705,Kimberly,Robinson,42,Lawyer,Nottingham,LOW,2017-07-06 06:04:49
C_101706,Arthur,Patterson,32,Plumber,Cardiff,LOW,2021-03-09 08:56:56
C_101707,Daniel,Robinson,59,Retired,Belfast,LOW,2016-06-22 02:26:31
C_101708,Richard,Wilson,64,Driver,Edinburgh,LOW,2020-07-12 19:06:59
C_101709,Daniel,Scott,33,Driver,Leicester,LOW,2020-07-27 06:04:35
C_101710,Jennifer,Young,51,Construction Worker,Newcastle,LOW,2020-03-10 00:52:09
C_101711,Robert,Young,37,Student,Bristol,MEDIUM,2024-11-11 05:05:29
C_101712,Nancy,Wood,39,Sales Associate,Nottingham,LOW,2021-06-16 14:32:09
C_101713,Daniel,Mason,38,Student,Newcastle,MEDIUM,2018-10-02 05:17:55
C_101714,Lisa,Evans,36,Unemployed,Nottingham,LOW,2023-04-30 15:46:44
C_101715,Harry,Carter,18,Student,Nottingham,HIGH,2025-07-02 17:27:23
C_101716,Harry,Jackson,36,Lawyer,Manchester,LOW,2017-02-18 05:18:48
C_101717,Donna,Cooper,27,Software Engineer,Bristol,LOW,2024-12-14 22:18:57
C_101718,Daniel,Jackson,46,Teacher,Leicester,LOW,2017-05-20 15:57:41
C_101719,Michelle,Young,38,Chef,Sheffield,LOW,2021-09-03 02:26:59
C_101720,Amelia,Clark,27,Accountant,Manchester,LOW,2018-03-15 03:23:34
C_101721,Karen,Clark,35,Teacher,Glasgow,LOW,2017-06-28 07:04:52
C_101722,Thomas,Ward,58,Consultant,Glasgow,HIGH,2018-05-12 00:01:14
C_101723,Harry,Roberts,53,Doctor,Leicester,LOW,2021-04-02 06:01:46
C_101724,Margaret,Young,18,Student,Liverpool,MEDIUM,2018-11-23 21:00:34
C_101725,Barbara,Cooper,29,Lawyer,Manchester,LOW,2025-05-14 21:28:23
C_101726,Linda,Green,75,Retired,London,LOW,2019-01-19 11:56:51
C_101727,Jennifer,Wood,41,Driver,London,MEDIUM,2019-05-15 09:22:49
C_101728,Muhammad,Johnson,50,Sales Associate,Nottingham,MEDIUM,2021-03-16 05:34:47
C_101729,Muhammad,Watson,42,Driver,Newcastle,LOW,2019-05-10 02:57:13
C_101730,Isabella,Roberts,59,Teacher,Newcastle,LOW,2020-11-05 05:36:31
C_101731,Thomas,Patterson,59,Plumber,Birmingham,LOW,2021-06-15 17:54:29
C_101732,Joseph,Baker,29,Sales Associate,Glasgow,LOW,2025-01-08 06:00:13
C_101733,Michael,Roberts,47,Registered Nurse,Birmingham,LOW,2024-12-05 00:18:32
C_101734,Amelia,Watson,25,Student,London,LOW,2017-12-28 01:11:24
C_101735,Olivia,Hall,60,Plumber,Belfast,LOW,2016-06-14 06:00:55
C_101736,John,Martin,57,Accountant,Cardiff,LOW,2025-05-20 19:09:15
C_101737,Harry,Mitchell,36,Accountant,Manchester,LOW,2023-11-06 18:44:47
C_101738,Muhammad,Young,50,Teacher,Newcastle,MEDIUM,2023-06-16 05:55:39
C_101739,Sandra,Patterson,53,Lawyer,Glasgow,LOW,2023-11-30 14:36:12
C_101740,Thomas,White,47,Unemployed,Manchester,LOW,2016-05-30 02:53:34
C_101741,Arthur,Baker,52,Unemployed,Manchester,LOW,2016-10-27 10:17:04
C_101742,Michael,Harris,48,Construction Worker,Newcastle,LOW,2023-03-24 20:06:07
C_101743,Kimberly,Baker,25,Doctor,Belfast,LOW,2017-10-03 14:13:42
C_101744,Mia,Jackson,53,Retired,Coventry,LOW,2023-05-20 14:28:19
C_101745,Ashley,Harris,35,Construction Worker,Belfast,LOW,2024-06-05 20:37:41
C_101746,Sandra,Robinson,60,Doctor,Nottingham,HIGH,2017-08-29 01:31:48
C_101747,Olivia,White,42,Accountant,Nottingham,LOW,2018-01-09 15:12:51
C_101748,Noah,Smith,52,Plumber,Liverpool,LOW,2021-05-31 18:14:37
C_101749,Mia,Wright,18,Student,Newcastle,MEDIUM,2022-08-15 22:17:56
C_101750,Karen,Thompson,18,Student,Sheffield,LOW,2019-04-03 19:37:00
C_101751,Michelle,Mason,25,Construction Worker,Cardiff,LOW,2024-11-17 02:17:11
C_101752,Matthew,Hill,45,Electrician,Coventry,LOW,2021-01-14 09:38:14
C_101753,John,Taylor,64,Consultant,Glasgow,LOW,2016-01-18 19:19:25
C_101754,Lily,Taylor,57,Chef,Newcastle,LOW,2025-09-27 23:18:08
C_101755,John,Carter,49,Consultant,Leeds,LOW,2022-03-12 10:28:10
C_101756,Oscar,White,58,Electrician,Manchester,LOW,2018-03-31 00:31:02
C_101757,Margaret,Hughes,25,Accountant,Newcastle,LOW,2020-10-12 07:25:50
C_101758,Kimberly,Roberts,27,Project Manager,Glasgow,HIGH,2023-10-03 19:58:36
C_101759,Lisa,Brown,68,Accountant,Birmingham,LOW,2019-10-14 04:25:17
C_101760,Jennifer,Watson,41,Accountant,Leicester,LOW,2024-11-05 03:21:02
C_101761,William,Robinson,38,Accountant,Sheffield,LOW,2022-12-15 03:08:47
C_101762,Harry,Roberts,31,Chef,Leeds,LOW,2024-06-28 22:59:41
C_101763,William,Jones,35,Construction Worker,Birmingham,LOW,2024-09-12 14:39:11
C_101764,Ivy,Roberts,21,Consultant,Birmingham,HIGH,2024-05-08 08:15:20
C_101765,Betty,Young,44,Electrician,Belfast,LOW,2016-06-20 01:19:28
C_101766,Christopher,Thompson,23,Plumber,Belfast,LOW,2024-05-28 00:16:14
C_101767,Robert,Mason,47,Business Owner,Cardiff,LOW,2021-07-17 20:09:19
C_101768,Barbara,Martin,60,Sales Associate,Glasgow,LOW,2020-10-09 10:41:03
C_101769,Noah,Evans,26,Student,Sheffield,LOW,2020-04-03 05:34:18
C_101770,Emily,Martin,59,Doctor,Glasgow,LOW,2020-07-24 00:49:39
C_101771,George,Hall,27,Student,Nottingham,LOW,2022-09-21 03:38:43
C_101772,David,Thomas,28,Electrician,Liverpool,MEDIUM,2018-01-18 20:59:11
C_101773,Ivy,Baker,51,Accountant,Glasgow,LOW,2022-03-03 19:42:30
C_101774,Leo,Cooper,53,Project Manager,Birmingham,MEDIUM,2024-06-08 01:28:59
C_101775,John,Hill,27,Teacher,Manchester,LOW,2022-08-06 00:08:45
C_101776,Muhammad,Patterson,39,Retired,Cardiff,MEDIUM,2024-11-26 09:00:50
C_101777,Leo,Martin,19,Consultant,Birmingham,LOW,2016-03-09 17:07:25
C_101778,Ivy,Wilson,59,Construction Worker,London,LOW,2025-10-24 09:57:03
C_101779,Susan,Thompson,41,Construction Worker,Leeds,LOW,2020-05-10 07:00:27
C_101780,Linda,Hall,35,Consultant,Newcastle,MEDIUM,2019-03-24 09:48:25
C_101781,Isabella,Mitchell,51,Construction Worker,Glasgow,LOW,2021-07-31 00:03:10
C_101782,Oscar,Lewis,50,Student,Cardiff,LOW,2023-03-09 21:07:28
C_101783,Oscar,White,59,Student,Leeds,LOW,2017-04-06 20:55:10
C_101784,Oliver,Wright,72,Retired,Liverpool,LOW,2017-08-14 05:21:05
C_101785,Kimberly,Thomas,55,Construction Worker,Newcastle,LOW,2023-08-18 10:00:53
C_101786,Christopher,Thompson,52,Driver,Liverpool,LOW,2023-06-20 08:50:20
C_101787,Patricia,Young,61,Accountant,London,LOW,2017-10-11 02:14:08
C_101788,Arthur,Mason,42,Business Owner,Nottingham,LOW,2019-03-06 10:10:12
C_101789,Ava,Hughes,54,Lawyer,Birmingham,LOW,2019-11-25 11:02:20
C_101790,Nancy,Walker,38,Accountant,Coventry,LOW,2020-05-18 09:49:02
C_101791,Isla,Patterson,41,Chef,Edinburgh,LOW,2017-08-15 03:59:54
C_101792,Emily,Clarke,43,Accountant,Coventry,LOW,2024-12-18 11:17:40
C_101793,Donna,Lewis,54,Project Manager,Glasgow,LOW,2024-06-30 20:14:30
C_101794,Karen,Ward,57,Retired,Belfast,LOW,2021-12-04 00:07:21
C_101795,Amelia,Jones,28,Chef,Newcastle,LOW,2016-01-06 17:30:48
C_101796,Mia,Robinson,28,Construction Worker,Glasgow,LOW,2019-01-18 21:20:33
C_101797,Mia,Lewis,44,Driver,Bristol,LOW,2025-12-25 08:54:57
C_101798,Robert,Taylor,55,Sales Associate,Edinburgh,LOW,2018-07-21 15:41:08
C_101799,Barbara,Jones,47,Student,Leeds,LOW,2016-06-28 07:27:44
C_101800,Daniel,Hill,45,Business Owner,Belfast,HIGH,2022-02-24 16:03:59
C_101801,Ashley,Wilson,33,Plumber,Birmingham,LOW,2016-02-17 21:23:24
C_101802,Thomas,Thomas,44,Accountant,Leicester,LOW,2024-05-15 22:54:18
C_101803,Michelle,White,44,Software Engineer,Nottingham,LOW,2025-02-28 07:52:38
C_101804,Thomas,Martin,22,Sales Associate,Nottingham,LOW,2016-01-01 15:33:01
C_101805,Sandra,Jackson,43,Business Owner,Belfast,LOW,2023-06-26 10:01:18
C_101806,Mia,Robinson,52,Teacher,Sheffield,LOW,2025-04-11 07:36:43
C_101807,Mia,Wilson,36,Unemployed,Leeds,LOW,2016-05-08 04:17:30
C_101808,Kimberly,Wright,28,Project Manager,Coventry,LOW,2017-09-22 02:18:12
C_101809,Isla,Patterson,38,Teacher,Edinburgh,LOW,2025-06-14 15:18:16
C_101810,Muhammad,Davies,50,Student,Newcastle,LOW,2018-07-28 06:03:02
C_101811,Emily,Scott,49,Consultant,Nottingham,MEDIUM,2022-07-26 12:01:00
C_101812,Christopher,Roberts,61,Consultant,Leeds,MEDIUM,2020-10-06 06:16:02
C_101813,Karen,Harrison,34,Administrative Assistant,Nottingham,LOW,2024-08-27 00:43:45
C_101814,Mia,Lewis,20,Unemployed,Coventry,LOW,2024-12-06 04:36:57
C_101815,Arthur,Walker,54,Business Owner,Edinburgh,LOW,2023-04-14 21:08:28
C_101816,Ashley,Wilson,60,Registered Nurse,Leeds,LOW,2016-12-08 12:20:48
C_101817,Linda,Watson,28,Chef,Manchester,LOW,2016-06-29 15:34:22
C_101818,Patricia,Wright,47,Student,Cardiff,LOW,2020-09-25 23:04:40
C_101819,Elizabeth,Davies,50,Retired,Belfast,LOW,2025-07-02 12:17:40
C_101820,George,Taylor,70,Retired,Sheffield,LOW,2019-08-13 06:00:16
C_101821,Michelle,Baker,39,Unemployed,Leicester,MEDIUM,2023-04-06 13:31:38
C_101822,Arthur,Carter,36,Business Owner,Leicester,MEDIUM,2023-03-29 10:33:12
C_101823,Michelle,Hall,35,Student,Cardiff,LOW,2022-01-20 17:21:32
C_101824,James,Young,44,Student,Manchester,LOW,2019-03-29 18:15:21
C_101825,Karen,Taylor,33,Lawyer,Newcastle,LOW,2016-06-29 21:48:59
C_101826,Arthur,Smith,76,Retired,Liverpool,LOW,2024-02-13 18:46:58
C_101827,Emily,Scott,28,Business Owner,Leeds,LOW,2024-12-11 09:48:32
C_101828,Jennifer,Walker,60,Teacher,Liverpool,LOW,2017-11-28 21:00:05
C_101829,Richard,Taylor,43,Doctor,London,LOW,2018-09-11 14:56:03
C_101830,Sarah,Mitchell,45,Software Engineer,Leicester,LOW,2023-02-19 19:08:40
C_101831,Ava,Wilson,27,Teacher,Nottingham,LOW,2020-05-23 09:12:16
C_101832,Linda,Thomas,49,Accountant,Coventry,LOW,2022-02-20 17:14:41
C_101833,Patricia,White,42,Administrative Assistant,Edinburgh,LOW,2020-06-25 09:45:01
C_101834,Isabella,Johnson,46,Driver,Cardiff,LOW,2024-02-21 06:13:16
C_101835,Linda,Ward,52,Project Manager,Newcastle,LOW,2016-03-25 08:50:13
C_101836,Thomas,Wilson,30,Lawyer,Newcastle,LOW,2019-06-22 09:10:10
C_101837,Leo,Mason,37,Plumber,Leicester,LOW,2025-10-17 01:32:26
C_101838,Ava,Lewis,66,Retired,Belfast,LOW,2018-02-24 00:50:49
C_101839,Betty,Davies,40,Accountant,Coventry,LOW,2022-06-16 19:18:34
C_101840,Jennifer,Jones,66,Retired,Sheffield,LOW,2017-12-31 10:01:41
C_101841,Michael,Wilson,37,Teacher,Belfast,LOW,2016-06-02 10:32:51
C_101842,Margaret,Williams,32,Plumber,Leeds,LOW,2018-11-21 21:22:35
C_101843,Robert,Thomas,38,Student,Leicester,LOW,2017-01-22 21:50:24
C_101844,Daniel,Scott,35,Business Owner,Edinburgh,LOW,2018-03-24 08:46:40
C_101845,Jessica,Davies,45,Administrative Assistant,Manchester,LOW,2019-08-16 08:13:05
C_101846,Noah,Hill,72,Registered Nurse,Cardiff,LOW,2021-07-27 11:55:18
C_101847,Richard,Evans,40,Construction Worker,Leicester,LOW,2025-09-09 19:05:43
C_101848,Oliver,Smith,54,Software Engineer,Leicester,LOW,2017-03-13 12:10:55
C_101849,Thomas,Thomas,49,Lawyer,Nottingham,LOW,2023-09-20 13:44:12
C_101850,Michael,Patterson,48,Project Manager,Coventry,HIGH,2017-05-05 15:07:41
C_101851,Oliver,Mitchell,49,Plumber,Manchester,MEDIUM,2016-11-08 11:19:53
C_101852,Sarah,Brown,49,Business Owner,Edinburgh,LOW,2018-08-05 14:27:15
C_101853,Linda,Patterson,38,Student,Leicester,HIGH,2018-03-08 06:12:40
C_101854,Kimberly,Roberts,68,Retired,Leeds,LOW,2019-10-04 12:17:42
C_101855,Thomas,Brown,74,Retired,Edinburgh,LOW,2024-05-18 01:33:36
C_101856,David,Jones,52,Doctor,Nottingham,LOW,2020-11-18 01:41:16
C_101857,Linda,Evans,30,Registered Nurse,Coventry,MEDIUM,2016-04-21 14:03:51
C_101858,Amelia,Mason,50,Electrician,Liverpool,LOW,2020-10-26 18:32:05
C_101859,Barbara,Robinson,40,Doctor,Newcastle,LOW,2023-03-23 05:11:30
C_101860,Karen,Wright,28,Chef,London,LOW,2021-01-06 07:03:57
C_101861,Michael,Wood,43,Administrative Assistant,Leeds,LOW,2022-11-22 04:31:10
C_101862,Arthur,Evans,49,Software Engineer,Cardiff,LOW,2021-09-09 13:24:26
C_101863,Susan,Baker,67,Retired,Nottingham,LOW,2021-01-29 09:17:35
C_101864,Jessica,Roberts,36,Consultant,Cardiff,MEDIUM,2020-09-19 22:44:12
C_101865,Susan,Clark,67,Retired,Leicester,LOW,2024-03-08 16:36:35
C_101866,Leo,Scott,31,Plumber,Cardiff,LOW,2022-05-18 09:02:12
C_101867,Amelia,Martin,44,Lawyer,Nottingham,LOW,2022-12-09 07:04:47
C_101868,Ava,Thompson,51,Student,Leicester,MEDIUM,2020-07-13 20:31:53
C_101869,Barbara,Williams,34,Chef,Bristol,LOW,2023-03-07 04:17:09
C_101870,Daniel,Hill,36,Project Manager,Edinburgh,MEDIUM,2024-02-15 08:18:18
C_101871,Linda,Carter,21,Student,Nottingham,MEDIUM,2017-07-21 23:55:48
C_101872,Barbara,Jones,31,Consultant,Cardiff,LOW,2016-05-02 19:59:51
C_101873,Amelia,Lewis,45,Student,Newcastle,LOW,2017-01-17 20:02:50
C_101874,Richard,Ward,37,Registered Nurse,Nottingham,LOW,2016-03-02 20:27:15
C_101875,Matthew,Hughes,52,Electrician,Nottingham,LOW,2018-10-28 06:59:31
C_101876,Emily,Lewis,43,Project Manager,Coventry,LOW,2023-01-08 01:28:36
C_101877,George,Roberts,41,Software Engineer,Belfast,MEDIUM,2020-11-13 21:51:34
C_101878,Joseph,Clark,42,Administrative Assistant,Coventry,LOW,2025-03-27 00:55:40
C_101879,Arthur,Brown,38,Accountant,Birmingham,LOW,2022-10-20 02:39:49
C_101880,Donna,Harris,23,Retired,Coventry,LOW,2018-03-13 21:12:24
C_101881,Christopher,Hill,45,Plumber,Leeds,LOW,2019-01-11 00:36:44
C_101882,Patricia,Harrison,40,Retired,London,LOW,2021-01-13 05:05:14
C_101883,Kimberly,Lewis,52,Student,Cardiff,LOW,2016-03-20 20:13:25
C_101884,Leo,Young,73,Driver,Manchester,LOW,2022-09-30 02:25:54
C_101885,Sophia,Jones,36,Chef,Glasgow,LOW,2018-03-10 07:13:29
C_101886,Mia,Mason,57,Retired,Leeds,LOW,2020-07-01 03:57:29
C_101887,Daniel,Watson,61,Administrative Assistant,Coventry,HIGH,2017-11-03 03:42:04
C_101888,Leo,Carter,28,Sales Associate,Leicester,LOW,2025-04-02 18:41:18
C_101889,Betty,Harris,24,Consultant,Liverpool,LOW,2018-02-18 07:56:46
C_101890,Christopher,Brown,62,Project Manager,Glasgow,LOW,2024-02-21 06:08:31
C_101891,Jessica,Harris,36,Business Owner,Newcastle,LOW,2016-08-04 08:36:39
C_101892,Christopher,Wright,68,Retired,Birmingham,MEDIUM,2021-03-12 18:11:31
C_101893,Betty,King,32,Software Engineer,Coventry,LOW,2017-01-12 17:53:51
C_101894,Jessica,Watson,50,Administrative Assistant,Glasgow,LOW,2020-09-15 06:14:54
C_101895,Susan,Watson,19,Student,Newcastle,MEDIUM,2018-08-06 19:38:14
C_101896,Isabella,Thomas,52,Electrician,Newcastle,LOW,2018-07-26 20:50:28
C_101897,Michelle,Harrison,58,Construction Worker,Newcastle,LOW,2017-05-02 16:30:50
C_101898,Matthew,Williams,18,Sales Associate,Edinburgh,LOW,2017-08-23 00:33:46
C_101899,David,Smith,38,Retired,Manchester,LOW,2019-12-01 11:56:17
C_101900,Margaret,Roberts,25,Plumber,London,LOW,2022-01-17 16:17:06
C_101901,Muhammad,Edwards,39,Registered Nurse,Edinburgh,LOW,2017-12-14 02:38:55
C_101902,Susan,Wilson,35,Unemployed,Leicester,LOW,2016-06-10 20:17:56
C_101903,Jessica,Watson,50,Construction Worker,Cardiff,LOW,2019-03-28 19:54:20
C_101904,George,Roberts,36,Accountant,Edinburgh,MEDIUM,2023-04-09 04:43:57
C_101905,John,Carter,27,Lawyer,Edinburgh,LOW,2023-04-05 03:03:31
C_101906,James,Jackson,39,Unemployed,Leicester,LOW,2016-05-26 23:50:30
C_101907,Christopher,Davies,37,Chef,Newcastle,LOW,2021-05-10 07:08:08
C_101908,Elizabeth,Robinson,18,Registered Nurse,Belfast,HIGH,2021-07-20 22:13:30
C_101909,Elizabeth,Young,38,Consultant,Nottingham,LOW,2021-07-29 05:36:13
C_101910,Olivia,Harris,42,Teacher,Leicester,LOW,2019-07-27 19:05:32
C_101911,Oliver,Lewis,52,Sales Associate,Liverpool,LOW,2019-01-08 01:05:18
C_101912,Betty,Clarke,52,Electrician,Belfast,LOW,2016-06-05 01:06:55
C_101913,Margaret,Thomas,18,Student,Manchester,MEDIUM,2020-05-29 16:46:23
C_101914,Jessica,Lewis,30,Project Manager,Manchester,LOW,2023-02-09 04:50:45
C_101915,Margaret,Watson,79,Retired,Leeds,MEDIUM,2018-03-07 19:53:09
C_101916,Susan,Evans,37,Registered Nurse,Belfast,LOW,2019-09-04 06:47:38
C_101917,Elizabeth,Martin,20,Student,Leicester,LOW,2017-02-22 08:08:21
C_101918,Jennifer,Evans,44,Plumber,London,MEDIUM,2021-06-28 18:53:37
C_101919,Sophia,Clark,66,Retired,Leicester,LOW,2023-08-17 10:27:37
C_101920,Sophia,Walker,66,Retired,Birmingham,MEDIUM,2017-04-08 17:31:14
C_101921,Sarah,Patterson,31,Electrician,Cardiff,LOW,2024-11-23 01:22:20
C_101922,Leo,Clarke,31,Electrician,Glasgow,LOW,2019-08-31 11:56:00
C_101923,Mia,Evans,33,Administrative Assistant,Coventry,LOW,2024-02-29 19:05:50
C_101924,Muhammad,White,54,Electrician,London,LOW,2022-12-17 09:40:32
C_101925,Amelia,Evans,19,Student,Liverpool,LOW,2020-04-17 22:25:03
C_101926,Linda,Thomas,51,Chef,London,LOW,2025-05-12 04:47:33
C_101927,Michelle,Patterson,23,Sales Associate,Coventry,LOW,2022-04-03 12:40:54
C_101928,Joseph,Roberts,57,Construction Worker,Newcastle,LOW,2019-08-21 21:14:49
C_101929,Jennifer,Hill,54,Unemployed,Glasgow,LOW,2017-11-17 05:01:56
C_101930,Patricia,Martin,56,Accountant,Edinburgh,LOW,2024-03-20 21:25:12
C_101931,Charles,Clarke,52,Project Manager,Manchester,LOW,2019-06-01 22:22:08
C_101932,Oscar,Davies,55,Electrician,London,LOW,2025-07-17 00:13:40
C_101933,Noah,Taylor,30,Sales Associate,Cardiff,LOW,2018-08-08 02:38:55
C_101934,Isabella,Wilson,61,Business Owner,Leicester,LOW,2019-07-23 02:31:15
C_101935,Ivy,Smith,33,Lawyer,Leeds,LOW,2020-10-09 20:13:36
C_101936,Donna,Robinson,48,Project Manager,Coventry,LOW,2022-12-01 13:56:49
C_101937,Richard,Baker,52,Student,Bristol,MEDIUM,2023-09-28 08:05:09
C_101938,Charles,Harrison,49,Construction Worker,Manchester,LOW,2017-06-15 13:20:10
C_101939,Jennifer,Roberts,56,Registered Nurse,Edinburgh,LOW,2025-02-14 06:17:38
C_101940,Ashley,Watson,50,Student,Leeds,LOW,2017-06-01 07:17:18
C_101941,Sarah,Johnson,67,Retired,London,LOW,2016-02-03 03:16:16
C_101942,Linda,White,38,Administrative Assistant,Sheffield,LOW,2019-11-14 00:52:55
C_101943,Elizabeth,Roberts,52,Registered Nurse,Belfast,LOW,2024-10-28 06:34:40
C_101944,William,Patterson,40,Plumber,Edinburgh,LOW,2021-06-04 04:56:22
C_101945,Richard,Johnson,31,Lawyer,Coventry,LOW,2023-07-06 16:30:50
C_101946,Richard,Cooper,35,Teacher,Edinburgh,MEDIUM,2024-01-21 16:00:10
C_101947,Oscar,Patterson,27,Administrative Assistant,Leeds,LOW,2024-01-16 07:54:38
C_101948,Susan,Baker,57,Retired,Manchester,LOW,2022-05-10 22:23:04
C_101949,Ivy,Hill,69,Retired,Glasgow,LOW,2022-03-05 05:14:17
C_101950,Isabella,Roberts,35,Sales Associate,Leicester,LOW,2022-01-21 07:23:52
C_101951,Robert,Cooper,56,Business Owner,Bristol,LOW,2021-03-11 17:57:11
C_101952,Lily,Roberts,52,Software Engineer,Cardiff,LOW,2025-09-14 09:14:38
C_101953,Susan,Young,51,Retired,Nottingham,LOW,2025-04-01 21:11:58
C_101954,Christopher,Smith,32,Registered Nurse,Manchester,LOW,2018-10-06 21:41:45
C_101955,Daniel,Scott,18,Student,Edinburgh,MEDIUM,2021-10-26 08:50:54
C_101956,Olivia,Johnson,29,Teacher,Edinburgh,LOW,2016-06-03 01:37:08
C_101957,Sophia,Cooper,40,Unemployed,Edinburgh,LOW,2025-09-07 20:42:49
C_101958,Christopher,Jackson,56,Plumber,Belfast,LOW,2018-01-26 08:37:17
C_101959,Lisa,Watson,39,Teacher,Leeds,LOW,2019-05-22 08:36:10
C_101960,Richard,Davies,43,Registered Nurse,Liverpool,LOW,2017-10-29 07:38:51
C_101961,Kimberly,Ward,50,Consultant,Sheffield,LOW,2016-04-08 03:22:00
C_101962,John,Thompson,40,Lawyer,Leeds,LOW,2025-03-26 07:08:53
C_101963,Oliver,Ward,38,Administrative Assistant,Belfast,LOW,2017-01-15 22:09:43
C_101964,Oscar,Johnson,35,Student,Birmingham,LOW,2017-04-28 16:45:38
C_101965,Thomas,Mason,49,Business Owner,Cardiff,LOW,2023-07-21 03:14:56
C_101966,Oscar,Thomas,38,Retired,London,LOW,2024-02-03 01:09:43
C_101967,Christopher,Wilson,57,Lawyer,Leicester,LOW,2018-10-15 07:12:25
C_101968,Karen,Wright,39,Chef,London,LOW,2021-02-08 23:41:18
C_101969,Betty,Wood,49,Project Manager,Manchester,LOW,2019-03-11 00:49:36
C_101970,Barbara,Lewis,45,Electrician,Coventry,LOW,2023-06-16 11:53:33
C_101971,Olivia,Johnson,45,Software Engineer,Coventry,LOW,2018-03-04 13:21:07
C_101972,William,Clark,58,Administrative Assistant,Sheffield,LOW,2022-09-08 12:34:11
C_101973,Olivia,Baker,41,Business Owner,Leeds,MEDIUM,2017-04-30 05:09:56
C_101974,Emily,Thompson,39,Electrician,Edinburgh,LOW,2019-06-11 04:44:43
C_101975,Ivy,Jones,35,Student,London,LOW,2021-05-27 01:57:33
C_101976,Charles,Thomas,38,Sales Associate,Edinburgh,LOW,2016-09-04 06:03:24
C_101977,Sarah,Mitchell,61,Consultant,London,LOW,2017-06-16 04:36:18
C_101978,James,Scott,78,Retired,Coventry,LOW,2025-11-07 23:00:02
C_101979,Nancy,Smith,18,Student,London,LOW,2022-11-28 13:13:23
C_101980,Joseph,Young,48,Unemployed,Liverpool,LOW,2024-10-27 11:13:24
C_101981,Karen,Brown,34,Plumber,Liverpool,LOW,2025-06-16 06:16:47
C_101982,Isabella,Edwards,41,Accountant,Bristol,LOW,2017-03-28 01:36:23
C_101983,Barbara,Williams,73,Retired,Leeds,LOW,2024-04-05 15:01:16
C_101984,Barbara,Walker,26,Registered Nurse,Bristol,LOW,2021-10-15 01:33:06
C_101985,Elizabeth,Smith,44,Plumber,Bristol,LOW,2022-08-24 01:06:35
C_101986,Kimberly,Evans,40,Teacher,Newcastle,LOW,2018-10-06 01:57:42
C_101987,Daniel,Walker,52,Lawyer,Glasgow,LOW,2018-03-28 14:35:09
C_101988,Ava,Thomas,43,Chef,Coventry,LOW,2019-12-26 16:16:05
C_101989,Charles,Hughes,46,Administrative Assistant,Birmingham,LOW,2019-09-29 07:14:38
C_101990,Betty,Thompson,45,Unemployed,Nottingham,LOW,2020-11-26 14:19:53
C_101991,Charles,Johnson,18,Student,Manchester,LOW,2021-04-29 00:41:27
C_101992,Noah,Williams,61,Construction Worker,Birmingham,LOW,2019-09-15 22:49:20
C_101993,Jessica,Jones,71,Retired,Bristol,LOW,2017-05-24 09:11:11
C_101994,Noah,Jones,50,Sales Associate,Edinburgh,LOW,2022-03-11 02:28:25
C_101995,Ashley,Ward,46,Software Engineer,Liverpool,LOW,2023-12-08 02:23:41
C_101996,Robert,Robinson,42,Project Manager,Belfast,LOW,2025-03-19 18:05:30
C_101997,Joseph,Carter,43,Sales Associate,Belfast,LOW,2021-03-12 21:29:34
C_101998,Christopher,Thomas,54,Chef,Sheffield,LOW,2020-08-09 13:54:30
C_101999,Muhammad,Johnson,32,Teacher,Bristol,LOW,2018-12-26 09:02:17
C_102000,Lily,Robinson,53,Administrative Assistant,Sheffield,LOW,2021-10-12 21:31:00
C_102001,Sarah,Hall,64,Unemployed,Leicester,LOW,2023-12-24 09:36:57
C_102002,Isla,Hughes,30,Teacher,Edinburgh,LOW,2022-01-23 06:14:42
C_102003,Muhammad,Davies,28,Software Engineer,Belfast,LOW,2023-01-15 09:26:52
C_102004,Muhammad,Watson,21,Student,Edinburgh,MEDIUM,2024-09-30 21:17:19
C_102005,Christopher,Johnson,40,Chef,Edinburgh,LOW,2019-04-01 18:30:13
C_102006,George,Brown,55,Student,Manchester,LOW,2021-01-22 12:57:48
C_102007,Linda,King,49,Unemployed,Edinburgh,LOW,2016-02-17 19:37:40
C_102008,Ava,Williams,52,Teacher,Newcastle,LOW,2021-04-22 03:24:41
C_102009,Ava,Thompson,38,Driver,Birmingham,LOW,2023-06-29 03:03:34
C_102010,Isla,King,70,Retired,Manchester,LOW,2020-09-30 20:22:39
C_102011,Jennifer,Johnson,38,Consultant,Belfast,MEDIUM,2021-05-08 23:08:01
C_102012,Arthur,Green,24,Business Owner,Glasgow,MEDIUM,2016-12-28 21:09:09
C_102013,Charles,Thomas,38,Chef,Belfast,LOW,2021-06-19 10:20:39
C_102014,Margaret,Cooper,44,Driver,Liverpool,LOW,2021-02-28 21:09:17
C_102015,Betty,Lewis,20,Construction Worker,Glasgow,LOW,2020-03-21 13:58:16
C_102016,Elizabeth,White,39,Lawyer,Glasgow,LOW,2020-12-23 00:25:22
C_102017,Amelia,Cooper,35,Retired,Nottingham,LOW,2024-07-10 08:51:11
C_102018,Lisa,Hill,30,Software Engineer,Edinburgh,MEDIUM,2024-11-07 08:04:58
C_102019,Emily,Watson,34,Sales Associate,Cardiff,LOW,2020-11-20 05:00:17
C_102020,Sophia,Lewis,18,Student,Cardiff,LOW,2016-03-31 22:41:29
C_102021,Harry,Davies,35,Business Owner,Cardiff,MEDIUM,2024-02-16 09:02:23
C_102022,William,Carter,46,Administrative Assistant,Sheffield,LOW,2018-08-10 07:46:03
C_102023,Matthew,Hill,56,Sales Associate,London,MEDIUM,2019-08-08 20:15:14
C_102024,Jennifer,Evans,31,Software Engineer,Nottingham,LOW,2019-02-14 10:59:55
C_102025,Patricia,Johnson,27,Construction Worker,Liverpool,LOW,2025-10-15 07:02:09
C_102026,Sandra,Hall,18,Student,Birmingham,LOW,2024-04-20 17:37:50
C_102027,Donna,Brown,49,Accountant,Cardiff,LOW,2024-06-11 19:54:06
C_102028,Lisa,Taylor,67,Retired,Bristol,LOW,2017-08-18 03:31:40
C_102029,Emily,Davies,39,Business Owner,Leicester,LOW,2019-08-30 22:39:58
C_102030,Ava,Lewis,44,Chef,Cardiff,LOW,2018-10-16 21:10:53
C_102031,Joseph,Mitchell,43,Lawyer,Newcastle,LOW,2023-09-21 03:17:15
C_102032,Robert,Martin,31,Retired,London,LOW,2024-10-04 17:23:40
C_102033,David,White,49,Teacher,Liverpool,LOW,2021-04-27 02:51:43
C_102034,Charles,Williams,25,Chef,Leicester,LOW,2020-09-21 11:26:47
C_102035,Isabella,Hill,19,Student,London,LOW,2016-02-01 01:47:22
C_102036,George,Carter,50,Student,Glasgow,LOW,2022-07-05 09:06:36
C_102037,Ava,Williams,34,Driver,Belfast,MEDIUM,2024-10-22 20:16:14
C_102038,Karen,Hughes,39,Electrician,Leicester,LOW,2017-10-24 00:31:21
C_102039,John,Harris,39,Unemployed,Liverpool,LOW,2016-04-29 20:47:49
C_102040,Christopher,Wood,27,Software Engineer,Newcastle,LOW,2025-08-11 13:27:14
C_102041,Sophia,Lewis,52,Construction Worker,Liverpool,LOW,2016-08-09 03:56:48
C_102042,Joseph,Martin,45,Teacher,London,LOW,2023-07-28 15:29:30
C_102043,Isla,Robinson,31,Retired,Leicester,LOW,2020-10-19 17:25:00
C_102044,Sandra,Patterson,36,Electrician,Cardiff,LOW,2016-04-23 03:46:26
C_102045,Leo,Robinson,18,Driver,London,LOW,2022-01-07 00:32:47
C_102046,Muhammad,Patterson,41,Chef,Manchester,LOW,2016-11-20 06:17:40
C_102047,Susan,Carter,56,Software Engineer,Nottingham,LOW,2021-01-01 04:54:42
C_102048,Ashley,Hill,47,Student,Sheffield,LOW,2017-11-05 01:56:48
C_102049,Ivy,Scott,19,Student,Newcastle,LOW,2022-08-08 14:02:56
C_102050,Michelle,Watson,18,Student,Glasgow,MEDIUM,2017-12-17 11:16:41
C_102051,Olivia,Thomas,55,Sales Associate,Edinburgh,LOW,2018-11-03 13:10:51
C_102052,Michelle,Green,39,Plumber,Glasgow,LOW,2019-10-18 05:18:09
C_102053,Mia,Brown,18,Student,Edinburgh,LOW,2024-04-04 17:53:09
C_102054,Margaret,Mitchell,30,Driver,Leicester,LOW,2023-06-14 10:41:05
C_102055,Nancy,Roberts,41,Chef,Edinburgh,LOW,2017-11-26 02:38:58
C_102056,Matthew,Jackson,56,Teacher,Leicester,LOW,2022-10-21 14:05:28
C_102057,Isabella,Taylor,21,Student,Cardiff,HIGH,2018-07-29 11:49:58
C_102058,Kimberly,Watson,42,Sales Associate,Liverpool,LOW,2025-11-17 11:07:33
C_102059,Oliver,Taylor,68,Retired,Coventry,LOW,2021-04-26 18:23:31
C_102060,James,King,37,Accountant,Glasgow,MEDIUM,2020-01-12 09:31:35
C_102061,Sophia,Hughes,19,Chef,Sheffield,LOW,2022-10-04 22:33:24
C_102062,Ivy,Harrison,52,Software Engineer,Belfast,LOW,2024-06-22 11:40:08
C_102063,Isabella,Carter,22,Lawyer,Edinburgh,LOW,2025-10-20 19:37:10
C_102064,Donna,Clark,58,Construction Worker,Cardiff,LOW,2024-09-15 05:38:36
C_102065,Michelle,Carter,31,Student,Coventry,LOW,2019-01-28 16:21:45
C_102066,Margaret,Wilson,34,Registered Nurse,Coventry,LOW,2022-09-16 19:40:37
C_102067,Donna,Clark,48,Student,Nottingham,LOW,2022-03-30 23:37:06
C_102068,Lily,Baker,39,Sales Associate,Cardiff,LOW,2017-09-10 04:06:15
C_102069,Nancy,Cooper,41,Retired,Nottingham,LOW,2017-12-07 18:49:34
C_102070,Jennifer,Williams,53,Administrative Assistant,Manchester,LOW,2016-07-02 04:15:31
C_102071,Oliver,Robinson,37,Business Owner,London,MEDIUM,2021-09-11 22:59:16
C_102072,Sarah,Cooper,47,Chef,Birmingham,LOW,2018-02-14 13:34:06
C_102073,Richard,Davies,27,Electrician,Belfast,LOW,2016-12-14 21:28:04
C_102074,Jennifer,Williams,51,Chef,Belfast,LOW,2019-07-13 11:15:44
C_102075,Thomas,Baker,28,Business Owner,London,LOW,2024-03-22 00:36:55
C_102076,Daniel,Lewis,52,Electrician,Sheffield,LOW,2020-11-27 02:42:49
C_102077,Michael,Jones,26,Driver,Newcastle,LOW,2016-10-29 00:28:29
C_102078,Nancy,Lewis,56,Registered Nurse,Sheffield,LOW,2025-06-05 08:11:04
C_102079,James,Smith,58,Business Owner,Newcastle,LOW,2022-08-19 09:47:20
C_102080,Karen,Patterson,34,Administrative Assistant,Newcastle,LOW,2018-04-08 10:42:41
C_102081,Barbara,Johnson,31,Consultant,Cardiff,LOW,2020-05-09 22:05:51
C_102082,Daniel,Smith,43,Chef,Edinburgh,LOW,2023-02-15 20:35:54
C_102083,Oscar,Patterson,44,Doctor,Leicester,LOW,2020-01-31 01:06:55
C_102084,David,Baker,39,Registered Nurse,Cardiff,LOW,2020-03-24 00:51:03
C_102085,Sandra,Carter,24,Plumber,Bristol,LOW,2023-01-28 19:00:16
C_102086,Susan,Cooper,51,Software Engineer,Glasgow,HIGH,2022-03-16 00:12:46
C_102087,Michelle,Ward,38,Registered Nurse,Leicester,LOW,2019-10-06 18:35:11
C_102088,Robert,Thomas,40,Registered Nurse,Belfast,LOW,2021-06-22 10:48:21
C_102089,Richard,Carter,46,Chef,Manchester,LOW,2022-10-28 21:33:43
C_102090,Joseph,Wilson,40,Student,Cardiff,MEDIUM,2019-10-01 18:38:58
C_102091,Jessica,Brown,35,Accountant,Sheffield,LOW,2018-12-27 04:48:07
C_102092,Muhammad,Cooper,36,Doctor,Coventry,LOW,2019-07-30 15:50:31
C_102093,Jennifer,Wilson,41,Consultant,London,MEDIUM,2016-07-22 02:18:25
C_102094,Lisa,Lewis,19,Student,London,LOW,2018-05-15 04:57:07
C_102095,Emily,Patterson,67,Retired,Birmingham,LOW,2023-04-24 18:48:46
C_102096,Ava,Roberts,58,Sales Associate,Birmingham,LOW,2020-09-15 02:38:21
C_102097,Richard,Watson,36,Teacher,Leicester,LOW,2022-04-22 23:21:20
C_102098,Sandra,Williams,18,Student,Coventry,LOW,2025-01-19 03:58:34
C_102099,Betty,Davies,34,Teacher,Sheffield,LOW,2025-02-28 16:02:28
C_102100,Arthur,Ward,37,Consultant,Liverpool,LOW,2016-01-19 17:37:01
C_102101,Sophia,Davies,63,Project Manager,Edinburgh,LOW,2023-11-03 10:40:08
C_102102,Lily,Johnson,56,Construction Worker,Cardiff,LOW,2018-05-23 15:00:18
C_102103,William,Wilson,45,Doctor,Leicester,LOW,2025-05-18 03:12:26
C_102104,Karen,King,31,Chef,Birmingham,LOW,2024-08-22 02:34:29
C_102105,Noah,Edwards,37,Chef,Belfast,LOW,2018-06-27 06:40:09
C_102106,Harry,Mason,53,Plumber,Bristol,LOW,2024-07-26 08:48:33
C_102107,Michael,Johnson,39,Accountant,Edinburgh,LOW,2024-05-10 15:37:44
C_102108,Christopher,Thompson,44,Accountant,Nottingham,LOW,2022-01-28 18:19:39
C_102109,Mia,Cooper,36,Sales Associate,Newcastle,MEDIUM,2024-12-11 22:57:36
C_102110,John,Lewis,63,Electrician,Liverpool,LOW,2025-02-25 16:10:39
C_102111,Emily,Williams,37,Electrician,Liverpool,LOW,2020-06-14 05:48:20
C_102112,Ivy,Ward,46,Electrician,Nottingham,LOW,2017-03-14 01:32:51
C_102113,Patricia,Wood,58,Business Owner,Nottingham,LOW,2016-12-07 03:38:42
C_102114,Daniel,King,36,Unemployed,Belfast,LOW,2023-09-13 06:26:59
C_102115,Isla,Jones,36,Sales Associate,Liverpool,LOW,2019-01-02 03:01:39
C_102116,Margaret,Robinson,46,Electrician,Leicester,LOW,2022-05-06 13:00:37
C_102117,Arthur,Smith,27,Teacher,Birmingham,LOW,2019-10-13 07:48:47
C_102118,Kimberly,Robinson,56,Consultant,Glasgow,LOW,2025-12-26 22:29:14
C_102119,Michael,Taylor,40,Doctor,Birmingham,LOW,2023-11-24 06:57:49
C_102120,Olivia,Mason,44,Plumber,Sheffield,LOW,2023-07-23 13:19:52
C_102121,Nancy,Jones,58,Administrative Assistant,Glasgow,LOW,2016-02-19 07:24:02
C_102122,Sandra,Baker,29,Student,London,MEDIUM,2020-10-20 01:39:37
C_102123,Jennifer,Mitchell,61,Registered Nurse,Birmingham,LOW,2023-01-11 22:20:03
C_102124,Muhammad,Walker,59,Retired,Edinburgh,LOW,2024-07-09 08:52:13
C_102125,David,Ward,37,Driver,Birmingham,LOW,2020-07-27 17:43:38
C_102126,Susan,Ward,71,Retired,Edinburgh,LOW,2020-12-04 17:23:06
C_102127,Sophia,Taylor,47,Administrative Assistant,Belfast,LOW,2025-07-06 10:31:16
C_102128,John,Baker,37,Retired,Liverpool,LOW,2018-06-11 05:51:00
C_102129,Lisa,Jackson,30,Accountant,Manchester,MEDIUM,2018-01-22 10:24:29
C_102130,Muhammad,Mason,43,Teacher,Belfast,LOW,2022-06-03 05:26:28
C_102131,Lily,Walker,18,Student,Leicester,LOW,2016-06-12 23:24:59
C_102132,Thomas,Taylor,55,Construction Worker,Edinburgh,LOW,2016-02-27 05:30:53
C_102133,Oscar,Davies,36,Student,Cardiff,MEDIUM,2019-02-27 12:10:45
C_102134,Daniel,Martin,33,Retired,Birmingham,LOW,2024-04-06 21:36:43
C_102135,Charles,Wood,56,Retired,Leicester,LOW,2023-10-14 05:09:02
C_102136,Daniel,Clarke,37,Accountant,Bristol,HIGH,2025-12-24 00:53:52
C_102137,Sandra,Carter,52,Chef,London,LOW,2020-11-02 06:07:32
C_102138,Muhammad,Carter,48,Plumber,Nottingham,MEDIUM,2024-10-23 04:31:57
C_102139,Linda,Ward,52,Construction Worker,Birmingham,LOW,2021-08-22 15:53:36
C_102140,Ivy,Watson,35,Registered Nurse,Sheffield,LOW,2019-07-05 20:42:56
C_102141,Donna,Mason,50,Business Owner,Newcastle,LOW,2016-07-01 01:49:58
C_102142,Michelle,Martin,61,Administrative Assistant,Birmingham,LOW,2020-03-17 22:09:37
C_102143,Amelia,King,60,Retired,Leicester,LOW,2019-09-20 11:19:22
C_102144,Arthur,Evans,52,Software Engineer,London,LOW,2018-05-25 22:23:34
C_102145,James,Watson,28,Accountant,Belfast,LOW,2017-06-23 19:06:39
C_102146,Donna,Thomas,67,Retired,Belfast,LOW,2023-01-13 00:28:29
C_102147,Olivia,Taylor,23,Student,Leeds,MEDIUM,2017-06-18 15:58:48
C_102148,Patricia,Jackson,51,Business Owner,Leeds,LOW,2018-03-05 01:30:30
C_102149,Michelle,Wilson,42,Teacher,Newcastle,LOW,2018-03-18 00:06:18
C_102150,Margaret,Williams,23,Sales Associate,Nottingham,LOW,2021-02-14 16:44:00
C_102151,William,Lewis,43,Registered Nurse,Belfast,LOW,2017-10-25 21:46:49
C_102152,Leo,Hill,65,Registered Nurse,Bristol,LOW,2025-09-13 22:08:27
C_102153,Noah,Roberts,85,Retired,Leicester,LOW,2018-10-12 19:42:17
C_102154,Emily,Brown,46,Student,Cardiff,LOW,2025-09-27 07:23:30
C_102155,Oscar,Hill,41,Plumber,Newcastle,LOW,2020-02-18 15:12:26
C_102156,Joseph,Mason,27,Driver,Nottingham,LOW,2022-05-25 18:38:47
C_102157,Joseph,Clarke,37,Project Manager,Leicester,LOW,2018-11-09 10:56:27
C_102158,Nancy,Taylor,39,Administrative Assistant,Belfast,LOW,2024-08-20 06:51:55
C_102159,Ashley,Walker,44,Project Manager,Belfast,LOW,2017-11-16 16:30:56
C_102160,Mia,Wilson,55,Construction Worker,Nottingham,LOW,2016-12-28 10:45:34
C_102161,Amelia,Edwards,30,Student,Nottingham,LOW,2019-11-08 23:49:52
C_102162,Barbara,Harris,35,Lawyer,Coventry,LOW,2025-12-09 01:25:49
C_102163,Elizabeth,Young,68,Retired,Nottingham,LOW,2023-03-04 08:44:30
C_102164,Kimberly,Wood,50,Driver,Glasgow,LOW,2022-04-11 12:20:11
C_102165,Isabella,Wilson,32,Retired,Nottingham,LOW,2016-08-23 13:16:38
C_102166,Elizabeth,White,33,Administrative Assistant,Coventry,LOW,2023-09-25 08:46:13
C_102167,Harry,Davies,49,Lawyer,Bristol,LOW,2020-03-11 09:43:26
C_102168,David,Mason,52,Consultant,Belfast,LOW,2019-09-17 16:30:45
C_102169,Joseph,Baker,60,Accountant,Sheffield,LOW,2023-02-16 12:12:55
C_102170,Mia,Clarke,61,Consultant,Bristol,HIGH,2019-01-14 14:18:34
C_102171,Richard,Carter,52,Registered Nurse,Newcastle,LOW,2019-02-22 04:36:17
C_102172,Leo,Robinson,36,Chef,Sheffield,MEDIUM,2022-06-03 12:05:21
C_102173,Karen,Wood,43,Retired,Leicester,LOW,2017-08-07 11:45:48
C_102174,David,Ward,37,Unemployed,Manchester,LOW,2018-09-08 00:29:35
C_102175,Daniel,Green,28,Consultant,Birmingham,LOW,2020-04-25 04:27:41
C_102176,James,Williams,50,Sales Associate,Leicester,MEDIUM,2020-08-28 04:14:09
C_102177,John,Harris,53,Teacher,Bristol,LOW,2018-06-20 23:56:57
C_102178,Daniel,Walker,54,Doctor,Edinburgh,LOW,2017-11-15 05:10:23
C_102179,Oscar,Davies,34,Registered Nurse,Nottingham,MEDIUM,2019-02-24 11:35:24
C_102180,Isla,Wright,24,Unemployed,Glasgow,LOW,2023-08-18 23:41:00
C_102181,Margaret,Young,20,Retired,Nottingham,LOW,2016-04-13 19:15:41
C_102182,Thomas,Martin,30,Unemployed,Manchester,LOW,2020-06-27 11:47:36
C_102183,Thomas,Thompson,36,Teacher,Nottingham,LOW,2023-11-08 13:00:07
C_102184,Amelia,Harrison,58,Lawyer,Belfast,HIGH,2016-05-28 00:55:18
C_102185,Amelia,Patterson,52,Student,Birmingham,LOW,2019-08-02 16:51:41
C_102186,Betty,Thompson,47,Administrative Assistant,Leicester,LOW,2025-01-14 22:50:53
C_102187,Sandra,Davies,41,Teacher,Leeds,LOW,2020-03-28 22:39:43
C_102188,William,Jackson,52,Driver,Manchester,MEDIUM,2016-04-19 21:52:45
C_102189,Nancy,Robinson,46,Doctor,Leicester,LOW,2017-06-07 13:35:59
C_102190,Karen,Jackson,32,Unemployed,Leeds,LOW,2018-02-17 19:00:47
C_102191,Sarah,Carter,31,Doctor,Sheffield,LOW,2024-10-06 08:05:05
C_102192,William,Walker,26,Registered Nurse,Edinburgh,LOW,2016-05-22 17:05:43
C_102193,Joseph,Davies,63,Unemployed,London,LOW,2020-05-12 22:06:18
C_102194,Patricia,Thomas,74,Retired,Birmingham,LOW,2017-05-25 05:40:43
C_102195,Joseph,Evans,19,Student,Edinburgh,LOW,2023-02-02 06:39:31
C_102196,Ashley,Davies,63,Construction Worker,Nottingham,LOW,2018-12-09 19:26:49
C_102197,Sophia,Lewis,41,Accountant,Manchester,LOW,2018-06-06 05:33:43
C_102198,Amelia,Roberts,62,Business Owner,Leicester,LOW,2018-11-05 05:36:20
C_102199,William,Cooper,47,Retired,Manchester,LOW,2019-12-19 14:44:47
C_102200,Arthur,Clark,59,Plumber,Belfast,LOW,2020-05-14 08:49:11
C_102201,Lisa,Patterson,53,Business Owner,Edinburgh,LOW,2020-06-13 17:54:18
C_102202,Emily,Evans,47,Chef,Glasgow,LOW,2023-04-29 20:27:01
C_102203,Robert,Johnson,31,Driver,Belfast,LOW,2024-10-18 10:26:34
C_102204,Betty,Lewis,40,Registered Nurse,Liverpool,LOW,2024-11-12 17:20:09
C_102205,Noah,Clarke,31,Retired,Nottingham,LOW,2016-10-02 13:24:32
C_102206,Leo,Hughes,48,Accountant,London,LOW,2023-07-09 03:19:30
C_102207,Susan,Clark,44,Electrician,Bristol,LOW,2020-01-05 06:43:50
C_102208,Arthur,Patterson,41,Registered Nurse,Manchester,LOW,2018-04-06 20:48:37
C_102209,Isabella,Hughes,67,Retired,Belfast,LOW,2016-05-28 20:37:18
C_102210,Linda,Patterson,33,Doctor,Nottingham,LOW,2016-11-23 21:54:57
C_102211,Ava,Wilson,39,Software Engineer,Bristol,MEDIUM,2023-10-19 20:59:59
C_102212,Linda,Watson,50,Construction Worker,Liverpool,LOW,2023-02-23 07:34:23
C_102213,Lisa,Ward,36,Registered Nurse,Belfast,LOW,2019-09-08 11:14:30
C_102214,Mia,Jones,60,Retired,Leeds,LOW,2016-07-06 05:46:20
C_102215,Oscar,Baker,54,Driver,Glasgow,HIGH,2022-04-25 23:18:17
C_102216,Daniel,Hall,40,Software Engineer,Manchester,LOW,2022-04-17 16:54:12
C_102217,Joseph,Wood,28,Construction Worker,Bristol,LOW,2022-06-02 16:18:17
C_102218,Jessica,Harrison,37,Teacher,Glasgow,MEDIUM,2016-05-15 00:50:21
C_102219,Thomas,White,30,Doctor,Leeds,LOW,2024-04-15 14:03:29
C_102220,Emily,Ward,39,Unemployed,Bristol,LOW,2025-11-24 23:07:09
C_102221,Susan,Jackson,18,Student,London,LOW,2022-08-28 16:57:53
C_102222,Kimberly,Smith,30,Retired,Edinburgh,LOW,2020-08-20 07:30:49
C_102223,Charles,Wood,35,Electrician,Cardiff,LOW,2021-11-18 22:36:04
C_102224,Barbara,Ward,58,Plumber,Nottingham,LOW,2023-05-16 15:49:27
C_102225,Isabella,Wood,35,Accountant,Leicester,LOW,2019-06-04 22:16:54
C_102226,Oscar,Lewis,46,Sales Associate,Leicester,LOW,2025-05-08 09:24:39
C_102227,Emily,Baker,40,Accountant,Nottingham,LOW,2016-03-11 19:08:40
C_102228,Michelle,Cooper,31,Consultant,Liverpool,LOW,2017-06-09 22:02:36
C_102229,Kimberly,Patterson,48,Consultant,Belfast,LOW,2023-03-16 19:01:10
C_102230,Jessica,Green,30,Software Engineer,Nottingham,LOW,2020-12-29 04:41:59
C_102231,Arthur,Robinson,24,Teacher,Bristol,LOW,2025-07-20 18:52:50
C_102232,William,Thompson,24,Construction Worker,Liverpool,LOW,2024-12-22 21:19:16
C_102233,Olivia,Wilson,31,Project Manager,Newcastle,MEDIUM,2017-08-30 22:14:36
C_102234,Lily,Ward,35,Plumber,Edinburgh,LOW,2020-05-23 06:55:44
C_102235,Michael,Baker,29,Doctor,London,LOW,2020-10-28 02:52:19
C_102236,Susan,Mitchell,34,Plumber,Edinburgh,LOW,2018-11-28 11:54:54
C_102237,Joseph,Clark,34,Chef,Edinburgh,LOW,2025-12-04 07:27:10
C_102238,James,Robinson,29,Student,London,MEDIUM,2018-03-09 11:17:15
C_102239,Daniel,Hall,29,Business Owner,London,LOW,2023-06-09 16:24:42
C_102240,Ashley,Baker,34,Driver,Leicester,LOW,2025-04-27 01:01:12
C_102241,Noah,Cooper,54,Student,Cardiff,MEDIUM,2020-04-11 21:12:38
C_102242,Arthur,Johnson,68,Retired,Glasgow,LOW,2018-12-15 06:51:23
C_102243,Noah,Wood,31,Student,Leeds,LOW,2024-11-15 13:20:52
C_102244,Arthur,Roberts,23,Accountant,Newcastle,LOW,2018-01-12 16:19:39
C_102245,Michelle,Martin,64,Retired,Leeds,LOW,2021-11-01 05:34:55
C_102246,Karen,Walker,32,Business Owner,Leeds,LOW,2016-02-10 08:21:50
C_102247,George,Walker,29,Unemployed,Birmingham,LOW,2017-05-18 15:34:29
C_102248,Daniel,Clarke,51,Doctor,Cardiff,LOW,2024-06-02 11:28:32
C_102249,Isabella,Williams,20,Student,Nottingham,LOW,2018-08-03 21:10:47
C_102250,Barbara,Edwards,51,Software Engineer,Leeds,LOW,2024-11-19 04:47:56
C_102251,Noah,Wilson,43,Consultant,Leicester,LOW,2024-08-22 00:35:47
C_102252,Leo,Mason,46,Teacher,Nottingham,LOW,2020-12-04 15:03:29
C_102253,Sophia,Watson,37,Business Owner,Coventry,MEDIUM,2023-03-15 23:09:29
C_102254,Sandra,Young,36,Business Owner,Cardiff,LOW,2022-09-26 06:39:30
C_102255,Sophia,Williams,34,Sales Associate,Edinburgh,MEDIUM,2020-12-10 05:36:36
C_102256,Margaret,Patterson,46,Registered Nurse,Manchester,LOW,2022-09-18 01:27:36
C_102257,Jessica,Martin,30,Project Manager,Sheffield,LOW,2021-09-08 05:22:04
C_102258,Isabella,Young,34,Consultant,Leicester,MEDIUM,2024-11-27 06:46:59
C_102259,Muhammad,Wilson,25,Lawyer,London,LOW,2019-11-20 20:07:36
C_102260,Thomas,Mitchell,40,Sales Associate,Cardiff,LOW,2017-02-28 21:23:58
C_102261,Karen,Mitchell,32,Electrician,Sheffield,MEDIUM,2024-07-27 03:58:58
C_102262,Patricia,Evans,32,Doctor,Newcastle,LOW,2018-10-20 08:01:16
C_102263,Barbara,Mason,52,Business Owner,Newcastle,LOW,2023-08-13 11:40:08
C_102264,Margaret,Edwards,48,Administrative Assistant,Nottingham,LOW,2024-04-02 00:03:17
C_102265,Sandra,Watson,51,Project Manager,Glasgow,LOW,2025-11-02 00:40:27
C_102266,John,King,58,Consultant,Nottingham,LOW,2019-01-14 16:54:59
C_102267,George,Roberts,23,Driver,Leicester,LOW,2019-12-01 02:35:54
C_102268,Karen,Harris,18,Student,Sheffield,MEDIUM,2020-06-15 15:33:05
C_102269,Lisa,Wright,51,Accountant,Manchester,LOW,2021-08-01 17:15:49
C_102270,Robert,Roberts,29,Student,London,LOW,2025-12-07 14:32:25
C_102271,William,Watson,18,Consultant,Manchester,LOW,2019-03-16 04:15:38
C_102272,Harry,Harris,50,Student,Cardiff,LOW,2024-06-29 21:10:26
C_102273,Joseph,Walker,39,Student,Belfast,LOW,2025-04-09 22:39:42
C_102274,Kimberly,Hall,24,Electrician,Belfast,LOW,2021-10-07 00:59:07
C_102275,Nancy,Cooper,37,Business Owner,Leeds,LOW,2024-07-11 01:28:21
C_102276,Noah,Green,53,Sales Associate,Sheffield,MEDIUM,2016-09-20 23:23:16
C_102277,Leo,Robinson,37,Business Owner,Sheffield,LOW,2017-09-21 15:51:14
C_102278,Elizabeth,Hill,49,Electrician,Glasgow,LOW,2016-08-27 14:10:47
C_102279,John,Wood,78,Retired,Newcastle,LOW,2021-08-20 18:07:31
C_102280,Christopher,Scott,39,Lawyer,Liverpool,LOW,2020-05-07 23:13:18
C_102281,Joseph,Hall,59,Project Manager,Leicester,LOW,2022-09-06 15:51:01
C_102282,Kimberly,Wilson,22,Business Owner,Cardiff,LOW,2020-11-21 05:16:23
C_102283,Ava,Brown,46,Retired,Cardiff,LOW,2018-06-07 04:06:20
C_102284,James,Young,53,Business Owner,Birmingham,LOW,2022-11-24 16:15:25
C_102285,Amelia,Hill,47,Accountant,Cardiff,LOW,2017-01-30 23:43:38
C_102286,Isla,King,47,Chef,London,LOW,2025-10-24 15:43:41
C_102287,Charles,Hill,54,Administrative Assistant,Edinburgh,LOW,2025-10-15 03:30:30
C_102288,Oliver,Harris,46,Retired,Glasgow,LOW,2021-12-08 08:33:14
C_102289,Barbara,Smith,65,Retired,Nottingham,LOW,2025-02-01 22:25:33
C_102290,Isla,Ward,48,Unemployed,Newcastle,LOW,2020-11-05 05:58:17
C_102291,Daniel,Hughes,24,Administrative Assistant,Nottingham,MEDIUM,2022-11-01 14:01:50
C_102292,Margaret,Wright,28,Registered Nurse,Edinburgh,LOW,2017-04-12 22:58:40
C_102293,Elizabeth,Lewis,27,Sales Associate,Newcastle,LOW,2024-09-17 03:57:22
C_102294,Oliver,Brown,19,Student,Leeds,LOW,2017-09-16 03:36:35
C_102295,Margaret,Watson,73,Retired,Manchester,LOW,2022-09-23 02:18:16
C_102296,Linda,Patterson,60,Driver,Nottingham,LOW,2020-04-28 03:27:28
C_102297,Nancy,Taylor,36,Plumber,Coventry,LOW,2016-01-26 23:06:45
C_102298,Elizabeth,Scott,18,Student,Birmingham,LOW,2021-03-28 22:05:21
C_102299,Christopher,Hill,49,Consultant,Newcastle,LOW,2021-12-24 23:25:12
C_102300,Isabella,Watson,49,Doctor,Manchester,LOW,2016-03-09 05:29:09
C_102301,Sandra,Lewis,32,Driver,Edinburgh,LOW,2017-11-30 22:16:08
C_102302,William,Ward,51,Unemployed,Leeds,LOW,2021-09-08 21:35:48
C_102303,Susan,Roberts,37,Accountant,Belfast,LOW,2023-02-19 00:19:43
C_102304,Michelle,Harrison,46,Unemployed,Glasgow,LOW,2017-08-07 22:28:36
C_102305,Thomas,Hughes,23,Driver,Bristol,LOW,2016-01-16 20:08:35
C_102306,Sarah,Mason,27,Accountant,Edinburgh,LOW,2022-12-05 20:47:19
C_102307,James,Lewis,23,Lawyer,Coventry,LOW,2020-08-10 16:49:20
C_102308,Isabella,Hall,58,Electrician,Leeds,LOW,2022-07-09 19:31:51
C_102309,Elizabeth,Evans,44,Project Manager,Liverpool,LOW,2022-10-13 06:04:05
C_102310,Betty,King,36,Teacher,Manchester,LOW,2021-02-21 01:25:22
C_102311,Joseph,Lewis,29,Teacher,London,LOW,2018-01-03 09:51:02
C_102312,Elizabeth,Edwards,38,Sales Associate,London,LOW,2022-01-19 20:52:01
C_102313,Barbara,Thompson,36,Chef,Edinburgh,LOW,2022-09-03 17:14:52
C_102314,Sophia,Evans,44,Sales Associate,London,LOW,2021-01-05 13:29:29
C_102315,Oliver,Williams,35,Driver,Birmingham,LOW,2025-10-01 21:42:56
C_102316,William,Wright,37,Chef,Glasgow,LOW,2018-02-23 15:57:25
C_102317,Elizabeth,Hall,38,Lawyer,Leicester,LOW,2024-02-01 00:42:36
C_102318,Nancy,Thomas,42,Teacher,London,LOW,2024-05-30 07:25:44
C_102319,Charles,Clarke,20,Student,Glasgow,LOW,2020-09-24 20:20:20
C_102320,Joseph,Clarke,28,Student,Birmingham,LOW,2019-11-10 22:15:21
C_102321,Sarah,Hughes,52,Construction Worker,Leicester,LOW,2025-08-03 06:34:57
C_102322,Oscar,Carter,18,Student,Bristol,MEDIUM,2019-05-28 19:42:14
C_102323,James,Harris,38,Construction Worker,Liverpool,LOW,2025-07-05 08:26:17
C_102324,Elizabeth,Walker,33,Registered Nurse,Manchester,LOW,2024-03-03 12:39:33
C_102325,Ivy,Evans,51,Retired,Birmingham,MEDIUM,2016-10-05 17:11:45
C_102326,Isabella,Johnson,47,Retired,Newcastle,LOW,2022-01-04 23:23:38
C_102327,Elizabeth,White,48,Electrician,Edinburgh,LOW,2018-01-11 21:16:45
C_102328,Betty,Wood,42,Registered Nurse,Bristol,LOW,2019-10-08 01:54:05
C_102329,Linda,Williams,33,Accountant,Bristol,LOW,2019-01-07 17:10:15
C_102330,Lily,Clarke,47,Student,Glasgow,LOW,2021-12-06 10:46:10
C_102331,Oscar,Mason,20,Student,Glasgow,LOW,2022-10-06 07:23:50
C_102332,Noah,Martin,28,Software Engineer,Leeds,LOW,2021-12-10 07:55:43
C_102333,Thomas,Davies,43,Retired,Newcastle,MEDIUM,2021-10-02 17:16:25
C_102334,Jennifer,Watson,44,Retired,Bristol,LOW,2018-03-15 00:21:03
C_102335,James,Cooper,39,Registered Nurse,Liverpool,LOW,2020-12-28 11:07:52
C_102336,Thomas,Harris,52,Electrician,Sheffield,LOW,2025-02-08 18:38:10
C_102337,Arthur,Evans,44,Plumber,Newcastle,LOW,2018-02-09 10:39:03
C_102338,Emily,Clark,41,Unemployed,Sheffield,LOW,2017-10-27 21:34:18
C_102339,Joseph,Baker,18,Student,Cardiff,LOW,2020-03-20 22:54:18
C_102340,Charles,Edwards,59,Consultant,Cardiff,LOW,2016-04-28 01:20:40
C_102341,Oscar,Williams,43,Doctor,Leeds,LOW,2021-12-16 08:31:04
C_102342,Margaret,Martin,18,Student,Belfast,LOW,2019-03-23 06:11:48
C_102343,Nancy,Hall,31,Lawyer,Leicester,LOW,2022-12-11 22:23:38
C_102344,Kimberly,Mason,45,Chef,Nottingham,MEDIUM,2025-03-28 17:51:01
C_102345,Michael,Ward,34,Lawyer,Sheffield,LOW,2022-08-23 01:52:09
C_102346,Ava,Johnson,40,Registered Nurse,Coventry,LOW,2021-12-06 19:40:37
C_102347,Mia,Carter,59,Registered Nurse,Bristol,LOW,2019-09-06 21:08:20
C_102348,Linda,Wood,55,Electrician,Leicester,LOW,2018-12-25 07:30:15
C_102349,Charles,Young,49,Driver,Edinburgh,LOW,2018-01-16 07:55:26
C_102350,Lisa,Jones,27,Construction Worker,Coventry,LOW,2024-09-10 02:58:56
C_102351,Susan,White,58,Software Engineer,Nottingham,LOW,2024-04-10 22:28:17
C_102352,Betty,Ward,45,Business Owner,Bristol,LOW,2016-07-11 13:29:09
C_102353,Robert,Johnson,44,Construction Worker,Cardiff,LOW,2025-03-25 13:36:17
C_102354,Leo,Harris,54,Software Engineer,Leicester,LOW,2024-05-25 00:25:58
C_102355,Betty,Harris,19,Software Engineer,Birmingham,LOW,2018-09-14 21:16:50
C_102356,Leo,Smith,20,Student,Belfast,MEDIUM,2019-12-02 04:24:54
C_102357,Isabella,Hughes,46,Business Owner,Coventry,LOW,2017-05-18 01:33:18
C_102358,James,Harris,29,Driver,Birmingham,MEDIUM,2023-10-26 19:19:50
C_102359,Patricia,Wright,37,Unemployed,Birmingham,LOW,2019-11-29 18:33:21
C_102360,Kimberly,Carter,38,Plumber,Leeds,LOW,2016-09-04 00:15:32
C_102361,Lisa,Martin,85,Retired,Belfast,MEDIUM,2021-01-18 08:58:04
C_102362,Leo,Martin,29,Retired,Liverpool,LOW,2025-11-02 04:12:43
C_102363,Muhammad,Clark,33,Teacher,Belfast,LOW,2021-09-12 08:44:15
C_102364,Matthew,Young,21,Student,Liverpool,MEDIUM,2019-04-23 06:26:51
C_102365,Linda,Davies,38,Registered Nurse,Coventry,LOW,2020-08-15 02:47:12
C_102366,Noah,Evans,51,Electrician,Belfast,MEDIUM,2019-10-03 19:29:37
C_102367,Lisa,Wood,39,Plumber,Birmingham,LOW,2023-07-04 20:23:48
C_102368,Elizabeth,Smith,38,Lawyer,Coventry,LOW,2023-02-08 09:26:09
C_102369,Margaret,Green,39,Consultant,Leeds,LOW,2024-11-27 07:41:50
C_102370,George,Ward,31,Construction Worker,Bristol,LOW,2023-10-18 22:05:36
C_102371,Lisa,Smith,44,Chef,Leicester,MEDIUM,2022-11-18 18:32:14
C_102372,Daniel,Green,18,Sales Associate,Leicester,LOW,2024-05-24 16:31:04
C_102373,Olivia,Young,29,Administrative Assistant,London,LOW,2020-10-06 20:07:36
C_102374,Barbara,Thomas,70,Retired,Leicester,LOW,2018-04-11 11:06:25
C_102375,Ivy,Baker,42,Registered Nurse,Edinburgh,LOW,2022-02-24 17:06:29
C_102376,Christopher,Jackson,31,Doctor,Bristol,LOW,2018-10-25 03:25:59
C_102377,Lily,Smith,48,Business Owner,Liverpool,LOW,2025-04-05 23:11:21
C_102378,Thomas,Jones,33,Student,Liverpool,LOW,2017-11-14 01:26:19
C_102379,Sophia,Brown,46,Sales Associate,Nottingham,LOW,2016-05-22 23:45:07
C_102380,William,Harrison,41,Accountant,Birmingham,LOW,2023-12-07 18:00:47
C_102381,Sandra,Baker,53,Consultant,Leeds,LOW,2020-02-29 08:44:43
C_102382,Barbara,Brown,21,Student,Belfast,MEDIUM,2017-08-13 10:05:13
C_102383,Elizabeth,Mason,43,Driver,Glasgow,MEDIUM,2022-06-10 14:48:49
C_102384,Ivy,Robinson,41,Student,Manchester,LOW,2018-12-21 23:30:31
C_102385,Margaret,Wright,33,Chef,Coventry,LOW,2016-05-25 07:00:20
C_102386,John,Clark,42,Driver,Leeds,LOW,2016-02-19 05:26:10
C_102387,Elizabeth,Lewis,38,Teacher,Nottingham,MEDIUM,2024-09-25 01:16:46
C_102388,Noah,Carter,22,Driver,Nottingham,LOW,2024-02-03 04:56:05
C_102389,Harry,Ward,36,Chef,Cardiff,LOW,2019-10-20 16:55:28
C_102390,Matthew,Carter,37,Doctor,Leeds,LOW,2024-12-12 20:30:04
C_102391,Oliver,Jones,51,Unemployed,Birmingham,LOW,2024-09-24 01:15:36
C_102392,Nancy,Harrison,33,Administrative Assistant,Edinburgh,LOW,2022-05-08 01:30:07
C_102393,Donna,King,41,Driver,Bristol,LOW,2017-05-06 00:54:30
C_102394,Sophia,Harris,72,Retired,Leicester,LOW,2021-07-24 04:02:23
C_102395,Susan,Roberts,40,Construction Worker,London,HIGH,2017-08-15 08:12:47
C_102396,Michelle,Wood,18,Student,Manchester,LOW,2020-06-15 00:33:38
C_102397,Amelia,Martin,35,Software Engineer,Cardiff,LOW,2024-04-26 16:14:28
C_102398,Matthew,Robinson,38,Retired,Newcastle,LOW,2019-12-17 11:29:53
C_102399,Muhammad,Walker,61,Registered Nurse,Belfast,LOW,2025-03-05 10:55:35
C_102400,Kimberly,Cooper,54,Chef,Liverpool,LOW,2016-05-31 04:47:04
C_102401,Muhammad,Evans,44,Chef,Cardiff,MEDIUM,2017-01-07 06:12:57
C_102402,Charles,Watson,60,Chef,Nottingham,LOW,2021-05-15 20:14:36
C_102403,Charles,King,46,Unemployed,Newcastle,HIGH,2016-02-09 18:12:42
C_102404,Linda,Green,35,Lawyer,Sheffield,LOW,2025-03-16 23:56:00
C_102405,Barbara,Davies,26,Consultant,Manchester,LOW,2019-05-16 01:35:16
C_102406,Arthur,Lewis,48,Lawyer,Nottingham,LOW,2018-04-05 14:18:36
C_102407,Sarah,Wilson,57,Accountant,Edinburgh,LOW,2021-01-13 01:25:21
C_102408,Jennifer,Roberts,20,Student,Glasgow,LOW,2017-08-29 00:21:15
C_102409,Isla,Brown,59,Student,Coventry,LOW,2019-09-08 00:03:15
C_102410,Ivy,Wright,43,Project Manager,Sheffield,LOW,2020-07-09 16:30:32
C_102411,Isabella,Baker,42,Consultant,Birmingham,LOW,2017-05-02 14:47:20
C_102412,Oliver,Jones,55,Registered Nurse,Newcastle,LOW,2024-04-24 22:51:23
C_102413,Amelia,White,24,Unemployed,Sheffield,LOW,2023-07-20 19:22:01
C_102414,Susan,Mason,57,Driver,London,LOW,2024-03-21 12:15:50
C_102415,John,Watson,44,Accountant,Newcastle,LOW,2016-07-26 00:50:22
C_102416,Sarah,Baker,43,Sales Associate,Newcastle,LOW,2017-01-31 08:53:43
C_102417,Christopher,Davies,63,Registered Nurse,Liverpool,LOW,2022-10-10 20:13:03
C_102418,Nancy,Clarke,48,Student,Leicester,LOW,2025-01-09 11:15:07
C_102419,Amelia,Jones,31,Software Engineer,Birmingham,LOW,2019-08-19 08:42:28
C_102420,Emily,Hill,38,Driver,Cardiff,LOW,2018-10-22 10:19:03
C_102421,Jessica,Green,57,Student,Sheffield,LOW,2016-08-27 20:02:39
C_102422,Olivia,Green,67,Chef,Sheffield,LOW,2017-07-18 23:45:39
C_102423,Lily,King,25,Project Manager,London,LOW,2025-12-27 14:14:19
C_102424,Amelia,Taylor,43,Registered Nurse,Bristol,LOW,2019-08-23 04:56:58
C_102425,Daniel,Walker,52,Administrative Assistant,Newcastle,LOW,2018-06-29 12:32:26
C_102426,Daniel,Jones,43,Electrician,Birmingham,LOW,2023-09-13 15:14:36
C_102427,Harry,Robinson,78,Retired,London,LOW,2017-12-09 07:58:33
C_102428,Arthur,Edwards,40,Registered Nurse,Manchester,LOW,2021-11-09 05:13:05
C_102429,Daniel,Davies,49,Student,Cardiff,LOW,2023-01-12 15:33:16
C_102430,Harry,Jackson,52,Electrician,Leeds,MEDIUM,2024-08-27 09:24:48
C_102431,John,Clark,36,Student,Bristol,LOW,2018-06-15 23:05:01
C_102432,John,Clark,46,Software Engineer,Liverpool,LOW,2024-05-03 22:47:20
C_102433,Ivy,Wood,41,Sales Associate,Liverpool,LOW,2020-09-23 03:01:28
C_102434,Patricia,Hill,42,Electrician,Leicester,LOW,2023-08-14 04:35:43
C_102435,Daniel,Robinson,43,Driver,Nottingham,LOW,2023-11-02 14:34:13
C_102436,Amelia,Wilson,36,Unemployed,Nottingham,HIGH,2025-07-23 19:52:16
C_102437,Christopher,King,53,Project Manager,Bristol,LOW,2016-11-25 05:48:44
C_102438,Jessica,Williams,47,Teacher,Newcastle,HIGH,2017-03-21 18:34:40
C_102439,John,King,35,Administrative Assistant,Glasgow,LOW,2024-02-21 15:15:55
C_102440,Donna,Clark,63,Student,Birmingham,LOW,2023-02-22 15:45:31
C_102441,Sophia,Carter,50,Plumber,Glasgow,LOW,2017-12-05 00:37:33
C_102442,Joseph,Green,62,Registered Nurse,Leicester,LOW,2023-07-09 22:17:56
C_102443,Patricia,Thompson,43,Student,Bristol,LOW,2025-08-11 15:37:14
C_102444,Lily,Wood,21,Student,Coventry,LOW,2018-01-02 02:21:29
C_102445,Linda,Scott,18,Student,Newcastle,LOW,2025-09-17 00:39:56
C_102446,William,Evans,32,Plumber,Glasgow,LOW,2024-05-28 10:09:24
C_102447,Leo,Robinson,47,Lawyer,Newcastle,LOW,2018-09-08 18:04:59
C_102448,Amelia,Evans,56,Lawyer,Newcastle,LOW,2016-08-27 07:22:39
C_102449,Isla,Williams,47,Consultant,Cardiff,LOW,2016-07-21 02:55:09
C_102450,Leo,Green,51,Doctor,Sheffield,LOW,2025-03-23 16:59:22
C_102451,Michelle,Cooper,32,Business Owner,Nottingham,LOW,2020-05-08 05:39:53
C_102452,Michelle,Jackson,53,Teacher,Sheffield,LOW,2017-02-07 21:11:02
C_102453,Nancy,Hall,64,Lawyer,Liverpool,MEDIUM,2016-02-08 22:53:23
C_102454,Oscar,Brown,29,Sales Associate,Liverpool,LOW,2023-12-02 04:20:47
C_102455,George,Patterson,64,Unemployed,Edinburgh,LOW,2021-04-15 05:00:35
C_102456,Daniel,Carter,63,Unemployed,Birmingham,MEDIUM,2017-03-09 15:32:15
C_102457,George,Cooper,47,Doctor,Coventry,LOW,2018-04-10 21:41:22
C_102458,Michelle,Baker,47,Doctor,Bristol,LOW,2022-01-02 07:12:27
C_102459,Patricia,Martin,62,Business Owner,Nottingham,MEDIUM,2018-01-15 10:26:30
C_102460,Barbara,Smith,56,Plumber,Leicester,LOW,2025-09-21 18:13:21
C_102461,Noah,Smith,31,Project Manager,Leeds,LOW,2017-07-06 07:45:55
C_102462,Joseph,Robinson,39,Driver,Cardiff,LOW,2020-04-15 20:04:44
C_102463,William,Mason,24,Software Engineer,Newcastle,LOW,2023-08-26 12:58:48
C_102464,Harry,Hughes,45,Consultant,Coventry,HIGH,2020-02-02 05:10:17
C_102465,Leo,Harris,38,Student,Newcastle,LOW,2021-05-21 00:21:04
C_102466,Ivy,Thompson,57,Chef,Coventry,LOW,2017-07-14 10:30:21
C_102467,Elizabeth,Hall,42,Software Engineer,Glasgow,MEDIUM,2024-04-13 15:28:36
C_102468,Sarah,Brown,53,Sales Associate,London,LOW,2020-02-17 02:35:41
C_102469,Richard,Patterson,64,Chef,Newcastle,LOW,2020-07-13 08:55:21
C_102470,Lily,Mitchell,53,Chef,Birmingham,LOW,2019-08-27 00:37:18
C_102471,Oscar,Green,59,Student,Bristol,LOW,2025-01-24 21:18:24
C_102472,Charles,Thomas,36,Electrician,Liverpool,LOW,2025-09-09 04:02:50
C_102473,Olivia,Watson,56,Business Owner,Manchester,LOW,2020-03-04 20:29:25
C_102474,Patricia,King,26,Student,Newcastle,MEDIUM,2023-03-04 01:39:38
C_102475,Michelle,Carter,40,Driver,London,LOW,2024-10-27 10:39:27
C_102476,Charles,Clarke,53,Unemployed,Bristol,LOW,2020-01-06 02:21:14
C_102477,Christopher,Evans,56,Plumber,Newcastle,LOW,2024-06-18 23:45:03
C_102478,Matthew,Watson,40,Administrative Assistant,Birmingham,LOW,2019-06-11 08:18:39
C_102479,Linda,Jones,36,Project Manager,Edinburgh,LOW,2023-11-30 16:42:44
C_102480,Betty,Robinson,38,Retired,Liverpool,LOW,2024-06-06 14:21:38
C_102481,Margaret,Scott,39,Unemployed,Manchester,LOW,2025-05-08 10:55:55
C_102482,Noah,Harrison,39,Software Engineer,Bristol,LOW,2020-03-25 07:31:55
C_102483,Amelia,Patterson,26,Driver,Bristol,LOW,2017-07-20 13:02:21
C_102484,Sarah,Wilson,27,Lawyer,Coventry,LOW,2016-08-01 14:47:52
C_102485,Betty,Jones,56,Lawyer,Newcastle,LOW,2018-08-15 06:25:16
C_102486,Arthur,Martin,72,Retired,Leicester,LOW,2021-11-19 21:59:25
C_102487,Amelia,Patterson,29,Registered Nurse,Nottingham,LOW,2025-07-28 16:21:40
C_102488,Charles,Edwards,51,Electrician,Newcastle,LOW,2024-04-05 17:14:47
C_102489,Jennifer,Carter,60,Electrician,Liverpool,LOW,2020-11-22 02:48:09
C_102490,Jessica,Jones,18,Student,Manchester,LOW,2025-08-24 14:39:08
C_102491,Donna,Wilson,40,Teacher,Sheffield,LOW,2023-03-20 05:21:37
C_102492,Matthew,Evans,40,Doctor,Newcastle,LOW,2021-07-07 03:52:53
C_102493,Charles,Roberts,26,Chef,Liverpool,LOW,2019-01-03 20:06:55
C_102494,Joseph,Ward,43,Retired,Birmingham,LOW,2022-06-27 00:17:10
C_102495,Ivy,Baker,52,Software Engineer,Nottingham,LOW,2020-08-19 20:42:12
C_102496,Barbara,Smith,24,Accountant,Bristol,LOW,2016-09-05 15:22:32
C_102497,Elizabeth,Jones,58,Software Engineer,Nottingham,LOW,2016-11-25 14:33:56
C_102498,Mia,Harrison,30,Unemployed,Manchester,LOW,2019-02-19 13:42:59
C_102499,Susan,Walker,38,Unemployed,Newcastle,HIGH,2022-03-24 00:11:38
C_102500,Elizabeth,Walker,18,Student,Nottingham,LOW,2024-03-03 22:18:34
C_102501,Barbara,Harris,18,Student,Sheffield,LOW,2024-07-02 17:57:32
C_102502,Ava,Watson,52,Consultant,Birmingham,LOW,2018-06-29 12:40:21
C_102503,Nancy,Williams,20,Student,Coventry,LOW,2020-09-15 16:28:38
C_102504,Joseph,Martin,56,Retired,Edinburgh,LOW,2019-12-28 07:28:43
C_102505,Jessica,Young,19,Student,Bristol,LOW,2021-09-02 19:53:02
C_102506,Charles,Wood,55,Doctor,Liverpool,LOW,2025-06-29 00:47:24
C_102507,Isla,Taylor,45,Business Owner,Cardiff,MEDIUM,2025-06-20 06:15:12
C_102508,Sarah,Taylor,28,Teacher,Cardiff,LOW,2017-10-04 12:41:18
C_102509,Mia,White,29,Teacher,Manchester,LOW,2023-04-24 12:03:55
C_102510,William,Williams,32,Electrician,Leicester,LOW,2016-05-16 08:13:47
C_102511,Joseph,Baker,42,Chef,Glasgow,LOW,2018-05-02 22:42:40
C_102512,Mia,White,33,Sales Associate,Newcastle,MEDIUM,2022-08-22 15:32:15
C_102513,Olivia,Smith,47,Sales Associate,Birmingham,LOW,2024-11-04 09:48:39
C_102514,Michelle,Green,51,Student,London,LOW,2018-09-21 18:04:25
C_102515,Joseph,Thompson,23,Consultant,Liverpool,LOW,2016-09-25 00:32:31
C_102516,Richard,Robinson,59,Registered Nurse,Cardiff,LOW,2021-01-09 12:26:53
C_102517,Karen,Evans,44,Unemployed,Birmingham,LOW,2017-02-13 17:32:06
C_102518,David,Walker,48,Construction Worker,Coventry,MEDIUM,2021-04-23 11:35:46
C_102519,Amelia,King,47,Driver,Birmingham,MEDIUM,2017-08-04 00:55:29
C_102520,Karen,Hughes,48,Chef,Nottingham,LOW,2025-10-22 05:00:13
C_102521,Emily,Williams,18,Student,Leeds,MEDIUM,2019-12-23 00:21:41
C_102522,Robert,Evans,22,Student,Birmingham,LOW,2017-03-06 10:54:17
C_102523,Isabella,Williams,42,Consultant,Bristol,LOW,2018-12-04 16:58:17
C_102524,Sarah,Wilson,30,Student,Manchester,HIGH,2021-08-17 19:51:07
C_102525,Isabella,Edwards,51,Chef,Leicester,LOW,2018-01-08 00:16:13
C_102526,John,Watson,41,Doctor,Belfast,LOW,2022-06-11 07:13:08
C_102527,Ivy,White,57,Chef,Newcastle,LOW,2020-01-06 22:28:58
C_102528,Arthur,Roberts,28,Project Manager,Newcastle,LOW,2025-11-27 18:55:26
C_102529,Michael,King,52,Lawyer,Edinburgh,LOW,2024-04-14 19:42:53
C_102530,Isla,Harris,58,Doctor,Manchester,LOW,2017-12-05 00:39:17
C_102531,Donna,King,31,Consultant,Leicester,LOW,2019-06-03 07:53:24
C_102532,Lisa,Harris,48,Consultant,Newcastle,LOW,2017-10-13 06:17:04
C_102533,Ava,Jackson,18,Student,Nottingham,HIGH,2021-01-05 06:15:57
C_102534,Barbara,Hill,18,Student,Birmingham,MEDIUM,2017-11-25 05:55:02
C_102535,Isabella,Green,18,Student,Leicester,LOW,2023-11-16 23:51:08
C_102536,Thomas,Lewis,18,Student,Newcastle,LOW,2025-04-26 12:28:37
C_102537,Arthur,Baker,37,Registered Nurse,Bristol,LOW,2023-04-04 01:25:56
C_102538,George,Walker,44,Registered Nurse,Cardiff,LOW,2020-02-27 07:18:38
C_102539,Elizabeth,Mitchell,32,Unemployed,Birmingham,LOW,2022-08-21 08:05:23
C_102540,Richard,Smith,50,Software Engineer,Nottingham,LOW,2021-03-04 17:41:21
C_102541,Betty,Taylor,35,Business Owner,Nottingham,LOW,2020-09-08 01:59:54
C_102542,Matthew,Hughes,56,Administrative Assistant,Sheffield,LOW,2019-12-20 00:22:33
C_102543,Oliver,Ward,34,Administrative Assistant,Glasgow,LOW,2020-12-26 15:29:45
C_102544,Betty,Johnson,68,Administrative Assistant,Nottingham,LOW,2020-08-07 04:10:29
C_102545,Oliver,Mitchell,21,Student,Leeds,LOW,2020-05-12 12:42:19
C_102546,Emily,Hall,40,Driver,Edinburgh,LOW,2020-09-17 01:09:07
C_102547,Charles,Wright,59,Retired,Cardiff,HIGH,2025-03-07 10:06:05
C_102548,Charles,Brown,37,Business Owner,Edinburgh,LOW,2016-03-21 03:09:03
C_102549,Patricia,Mitchell,45,Project Manager,Sheffield,LOW,2025-11-22 06:08:31
C_102550,James,Cooper,32,Accountant,Birmingham,LOW,2017-11-20 07:58:27
C_102551,Emily,Jackson,39,Administrative Assistant,Edinburgh,LOW,2022-06-03 09:18:12
C_102552,Christopher,Ward,37,Chef,Liverpool,LOW,2020-03-30 04:58:52
C_102553,Thomas,Cooper,44,Unemployed,Manchester,LOW,2020-11-12 09:41:34
C_102554,Harry,Smith,34,Electrician,Belfast,MEDIUM,2021-05-27 09:45:16
C_102555,Ava,Davies,38,Electrician,Leicester,LOW,2016-03-06 01:11:00
C_102556,Jessica,Walker,41,Construction Worker,London,LOW,2025-06-28 23:34:34
C_102557,Lisa,Hill,50,Unemployed,Edinburgh,MEDIUM,2021-11-10 09:32:10
C_102558,Emily,Wright,40,Driver,Birmingham,LOW,2021-01-22 23:43:56
C_102559,William,Hill,32,Unemployed,Manchester,LOW,2020-05-07 08:30:49
C_102560,Joseph,Cooper,52,Project Manager,Nottingham,LOW,2021-10-28 13:34:19
C_102561,Linda,Carter,69,Retired,Nottingham,LOW,2022-06-20 04:00:17
C_102562,Oliver,Scott,37,Unemployed,Belfast,LOW,2022-04-21 14:01:10
C_102563,George,Hall,59,Construction Worker,London,LOW,2016-05-29 08:17:50
C_102564,Ashley,White,26,Consultant,Edinburgh,LOW,2016-04-20 14:25:51
C_102565,Matthew,Harrison,46,Driver,Bristol,LOW,2025-12-14 04:22:40
C_102566,Barbara,Wilson,32,Construction Worker,Nottingham,MEDIUM,2022-06-11 23:23:17
C_102567,Emily,Davies,53,Unemployed,Edinburgh,LOW,2020-10-30 11:58:55
C_102568,Ivy,King,61,Teacher,Newcastle,LOW,2018-04-20 20:50:57
C_102569,Thomas,Wright,18,Student,Coventry,LOW,2024-06-23 17:32:01
C_102570,Joseph,Jones,50,Electrician,Coventry,LOW,2023-07-10 23:11:06
C_102571,John,Ward,46,Chef,Newcastle,LOW,2024-07-29 02:49:50
C_102572,Elizabeth,Lewis,49,Construction Worker,Newcastle,LOW,2025-05-29 02:13:40
C_102573,Michelle,Brown,39,Software Engineer,Bristol,LOW,2025-01-29 21:07:30
C_102574,Jessica,Robinson,55,Registered Nurse,Belfast,HIGH,2025-02-25 19:32:01
C_102575,Isla,Young,31,Electrician,Nottingham,LOW,2024-08-30 08:29:49
C_102576,Daniel,Davies,30,Software Engineer,Edinburgh,LOW,2025-04-24 11:12:45
C_102577,Karen,Edwards,22,Retired,London,LOW,2023-10-19 21:31:50
C_102578,Elizabeth,White,44,Project Manager,Liverpool,LOW,2022-11-05 15:14:19
C_102579,Christopher,Jones,26,Chef,Bristol,LOW,2020-02-15 09:24:37
C_102580,Sarah,Scott,50,Sales Associate,Leicester,LOW,2017-08-23 02:44:35
C_102581,Daniel,Watson,24,Software Engineer,Newcastle,LOW,2023-03-10 09:52:10
C_102582,Betty,Walker,48,Lawyer,Cardiff,MEDIUM,2024-07-04 01:53:10
C_102583,Muhammad,Clark,46,Consultant,Nottingham,LOW,2017-08-04 23:48:47
C_102584,Jennifer,Davies,36,Unemployed,Leicester,LOW,2021-05-03 01:58:50
C_102585,Sarah,Johnson,38,Unemployed,Nottingham,LOW,2016-05-07 18:41:03
C_102586,Lisa,Watson,40,Lawyer,Manchester,LOW,2020-08-25 20:02:04
C_102587,Ava,Hall,24,Consultant,Liverpool,MEDIUM,2018-01-23 23:21:33
C_102588,Nancy,Mason,45,Construction Worker,Edinburgh,LOW,2022-08-23 04:05:23
C_102589,Kimberly,Carter,57,Business Owner,Manchester,LOW,2020-07-21 14:16:08
C_102590,Olivia,Smith,44,Software Engineer,Leeds,LOW,2021-02-11 02:04:07
C_102591,Lisa,Robinson,62,Accountant,Glasgow,LOW,2019-08-28 21:39:29
C_102592,Richard,Robinson,47,Lawyer,Belfast,LOW,2021-06-07 00:12:49
C_102593,Leo,Robinson,31,Plumber,Leeds,LOW,2016-03-17 21:19:11
C_102594,Leo,Johnson,62,Sales Associate,London,LOW,2018-12-26 20:44:54
C_102595,Christopher,Lewis,48,Student,Nottingham,LOW,2018-09-19 13:40:08
C_102596,Robert,Wilson,34,Sales Associate,Sheffield,LOW,2018-11-13 18:14:57
C_102597,Michelle,Davies,67,Retired,Glasgow,LOW,2018-09-22 14:34:02
C_102598,Sandra,Green,43,Consultant,Bristol,HIGH,2018-10-15 18:51:05
C_102599,David,Green,59,Student,Leeds,MEDIUM,2018-08-03 15:34:44
C_102600,Noah,Clark,37,Lawyer,Newcastle,LOW,2016-10-28 04:42:33
C_102601,David,Baker,18,Student,London,MEDIUM,2018-01-31 22:01:16
C_102602,Linda,Clark,43,Driver,Newcastle,LOW,2021-02-01 20:43:25
C_102603,Jessica,Hill,46,Chef,Leeds,LOW,2024-06-05 20:07:42
C_102604,Donna,Patterson,56,Lawyer,Bristol,LOW,2021-01-21 22:14:33
C_102605,Ava,Clarke,59,Project Manager,Birmingham,LOW,2021-11-21 06:17:11
C_102606,Arthur,Scott,29,Lawyer,Sheffield,LOW,2024-07-28 21:49:36
C_102607,Leo,Johnson,61,Software Engineer,London,MEDIUM,2019-04-01 10:49:52
C_102608,Arthur,Mason,53,Registered Nurse,Leicester,LOW,2023-04-24 08:15:30
C_102609,Noah,Hall,54,Administrative Assistant,Glasgow,LOW,2018-04-16 18:48:29
C_102610,Susan,Young,57,Teacher,Cardiff,LOW,2020-11-15 23:27:46
C_102611,Robert,Clark,23,Student,Glasgow,MEDIUM,2019-09-11 22:36:46
C_102612,Ashley,Johnson,36,Consultant,Nottingham,LOW,2020-10-13 15:35:12
C_102613,Sarah,Evans,45,Driver,Manchester,MEDIUM,2022-05-17 19:51:00
C_102614,Noah,Clarke,39,Software Engineer,Birmingham,LOW,2020-02-01 08:57:24
C_102615,Lisa,Smith,39,Business Owner,Nottingham,LOW,2022-05-31 12:07:53
C_102616,Matthew,Johnson,59,Project Manager,Coventry,LOW,2019-06-22 09:01:33
C_102617,John,Young,21,Student,Birmingham,LOW,2021-05-28 22:31:30
C_102618,Robert,Lewis,41,Retired,Birmingham,LOW,2019-12-03 02:15:40
C_102619,Lily,Hill,18,Retired,Manchester,LOW,2025-05-06 22:38:48
C_102620,Donna,Baker,44,Administrative Assistant,Edinburgh,LOW,2018-05-10 16:44:03
C_102621,Noah,Thompson,36,Project Manager,Coventry,HIGH,2019-01-31 16:19:52
C_102622,James,Cooper,53,Doctor,Newcastle,LOW,2024-05-29 19:27:43
C_102623,Thomas,Wilson,51,Registered Nurse,Nottingham,MEDIUM,2016-01-22 17:07:40
C_102624,Thomas,Harris,22,Teacher,Nottingham,LOW,2025-07-27 13:00:29
C_102625,Leo,Patterson,24,Plumber,Birmingham,LOW,2020-04-19 07:00:42
C_102626,Sophia,Taylor,44,Plumber,Edinburgh,LOW,2019-11-19 19:49:42
C_102627,Donna,Davies,70,Retired,Bristol,LOW,2024-01-21 22:32:33
C_102628,Joseph,Clarke,23,Driver,London,LOW,2025-03-17 17:12:50
C_102629,Oliver,Williams,29,Software Engineer,Sheffield,LOW,2019-06-30 04:16:05
C_102630,Elizabeth,Green,47,Registered Nurse,Leicester,LOW,2023-08-21 07:36:34
C_102631,Jessica,Clark,38,Teacher,Leeds,LOW,2025-03-15 19:48:21
C_102632,Barbara,Lewis,48,Software Engineer,Belfast,LOW,2022-01-22 00:27:11
C_102633,Amelia,Lewis,31,Electrician,Birmingham,HIGH,2020-04-14 10:17:05
C_102634,Sandra,Hughes,48,Administrative Assistant,Sheffield,LOW,2024-01-31 15:12:05
C_102635,Olivia,Thompson,58,Software Engineer,Edinburgh,MEDIUM,2016-08-06 15:43:43
C_102636,Patricia,Taylor,45,Chef,Bristol,HIGH,2016-06-23 21:43:15
C_102637,Isla,Taylor,48,Chef,Coventry,LOW,2023-10-08 22:54:30
C_102638,James,Walker,29,Student,Leicester,LOW,2017-02-14 03:30:15
C_102639,Michael,Watson,33,Teacher,Liverpool,LOW,2020-06-23 08:46:24
C_102640,Ava,Thomas,18,Student,Bristol,LOW,2023-07-16 05:47:11
C_102641,Amelia,Jones,30,Doctor,Belfast,LOW,2021-05-09 09:55:35
C_102642,David,Green,24,Teacher,Coventry,LOW,2025-12-31 05:00:33
C_102643,Lisa,Thompson,22,Consultant,Liverpool,LOW,2022-06-19 09:54:50
C_102644,Thomas,Young,27,Sales Associate,Liverpool,LOW,2022-06-18 13:41:13
C_102645,Oliver,Clarke,48,Chef,Glasgow,LOW,2020-03-11 17:42:02
C_102646,Barbara,Harrison,42,Teacher,Newcastle,LOW,2020-06-10 14:24:39
C_102647,Isabella,Hughes,54,Student,Sheffield,LOW,2023-03-10 03:11:38
C_102648,Nancy,Hughes,43,Administrative Assistant,Cardiff,LOW,2017-04-29 06:00:14
C_102649,Arthur,White,45,Student,London,LOW,2019-10-20 05:45:19
C_102650,Sandra,Thompson,53,Plumber,Cardiff,LOW,2022-09-13 13:20:59
C_102651,Lily,Thomas,52,Driver,London,LOW,2024-01-14 19:25:19
C_102652,Charles,Taylor,22,Doctor,Nottingham,LOW,2019-08-10 09:23:08
C_102653,Emily,Baker,30,Project Manager,Sheffield,LOW,2019-09-11 08:11:48
C_102654,Jennifer,Davies,47,Driver,Liverpool,LOW,2021-12-08 07:41:43
C_102655,James,Hall,52,Driver,Manchester,MEDIUM,2022-09-11 13:30:27
C_102656,Amelia,Thomas,41,Electrician,Sheffield,LOW,2016-02-19 08:32:47
C_102657,Thomas,Evans,34,Unemployed,London,LOW,2025-09-07 23:18:51
C_102658,Amelia,Hill,58,Student,Leeds,LOW,2016-09-14 13:19:28
C_102659,Jennifer,Clarke,23,Administrative Assistant,Belfast,LOW,2020-12-12 08:23:18
C_102660,Margaret,Davies,32,Electrician,Newcastle,LOW,2021-11-26 16:01:16
C_102661,Susan,Williams,38,Project Manager,Birmingham,LOW,2022-08-16 11:53:01
C_102662,John,Harrison,43,Driver,Glasgow,LOW,2020-02-05 07:47:02
C_102663,Muhammad,Harris,41,Unemployed,Birmingham,LOW,2024-03-30 02:54:39
C_102664,Michelle,Scott,49,Construction Worker,Sheffield,MEDIUM,2025-07-03 14:43:53
C_102665,Jessica,Wright,39,Business Owner,Edinburgh,LOW,2025-11-18 11:44:00
C_102666,Ashley,Carter,41,Chef,Bristol,LOW,2016-01-29 13:37:34
C_102667,Margaret,Mason,18,Doctor,Leicester,LOW,2022-01-29 09:39:41
C_102668,Isabella,Smith,50,Retired,Manchester,LOW,2020-01-14 15:44:46
C_102669,Patricia,White,18,Student,Belfast,LOW,2022-05-05 14:44:27
C_102670,James,Edwards,56,Retired,Coventry,LOW,2025-01-05 16:45:17
C_102671,Richard,Mitchell,66,Retired,Bristol,MEDIUM,2022-12-22 05:48:19
C_102672,Lily,Watson,67,Retired,Belfast,LOW,2022-06-14 03:25:10
C_102673,Sophia,Smith,18,Sales Associate,Manchester,LOW,2019-04-16 05:02:07
C_102674,Ivy,Wood,41,Consultant,Edinburgh,LOW,2022-10-26 00:19:51
C_102675,Margaret,Patterson,36,Registered Nurse,Liverpool,LOW,2023-09-27 12:27:19
C_102676,Olivia,Clark,32,Registered Nurse,Leeds,LOW,2018-06-24 04:31:34
C_102677,George,Smith,50,Project Manager,Leeds,LOW,2017-09-25 06:42:37
C_102678,Michelle,Hughes,32,Unemployed,Bristol,LOW,2018-04-14 02:44:47
C_102679,Thomas,King,46,Driver,Newcastle,MEDIUM,2024-03-09 17:24:31
C_102680,George,Harrison,24,Teacher,Liverpool,LOW,2017-11-25 22:42:56
C_102681,Jennifer,Wood,29,Teacher,Belfast,LOW,2023-12-10 10:49:55
C_102682,Kimberly,Williams,24,Software Engineer,Belfast,LOW,2020-11-14 17:13:48
C_102683,Michelle,Clarke,42,Construction Worker,Manchester,LOW,2016-01-10 15:38:41
C_102684,Isla,Smith,52,Driver,Leeds,LOW,2023-06-06 12:59:30
C_102685,Lisa,Lewis,32,Electrician,Cardiff,LOW,2022-07-29 07:36:16
C_102686,Muhammad,Scott,53,Doctor,Sheffield,LOW,2022-01-27 10:06:51
C_102687,Sarah,Brown,42,Electrician,Coventry,LOW,2025-09-20 10:16:14
C_102688,Sarah,Wright,27,Construction Worker,Glasgow,LOW,2017-06-23 08:05:54
C_102689,Jessica,Edwards,73,Retired,Birmingham,LOW,2017-03-03 11:59:54
C_102690,Karen,Hall,44,Accountant,London,LOW,2016-10-26 06:38:34
C_102691,Margaret,Harrison,36,Retired,Manchester,MEDIUM,2025-02-26 21:32:19
C_102692,Linda,Wood,57,Retired,Liverpool,LOW,2021-03-03 18:21:02
C_102693,Sandra,Young,20,Student,Nottingham,MEDIUM,2018-04-19 16:23:35
C_102694,Linda,Watson,45,Chef,Coventry,LOW,2020-05-07 19:00:40
C_102695,Arthur,Clark,18,Student,Newcastle,LOW,2024-05-20 20:56:00
C_102696,Sarah,Watson,31,Electrician,Edinburgh,LOW,2020-12-22 22:42:07
C_102697,Emily,Ward,52,Chef,Leeds,HIGH,2025-08-08 22:36:22
C_102698,Christopher,Johnson,18,Consultant,Newcastle,LOW,2020-06-29 04:49:15
C_102699,Oliver,Evans,38,Electrician,Sheffield,LOW,2021-09-05 14:47:41
C_102700,Emily,Martin,41,Driver,Liverpool,LOW,2024-07-04 13:03:05
C_102701,Patricia,Jackson,31,Software Engineer,London,LOW,2021-11-15 16:15:11
C_102702,Michael,Scott,53,Lawyer,Coventry,LOW,2023-08-30 02:05:35
C_102703,William,Brown,38,Electrician,Birmingham,LOW,2025-12-31 09:20:44
C_102704,John,Edwards,20,Doctor,London,LOW,2025-07-05 07:20:39
C_102705,Mia,Scott,37,Construction Worker,London,LOW,2018-08-13 11:35:17
C_102706,Matthew,Taylor,52,Sales Associate,Newcastle,LOW,2025-11-21 22:39:14
C_102707,John,Green,31,Construction Worker,London,LOW,2024-12-09 12:06:58
C_102708,Kimberly,Williams,45,Sales Associate,London,HIGH,2024-09-17 10:07:15
C_102709,Donna,Brown,21,Student,Newcastle,LOW,2025-03-27 22:06:53
C_102710,Matthew,Carter,39,Consultant,Nottingham,LOW,2025-06-05 09:55:48
C_102711,Michael,Johnson,43,Plumber,Newcastle,LOW,2021-11-27 00:28:47
C_102712,John,Harris,60,Plumber,Leicester,LOW,2024-06-06 17:55:06
C_102713,John,King,30,Sales Associate,Cardiff,LOW,2016-03-18 12:15:42
C_102714,Jessica,Cooper,40,Accountant,Glasgow,LOW,2025-10-11 01:36:45
C_102715,Lily,Davies,34,Student,Liverpool,LOW,2022-11-05 00:38:21
C_102716,Daniel,Thompson,51,Sales Associate,Birmingham,LOW,2020-12-07 16:44:31
C_102717,Matthew,Hall,43,Plumber,Birmingham,LOW,2016-09-30 18:41:43
C_102718,Charles,Green,48,Lawyer,Edinburgh,LOW,2017-06-12 22:04:38
C_102719,Robert,Scott,71,Retired,Newcastle,LOW,2023-04-02 08:00:07
C_102720,Isla,Hughes,50,Accountant,Manchester,LOW,2025-05-28 17:29:48
C_102721,James,Scott,37,Driver,Newcastle,LOW,2022-08-15 07:46:41
C_102722,Betty,Davies,48,Registered Nurse,Bristol,LOW,2017-09-04 10:44:13
C_102723,Amelia,Clark,44,Chef,Cardiff,LOW,2020-09-17 05:33:42
C_102724,Isabella,Wilson,40,Doctor,Birmingham,LOW,2021-08-20 21:05:26
C_102725,George,Johnson,53,Consultant,London,LOW,2025-02-10 15:35:52
C_102726,Robert,Green,47,Chef,Glasgow,LOW,2021-01-03 21:09:02
C_102727,Robert,Edwards,39,Administrative Assistant,Cardiff,LOW,2025-03-06 19:49:47
C_102728,Elizabeth,Mitchell,70,Retired,Birmingham,LOW,2016-09-22 11:39:56
C_102729,Patricia,Carter,18,Student,Cardiff,LOW,2023-01-12 14:13:17
C_102730,Isla,Lewis,51,Accountant,Edinburgh,LOW,2020-08-10 07:28:37
C_102731,Linda,Jones,49,Student,Leeds,LOW,2023-08-22 03:57:37
C_102732,Ava,Thomas,48,Electrician,Sheffield,LOW,2025-11-07 19:54:33
C_102733,Muhammad,Johnson,44,Business Owner,Edinburgh,LOW,2025-02-22 00:58:00
C_102734,Nancy,Young,22,Teacher,Coventry,LOW,2021-02-05 21:20:26
C_102735,Olivia,Walker,41,Chef,Manchester,LOW,2022-10-21 08:24:33
C_102736,Lily,Green,61,Construction Worker,Belfast,LOW,2021-02-03 01:40:58
C_102737,Isabella,Harris,20,Student,Newcastle,MEDIUM,2024-10-11 08:12:08
C_102738,Mia,Martin,35,Doctor,Bristol,LOW,2017-02-19 06:13:08
C_102739,Betty,Wright,27,Teacher,Belfast,LOW,2019-07-27 16:01:08
C_102740,Margaret,Taylor,32,Lawyer,Bristol,LOW,2023-07-29 08:06:22
C_102741,Linda,Green,49,Teacher,Glasgow,LOW,2021-09-16 19:33:57
C_102742,Ivy,Evans,58,Project Manager,Nottingham,LOW,2016-07-29 23:43:00
C_102743,Sandra,Evans,52,Chef,Bristol,LOW,2023-01-15 14:19:42
C_102744,Elizabeth,Carter,69,Retired,Edinburgh,LOW,2025-11-23 05:10:28
C_102745,Lily,Wood,61,Plumber,Newcastle,LOW,2018-12-14 15:00:03
C_102746,Matthew,Ward,50,Construction Worker,Sheffield,MEDIUM,2019-05-06 00:47:17
C_102747,Harry,Hughes,34,Electrician,Bristol,LOW,2021-08-04 18:25:26
C_102748,Betty,Wright,55,Doctor,Liverpool,LOW,2017-10-18 21:53:49
C_102749,Ashley,Johnson,47,Lawyer,Newcastle,MEDIUM,2024-09-05 07:35:12
C_102750,Ashley,Taylor,35,Project Manager,Belfast,LOW,2025-03-19 08:15:23
C_102751,Lily,Robinson,34,Plumber,Birmingham,LOW,2023-01-11 09:15:30
C_102752,Elizabeth,White,51,Software Engineer,Bristol,MEDIUM,2019-05-13 10:37:05
C_102753,Richard,Patterson,50,Business Owner,Liverpool,LOW,2022-06-02 12:59:18
C_102754,Elizabeth,Hall,40,Business Owner,Newcastle,LOW,2016-01-13 12:15:28
C_102755,Oliver,Roberts,48,Chef,Birmingham,LOW,2019-03-20 03:36:00
C_102756,Lily,Wood,66,Retired,London,LOW,2018-11-11 20:28:41
C_102757,Ivy,Young,52,Student,Cardiff,LOW,2025-08-21 04:33:53
C_102758,Elizabeth,Lewis,28,Sales Associate,Leeds,LOW,2016-04-27 05:31:05
C_102759,Charles,Jackson,47,Driver,Sheffield,LOW,2017-04-22 20:18:35
C_102760,Mia,Hill,36,Driver,Newcastle,LOW,2016-11-15 00:03:16
C_102761,Olivia,Harris,18,Student,Coventry,LOW,2017-07-01 08:00:59
C_102762,Emily,Mitchell,44,Administrative Assistant,Sheffield,LOW,2020-09-30 20:09:38
C_102763,Lily,Hill,41,Software Engineer,Birmingham,LOW,2021-01-26 22:21:53
C_102764,Harry,Harris,29,Driver,Birmingham,LOW,2016-04-20 22:27:22
C_102765,Isla,Wright,26,Driver,Nottingham,LOW,2025-11-20 11:11:01
C_102766,Olivia,Clark,50,Driver,Leeds,LOW,2017-06-09 13:49:16
C_102767,Ivy,Brown,49,Plumber,Sheffield,MEDIUM,2020-04-11 22:17:40
C_102768,Lisa,Martin,27,Retired,Bristol,LOW,2020-03-18 09:33:53
C_102769,Leo,Wood,44,Chef,Liverpool,LOW,2018-01-02 12:10:46
C_102770,Michael,Brown,34,Accountant,Nottingham,LOW,2021-05-24 05:07:19
C_102771,Ava,Watson,54,Software Engineer,Glasgow,LOW,2018-09-14 08:29:55
C_102772,Harry,Edwards,56,Registered Nurse,Liverpool,LOW,2019-04-12 21:07:35
C_102773,Mia,Johnson,38,Consultant,Bristol,LOW,2021-03-26 21:28:06
C_102774,Robert,Wright,36,Doctor,Belfast,LOW,2017-01-23 18:42:29
C_102775,Mia,Williams,66,Retired,Birmingham,LOW,2022-01-04 17:29:30
C_102776,Isabella,Davies,31,Electrician,Birmingham,MEDIUM,2018-10-21 08:19:54
C_102777,Charles,Patterson,43,Business Owner,Leicester,LOW,2024-12-14 19:58:13
C_102778,Harry,Cooper,40,Driver,Belfast,LOW,2020-09-29 10:57:57
C_102779,Olivia,Martin,37,Software Engineer,Manchester,MEDIUM,2025-03-20 21:03:04
C_102780,Betty,Thompson,18,Student,Glasgow,LOW,2024-05-01 07:08:33
C_102781,Oliver,Lewis,39,Electrician,Nottingham,LOW,2023-07-28 11:53:07
C_102782,Olivia,Roberts,36,Project Manager,Leicester,LOW,2020-07-11 14:53:09
C_102783,Matthew,Taylor,31,Student,London,LOW,2025-08-23 14:37:44
C_102784,Charles,White,18,Student,Coventry,LOW,2016-06-02 01:08:49
C_102785,Robert,Walker,63,Retired,Belfast,LOW,2020-03-05 13:45:16
C_102786,Olivia,Jones,18,Teacher,Birmingham,LOW,2018-11-14 19:26:56
C_102787,John,Wright,34,Sales Associate,Belfast,LOW,2018-01-13 18:49:27
C_102788,Richard,Thomas,50,Accountant,Liverpool,LOW,2020-08-13 10:18:53
C_102789,Michael,Wilson,33,Driver,Glasgow,LOW,2019-05-05 22:11:16
C_102790,Christopher,Hughes,50,Consultant,Edinburgh,LOW,2018-03-02 09:44:37
C_102791,Ava,Williams,55,Plumber,Leeds,LOW,2021-02-01 23:10:47
C_102792,Betty,Patterson,64,Sales Associate,Glasgow,LOW,2022-03-03 23:11:29
C_102793,Lisa,Clarke,27,Sales Associate,Liverpool,LOW,2024-09-06 03:21:13
C_102794,Michael,Robinson,29,Consultant,Coventry,LOW,2021-06-21 14:12:09
C_102795,Isla,Clarke,42,Construction Worker,Newcastle,LOW,2018-12-27 17:12:41
C_102796,David,Walker,47,Unemployed,Leicester,HIGH,2019-01-14 14:20:17
C_102797,Charles,Harris,48,Chef,Cardiff,LOW,2023-11-06 14:50:40
C_102798,Olivia,Ward,43,Sales Associate,Manchester,LOW,2025-11-02 14:08:09
C_102799,Patricia,Baker,41,Unemployed,Coventry,LOW,2020-09-09 07:09:17
C_102800,Donna,Cooper,57,Administrative Assistant,Belfast,LOW,2022-02-24 11:57:40
C_102801,Jennifer,Hughes,27,Construction Worker,Leicester,LOW,2024-03-12 19:36:09
C_102802,Amelia,Hall,45,Sales Associate,Cardiff,LOW,2025-12-22 19:53:34
C_102803,Betty,Brown,38,Sales Associate,Belfast,MEDIUM,2016-12-07 03:41:44
C_102804,Joseph,King,54,Registered Nurse,London,LOW,2021-07-29 07:34:51
C_102805,Matthew,Wilson,36,Retired,Leicester,LOW,2016-01-17 03:28:26
C_102806,Emily,Watson,56,Chef,Nottingham,LOW,2022-03-27 05:05:41
C_102807,Richard,Green,44,Business Owner,Glasgow,LOW,2018-03-15 21:33:34
C_102808,John,Harrison,38,Accountant,Coventry,LOW,2022-06-26 23:02:26
C_102809,Isla,Clark,53,Driver,Leeds,MEDIUM,2018-02-22 21:46:01
C_102810,Muhammad,Mason,63,Project Manager,London,LOW,2025-03-15 20:50:59
C_102811,Sophia,King,46,Construction Worker,Sheffield,MEDIUM,2024-01-22 10:38:10
C_102812,Susan,Mason,25,Software Engineer,Newcastle,LOW,2022-03-05 08:09:45
C_102813,Ivy,Martin,34,Business Owner,Newcastle,LOW,2019-12-04 20:47:50
C_102814,George,Thomas,33,Consultant,Cardiff,LOW,2022-07-24 01:14:01
C_102815,Michelle,Davies,32,Accountant,Leeds,LOW,2023-06-20 15:15:53
C_102816,Matthew,Wright,57,Business Owner,Glasgow,LOW,2022-04-26 19:51:39
C_102817,Sandra,Edwards,23,Administrative Assistant,London,LOW,2018-10-25 19:49:16
C_102818,Leo,Evans,48,Registered Nurse,Leicester,LOW,2025-07-07 11:20:35
C_102819,Nancy,Roberts,46,Construction Worker,Coventry,LOW,2017-05-02 14:42:59
C_102820,Elizabeth,Taylor,48,Teacher,Leeds,LOW,2017-05-14 07:18:09
C_102821,Sophia,King,35,Student,London,LOW,2018-03-19 02:43:09
C_102822,Charles,Williams,52,Business Owner,Bristol,LOW,2022-08-20 03:37:46
C_102823,Ivy,Watson,38,Doctor,Birmingham,MEDIUM,2025-11-28 03:08:45
C_102824,Patricia,Thomas,33,Business Owner,Cardiff,LOW,2025-07-03 00:35:26
C_102825,Olivia,Wood,44,Registered Nurse,Glasgow,LOW,2017-06-26 19:25:42
C_102826,Daniel,Wood,55,Construction Worker,Bristol,LOW,2020-02-18 17:52:17
C_102827,Richard,Hall,52,Registered Nurse,Leeds,LOW,2016-11-22 01:21:56
C_102828,Lisa,Young,48,Consultant,Glasgow,LOW,2023-03-12 05:31:30
C_102829,Oscar,Jackson,36,Sales Associate,Birmingham,MEDIUM,2018-06-11 12:04:09
C_102830,Arthur,Hill,46,Retired,Newcastle,LOW,2022-02-22 09:13:16
C_102831,William,Martin,30,Doctor,Sheffield,LOW,2016-11-03 00:04:24
C_102832,Olivia,Clarke,23,Registered Nurse,Nottingham,LOW,2022-07-19 19:45:46
C_102833,Sarah,Mitchell,30,Plumber,Newcastle,LOW,2019-03-02 18:26:52
C_102834,Susan,Carter,34,Electrician,Newcastle,LOW,2023-06-10 14:37:56
C_102835,Ivy,Clarke,35,Student,Coventry,HIGH,2021-01-10 23:14:03
C_102836,Kimberly,Davies,40,Student,Leicester,LOW,2020-07-17 13:21:37
C_102837,George,Edwards,33,Construction Worker,Coventry,LOW,2016-06-14 18:38:22
C_102838,Christopher,Evans,59,Construction Worker,Edinburgh,LOW,2023-07-16 09:54:04
C_102839,Michelle,Evans,41,Software Engineer,Bristol,LOW,2018-02-26 18:15:32
C_102840,Kimberly,Thomas,46,Student,Edinburgh,LOW,2017-12-17 20:14:44
C_102841,Amelia,Hall,37,Administrative Assistant,Liverpool,HIGH,2022-08-17 21:40:52
C_102842,John,Taylor,54,Unemployed,Cardiff,LOW,2018-07-23 13:34:53
C_102843,Muhammad,Thomas,58,Software Engineer,Coventry,MEDIUM,2024-09-06 11:26:51
C_102844,Mia,Harris,50,Software Engineer,Leicester,MEDIUM,2019-03-30 04:17:01
C_102845,Lisa,Clarke,66,Retired,Bristol,LOW,2016-04-29 04:38:48
C_102846,Elizabeth,Jones,29,Electrician,Leeds,LOW,2022-11-16 12:07:16
C_102847,Michelle,Wilson,56,Business Owner,Nottingham,LOW,2019-03-25 17:05:42
C_102848,Barbara,Hill,52,Student,Edinburgh,LOW,2016-12-14 23:21:30
C_102849,Jennifer,Cooper,55,Driver,Leeds,LOW,2021-07-31 20:21:41
C_102850,Nancy,Jones,47,Chef,Cardiff,LOW,2023-06-27 05:18:44
C_102851,Muhammad,Walker,62,Unemployed,Glasgow,MEDIUM,2018-09-08 14:39:16
C_102852,Sarah,Ward,71,Retired,Cardiff,LOW,2023-10-29 00:45:33
C_102853,Elizabeth,Green,26,Student,Edinburgh,LOW,2022-02-03 15:37:29
C_102854,Oliver,Clark,34,Sales Associate,Bristol,LOW,2020-02-29 16:10:02
C_102855,Noah,Davies,39,Construction Worker,Birmingham,MEDIUM,2020-09-09 20:23:38
C_102856,Harry,Wood,46,Student,Liverpool,LOW,2016-03-24 18:38:32
C_102857,Emily,Thompson,41,Retired,Belfast,LOW,2020-06-17 10:46:05
C_102858,Emily,Wood,36,Retired,Liverpool,LOW,2025-02-06 00:19:59
C_102859,Elizabeth,Hall,47,Student,Nottingham,LOW,2018-05-20 10:58:35
C_102860,Jennifer,Smith,50,Unemployed,Sheffield,LOW,2017-03-29 12:03:04
C_102861,Michael,White,59,Business Owner,Liverpool,LOW,2019-07-15 16:41:41
C_102862,James,Baker,58,Doctor,Cardiff,LOW,2016-03-02 05:54:13
C_102863,Emily,Roberts,38,Administrative Assistant,Leeds,LOW,2022-12-16 12:18:14
C_102864,Margaret,Carter,35,Sales Associate,Coventry,LOW,2023-03-06 19:34:53
C_102865,Olivia,Scott,39,Software Engineer,Nottingham,LOW,2022-10-14 15:50:27
C_102866,Joseph,Robinson,46,Business Owner,Bristol,LOW,2017-10-04 21:51:14
C_102867,Olivia,Wilson,30,Retired,Nottingham,LOW,2023-09-04 08:45:54
C_102868,Jessica,Robinson,57,Administrative Assistant,Bristol,MEDIUM,2025-05-09 00:10:49
C_102869,Joseph,Walker,30,Retired,Edinburgh,LOW,2021-12-17 13:02:42
C_102870,Oliver,Robinson,27,Consultant,London,LOW,2018-09-07 23:24:37
C_102871,Isabella,Wright,38,Doctor,Birmingham,LOW,2016-01-09 02:06:59
C_102872,Nancy,Jones,23,Electrician,Newcastle,LOW,2017-08-21 06:42:24
C_102873,Michael,Clark,58,Doctor,Birmingham,LOW,2020-02-18 12:53:06
C_102874,Sarah,Wood,52,Administrative Assistant,Manchester,LOW,2016-12-05 14:01:11
C_102875,Nancy,Mason,38,Registered Nurse,Glasgow,LOW,2019-04-01 16:03:34
C_102876,Kimberly,Hall,56,Business Owner,Cardiff,LOW,2024-06-27 12:50:34
C_102877,Mia,Mitchell,47,Registered Nurse,Belfast,LOW,2021-08-05 15:34:46
C_102878,Thomas,Hughes,36,Doctor,Belfast,MEDIUM,2020-09-08 02:26:08
C_102879,Olivia,Jones,50,Registered Nurse,Coventry,LOW,2019-08-08 17:21:33
C_102880,Barbara,Williams,39,Teacher,Manchester,LOW,2016-10-10 04:08:46
C_102881,Joseph,Patterson,51,Unemployed,London,LOW,2025-04-05 17:23:49
C_102882,Lisa,Hughes,32,Student,Leeds,LOW,2017-05-19 19:37:47
C_102883,William,Baker,33,Project Manager,Belfast,LOW,2020-08-23 08:02:03
C_102884,Patricia,Davies,45,Teacher,London,MEDIUM,2018-09-29 16:30:48
C_102885,Michael,White,45,Student,Coventry,LOW,2023-10-27 02:39:47
C_102886,Ivy,Johnson,33,Lawyer,Coventry,LOW,2022-11-14 07:35:53
C_102887,Olivia,Patterson,55,Accountant,Birmingham,LOW,2022-03-18 07:20:37
C_102888,Margaret,Young,37,Electrician,Nottingham,LOW,2021-11-15 05:04:39
C_102889,Noah,Evans,28,Software Engineer,Coventry,LOW,2019-12-17 05:57:32
C_102890,Sandra,Hughes,38,Unemployed,Coventry,LOW,2018-06-21 13:25:39
C_102891,Harry,Johnson,18,Electrician,Leeds,MEDIUM,2018-10-16 17:48:15
C_102892,David,Lewis,24,Doctor,Newcastle,LOW,2020-12-12 18:36:58
C_102893,James,Baker,39,Consultant,Glasgow,LOW,2025-04-24 04:22:49
C_102894,George,Wood,39,Software Engineer,Newcastle,LOW,2022-05-13 15:14:53
C_102895,Robert,Clark,43,Business Owner,Manchester,LOW,2016-08-10 15:21:13
C_102896,Olivia,Harrison,61,Unemployed,Cardiff,LOW,2018-11-20 09:48:16
C_102897,Olivia,Brown,35,Plumber,Nottingham,LOW,2017-08-26 07:07:54
C_102898,James,Young,73,Retired,Liverpool,HIGH,2024-02-09 20:39:08
C_102899,Daniel,Wilson,19,Student,London,LOW,2018-04-13 08:22:49
C_102900,Nancy,Mitchell,42,Unemployed,Edinburgh,LOW,2017-08-12 08:50:52
C_102901,Mia,Harrison,71,Teacher,Sheffield,LOW,2019-07-21 02:19:52
C_102902,Ashley,Lewis,40,Unemployed,London,LOW,2020-07-25 22:56:33
C_102903,Lily,Wilson,54,Software Engineer,Birmingham,LOW,2017-07-20 05:31:03
C_102904,George,Williams,42,Accountant,Manchester,LOW,2018-11-02 19:46:30
C_102905,Ivy,Wright,67,Retired,Leicester,LOW,2023-10-02 19:40:12
C_102906,Sarah,Lewis,41,Registered Nurse,Sheffield,LOW,2016-02-05 12:13:03
C_102907,Lisa,Edwards,45,Construction Worker,Nottingham,MEDIUM,2017-06-29 00:52:29
C_102908,Barbara,Clarke,55,Teacher,Birmingham,MEDIUM,2017-08-19 09:31:22
C_102909,Karen,Clarke,48,Consultant,Nottingham,LOW,2016-07-23 23:46:41
C_102910,Oliver,Brown,27,Driver,Birmingham,LOW,2024-10-28 19:19:06
C_102911,Ashley,Williams,43,Lawyer,Sheffield,LOW,2023-03-02 01:18:02
C_102912,James,Edwards,45,Teacher,Glasgow,LOW,2019-11-28 14:46:11
C_102913,Richard,King,29,Electrician,Leeds,LOW,2023-05-04 03:45:04
C_102914,Emily,King,48,Unemployed,Liverpool,LOW,2016-07-23 07:10:32
C_102915,Noah,Mitchell,45,Driver,Edinburgh,MEDIUM,2020-04-11 10:15:40
C_102916,Christopher,Thomas,40,Chef,Glasgow,LOW,2022-10-27 01:21:16
C_102917,Amelia,Mason,62,Driver,Nottingham,LOW,2023-10-13 20:20:37
C_102918,Nancy,Wright,41,Registered Nurse,Birmingham,LOW,2020-05-13 15:26:52
C_102919,Linda,Hughes,20,Doctor,Newcastle,LOW,2022-06-30 18:58:49
C_102920,Mia,Thompson,55,Chef,Leeds,LOW,2018-11-12 12:58:52
C_102921,Nancy,Watson,26,Electrician,Bristol,LOW,2022-02-12 13:27:26
C_102922,Isabella,Clarke,46,Lawyer,Manchester,LOW,2020-05-07 14:34:12
C_102923,Betty,Johnson,49,Teacher,Birmingham,LOW,2022-01-18 09:44:45
C_102924,Charles,Hughes,44,Administrative Assistant,London,LOW,2024-09-15 07:22:08
C_102925,Oliver,Johnson,52,Retired,Nottingham,LOW,2018-01-02 17:26:22
C_102926,Michelle,Clark,38,Sales Associate,Glasgow,LOW,2023-02-26 13:30:24
C_102927,Donna,Williams,32,Lawyer,Liverpool,MEDIUM,2020-10-12 03:52:38
C_102928,Isabella,Smith,55,Administrative Assistant,Nottingham,LOW,2022-04-30 17:10:53
C_102929,Olivia,Smith,56,Sales Associate,Edinburgh,MEDIUM,2025-06-21 06:04:38
C_102930,Matthew,Patterson,32,Business Owner,Birmingham,MEDIUM,2021-08-15 10:38:57
C_102931,Olivia,Harris,18,Student,Nottingham,LOW,2016-10-26 01:44:58
C_102932,Amelia,Green,29,Project Manager,Bristol,LOW,2023-08-08 01:53:13
C_102933,William,Patterson,69,Unemployed,Birmingham,LOW,2025-05-09 15:33:13
C_102934,Oscar,Baker,45,Driver,Liverpool,LOW,2020-11-14 12:44:17
C_102935,Joseph,Lewis,52,Teacher,Cardiff,LOW,2023-08-22 13:44:56
C_102936,Linda,White,18,Student,Sheffield,LOW,2017-10-23 10:15:03
C_102937,Olivia,Clark,48,Unemployed,Cardiff,LOW,2023-10-15 06:38:14
C_102938,Olivia,Davies,49,Sales Associate,Cardiff,LOW,2021-02-21 00:46:25
C_102939,David,Hall,41,Teacher,Leicester,LOW,2021-07-11 23:19:16
C_102940,Jessica,Thomas,23,Student,Newcastle,LOW,2021-08-26 01:11:25
C_102941,Olivia,Lewis,33,Administrative Assistant,Belfast,LOW,2021-04-03 12:14:34
C_102942,Sarah,Mason,31,Lawyer,Edinburgh,LOW,2020-01-07 17:54:46
C_102943,Leo,Carter,31,Driver,Bristol,LOW,2025-03-05 09:10:49
C_102944,Richard,White,38,Sales Associate,Leicester,LOW,2025-10-30 07:33:39
C_102945,Leo,Young,67,Retired,Manchester,LOW,2017-08-04 11:18:01
C_102946,Joseph,Watson,18,Consultant,Sheffield,LOW,2017-06-10 10:33:43
C_102947,Oliver,Taylor,66,Retired,Newcastle,LOW,2016-12-19 11:04:31
C_102948,Betty,Clark,52,Consultant,London,LOW,2019-10-16 10:11:14
C_102949,Ivy,Johnson,41,Administrative Assistant,Sheffield,LOW,2023-03-26 07:12:51
C_102950,Isabella,Harris,57,Administrative Assistant,Leicester,LOW,2016-08-26 02:04:13
C_102951,Kimberly,Taylor,46,Consultant,Leeds,LOW,2020-12-21 18:58:13
C_102952,Oscar,Smith,52,Chef,London,LOW,2023-03-21 08:23:50
C_102953,Michael,Green,19,Student,London,LOW,2018-07-31 01:47:50
C_102954,Sophia,Walker,47,Registered Nurse,Leeds,LOW,2020-06-01 06:12:13
C_102955,Elizabeth,Jones,43,Student,Manchester,LOW,2020-10-23 18:55:46
C_102956,Harry,Jackson,49,Accountant,Leicester,LOW,2016-01-16 12:39:05
C_102957,Ashley,Walker,33,Administrative Assistant,Belfast,LOW,2018-09-28 00:18:16
C_102958,Karen,Hughes,41,Unemployed,Cardiff,LOW,2017-07-25 03:26:47
C_102959,Barbara,Baker,27,Sales Associate,Bristol,HIGH,2024-03-23 12:57:38
C_102960,Nancy,Jones,48,Doctor,Newcastle,LOW,2025-09-20 03:34:43
C_102961,Jennifer,Young,38,Student,Belfast,LOW,2025-02-01 07:53:29
C_102962,Thomas,White,38,Plumber,London,LOW,2023-05-05 14:26:11
C_102963,Lisa,Roberts,40,Consultant,Manchester,LOW,2020-11-05 15:50:13
C_102964,Christopher,King,58,Consultant,Sheffield,LOW,2021-01-07 23:25:55
C_102965,Joseph,Davies,36,Chef,Cardiff,LOW,2019-04-08 21:08:44
C_102966,Jessica,White,59,Business Owner,Manchester,LOW,2022-12-24 17:21:11
C_102967,Matthew,Mason,29,Doctor,Newcastle,LOW,2022-02-26 06:50:36
C_102968,Barbara,Clarke,65,Electrician,London,MEDIUM,2023-12-20 10:35:29
C_102969,Oscar,Harrison,36,Consultant,Leeds,LOW,2025-03-24 05:03:48
C_102970,Jessica,Jackson,55,Registered Nurse,Edinburgh,LOW,2016-11-24 23:36:12
C_102971,Oscar,Wood,42,Plumber,Leicester,LOW,2024-01-21 21:58:17
C_102972,Ava,Edwards,23,Retired,Edinburgh,MEDIUM,2022-04-17 17:53:12
C_102973,William,Mason,57,Consultant,Leeds,LOW,2017-02-20 05:27:31
C_102974,Michael,Smith,20,Student,Manchester,LOW,2016-04-04 14:37:05
C_102975,Betty,Carter,39,Business Owner,Belfast,LOW,2020-04-23 06:07:19
C_102976,Noah,Smith,55,Administrative Assistant,London,MEDIUM,2025-02-09 09:31:38
C_102977,Ava,Clark,48,Accountant,Sheffield,LOW,2021-01-22 13:14:02
C_102978,Isabella,Patterson,56,Registered Nurse,Leicester,LOW,2019-02-08 11:06:26
C_102979,Joseph,Carter,36,Doctor,Glasgow,LOW,2020-04-07 19:45:39
C_102980,Patricia,Wright,37,Plumber,Leeds,LOW,2024-02-15 02:23:16
C_102981,Emily,Clark,77,Retired,Newcastle,LOW,2025-10-19 18:43:05
C_102982,Mia,Green,42,Chef,Sheffield,MEDIUM,2023-06-01 12:51:31
C_102983,Nancy,Cooper,58,Sales Associate,Manchester,LOW,2023-06-08 16:46:27
C_102984,Matthew,Clarke,42,Lawyer,Nottingham,LOW,2018-09-25 05:47:29
C_102985,Nancy,Hill,58,Administrative Assistant,Belfast,LOW,2018-10-28 10:57:02
C_102986,Isabella,Hughes,18,Plumber,London,LOW,2021-12-19 09:47:56
C_102987,Joseph,Mason,45,Teacher,Sheffield,LOW,2018-07-19 17:50:28
C_102988,Amelia,Baker,29,Plumber,Belfast,LOW,2023-09-09 00:10:27
C_102989,Isabella,Cooper,22,Plumber,Birmingham,LOW,2023-08-03 04:49:47
C_102990,Sandra,Smith,34,Retired,Edinburgh,LOW,2018-05-09 12:30:12
C_102991,Lily,Brown,25,Accountant,Leicester,LOW,2023-07-16 08:27:59
C_102992,Lily,Young,59,Electrician,Leeds,LOW,2024-02-03 03:39:41
C_102993,Oscar,Johnson,32,Software Engineer,Glasgow,HIGH,2017-11-14 14:36:13
C_102994,William,Robinson,27,Driver,Nottingham,LOW,2023-06-28 12:31:21
C_102995,Oscar,Williams,43,Lawyer,Leeds,LOW,2023-08-04 12:44:47
C_102996,William,Hall,37,Construction Worker,London,LOW,2025-03-28 22:47:06
C_102997,Leo,Baker,34,Doctor,Belfast,MEDIUM,2019-05-31 12:31:31
C_102998,William,Harris,49,Unemployed,Sheffield,LOW,2024-07-29 15:12:52
C_102999,Olivia,Patterson,39,Unemployed,Glasgow,LOW,2025-06-16 05:06:42
C_103000,Leo,Harris,54,Construction Worker,Sheffield,LOW,2025-10-01 06:04:20
C_103001,Michelle,Hughes,35,Construction Worker,London,LOW,2021-11-23 04:18:55
C_103002,Jennifer,Harrison,39,Teacher,Newcastle,LOW,2016-12-09 21:58:22
C_103003,Charles,White,67,Retired,Bristol,MEDIUM,2019-06-26 12:13:06
C_103004,Noah,Martin,71,Retired,Coventry,LOW,2023-08-05 15:14:49
C_103005,Christopher,Walker,46,Retired,Leicester,LOW,2024-10-06 08:20:35
C_103006,Linda,Cooper,42,Lawyer,Liverpool,MEDIUM,2017-01-05 23:56:29
C_103007,James,Johnson,25,Sales Associate,Newcastle,LOW,2016-07-08 05:16:13
C_103008,Barbara,Robinson,50,Sales Associate,Glasgow,LOW,2020-01-21 13:30:38
C_103009,Christopher,Clark,39,Registered Nurse,Birmingham,LOW,2019-04-14 21:29:54
C_103010,George,Hall,45,Registered Nurse,Edinburgh,MEDIUM,2018-04-11 23:33:10
C_103011,John,White,37,Sales Associate,Nottingham,LOW,2025-12-10 01:23:18
C_103012,Margaret,Roberts,51,Doctor,Birmingham,LOW,2017-03-15 11:40:33
C_103013,George,Hill,21,Student,Newcastle,MEDIUM,2019-10-23 02:20:18
C_103014,Christopher,Wright,59,Construction Worker,Manchester,LOW,2016-12-07 01:57:02
C_103015,Kimberly,King,40,Student,Manchester,LOW,2022-03-02 08:57:48
C_103016,Joseph,Ward,37,Construction Worker,Leicester,LOW,2024-08-31 00:58:46
C_103017,William,Wilson,46,Doctor,London,LOW,2019-04-11 12:36:24
C_103018,Sarah,Mitchell,36,Retired,London,LOW,2023-03-31 13:44:11
C_103019,Donna,Scott,29,Teacher,Nottingham,LOW,2019-06-22 23:13:37
C_103020,William,Williams,30,Driver,Bristol,LOW,2016-07-12 08:39:21
C_103021,Nancy,Williams,28,Administrative Assistant,Glasgow,LOW,2023-09-26 16:43:13
C_103022,Margaret,Jackson,36,Student,Leeds,LOW,2022-01-27 18:23:09
C_103023,Muhammad,Taylor,28,Chef,Belfast,LOW,2017-12-07 02:36:34
C_103024,Arthur,Harris,29,Driver,London,LOW,2019-06-25 05:48:49
C_103025,Amelia,Smith,21,Student,Leicester,LOW,2016-05-09 20:01:52
C_103026,Donna,Thompson,46,Driver,Edinburgh,LOW,2024-09-28 23:11:55
C_103027,Thomas,Walker,39,Chef,Cardiff,LOW,2023-08-18 03:07:46
C_103028,Nancy,Patterson,46,Lawyer,Cardiff,LOW,2023-04-08 17:41:53
C_103029,Charles,Patterson,38,Business Owner,Leicester,LOW,2021-04-25 00:19:18
C_103030,Daniel,Thomas,39,Plumber,Coventry,LOW,2024-11-28 23:49:08
C_103031,Betty,Watson,53,Retired,Leeds,LOW,2021-12-07 13:31:08
C_103032,Leo,Thomas,64,Registered Nurse,Cardiff,LOW,2023-03-17 11:03:57
C_103033,David,Edwards,60,Doctor,Manchester,LOW,2019-11-10 12:19:18
C_103034,Richard,Thomas,46,Doctor,Birmingham,LOW,2021-01-01 04:14:07
C_103035,Sandra,King,42,Construction Worker,Leeds,LOW,2020-06-29 03:52:45
C_103036,Olivia,Lewis,52,Unemployed,Edinburgh,LOW,2016-04-13 13:33:12
C_103037,David,Young,34,Chef,Coventry,MEDIUM,2021-05-11 10:25:51
C_103038,Noah,Roberts,49,Project Manager,Belfast,LOW,2016-10-08 10:59:34
C_103039,John,Lewis,53,Construction Worker,Leeds,LOW,2016-01-04 10:48:29
C_103040,Margaret,Thomas,23,Business Owner,Belfast,LOW,2023-01-08 03:43:24
C_103041,David,Robinson,35,Driver,Edinburgh,LOW,2018-04-28 15:08:01
C_103042,Sophia,Patterson,32,Consultant,Newcastle,LOW,2021-06-01 00:47:43
C_103043,Ivy,Clark,47,Sales Associate,London,LOW,2022-01-26 08:00:21
C_103044,Patricia,Carter,55,Sales Associate,Sheffield,LOW,2024-08-01 12:32:36
C_103045,Susan,Robinson,48,Business Owner,Belfast,LOW,2021-05-30 02:05:56
C_103046,Richard,Martin,45,Teacher,Nottingham,LOW,2020-03-24 05:17:05
C_103047,Jessica,Evans,23,Student,Edinburgh,LOW,2021-05-19 04:31:03
C_103048,Linda,Thompson,38,Driver,Belfast,LOW,2025-04-11 17:29:34
C_103049,Michael,Harrison,44,Lawyer,Belfast,LOW,2022-06-19 17:22:09
C_103050,James,Baker,49,Teacher,Liverpool,LOW,2025-09-26 04:54:31
C_103051,Muhammad,Young,29,Construction Worker,Leicester,LOW,2020-09-06 12:57:34
C_103052,Linda,Evans,44,Business Owner,Nottingham,MEDIUM,2020-11-07 02:48:08
C_103053,Patricia,Wright,52,Electrician,Newcastle,MEDIUM,2017-01-22 14:51:08
C_103054,Mia,Evans,27,Plumber,Coventry,LOW,2025-03-04 06:28:51
C_103055,Donna,Hill,18,Student,Nottingham,LOW,2016-10-17 03:13:43
C_103056,Susan,Wright,43,Consultant,Belfast,LOW,2022-07-25 01:56:59
C_103057,Joseph,Scott,24,Retired,Birmingham,LOW,2024-12-30 07:04:49
C_103058,Thomas,Thomas,51,Doctor,Cardiff,MEDIUM,2019-09-11 09:44:55
C_103059,Jessica,Taylor,69,Retired,Manchester,LOW,2024-05-28 10:46:18
C_103060,David,Scott,55,Electrician,Sheffield,LOW,2025-03-14 08:32:05
C_103061,Margaret,Carter,64,Business Owner,Manchester,LOW,2019-02-14 07:55:51
C_103062,Sarah,Johnson,29,Electrician,Birmingham,LOW,2019-01-20 02:32:20
C_103063,Sarah,Robinson,18,Student,Coventry,HIGH,2025-04-28 09:15:00
C_103064,Patricia,Hill,32,Teacher,Birmingham,LOW,2020-06-06 08:29:35
C_103065,Susan,Carter,34,Administrative Assistant,Sheffield,LOW,2018-10-27 11:35:25
C_103066,Lily,Evans,36,Teacher,Cardiff,LOW,2024-08-27 17:07:22
C_103067,Sarah,Lewis,43,Teacher,Belfast,LOW,2023-10-20 11:08:08
C_103068,David,Baker,43,Accountant,Nottingham,LOW,2022-04-22 22:15:21
C_103069,Sarah,Robinson,51,Administrative Assistant,Liverpool,LOW,2024-07-11 03:23:02
C_103070,Thomas,Lewis,42,Administrative Assistant,Leeds,MEDIUM,2021-04-11 06:59:40
C_103071,Charles,Harrison,18,Project Manager,Sheffield,MEDIUM,2019-06-05 04:49:40
C_103072,Nancy,Roberts,55,Accountant,Birmingham,LOW,2021-11-21 08:21:25
C_103073,Arthur,Hill,47,Sales Associate,Newcastle,LOW,2016-02-29 03:25:39
C_103074,Elizabeth,Evans,47,Accountant,Manchester,LOW,2022-03-14 09:51:27
C_103075,Amelia,Jones,30,Plumber,London,LOW,2019-06-14 15:59:29
C_103076,Thomas,Jackson,40,Electrician,Newcastle,HIGH,2016-02-03 22:18:26
C_103077,Susan,Hall,23,Administrative Assistant,Cardiff,LOW,2023-12-04 02:21:53
C_103078,Mia,Mason,25,Student,Glasgow,LOW,2017-01-17 23:03:45
C_103079,Karen,Williams,43,Driver,Coventry,LOW,2025-03-20 02:34:13
C_103080,George,Thompson,35,Accountant,Manchester,LOW,2022-08-28 06:23:13
C_103081,Noah,Robinson,31,Driver,Newcastle,LOW,2020-09-30 21:50:36
C_103082,Ava,Roberts,44,Chef,Newcastle,LOW,2018-10-21 03:22:52
C_103083,Harry,Watson,50,Software Engineer,Coventry,LOW,2018-08-02 11:07:28
C_103084,Olivia,Green,68,Retired,Newcastle,LOW,2021-09-29 06:50:18
C_103085,Emily,Hill,51,Sales Associate,Leeds,LOW,2021-04-19 13:30:18
C_103086,Muhammad,Scott,18,Accountant,Edinburgh,LOW,2025-01-24 13:10:44
C_103087,James,Robinson,22,Retired,Newcastle,MEDIUM,2017-07-01 20:11:17
C_103088,Michael,Martin,19,Consultant,Manchester,HIGH,2025-07-24 20:22:07
C_103089,Lisa,Scott,63,Doctor,Coventry,LOW,2016-02-03 09:03:22
C_103090,Susan,Hughes,60,Construction Worker,Glasgow,LOW,2019-08-14 21:52:46
C_103091,Muhammad,Patterson,39,Unemployed,Birmingham,LOW,2021-11-12 07:19:59
C_103092,Oliver,Taylor,73,Retired,Edinburgh,LOW,2021-02-08 07:43:42
C_103093,Emily,Hall,56,Driver,Belfast,LOW,2020-11-11 15:38:41
C_103094,Christopher,Baker,44,Unemployed,London,LOW,2017-03-12 16:39:35
C_103095,Sandra,Jones,40,Accountant,Cardiff,LOW,2016-12-02 02:56:29
C_103096,George,Wright,51,Unemployed,Birmingham,LOW,2021-05-21 13:03:08
C_103097,Thomas,Hughes,33,Lawyer,Newcastle,MEDIUM,2023-09-11 03:29:32
C_103098,Richard,Young,47,Retired,Leeds,LOW,2018-04-29 13:23:46
C_103099,Karen,Hughes,44,Accountant,Liverpool,LOW,2016-03-09 23:30:34
C_103100,Michael,Hill,34,Sales Associate,Bristol,LOW,2016-07-05 04:56:28
C_103101,Ashley,Edwards,39,Chef,Cardiff,LOW,2019-09-18 16:13:39
C_103102,Oscar,Wood,47,Electrician,Coventry,LOW,2021-07-02 15:34:36
C_103103,Donna,Robinson,24,Sales Associate,Edinburgh,LOW,2022-06-04 08:54:06
C_103104,Michelle,Hill,47,Lawyer,Liverpool,LOW,2024-01-28 03:04:46
C_103105,George,Davies,51,Chef,Cardiff,LOW,2019-09-27 03:03:37
C_103106,Karen,Wright,51,Lawyer,Newcastle,LOW,2016-07-18 07:52:22
C_103107,Richard,Harris,39,Administrative Assistant,Sheffield,LOW,2018-11-05 11:04:11
C_103108,Margaret,Hall,24,Driver,Edinburgh,LOW,2020-03-26 08:54:20
C_103109,Lily,Evans,44,Student,Leeds,LOW,2020-12-06 15:21:10
C_103110,Leo,Patterson,61,Teacher,Bristol,MEDIUM,2025-05-26 04:30:57
C_103111,Christopher,Wood,33,Unemployed,Nottingham,LOW,2023-07-28 15:03:15
C_103112,Olivia,Clark,31,Chef,Liverpool,LOW,2021-09-17 22:21:51
C_103113,Barbara,Carter,41,Doctor,Leicester,MEDIUM,2022-11-16 09:55:32
C_103114,Margaret,Hall,70,Retired,Coventry,LOW,2024-05-29 16:44:13
C_103115,Sophia,Jones,40,Chef,Bristol,LOW,2018-12-22 05:28:19
C_103116,George,Patterson,39,Project Manager,Cardiff,LOW,2018-03-29 10:51:05
C_103117,Leo,Brown,33,Administrative Assistant,Belfast,LOW,2016-08-31 22:38:45
C_103118,Jessica,Williams,61,Teacher,Cardiff,MEDIUM,2024-04-12 01:13:10
C_103119,Thomas,Clarke,33,Student,Leeds,LOW,2024-02-06 09:35:23
C_103120,Michael,White,56,Electrician,Belfast,LOW,2020-02-05 08:57:23
C_103121,Michael,Robinson,26,Teacher,Belfast,LOW,2023-07-11 00:29:26
C_103122,Noah,Edwards,36,Consultant,Sheffield,LOW,2016-09-02 08:56:20
C_103123,John,Baker,52,Lawyer,Cardiff,LOW,2020-06-22 11:26:43
C_103124,Leo,Davies,45,Electrician,Edinburgh,LOW,2021-01-08 10:04:25
C_103125,Joseph,Hughes,40,Registered Nurse,Edinburgh,LOW,2023-04-07 14:52:04
C_103126,Jennifer,Young,47,Unemployed,Sheffield,LOW,2020-06-25 23:41:54
C_103127,Richard,Cooper,23,Student,Liverpool,LOW,2022-09-25 21:20:30
C_103128,David,Jones,43,Accountant,Sheffield,LOW,2018-08-11 08:25:50
C_103129,Oliver,Robinson,44,Construction Worker,Nottingham,LOW,2016-03-12 11:29:19
C_103130,Emily,Patterson,53,Construction Worker,Manchester,MEDIUM,2016-10-01 09:13:30
C_103131,Arthur,Jackson,43,Project Manager,Bristol,LOW,2025-09-23 08:52:13
C_103132,Ivy,Cooper,44,Unemployed,Sheffield,LOW,2019-10-22 06:06:15
C_103133,Sophia,Mason,35,Student,London,LOW,2022-10-16 09:33:20
C_103134,James,Evans,52,Sales Associate,Leicester,LOW,2023-03-27 08:12:57
C_103135,William,Davies,45,Construction Worker,Newcastle,LOW,2025-09-21 18:05:29
C_103136,Matthew,Wood,30,Lawyer,Belfast,LOW,2017-08-01 12:56:15
C_103137,Jennifer,Clarke,42,Administrative Assistant,Cardiff,MEDIUM,2024-09-12 19:35:12
C_103138,David,Roberts,51,Electrician,Liverpool,MEDIUM,2025-01-17 22:34:08
C_103139,Arthur,Ward,43,Registered Nurse,Nottingham,LOW,2022-03-19 13:39:26
C_103140,Michael,Clarke,38,Retired,Leeds,LOW,2025-07-29 03:32:07
C_103141,Jessica,Walker,22,Consultant,Birmingham,LOW,2024-01-13 01:29:40
C_103142,Kimberly,Williams,27,Driver,Leeds,LOW,2023-11-21 22:05:21
C_103143,Ava,Wood,46,Unemployed,Sheffield,LOW,2024-07-22 01:53:38
C_103144,Jessica,Evans,25,Student,Bristol,MEDIUM,2019-04-24 03:18:05
C_103145,Leo,Hall,47,Sales Associate,Birmingham,LOW,2023-03-11 12:58:28
C_103146,David,Thompson,37,Teacher,Leicester,LOW,2016-02-12 16:22:33
C_103147,Christopher,Watson,66,Retired,Edinburgh,LOW,2024-08-11 11:23:27
C_103148,Robert,Mason,28,Construction Worker,Leeds,LOW,2019-06-05 11:51:08
C_103149,John,Thomas,68,Retired,Birmingham,LOW,2022-11-19 21:46:14
C_103150,Emily,Martin,27,Registered Nurse,Nottingham,LOW,2024-03-24 03:44:57
C_103151,George,Hill,34,Software Engineer,London,MEDIUM,2025-12-17 19:10:01
C_103152,Lisa,Wilson,31,Business Owner,Newcastle,LOW,2020-09-05 18:19:49
C_103153,Olivia,Johnson,54,Doctor,Liverpool,MEDIUM,2020-07-05 06:12:27
C_103154,Nancy,Clark,60,Driver,Manchester,LOW,2018-03-03 22:59:22
C_103155,Emily,Young,67,Retired,London,LOW,2018-08-01 05:03:58
C_103156,Betty,Jackson,41,Chef,Belfast,LOW,2023-11-21 07:19:36
C_103157,Isla,Johnson,33,Doctor,Sheffield,LOW,2025-01-10 06:58:03
C_103158,Barbara,Mason,36,Retired,Nottingham,LOW,2016-07-02 12:03:28
C_103159,Margaret,King,29,Teacher,Glasgow,LOW,2017-12-11 06:37:25
C_103160,Sophia,Smith,38,Project Manager,Nottingham,LOW,2021-01-21 14:31:55
C_103161,Sandra,Carter,44,Registered Nurse,Belfast,LOW,2024-03-03 21:16:41
C_103162,Jennifer,Martin,18,Student,Birmingham,MEDIUM,2019-09-10 22:49:42
C_103163,William,Hughes,51,Chef,Bristol,LOW,2021-09-21 16:07:18
C_103164,Kimberly,Clark,29,Sales Associate,Birmingham,LOW,2023-05-23 01:54:36
C_103165,Thomas,Wilson,52,Consultant,London,MEDIUM,2017-02-04 07:02:46
C_103166,Barbara,Clark,52,Unemployed,Nottingham,MEDIUM,2024-06-14 21:01:23
C_103167,Karen,Smith,24,Accountant,Coventry,HIGH,2022-07-31 11:44:50
C_103168,Kimberly,White,71,Retired,Birmingham,LOW,2024-06-13 04:26:35
C_103169,Sophia,Mason,69,Retired,Bristol,LOW,2018-09-07 21:25:39
C_103170,William,Davies,60,Administrative Assistant,Belfast,LOW,2022-04-30 12:03:54
C_103171,Kimberly,Walker,41,Accountant,Coventry,LOW,2021-10-18 14:42:34
C_103172,Lisa,Scott,52,Electrician,Newcastle,LOW,2017-09-03 21:35:25
C_103173,Isla,Clarke,43,Retired,Edinburgh,MEDIUM,2024-01-15 19:32:02
C_103174,Oliver,Thomas,42,Plumber,Leeds,LOW,2021-09-19 18:43:22
C_103175,Michael,Hughes,43,Construction Worker,Bristol,MEDIUM,2023-03-02 18:01:48
C_103176,Jennifer,Jones,46,Electrician,Leicester,LOW,2021-05-18 09:47:12
C_103177,Kimberly,Green,52,Doctor,Liverpool,LOW,2018-08-04 13:00:46
C_103178,Lisa,Thompson,22,Plumber,Belfast,LOW,2019-09-12 21:50:03
C_103179,Lisa,Roberts,41,Unemployed,Glasgow,LOW,2023-09-10 02:20:37
C_103180,Ashley,Hall,60,Retired,Newcastle,LOW,2024-07-12 04:22:48
C_103181,Donna,Thomas,60,Construction Worker,Glasgow,LOW,2019-01-03 22:19:23
C_103182,Thomas,Jackson,49,Plumber,Leicester,LOW,2019-06-26 04:03:46
C_103183,Karen,Lewis,38,Sales Associate,Nottingham,LOW,2025-01-26 01:48:50
C_103184,Susan,Wright,34,Retired,London,LOW,2020-06-10 06:58:42
C_103185,Noah,Davies,51,Doctor,Belfast,LOW,2017-12-07 10:13:22
C_103186,Amelia,Wilson,44,Administrative Assistant,Glasgow,LOW,2022-09-24 06:05:40
C_103187,Matthew,Clark,39,Lawyer,Leicester,LOW,2023-05-06 01:47:43
C_103188,Leo,King,57,Administrative Assistant,Leeds,MEDIUM,2022-03-17 00:10:56
C_103189,Harry,Martin,57,Sales Associate,Liverpool,LOW,2021-11-28 14:31:55
C_103190,Joseph,Young,27,Accountant,Glasgow,LOW,2016-03-05 12:33:46
C_103191,Isabella,Baker,28,Construction Worker,Bristol,MEDIUM,2024-05-20 14:40:08
C_103192,Lisa,Wilson,41,Electrician,Sheffield,LOW,2023-10-24 10:52:59
C_103193,Karen,Ward,18,Student,Coventry,HIGH,2020-08-01 16:10:54
C_103194,Donna,Johnson,53,Teacher,Manchester,HIGH,2025-11-11 13:00:47
C_103195,Robert,Wright,51,Doctor,Bristol,LOW,2019-08-03 19:59:21
C_103196,Olivia,Davies,58,Construction Worker,Glasgow,LOW,2022-10-23 13:29:58
C_103197,Joseph,Patterson,46,Driver,London,LOW,2022-11-01 00:48:52
C_103198,Matthew,Martin,45,Business Owner,Cardiff,LOW,2021-02-11 17:35:43
C_103199,David,Clarke,18,Student,Leicester,LOW,2024-10-02 06:00:54
C_103200,Michael,Wright,49,Accountant,Cardiff,LOW,2021-10-30 08:54:11
C_103201,Linda,Martin,49,Unemployed,Bristol,LOW,2020-04-02 11:37:23
C_103202,Jessica,Taylor,41,Project Manager,Sheffield,LOW,2023-04-10 07:39:17
C_103203,Lisa,Wood,18,Student,Bristol,LOW,2025-08-22 14:56:48
C_103204,Susan,Robinson,52,Teacher,Bristol,LOW,2023-10-13 08:46:27
C_103205,John,Thomas,36,Unemployed,Bristol,LOW,2016-07-27 01:44:17
C_103206,Oscar,Thomas,35,Project Manager,Cardiff,MEDIUM,2018-09-11 02:36:45
C_103207,Betty,Edwards,51,Retired,Liverpool,MEDIUM,2021-04-02 18:13:19
C_103208,Michael,Lewis,34,Accountant,Belfast,MEDIUM,2023-02-09 17:45:36
C_103209,John,Evans,38,Plumber,Bristol,LOW,2023-06-17 11:26:06
C_103210,Amelia,White,60,Plumber,Liverpool,LOW,2025-05-09 21:11:33
C_103211,William,Young,50,Doctor,Liverpool,MEDIUM,2017-02-04 23:47:51
C_103212,Thomas,Lewis,26,Administrative Assistant,Newcastle,LOW,2018-05-24 23:51:18
C_103213,Lisa,Wood,40,Unemployed,Birmingham,LOW,2025-01-17 21:35:12
C_103214,Christopher,Evans,49,Sales Associate,Glasgow,LOW,2019-12-01 11:37:36
C_103215,Susan,Martin,28,Teacher,Birmingham,LOW,2018-02-21 22:09:15
C_103216,Richard,Evans,20,Student,London,LOW,2020-11-30 01:17:02
C_103217,Richard,Mason,46,Consultant,London,LOW,2020-11-06 21:45:00
C_103218,Ava,Scott,27,Driver,Nottingham,LOW,2017-03-25 13:17:42
C_103219,Jessica,White,59,Consultant,Newcastle,LOW,2023-08-04 09:06:06
C_103220,William,Thompson,55,Sales Associate,Liverpool,MEDIUM,2024-12-02 12:57:47
C_103221,Ashley,Scott,44,Teacher,Bristol,LOW,2021-12-27 19:36:00
C_103222,Ivy,Green,32,Business Owner,Leicester,LOW,2016-01-30 02:42:33
C_103223,Emily,Thompson,21,Student,Belfast,LOW,2022-11-21 08:15:15
C_103224,Charles,Lewis,26,Consultant,Newcastle,LOW,2025-03-13 02:16:39
C_103225,Sandra,Green,42,Software Engineer,Belfast,LOW,2021-02-11 08:18:47
C_103226,David,Hughes,60,Student,Newcastle,LOW,2021-10-04 06:20:20
C_103227,Michael,Robinson,18,Consultant,Sheffield,LOW,2016-10-06 05:09:05
C_103228,Jennifer,Scott,18,Student,Manchester,LOW,2018-03-14 06:03:10
C_103229,Harry,Edwards,45,Retired,Leicester,LOW,2017-03-19 21:19:13
C_103230,Patricia,Watson,56,Electrician,Bristol,MEDIUM,2023-01-21 22:54:19
C_103231,Emily,Clark,18,Student,Nottingham,LOW,2021-11-03 03:33:06
C_103232,Sandra,Watson,58,Electrician,Birmingham,LOW,2021-01-17 06:49:46
C_103233,Jennifer,Jones,47,Administrative Assistant,Edinburgh,LOW,2023-03-20 19:39:22
C_103234,Muhammad,Baker,52,Business Owner,Edinburgh,LOW,2019-02-18 18:04:57
C_103235,Leo,Edwards,38,Software Engineer,Birmingham,LOW,2021-11-09 08:52:39
C_103236,Mia,White,39,Driver,London,LOW,2021-09-12 17:32:15
C_103237,Joseph,Hall,40,Consultant,London,HIGH,2023-06-02 17:35:29
C_103238,Charles,Evans,41,Plumber,London,LOW,2023-05-03 17:34:38
C_103239,Sandra,Brown,46,Business Owner,Bristol,LOW,2019-02-28 19:51:52
C_103240,Linda,Scott,39,Project Manager,Birmingham,LOW,2025-02-15 20:54:35
C_103241,Lily,Taylor,60,Accountant,Cardiff,LOW,2019-05-07 03:58:31
C_103242,Jessica,Mitchell,58,Sales Associate,Cardiff,LOW,2020-05-03 09:06:30
C_103243,Susan,Taylor,58,Sales Associate,Glasgow,LOW,2025-02-17 04:10:06
C_103244,Ashley,Carter,40,Chef,Birmingham,LOW,2020-03-10 20:20:23
C_103245,Susan,Evans,27,Software Engineer,Bristol,LOW,2017-04-27 12:05:30
C_103246,Isabella,Brown,48,Driver,Sheffield,LOW,2025-10-22 12:24:46
C_103247,Isla,Lewis,50,Business Owner,Newcastle,LOW,2024-06-26 00:54:47
C_103248,Barbara,King,36,Lawyer,London,LOW,2025-06-15 21:58:19
C_103249,Lily,Thompson,52,Sales Associate,Leicester,LOW,2019-05-05 06:59:42
C_103250,Margaret,Mitchell,37,Electrician,Coventry,LOW,2019-06-29 12:18:31
C_103251,Sophia,Clark,49,Plumber,Birmingham,LOW,2017-10-29 02:58:00
C_103252,John,Williams,23,Administrative Assistant,Birmingham,LOW,2020-02-14 18:41:09
C_103253,Lisa,Baker,53,Software Engineer,Nottingham,LOW,2025-01-22 21:57:03
C_103254,Daniel,Evans,41,Doctor,Sheffield,LOW,2016-05-13 12:34:32
C_103255,Thomas,King,40,Consultant,Glasgow,LOW,2018-11-04 13:54:27
C_103256,Oliver,Martin,25,Chef,Leicester,LOW,2023-02-12 22:58:52
C_103257,Barbara,Baker,36,Driver,Edinburgh,LOW,2024-06-23 20:17:33
C_103258,Daniel,Lewis,34,Construction Worker,Coventry,LOW,2020-05-07 10:11:15
C_103259,Lily,Wood,55,Sales Associate,Coventry,LOW,2024-07-20 17:12:00
C_103260,Michelle,White,27,Accountant,Cardiff,LOW,2024-05-23 16:25:38
C_103261,Michael,Young,54,Electrician,Birmingham,LOW,2019-05-22 19:45:51
C_103262,Emily,Watson,62,Unemployed,Sheffield,LOW,2025-06-17 04:15:44
C_103263,Elizabeth,Davies,61,Electrician,Coventry,LOW,2021-06-04 01:52:25
C_103264,Daniel,Carter,58,Plumber,Coventry,LOW,2025-12-23 10:52:56
C_103265,Matthew,Hill,50,Teacher,Bristol,MEDIUM,2022-06-17 17:12:32
C_103266,Joseph,Wood,56,Plumber,Newcastle,LOW,2017-09-05 18:37:54
C_103267,Susan,Mason,28,Consultant,Leeds,LOW,2019-10-15 09:46:14
C_103268,Margaret,Jones,56,Lawyer,Glasgow,MEDIUM,2020-04-06 19:14:21
C_103269,William,Hill,21,Consultant,Manchester,MEDIUM,2023-04-16 14:50:41
C_103270,Harry,Wright,48,Chef,Bristol,LOW,2024-08-09 16:07:26
C_103271,Christopher,Mason,39,Teacher,Leicester,LOW,2022-05-21 20:34:15
C_103272,Thomas,Johnson,36,Consultant,Manchester,MEDIUM,2025-01-22 16:10:01
C_103273,Harry,Davies,22,Sales Associate,Liverpool,LOW,2022-03-18 21:44:19
C_103274,Thomas,Robinson,46,Administrative Assistant,Manchester,LOW,2023-09-04 08:48:20
C_103275,Arthur,Johnson,25,Sales Associate,Glasgow,LOW,2016-04-02 14:36:17
C_103276,Ashley,Jones,34,Software Engineer,Newcastle,LOW,2023-05-04 04:45:06
C_103277,Mia,Martin,29,Electrician,Leicester,LOW,2019-06-05 03:17:21
C_103278,Olivia,King,34,Teacher,London,LOW,2025-08-29 09:38:41
C_103279,Sophia,Scott,62,Project Manager,Edinburgh,LOW,2019-10-27 08:56:06
C_103280,Muhammad,Thomas,55,Software Engineer,Glasgow,LOW,2019-12-04 11:19:25
C_103281,Amelia,Scott,52,Unemployed,Newcastle,LOW,2019-05-24 04:48:23
C_103282,David,Martin,55,Construction Worker,Edinburgh,LOW,2021-01-03 19:49:09
C_103283,Joseph,Jones,46,Consultant,Manchester,LOW,2018-10-17 02:44:11
C_103284,Matthew,Taylor,82,Administrative Assistant,Leicester,LOW,2017-06-23 19:39:31
C_103285,Matthew,Ward,43,Lawyer,Bristol,LOW,2024-12-10 02:46:39
C_103286,Sophia,Roberts,58,Construction Worker,Manchester,LOW,2017-04-08 17:15:13
C_103287,Betty,Ward,38,Construction Worker,London,LOW,2024-07-10 06:39:13
C_103288,Elizabeth,Cooper,42,Software Engineer,Liverpool,LOW,2016-06-18 06:30:35
C_103289,Linda,Young,27,Student,London,LOW,2017-10-14 23:53:14
C_103290,Michelle,Smith,36,Accountant,Birmingham,LOW,2021-12-10 18:08:31
C_103291,Karen,Wilson,54,Teacher,Coventry,MEDIUM,2020-07-20 15:06:41
C_103292,Olivia,Mason,25,Business Owner,Liverpool,LOW,2023-08-21 20:47:42
C_103293,Christopher,Edwards,18,Sales Associate,Newcastle,LOW,2021-12-29 12:26:21
C_103294,James,Watson,25,Plumber,Edinburgh,MEDIUM,2017-08-03 08:39:43
C_103295,Sandra,Cooper,27,Software Engineer,Newcastle,LOW,2016-12-26 09:27:08
C_103296,Michael,Harrison,24,Accountant,Sheffield,LOW,2019-11-02 18:12:37
C_103297,Ashley,Evans,47,Business Owner,Liverpool,LOW,2017-03-13 20:35:20
C_103298,Charles,Young,59,Doctor,Belfast,LOW,2022-12-03 04:42:04
C_103299,William,Brown,43,Chef,Manchester,LOW,2024-01-31 12:50:46
C_103300,Olivia,White,34,Consultant,Bristol,LOW,2025-04-28 09:46:52
C_103301,Susan,Thompson,56,Lawyer,Manchester,LOW,2017-02-26 12:30:45
C_103302,Elizabeth,Clarke,62,Registered Nurse,Glasgow,LOW,2016-03-20 16:59:24
C_103303,Michael,Mason,18,Project Manager,Glasgow,LOW,2021-03-30 08:40:24
C_103304,Jessica,Hill,32,Registered Nurse,Edinburgh,MEDIUM,2018-08-31 02:33:06
C_103305,Ava,Wood,49,Construction Worker,Sheffield,LOW,2021-05-20 06:15:24
C_103306,Michelle,Edwards,28,Administrative Assistant,Belfast,MEDIUM,2025-08-23 11:04:45
C_103307,Karen,Mason,42,Driver,Liverpool,LOW,2019-10-14 14:47:08
C_103308,Michelle,Wood,28,Teacher,Coventry,LOW,2022-05-29 01:42:24
C_103309,Michelle,Walker,30,Software Engineer,Belfast,LOW,2019-04-15 17:08:41
C_103310,Jessica,Hill,54,Software Engineer,Cardiff,LOW,2023-11-03 12:54:03
C_103311,Matthew,Walker,41,Retired,Newcastle,LOW,2024-09-26 05:02:23
C_103312,Olivia,Clarke,35,Teacher,Leeds,LOW,2022-09-21 08:24:28
C_103313,Arthur,Carter,64,Accountant,Nottingham,LOW,2016-08-28 03:39:00
C_103314,Margaret,Martin,30,Business Owner,Leicester,LOW,2025-03-11 06:38:11
C_103315,Joseph,Wood,55,Electrician,Newcastle,LOW,2024-11-01 00:27:50
C_103316,Oliver,Brown,42,Sales Associate,Leeds,HIGH,2022-11-06 19:12:18
C_103317,Donna,Green,40,Retired,Cardiff,LOW,2018-09-19 23:34:13
C_103318,Michelle,Harris,50,Doctor,Leicester,LOW,2016-12-03 12:50:56
C_103319,Isabella,Carter,23,Project Manager,Bristol,LOW,2018-08-25 14:39:40
C_103320,Robert,Smith,44,Teacher,Sheffield,HIGH,2016-08-15 15:44:25
C_103321,John,Mason,25,Project Manager,Glasgow,LOW,2021-08-23 17:47:59
C_103322,Isabella,Harris,29,Teacher,Sheffield,MEDIUM,2017-12-22 23:20:56
C_103323,Isabella,Thomas,37,Student,Sheffield,LOW,2016-09-07 15:45:36
C_103324,Christopher,Clarke,52,Consultant,Leeds,LOW,2019-06-06 08:25:03
C_103325,Margaret,Ward,39,Electrician,Coventry,LOW,2024-09-21 21:28:47
C_103326,Ava,Jackson,27,Sales Associate,Liverpool,LOW,2018-10-13 18:36:10
C_103327,Muhammad,Walker,32,Administrative Assistant,London,LOW,2018-07-31 15:24:16
C_103328,John,Evans,51,Doctor,Nottingham,LOW,2023-02-07 20:45:18
C_103329,Elizabeth,Clarke,31,Plumber,London,LOW,2016-10-24 14:33:17
C_103330,Arthur,Wilson,35,Business Owner,Coventry,LOW,2023-12-12 03:16:06
C_103331,David,Jackson,18,Teacher,Glasgow,LOW,2023-10-31 01:54:18
C_103332,Emily,Johnson,18,Project Manager,Newcastle,LOW,2016-11-18 21:37:01
C_103333,Karen,Roberts,37,Registered Nurse,Manchester,LOW,2021-09-22 01:17:45
C_103334,Patricia,Scott,59,Software Engineer,Liverpool,LOW,2018-07-03 11:17:20
C_103335,Karen,Edwards,64,Business Owner,Liverpool,LOW,2025-08-16 11:26:04
C_103336,William,Young,29,Retired,Edinburgh,LOW,2017-06-22 10:06:34
C_103337,Thomas,White,26,Registered Nurse,Belfast,LOW,2022-01-06 23:55:31
C_103338,David,Hughes,34,Software Engineer,Bristol,LOW,2016-10-26 11:23:01
C_103339,Noah,Hall,29,Chef,Belfast,LOW,2025-01-25 13:03:09
C_103340,Betty,Hill,46,Registered Nurse,Glasgow,LOW,2018-06-02 15:22:52
C_103341,George,King,39,Teacher,Sheffield,LOW,2017-09-01 17:40:47
C_103342,Jennifer,Scott,42,Administrative Assistant,London,LOW,2020-05-19 23:54:01
C_103343,Oscar,Clark,65,Business Owner,Newcastle,MEDIUM,2021-04-21 19:30:09
C_103344,Kimberly,Jackson,35,Teacher,Liverpool,LOW,2023-05-30 21:31:31
C_103345,Richard,Martin,43,Doctor,Manchester,LOW,2016-02-19 17:26:45
C_103346,Amelia,Young,49,Project Manager,Bristol,LOW,2018-03-02 16:40:44
C_103347,Ivy,Jackson,40,Lawyer,Leeds,LOW,2023-12-26 01:02:52
C_103348,Elizabeth,Walker,23,Unemployed,Nottingham,LOW,2022-09-17 21:15:44
C_103349,Lisa,Ward,33,Plumber,Glasgow,LOW,2018-04-17 14:59:16
C_103350,Daniel,Davies,30,Consultant,London,MEDIUM,2020-04-01 19:10:55
C_103351,Jennifer,Hill,40,Chef,Liverpool,LOW,2017-02-17 03:03:30
C_103352,Charles,Wood,38,Plumber,Coventry,LOW,2019-05-28 09:03:49
C_103353,Michelle,Davies,43,Unemployed,Leeds,LOW,2017-08-23 00:35:30
C_103354,Kimberly,Taylor,23,Plumber,Newcastle,LOW,2024-11-13 07:47:19
C_103355,Isabella,Patterson,51,Sales Associate,London,LOW,2017-02-11 13:46:54
C_103356,Patricia,Cooper,40,Retired,Coventry,LOW,2020-02-29 10:18:35
C_103357,Barbara,Patterson,29,Teacher,Manchester,MEDIUM,2025-03-04 10:33:40
C_103358,Michael,Harris,32,Teacher,Edinburgh,HIGH,2024-01-27 01:19:41
C_103359,Betty,Ward,46,Administrative Assistant,Cardiff,LOW,2020-07-02 22:58:39
C_103360,Daniel,White,42,Project Manager,Newcastle,LOW,2018-05-28 00:28:48
C_103361,Mia,Hall,34,Teacher,London,LOW,2016-11-21 10:35:48
C_103362,Lily,Harris,30,Sales Associate,London,LOW,2024-01-03 10:07:15
C_103363,Muhammad,Harrison,47,Accountant,Newcastle,LOW,2017-09-17 18:38:26
C_103364,Karen,Young,49,Lawyer,Cardiff,LOW,2017-10-04 05:17:21
C_103365,Michael,Johnson,40,Driver,London,LOW,2017-06-05 09:05:43
C_103366,Noah,Wilson,24,Unemployed,Bristol,MEDIUM,2017-02-22 06:42:56
C_103367,David,Davies,49,Teacher,Coventry,LOW,2021-10-16 22:54:08
C_103368,Isla,King,24,Teacher,Sheffield,LOW,2017-04-15 06:32:32
C_103369,Ivy,Baker,23,Project Manager,Leicester,LOW,2023-02-13 22:21:45
C_103370,Noah,Baker,48,Construction Worker,Birmingham,LOW,2021-04-24 14:13:57
C_103371,Karen,Harris,53,Project Manager,Manchester,LOW,2017-10-17 09:26:56
C_103372,Sandra,Cooper,23,Driver,Leeds,LOW,2018-09-27 16:48:08
C_103373,Isabella,Mason,25,Sales Associate,Birmingham,LOW,2025-10-09 04:00:01
C_103374,Elizabeth,Taylor,49,Driver,Belfast,LOW,2017-05-13 09:35:46
C_103375,Oscar,Carter,61,Construction Worker,London,LOW,2016-04-10 09:36:02
C_103376,Daniel,Davies,62,Business Owner,Coventry,LOW,2022-07-04 22:24:52
C_103377,Olivia,Harris,55,Student,Nottingham,LOW,2021-06-14 14:53:55
C_103378,Barbara,Cooper,47,Registered Nurse,London,LOW,2016-11-17 10:13:38
C_103379,Leo,Thompson,54,Business Owner,Coventry,HIGH,2022-04-22 23:03:52
C_103380,Muhammad,Wood,32,Business Owner,Bristol,MEDIUM,2023-07-01 00:04:51
C_103381,John,Wood,39,Construction Worker,London,LOW,2019-01-30 01:44:20
C_103382,Richard,Mason,18,Student,Leeds,LOW,2018-03-21 03:48:25
C_103383,Sophia,Jackson,52,Electrician,Bristol,LOW,2024-07-28 05:33:04
C_103384,Daniel,Harris,49,Accountant,Leicester,LOW,2024-02-20 09:44:51
C_103385,George,Walker,40,Consultant,Cardiff,MEDIUM,2021-11-21 16:22:33
C_103386,Oliver,Carter,56,Business Owner,Sheffield,LOW,2024-05-20 22:23:12
C_103387,James,Davies,21,Student,Coventry,LOW,2018-07-07 06:06:37
C_103388,Charles,Harrison,52,Plumber,Bristol,MEDIUM,2020-06-12 08:47:25
C_103389,Leo,Taylor,48,Project Manager,Newcastle,LOW,2017-11-09 11:43:40
C_103390,Lily,Lewis,26,Project Manager,Edinburgh,LOW,2022-09-21 10:56:02
C_103391,Barbara,Clark,60,Lawyer,Cardiff,LOW,2018-10-30 18:48:53
C_103392,Harry,Mason,39,Teacher,Nottingham,MEDIUM,2024-12-12 17:03:31
C_103393,Oliver,Brown,18,Student,Liverpool,LOW,2019-06-23 21:40:55
C_103394,Mia,Thompson,40,Registered Nurse,Bristol,LOW,2023-11-21 15:24:19
C_103395,Arthur,Taylor,55,Project Manager,Birmingham,MEDIUM,2025-01-31 12:59:09
C_103396,Michael,Baker,39,Sales Associate,Leeds,LOW,2021-10-26 11:01:59
C_103397,Betty,Ward,58,Retired,Leeds,LOW,2017-03-22 17:28:40
C_103398,Margaret,Jones,70,Retired,London,MEDIUM,2024-06-28 02:01:01
C_103399,John,Mitchell,53,Retired,Newcastle,LOW,2019-11-26 07:48:27
C_103400,Kimberly,Clark,49,Unemployed,Leeds,LOW,2021-02-04 07:52:51
C_103401,Susan,Wood,62,Student,Glasgow,LOW,2024-01-18 05:32:33
C_103402,Mia,Cooper,37,Sales Associate,Coventry,LOW,2025-09-16 17:26:44
C_103403,Betty,Clark,45,Accountant,Sheffield,LOW,2018-09-15 09:57:25
C_103404,Susan,Thompson,40,Unemployed,Nottingham,LOW,2016-01-25 13:17:59
C_103405,David,Cooper,48,Sales Associate,Coventry,LOW,2022-10-24 04:33:42
C_103406,Oscar,Thomas,37,Driver,Sheffield,LOW,2022-04-01 22:17:42
C_103407,Mia,Clarke,51,Driver,Leeds,LOW,2021-12-31 21:41:54
C_103408,Christopher,Smith,28,Electrician,Liverpool,LOW,2025-07-01 08:24:08
C_103409,Sarah,White,35,Business Owner,Sheffield,LOW,2020-06-06 14:28:25
C_103410,Donna,Baker,59,Student,Cardiff,LOW,2023-04-10 01:59:37
C_103411,Michael,Jones,45,Teacher,London,LOW,2016-11-24 04:02:40
C_103412,Betty,Williams,27,Registered Nurse,Newcastle,LOW,2022-07-25 16:44:10
C_103413,Mia,Cooper,34,Lawyer,Birmingham,LOW,2016-12-25 08:24:36
C_103414,Oliver,Williams,51,Student,Belfast,LOW,2021-12-14 11:01:48
C_103415,Betty,Clark,63,Chef,Coventry,LOW,2017-06-07 07:09:34
C_103416,Margaret,Wright,28,Accountant,Edinburgh,LOW,2023-08-01 16:58:26
C_103417,Lisa,White,47,Plumber,Liverpool,LOW,2016-10-14 22:03:37
C_103418,Olivia,Wilson,42,Student,London,LOW,2024-06-01 02:58:16
C_103419,Linda,Lewis,50,Driver,Birmingham,LOW,2023-01-13 08:07:54
C_103420,George,Johnson,31,Business Owner,Sheffield,LOW,2022-10-24 08:41:31
C_103421,Charles,King,44,Unemployed,Newcastle,LOW,2025-05-19 08:52:37
C_103422,Amelia,Walker,62,Consultant,Sheffield,LOW,2018-01-05 12:29:55
C_103423,Olivia,Watson,53,Sales Associate,Bristol,LOW,2022-10-14 22:44:29
C_103424,Susan,Harris,51,Retired,Liverpool,LOW,2022-11-23 15:05:25
C_103425,Michelle,Edwards,23,Accountant,Leicester,MEDIUM,2024-12-26 22:55:48
C_103426,Charles,Watson,40,Business Owner,Birmingham,LOW,2018-06-30 08:02:18
C_103427,Noah,Hughes,27,Lawyer,London,LOW,2021-08-08 17:26:10
C_103428,Leo,Martin,35,Teacher,Leicester,LOW,2020-05-10 06:04:35
C_103429,Matthew,Scott,40,Retired,Nottingham,LOW,2017-02-05 05:31:55
C_103430,George,Green,41,Retired,Nottingham,LOW,2020-06-13 14:23:28
C_103431,Kimberly,Jones,33,Lawyer,Glasgow,LOW,2024-12-05 00:14:39
C_103432,Ava,Mitchell,29,Consultant,Cardiff,MEDIUM,2021-04-02 08:16:42
C_103433,Kimberly,Mason,35,Consultant,Belfast,LOW,2018-11-09 16:26:11
C_103434,Emily,Davies,22,Administrative Assistant,Newcastle,MEDIUM,2021-02-10 00:25:53
C_103435,Ivy,Scott,18,Driver,Bristol,MEDIUM,2017-03-02 03:45:54
C_103436,Isla,Clarke,57,Retired,Leeds,LOW,2024-12-06 00:31:29
C_103437,Elizabeth,Taylor,53,Retired,Belfast,LOW,2023-02-24 20:20:19
C_103438,Olivia,King,20,Retired,London,MEDIUM,2023-08-29 18:59:40
C_103439,Linda,Thompson,18,Sales Associate,Liverpool,LOW,2019-04-05 19:50:03
C_103440,William,Johnson,27,Software Engineer,Birmingham,LOW,2025-06-22 00:49:09
C_103441,Barbara,Hall,25,Registered Nurse,Newcastle,LOW,2017-10-18 17:50:32
C_103442,Karen,Hughes,49,Driver,Liverpool,LOW,2023-01-02 11:54:51
C_103443,William,Martin,23,Registered Nurse,London,LOW,2022-12-08 11:03:10
C_103444,Sandra,Watson,64,Student,Newcastle,MEDIUM,2018-05-01 01:44:06
C_103445,Oliver,Wright,30,Teacher,Manchester,LOW,2021-12-06 08:24:26
C_103446,Oliver,Thompson,54,Accountant,Leeds,HIGH,2019-09-17 07:27:11
C_103447,Susan,Thomas,72,Retired,Coventry,MEDIUM,2020-10-12 22:17:24
C_103448,Richard,Cooper,39,Software Engineer,Leeds,LOW,2016-01-06 09:15:23
C_103449,David,Green,35,Software Engineer,London,LOW,2019-03-23 10:33:50
C_103450,Donna,Martin,43,Business Owner,Bristol,LOW,2017-08-07 21:07:15
C_103451,Thomas,Roberts,42,Project Manager,Birmingham,LOW,2016-01-25 11:34:21
C_103452,George,Mitchell,60,Consultant,Sheffield,LOW,2024-03-12 07:06:17
C_103453,Oscar,Martin,69,Retired,Leeds,LOW,2017-06-29 20:07:20
C_103454,Arthur,Harris,42,Unemployed,Belfast,LOW,2019-05-30 08:33:23
C_103455,William,Green,54,Driver,Manchester,MEDIUM,2024-05-14 07:13:34
C_103456,Sarah,Clarke,28,Retired,Coventry,LOW,2021-09-05 15:51:09
C_103457,Ava,Mason,39,Chef,Manchester,LOW,2018-06-24 03:00:07
C_103458,Christopher,Green,42,Sales Associate,London,LOW,2020-01-09 19:25:46
C_103459,Jennifer,Smith,54,Business Owner,Coventry,LOW,2016-10-03 11:16:06
C_103460,Olivia,Robinson,66,Plumber,Liverpool,MEDIUM,2024-08-12 10:44:28
C_103461,Betty,Clarke,44,Electrician,Sheffield,LOW,2022-04-27 14:48:35
C_103462,Christopher,Harris,38,Registered Nurse,Birmingham,LOW,2024-10-21 16:21:19
C_103463,Jessica,Cooper,19,Student,Manchester,LOW,2018-10-21 11:50:16
C_103464,Margaret,Evans,25,Chef,Cardiff,HIGH,2025-07-08 12:59:06
C_103465,Linda,Ward,25,Business Owner,Nottingham,LOW,2017-11-18 06:36:34
C_103466,Oscar,Wright,18,Student,Nottingham,LOW,2019-01-20 16:41:37
C_103467,Charles,Brown,23,Consultant,Nottingham,LOW,2022-12-03 08:16:30
C_103468,Oliver,Young,64,Consultant,Cardiff,LOW,2021-05-16 21:01:09
C_103469,Sarah,Wilson,39,Electrician,Sheffield,LOW,2016-07-18 08:01:18
C_103470,Ivy,Scott,58,Lawyer,Belfast,LOW,2025-04-17 05:17:55
C_103471,Jennifer,Clarke,45,Driver,Edinburgh,LOW,2022-02-14 09:24:03
C_103472,Isabella,Ward,39,Teacher,Sheffield,MEDIUM,2022-05-17 00:18:41
C_103473,Nancy,Smith,40,Project Manager,Cardiff,LOW,2022-11-10 23:47:32
C_103474,John,Green,27,Accountant,Coventry,LOW,2019-02-09 04:00:59
C_103475,Noah,Harrison,18,Retired,Manchester,LOW,2024-08-24 12:30:04
C_103476,James,Walker,33,Plumber,Cardiff,LOW,2020-05-20 01:07:42
C_103477,Kimberly,Edwards,27,Lawyer,Leeds,MEDIUM,2021-10-13 11:59:33
C_103478,Lisa,Ward,52,Consultant,Newcastle,LOW,2025-08-03 11:26:26
C_103479,Christopher,King,41,Chef,Birmingham,LOW,2021-11-25 11:15:57
C_103480,Ivy,Wood,50,Administrative Assistant,London,HIGH,2023-04-25 03:33:46
C_103481,Margaret,Mason,40,Administrative Assistant,Liverpool,LOW,2023-03-14 22:48:25
C_103482,Oliver,Young,42,Consultant,Manchester,LOW,2018-03-19 18:14:33
C_103483,Robert,Hall,36,Electrician,Manchester,MEDIUM,2019-09-26 01:34:24
C_103484,Kimberly,Robinson,18,Student,Belfast,LOW,2019-07-14 07:07:13
C_103485,Isla,Mason,21,Electrician,Glasgow,LOW,2017-09-30 09:33:24
C_103486,Sarah,Williams,30,Registered Nurse,Glasgow,LOW,2022-11-13 12:00:19
C_103487,Noah,Baker,32,Plumber,Liverpool,LOW,2016-06-20 05:25:03
C_103488,Noah,Taylor,37,Registered Nurse,Leeds,LOW,2019-06-20 09:39:55
C_103489,David,Ward,31,Driver,Birmingham,LOW,2017-03-17 20:03:42
C_103490,Susan,White,67,Retired,Sheffield,LOW,2016-02-28 15:14:10
C_103491,Robert,Jones,39,Student,Manchester,MEDIUM,2022-01-25 23:37:59
C_103492,Isabella,Jones,37,Construction Worker,Edinburgh,LOW,2018-10-14 00:09:32
C_103493,Sophia,Clarke,25,Electrician,Cardiff,LOW,2017-05-31 14:51:02
C_103494,Ivy,Martin,38,Doctor,Leicester,LOW,2024-12-29 11:20:43
C_103495,Ivy,Walker,48,Administrative Assistant,Cardiff,LOW,2016-09-09 09:34:12
C_103496,Margaret,Hill,18,Student,Newcastle,LOW,2025-03-11 05:10:27
C_103497,Charles,Ward,18,Student,Bristol,LOW,2016-06-01 15:42:59
C_103498,Nancy,Mason,44,Project Manager,Cardiff,LOW,2020-11-22 21:48:49
C_103499,Matthew,Roberts,58,Registered Nurse,Edinburgh,LOW,2023-09-10 08:39:11
C_103500,Michelle,Walker,47,Registered Nurse,Sheffield,LOW,2022-06-25 13:45:35
C_103501,Nancy,Mitchell,37,Registered Nurse,Manchester,LOW,2020-09-07 01:32:01
C_103502,Arthur,Cooper,31,Sales Associate,Belfast,LOW,2024-05-24 10:11:04
C_103503,Ava,Mason,51,Chef,Liverpool,LOW,2022-01-26 19:29:42
C_103504,Christopher,Roberts,18,Software Engineer,Manchester,LOW,2022-06-21 20:08:56
C_103505,Arthur,Hall,22,Plumber,Edinburgh,LOW,2017-07-16 09:51:27
C_103506,Patricia,Hill,72,Retired,Sheffield,LOW,2025-02-26 12:28:30
C_103507,Ava,Clarke,40,Unemployed,Sheffield,LOW,2021-07-19 19:55:56
C_103508,Elizabeth,Edwards,54,Construction Worker,Liverpool,LOW,2021-02-19 01:55:28
C_103509,Charles,Davies,19,Student,Nottingham,LOW,2019-06-08 05:38:44
C_103510,Joseph,Scott,18,Lawyer,Manchester,MEDIUM,2023-09-15 02:35:32
C_103511,Ashley,Clark,31,Software Engineer,Liverpool,LOW,2021-07-11 02:42:49
C_103512,Nancy,Scott,32,Chef,Edinburgh,LOW,2018-04-04 02:42:14
C_103513,Sandra,Lewis,38,Unemployed,Cardiff,LOW,2017-05-19 06:20:32
C_103514,Michelle,Edwards,18,Sales Associate,Belfast,LOW,2016-12-06 14:31:25
C_103515,George,Davies,44,Chef,Belfast,LOW,2016-03-21 19:00:58
C_103516,Christopher,Smith,50,Business Owner,Liverpool,LOW,2021-05-18 17:00:55
C_103517,Nancy,Evans,47,Project Manager,London,LOW,2018-07-10 15:27:39
C_103518,Barbara,Baker,36,Driver,Bristol,LOW,2023-04-08 10:41:32
C_103519,Thomas,Davies,48,Registered Nurse,Birmingham,LOW,2025-04-17 20:46:36
C_103520,Oliver,Williams,46,Business Owner,Bristol,LOW,2020-01-23 01:01:20
C_103521,Kimberly,Robinson,36,Doctor,Manchester,LOW,2023-01-11 08:21:39
C_103522,Ashley,Mitchell,60,Doctor,Glasgow,LOW,2023-07-25 23:48:34
C_103523,Betty,Martin,67,Retired,Coventry,LOW,2021-01-22 11:15:31
C_103524,Sophia,Roberts,36,Accountant,Belfast,LOW,2016-08-18 10:14:28
C_103525,Leo,Lewis,34,Administrative Assistant,Bristol,LOW,2024-11-23 13:20:23
C_103526,Leo,Thompson,53,Consultant,Leicester,LOW,2022-10-26 16:17:07
C_103527,Richard,Watson,18,Driver,London,LOW,2019-08-04 12:30:23
C_103528,Patricia,Davies,55,Teacher,Leicester,LOW,2019-05-06 22:24:18
C_103529,Kimberly,Lewis,42,Accountant,Cardiff,LOW,2021-10-12 02:07:23
C_103530,Ivy,Martin,42,Teacher,Belfast,LOW,2018-11-12 09:40:03
C_103531,Michael,Jones,45,Construction Worker,Leeds,LOW,2020-03-11 08:51:54
C_103532,Robert,Johnson,62,Registered Nurse,Edinburgh,LOW,2023-08-06 15:26:52
C_103533,Jennifer,Mitchell,36,Retired,Birmingham,LOW,2025-04-09 21:00:12
C_103534,Thomas,Thomas,42,Unemployed,Sheffield,LOW,2023-04-19 10:00:44
C_103535,Sandra,Watson,52,Construction Worker,Glasgow,LOW,2022-11-28 18:02:05
C_103536,Betty,Wilson,18,Student,Nottingham,MEDIUM,2024-11-16 19:57:15
C_103537,Muhammad,Mitchell,50,Accountant,Cardiff,LOW,2019-02-21 16:16:10
C_103538,John,Clark,30,Business Owner,Bristol,LOW,2018-10-29 17:16:25
C_103539,Ava,Davies,35,Retired,Bristol,LOW,2016-07-13 09:52:56
C_103540,William,Johnson,70,Retired,Coventry,LOW,2021-08-24 18:52:36
C_103541,Nancy,Mitchell,52,Electrician,Glasgow,LOW,2021-10-01 09:23:34
C_103542,Christopher,Hall,61,Software Engineer,Sheffield,LOW,2022-10-02 15:50:11
C_103543,Ava,Mason,42,Student,Coventry,LOW,2021-12-02 10:25:31
C_103544,James,Patterson,46,Plumber,Newcastle,LOW,2025-12-12 02:32:42
C_103545,David,Hill,44,Student,Sheffield,MEDIUM,2025-09-24 02:15:39
C_103546,Daniel,Jones,47,Accountant,Edinburgh,LOW,2019-07-18 08:26:57
C_103547,Muhammad,Clark,26,Sales Associate,Leeds,LOW,2025-05-21 16:01:10
C_103548,Margaret,Robinson,24,Retired,Glasgow,LOW,2025-10-12 12:49:16
C_103549,Thomas,Thompson,18,Student,London,LOW,2025-07-03 06:46:20
C_103550,Barbara,Young,46,Driver,Newcastle,LOW,2023-10-25 10:52:45
C_103551,William,Mitchell,54,Driver,Newcastle,LOW,2020-11-08 11:52:23
C_103552,Ashley,Hall,47,Student,Birmingham,MEDIUM,2023-06-07 19:03:11
C_103553,Ashley,Watson,35,Electrician,Coventry,MEDIUM,2019-01-21 14:12:12
C_103554,Jessica,Carter,42,Chef,Edinburgh,MEDIUM,2023-10-08 19:23:30
C_103555,James,Harrison,55,Teacher,Leeds,LOW,2018-06-21 06:06:02
C_103556,Karen,Watson,55,Registered Nurse,Leicester,LOW,2025-09-12 06:06:05
C_103557,Ivy,Roberts,54,Construction Worker,Newcastle,LOW,2019-04-15 04:36:56
C_103558,Christopher,Patterson,43,Chef,Sheffield,LOW,2019-10-16 06:46:39
C_103559,Matthew,Johnson,44,Software Engineer,Sheffield,LOW,2016-01-26 18:24:58
C_103560,Matthew,Harrison,50,Unemployed,Birmingham,MEDIUM,2016-01-30 14:48:26
C_103561,Ava,Watson,33,Plumber,Coventry,MEDIUM,2024-06-26 23:10:41
C_103562,Ashley,Clarke,41,Construction Worker,Manchester,LOW,2023-04-17 04:41:56
C_103563,Christopher,Young,56,Teacher,Glasgow,LOW,2019-10-23 19:19:25
C_103564,William,Baker,41,Student,Leicester,LOW,2024-05-11 23:09:25
C_103565,Betty,Wilson,29,Unemployed,Nottingham,MEDIUM,2019-07-02 05:56:33
C_103566,Sophia,Taylor,35,Construction Worker,Edinburgh,LOW,2024-11-08 08:07:00
C_103567,Jessica,Harrison,47,Business Owner,Newcastle,LOW,2022-04-04 19:34:02
C_103568,Harry,Clarke,53,Project Manager,Newcastle,MEDIUM,2021-02-28 08:28:39
C_103569,Linda,Lewis,32,Project Manager,Glasgow,LOW,2018-12-19 15:42:02
C_103570,Patricia,Walker,18,Registered Nurse,Manchester,LOW,2022-10-02 12:01:32
C_103571,William,Watson,39,Software Engineer,London,LOW,2020-09-29 05:53:11
C_103572,Isabella,Mitchell,33,Consultant,Belfast,LOW,2017-10-15 15:21:19
C_103573,Emily,Taylor,41,Chef,Cardiff,LOW,2016-08-30 03:05:59
C_103574,Olivia,Williams,43,Business Owner,Leeds,LOW,2021-08-28 18:09:38
C_103575,Leo,Clark,30,Plumber,Newcastle,LOW,2016-08-06 11:40:04
C_103576,Barbara,Brown,58,Administrative Assistant,Leeds,LOW,2025-05-24 07:11:56
C_103577,Robert,Lewis,40,Unemployed,Bristol,LOW,2024-08-07 16:46:38
C_103578,Harry,Harris,58,Construction Worker,Belfast,LOW,2021-03-10 21:10:00
C_103579,Betty,Hall,35,Consultant,Liverpool,LOW,2020-02-28 13:23:34
C_103580,George,Martin,29,Driver,Manchester,LOW,2023-01-30 03:01:16
C_103581,Christopher,Thomas,34,Project Manager,Nottingham,LOW,2018-07-07 22:43:43
C_103582,William,Roberts,47,Plumber,Manchester,LOW,2016-09-09 16:29:52
C_103583,Betty,Scott,48,Registered Nurse,Newcastle,LOW,2017-01-29 02:26:35
C_103584,Karen,Robinson,37,Project Manager,Liverpool,LOW,2025-01-05 07:26:45
C_103585,Noah,Wilson,40,Accountant,Bristol,LOW,2021-10-01 19:54:46
C_103586,Amelia,Wood,59,Sales Associate,Manchester,LOW,2017-01-10 06:08:09
C_103587,Donna,Hall,54,Retired,Cardiff,LOW,2024-08-31 15:53:33
C_103588,Lily,Hall,58,Software Engineer,Cardiff,LOW,2017-12-22 03:13:26
C_103589,Barbara,Taylor,22,Retired,Liverpool,LOW,2019-07-22 21:13:34
C_103590,Susan,Williams,48,Doctor,Cardiff,MEDIUM,2016-12-28 04:57:44
C_103591,Nancy,White,56,Construction Worker,London,LOW,2022-08-31 03:09:58
C_103592,Oscar,Wright,69,Retired,Edinburgh,LOW,2021-04-21 02:29:59
C_103593,Mia,Wright,49,Construction Worker,Sheffield,LOW,2021-03-06 15:33:55
C_103594,Elizabeth,Hill,22,Project Manager,Coventry,LOW,2024-08-11 04:14:29
C_103595,Amelia,Jones,59,Administrative Assistant,Edinburgh,LOW,2018-07-05 01:26:08
C_103596,Leo,Hall,45,Teacher,Manchester,LOW,2022-10-03 01:50:50
C_103597,Barbara,Watson,54,Consultant,Newcastle,LOW,2019-05-22 13:07:26
C_103598,Isla,Thompson,20,Consultant,London,LOW,2016-10-14 07:53:57
C_103599,Mia,Harris,36,Administrative Assistant,Birmingham,LOW,2017-09-12 08:30:05
C_103600,Michelle,Hughes,66,Retired,Glasgow,HIGH,2023-12-24 02:31:10
C_103601,Matthew,Davies,42,Project Manager,London,LOW,2025-09-20 01:05:54
C_103602,Oscar,White,66,Retired,Leeds,LOW,2024-12-16 09:35:37
C_103603,Jessica,Clarke,18,Student,Edinburgh,LOW,2020-05-19 12:33:32
C_103604,Arthur,Young,37,Student,Liverpool,LOW,2023-04-28 16:43:12
C_103605,Amelia,Walker,25,Administrative Assistant,Birmingham,LOW,2025-05-14 07:07:49
C_103606,Betty,Young,64,Registered Nurse,Birmingham,LOW,2025-07-24 01:59:51
C_103607,Robert,Harrison,44,Administrative Assistant,London,LOW,2025-10-02 16:48:30
C_103608,George,Smith,32,Driver,Nottingham,LOW,2025-05-22 14:27:02
C_103609,Joseph,Carter,20,Student,Bristol,LOW,2021-07-12 03:56:08
C_103610,Donna,Harris,42,Software Engineer,Cardiff,LOW,2016-09-26 09:59:19
C_103611,Nancy,Williams,43,Retired,Leeds,LOW,2025-06-20 01:06:53
C_103612,Michelle,Lewis,33,Doctor,Glasgow,LOW,2023-10-21 19:43:23
C_103613,Sandra,Scott,45,Retired,Leeds,LOW,2022-09-22 00:11:22
C_103614,Susan,Young,26,Electrician,Nottingham,LOW,2023-10-07 05:08:50
C_103615,Margaret,Clarke,43,Accountant,Liverpool,LOW,2025-10-04 04:05:54
C_103616,Ivy,Mitchell,42,Sales Associate,Newcastle,LOW,2022-04-16 07:30:25
C_103617,Barbara,Young,52,Sales Associate,Edinburgh,LOW,2018-11-23 08:34:12
C_103618,Thomas,Edwards,38,Construction Worker,Newcastle,MEDIUM,2019-01-25 18:49:58
C_103619,Charles,Patterson,56,Driver,Leeds,LOW,2016-12-27 04:44:34
C_103620,Noah,Lewis,29,Plumber,Nottingham,LOW,2020-12-16 17:30:17
C_103621,Joseph,Taylor,27,Project Manager,London,LOW,2017-03-30 09:48:24
C_103622,Sophia,Davies,38,Business Owner,Sheffield,LOW,2018-05-27 13:48:28
C_103623,Harry,Brown,38,Business Owner,Glasgow,LOW,2016-05-07 07:13:04
C_103624,Richard,Brown,18,Driver,London,LOW,2019-10-31 12:22:16
C_103625,Ashley,Green,37,Accountant,Manchester,LOW,2021-08-13 08:59:08
C_103626,Richard,King,28,Software Engineer,Leeds,LOW,2024-12-17 09:55:42
C_103627,Lisa,Harris,34,Consultant,Liverpool,LOW,2024-11-01 15:26:13
C_103628,George,Smith,18,Student,Manchester,LOW,2024-09-11 05:27:19
C_103629,Lily,Scott,34,Accountant,Belfast,LOW,2017-02-09 23:43:30
C_103630,Kimberly,Harrison,71,Retired,Leeds,LOW,2023-05-19 02:00:55
C_103631,Jessica,Harris,63,Software Engineer,Leicester,LOW,2018-11-25 01:04:10
C_103632,Ashley,Carter,44,Plumber,London,LOW,2016-10-12 06:52:49
C_103633,Thomas,Edwards,56,Lawyer,Belfast,LOW,2019-01-19 06:52:28
C_103634,Donna,Patterson,47,Doctor,Nottingham,LOW,2023-12-28 20:59:10
C_103635,Michael,Thomas,36,Plumber,Glasgow,LOW,2024-05-25 14:05:50
C_103636,Charles,Ward,37,Registered Nurse,Sheffield,LOW,2021-05-03 12:52:43
C_103637,Charles,Wilson,41,Software Engineer,London,LOW,2024-04-29 02:26:00
C_103638,Nancy,Harrison,31,Consultant,Belfast,LOW,2023-10-26 11:36:42
C_103639,Jessica,Robinson,22,Construction Worker,Sheffield,LOW,2018-07-22 05:54:33
C_103640,Charles,Green,62,Doctor,Sheffield,LOW,2023-08-31 01:40:53
C_103641,Arthur,Davies,39,Business Owner,Manchester,LOW,2022-12-26 10:20:07
C_103642,Lisa,Martin,18,Student,Glasgow,MEDIUM,2024-09-22 20:37:03
C_103643,John,Cooper,24,Project Manager,Manchester,LOW,2025-12-28 23:11:45
C_103644,Isabella,Harris,64,Chef,Leeds,LOW,2021-06-02 06:09:08
C_103645,Margaret,Watson,67,Retired,Cardiff,HIGH,2017-05-25 07:34:38
C_103646,Arthur,Wilson,38,Accountant,Belfast,LOW,2023-12-22 17:11:52
C_103647,Muhammad,Davies,33,Registered Nurse,Coventry,LOW,2021-04-03 01:21:57
C_103648,Margaret,Scott,51,Software Engineer,Bristol,LOW,2017-05-09 04:13:23
C_103649,Thomas,Thomas,32,Registered Nurse,Birmingham,HIGH,2025-08-08 18:22:50
C_103650,Isabella,Williams,53,Project Manager,Manchester,LOW,2019-05-21 17:49:16
C_103651,Ivy,Scott,26,Doctor,Glasgow,LOW,2025-05-28 18:02:36
C_103652,Daniel,Smith,18,Student,Liverpool,LOW,2019-10-01 03:27:06
C_103653,Isla,Davies,64,Chef,Coventry,LOW,2017-10-31 06:02:37
C_103654,Joseph,Patterson,46,Construction Worker,Belfast,LOW,2024-02-29 00:42:39
C_103655,Amelia,Watson,23,Administrative Assistant,Edinburgh,HIGH,2025-04-18 20:47:34
C_103656,Nancy,Clarke,40,Driver,Leicester,LOW,2021-12-09 04:51:50
C_103657,Muhammad,Smith,51,Doctor,London,LOW,2024-05-26 21:37:01
C_103658,George,Harrison,27,Lawyer,Leicester,LOW,2023-01-30 18:38:44
C_103659,Michelle,Hill,33,Consultant,Leeds,LOW,2021-08-04 01:16:43
C_103660,Susan,King,29,Student,Belfast,LOW,2020-11-17 17:54:09
C_103661,Kimberly,Wood,49,Retired,Cardiff,LOW,2016-08-30 17:17:09
C_103662,James,Green,54,Unemployed,Manchester,LOW,2020-06-06 13:07:24
C_103663,Margaret,Green,18,Student,Bristol,HIGH,2019-01-16 18:08:47
C_103664,Matthew,Ward,18,Student,Liverpool,LOW,2024-06-18 05:25:51
C_103665,Arthur,Robinson,40,Sales Associate,London,LOW,2025-06-23 14:09:39
C_103666,Betty,Edwards,36,Sales Associate,London,LOW,2024-01-10 01:12:06
C_103667,Daniel,Edwards,37,Construction Worker,Edinburgh,LOW,2023-04-05 05:24:22
C_103668,Emily,Mason,37,Business Owner,Manchester,LOW,2022-04-04 07:17:08
C_103669,Matthew,Ward,44,Plumber,Coventry,LOW,2018-05-09 14:32:35
C_103670,Kimberly,Hill,45,Student,Bristol,LOW,2018-06-08 09:23:19
C_103671,Olivia,Johnson,43,Driver,Manchester,LOW,2024-08-23 18:55:09
C_103672,Lily,Mason,52,Retired,Manchester,LOW,2022-07-02 07:34:09
C_103673,Muhammad,Taylor,33,Doctor,Coventry,LOW,2023-11-02 01:56:13
C_103674,Oliver,Watson,48,Administrative Assistant,Glasgow,MEDIUM,2016-05-19 07:26:32
C_103675,Donna,Harrison,18,Student,Edinburgh,MEDIUM,2021-10-08 07:39:56
C_103676,Elizabeth,Green,33,Registered Nurse,Manchester,LOW,2021-06-17 19:55:52
C_103677,Lisa,Smith,34,Business Owner,Cardiff,LOW,2023-12-21 23:21:51
C_103678,Lisa,Clarke,61,Business Owner,Bristol,MEDIUM,2022-05-29 23:59:00
C_103679,Richard,Watson,46,Plumber,Glasgow,LOW,2025-04-30 05:14:44
C_103680,Muhammad,Clarke,41,Sales Associate,Bristol,LOW,2017-10-06 15:50:26
C_103681,James,Jones,27,Unemployed,Leeds,LOW,2022-10-03 15:36:27
C_103682,Linda,Scott,37,Student,Edinburgh,HIGH,2018-05-24 23:08:37
C_103683,Susan,Taylor,29,Unemployed,Nottingham,MEDIUM,2023-07-16 18:51:19
C_103684,Ivy,Wright,25,Sales Associate,Manchester,LOW,2021-09-19 13:37:18
C_103685,Michelle,Baker,55,Plumber,Leicester,LOW,2016-11-26 01:05:12
C_103686,Olivia,Martin,21,Student,Belfast,LOW,2020-07-09 23:31:42
C_103687,Daniel,Walker,36,Consultant,Cardiff,LOW,2020-10-21 08:58:44
C_103688,Amelia,Cooper,49,Registered Nurse,Nottingham,LOW,2018-08-04 19:12:51
C_103689,Michael,Robinson,18,Student,Birmingham,LOW,2022-05-07 14:34:46
C_103690,Isabella,Harrison,30,Construction Worker,Leeds,LOW,2018-11-19 22:23:40
C_103691,Michael,Carter,35,Consultant,Liverpool,LOW,2024-05-05 10:24:46
C_103692,Thomas,Clarke,37,Plumber,Leeds,LOW,2016-08-26 18:41:51
C_103693,Patricia,Wright,41,Driver,Leeds,LOW,2017-11-18 12:46:36
C_103694,Donna,Clark,48,Retired,Manchester,MEDIUM,2018-04-17 10:22:46
C_103695,Jennifer,Harrison,34,Registered Nurse,Newcastle,LOW,2016-01-21 03:29:47
C_103696,Jessica,Thomas,44,Software Engineer,Sheffield,LOW,2025-08-18 05:36:58
C_103697,Thomas,Wood,22,Chef,Nottingham,LOW,2023-09-30 07:11:53
C_103698,Betty,Patterson,42,Accountant,Birmingham,LOW,2020-10-30 02:07:18
C_103699,Karen,Jones,46,Construction Worker,Glasgow,MEDIUM,2024-08-24 23:55:05
C_103700,Betty,Clarke,49,Software Engineer,Glasgow,LOW,2021-07-03 08:59:24
C_103701,Ashley,Green,52,Doctor,Leicester,LOW,2018-08-15 19:38:41
C_103702,Christopher,Cooper,33,Consultant,London,LOW,2020-05-12 15:54:04
C_103703,William,Davies,44,Project Manager,Sheffield,LOW,2017-01-05 21:36:20
C_103704,Linda,Watson,44,Accountant,Leeds,LOW,2019-12-24 01:34:48
C_103705,Sarah,Lewis,42,Lawyer,London,LOW,2024-05-17 11:46:24
C_103706,Arthur,Johnson,29,Consultant,Belfast,LOW,2023-07-19 14:11:49
C_103707,Emily,Lewis,18,Student,Newcastle,LOW,2017-12-25 04:04:52
C_103708,Ava,Evans,49,Sales Associate,Edinburgh,LOW,2016-01-21 18:58:23
C_103709,Elizabeth,Taylor,39,Construction Worker,London,MEDIUM,2022-08-03 02:08:00
C_103710,Ivy,Patterson,37,Unemployed,Newcastle,LOW,2022-07-15 04:27:39
C_103711,Betty,Davies,39,Business Owner,Leicester,LOW,2024-06-17 08:39:21
C_103712,Kimberly,Ward,54,Electrician,Liverpool,LOW,2020-08-01 18:18:11
C_103713,Ashley,Brown,76,Retired,Coventry,LOW,2019-07-09 18:58:26
C_103714,Sarah,Walker,31,Chef,Newcastle,LOW,2023-06-02 14:36:12
C_103715,Oliver,Evans,57,Electrician,Sheffield,LOW,2025-09-03 00:56:36
C_103716,Isla,Baker,18,Administrative Assistant,London,LOW,2025-10-27 01:08:05
C_103717,Harry,Robinson,53,Chef,London,LOW,2023-05-03 03:17:57
C_103718,Sarah,Hall,53,Business Owner,Leeds,MEDIUM,2023-01-05 13:36:18
C_103719,Noah,Jackson,32,Consultant,Leeds,LOW,2022-06-18 14:59:33
C_103720,Elizabeth,Harrison,24,Doctor,Birmingham,LOW,2022-01-05 00:25:03
C_103721,Nancy,Wood,45,Administrative Assistant,Sheffield,LOW,2025-05-15 20:20:03
C_103722,Ashley,Clarke,54,Registered Nurse,Manchester,MEDIUM,2018-06-20 07:33:22
C_103723,Olivia,Brown,50,Plumber,Manchester,MEDIUM,2016-06-21 20:28:52
C_103724,Sophia,Taylor,57,Registered Nurse,Nottingham,MEDIUM,2021-07-24 13:13:27
C_103725,Linda,Cooper,37,Unemployed,Glasgow,LOW,2020-05-10 14:32:33
C_103726,Muhammad,Brown,68,Retired,Nottingham,LOW,2020-05-09 21:33:02
C_103727,David,Brown,38,Registered Nurse,Manchester,LOW,2022-03-20 15:42:53
C_103728,Arthur,Brown,52,Student,Coventry,LOW,2023-03-27 08:22:29
C_103729,Margaret,Mitchell,33,Plumber,Cardiff,MEDIUM,2021-09-11 18:02:02
C_103730,Jessica,Wilson,18,Student,Edinburgh,LOW,2021-08-30 22:02:18
C_103731,Muhammad,Jones,49,Driver,Coventry,LOW,2019-03-26 13:04:55
C_103732,George,Jackson,18,Construction Worker,Nottingham,LOW,2016-11-04 22:15:09
C_103733,Patricia,Evans,18,Chef,Glasgow,LOW,2019-08-26 09:35:52
C_103734,Emily,Ward,36,Electrician,Coventry,MEDIUM,2021-08-16 01:15:52
C_103735,Thomas,Wilson,50,Electrician,Newcastle,LOW,2022-04-02 08:01:33
C_103736,Margaret,Mitchell,80,Retired,London,LOW,2017-08-03 22:09:02
C_103737,Emily,Davies,28,Software Engineer,Glasgow,LOW,2021-02-03 23:41:07
C_103738,Christopher,Hughes,53,Project Manager,Bristol,LOW,2020-05-18 22:01:14
C_103739,Leo,Carter,51,Business Owner,Newcastle,MEDIUM,2019-03-16 18:02:09
C_103740,Olivia,Scott,61,Doctor,Glasgow,LOW,2020-03-17 18:53:13
C_103741,Robert,Baker,63,Student,Cardiff,LOW,2020-05-08 03:05:15
C_103742,Oscar,Clark,30,Chef,Newcastle,LOW,2024-08-11 06:54:16
C_103743,John,Carter,42,Driver,Nottingham,LOW,2023-01-29 15:02:21
C_103744,Matthew,Taylor,27,Retired,Coventry,LOW,2021-07-04 10:45:12
C_103745,Noah,Roberts,25,Doctor,Manchester,LOW,2024-01-15 05:22:15
C_103746,Robert,Johnson,36,Driver,Coventry,LOW,2021-11-04 11:41:17
C_103747,Donna,Scott,53,Driver,Nottingham,LOW,2018-01-06 03:55:55
C_103748,David,Williams,37,Plumber,Nottingham,LOW,2018-07-21 12:01:53
C_103749,Mia,Davies,33,Accountant,Liverpool,MEDIUM,2016-03-09 11:59:33
C_103750,Karen,Mitchell,22,Sales Associate,Manchester,LOW,2024-01-19 04:29:57
C_103751,Oliver,Carter,54,Accountant,Nottingham,LOW,2024-02-19 03:58:07
C_103752,Emily,Brown,41,Administrative Assistant,Belfast,LOW,2021-03-22 17:32:19
C_103753,Jessica,Watson,59,Lawyer,Manchester,LOW,2018-06-07 17:54:58
C_103754,Karen,Ward,42,Software Engineer,London,LOW,2022-05-10 13:56:23
C_103755,Amelia,Wood,28,Unemployed,Edinburgh,LOW,2024-06-18 15:50:45
C_103756,Ivy,Martin,35,Project Manager,Leicester,MEDIUM,2019-11-21 04:38:31
C_103757,Thomas,Wright,51,Lawyer,Edinburgh,LOW,2024-05-25 17:59:08
C_103758,Lisa,Johnson,35,Retired,Manchester,LOW,2018-04-09 11:54:12
C_103759,Oscar,Brown,59,Chef,London,LOW,2018-10-19 09:09:59
C_103760,Michael,Clarke,18,Student,Bristol,LOW,2018-12-09 16:04:12
C_103761,Joseph,Patterson,23,Teacher,Edinburgh,LOW,2022-02-14 18:01:39
C_103762,John,Harris,70,Retired,Belfast,LOW,2023-01-07 17:12:29
C_103763,Robert,Wright,45,Business Owner,Liverpool,LOW,2023-12-15 04:57:40
C_103764,Joseph,Wilson,18,Doctor,Sheffield,MEDIUM,2016-12-02 09:21:15
C_103765,Sophia,Walker,22,Accountant,Nottingham,LOW,2017-08-06 21:30:47
C_103766,Sarah,Clark,58,Unemployed,Glasgow,LOW,2018-04-18 07:46:28
C_103767,Harry,Carter,52,Sales Associate,Nottingham,LOW,2022-07-06 16:25:03
C_103768,Isla,Mitchell,37,Software Engineer,Birmingham,LOW,2016-07-06 07:30:03
C_103769,Lisa,Wood,32,Doctor,Liverpool,LOW,2022-02-01 12:57:34
C_103770,Barbara,Hill,53,Lawyer,Edinburgh,LOW,2021-05-04 18:37:54
C_103771,Joseph,Williams,50,Plumber,Cardiff,LOW,2021-08-06 22:06:01
C_103772,Sophia,Wright,18,Student,Bristol,MEDIUM,2022-07-17 01:38:22
C_103773,Ivy,Wright,30,Sales Associate,Coventry,LOW,2018-12-17 20:16:14
C_103774,Noah,Harrison,20,Business Owner,Sheffield,MEDIUM,2024-04-10 19:07:40
C_103775,Ivy,Lewis,43,Doctor,Sheffield,MEDIUM,2018-11-13 00:13:55
C_103776,Daniel,Jones,31,Plumber,Newcastle,LOW,2023-07-16 16:21:28
C_103777,Richard,Wilson,51,Retired,Leicester,LOW,2022-01-15 04:37:33
C_103778,Oscar,Baker,52,Lawyer,Newcastle,MEDIUM,2022-01-09 06:00:31
C_103779,Matthew,Cooper,71,Retired,Sheffield,LOW,2022-09-18 07:29:59
C_103780,Mia,Smith,33,Construction Worker,Cardiff,LOW,2024-07-11 01:20:08
C_103781,Joseph,Lewis,48,Accountant,Edinburgh,LOW,2018-08-06 03:26:26
C_103782,Ava,Thompson,31,Accountant,Cardiff,MEDIUM,2022-04-22 03:20:02
C_103783,Oscar,Scott,53,Student,Glasgow,LOW,2016-04-29 14:09:20
C_103784,Donna,White,39,Doctor,Leicester,LOW,2019-06-11 20:21:23
C_103785,Ashley,Walker,51,Lawyer,Birmingham,LOW,2020-08-09 12:18:28
C_103786,Jessica,Jackson,53,Accountant,Manchester,LOW,2018-10-07 18:11:28
C_103787,Susan,Thompson,54,Construction Worker,Leeds,MEDIUM,2020-06-01 12:14:59
C_103788,Susan,Young,29,Construction Worker,Edinburgh,LOW,2021-06-22 13:19:46
C_103789,Susan,Wright,34,Registered Nurse,Leeds,LOW,2019-06-18 03:15:04
C_103790,Patricia,Edwards,25,Chef,London,MEDIUM,2023-04-26 19:49:18
C_103791,John,Robinson,38,Student,Leeds,LOW,2022-10-21 00:28:22
C_103792,Margaret,Young,51,Software Engineer,London,LOW,2016-12-01 08:09:12
C_103793,Karen,Evans,33,Software Engineer,Glasgow,LOW,2024-05-27 07:14:18
C_103794,Thomas,Edwards,41,Registered Nurse,Glasgow,HIGH,2022-10-08 00:27:53
C_103795,Leo,Smith,60,Driver,Birmingham,LOW,2020-04-23 09:06:19
C_103796,Daniel,Carter,43,Doctor,Leeds,LOW,2016-04-19 13:53:13
C_103797,Daniel,Mitchell,59,Sales Associate,Newcastle,LOW,2016-05-29 21:15:50
C_103798,Margaret,Lewis,53,Construction Worker,Glasgow,LOW,2017-12-11 02:04:48
C_103799,David,King,58,Unemployed,Manchester,MEDIUM,2020-01-27 22:35:23
C_103800,Matthew,Evans,57,Plumber,Liverpool,MEDIUM,2020-12-23 22:30:10
C_103801,Mia,Roberts,54,Software Engineer,Birmingham,LOW,2019-10-06 11:13:23
C_103802,Margaret,Mitchell,47,Retired,Sheffield,LOW,2020-08-21 00:10:03
C_103803,Jessica,Hughes,42,Chef,Sheffield,LOW,2023-03-09 20:02:08
C_103804,Thomas,Brown,32,Administrative Assistant,Liverpool,LOW,2021-05-15 21:31:24
C_103805,James,Wright,62,Accountant,Nottingham,LOW,2017-11-20 13:55:58
C_103806,Mia,Johnson,40,Construction Worker,Nottingham,LOW,2025-10-21 12:46:00
C_103807,Sarah,Lewis,53,Driver,Newcastle,LOW,2025-03-09 21:14:23
C_103808,Lisa,Edwards,19,Student,Bristol,MEDIUM,2025-09-07 11:38:25
C_103809,Nancy,Taylor,47,Software Engineer,Leicester,LOW,2020-12-18 18:01:40
C_103810,Isla,Carter,50,Accountant,Belfast,LOW,2021-11-17 22:15:03
C_103811,Joseph,Harris,67,Retired,London,LOW,2025-01-09 12:43:16
C_103812,Emily,Cooper,65,Plumber,Leeds,LOW,2018-03-24 19:25:50
C_103813,David,Lewis,44,Business Owner,Leeds,LOW,2020-04-04 11:01:47
C_103814,Donna,Scott,33,Accountant,Birmingham,LOW,2024-02-04 14:03:56
C_103815,Ivy,Robinson,67,Retired,London,LOW,2025-11-11 05:08:21
C_103816,Thomas,Clarke,45,Unemployed,Belfast,LOW,2018-04-23 07:21:28
C_103817,James,Lewis,39,Accountant,Sheffield,HIGH,2024-11-04 14:20:54
C_103818,Charles,Taylor,18,Student,Liverpool,LOW,2024-10-10 01:57:16
C_103819,Ashley,Ward,18,Teacher,London,LOW,2021-06-26 15:52:55
C_103820,Noah,Patterson,50,Electrician,Birmingham,LOW,2021-10-21 09:33:09
C_103821,Jessica,Mason,40,Administrative Assistant,Edinburgh,LOW,2018-08-24 00:47:27
C_103822,Charles,Davies,34,Electrician,Bristol,MEDIUM,2020-02-29 09:48:55
C_103823,Ashley,Patterson,42,Electrician,London,MEDIUM,2019-11-09 23:21:00
C_103824,Margaret,Robinson,39,Unemployed,London,LOW,2025-08-26 19:13:07
C_103825,Matthew,Martin,38,Doctor,Birmingham,LOW,2023-11-05 19:43:28
C_103826,Margaret,Thomas,68,Retired,Newcastle,MEDIUM,2025-09-03 07:57:08
C_103827,Susan,Thomas,24,Accountant,Liverpool,LOW,2022-08-06 18:57:57
C_103828,John,Evans,55,Construction Worker,Nottingham,LOW,2016-02-06 12:10:39
C_103829,Sandra,King,49,Driver,Coventry,LOW,2017-05-02 01:05:27
C_103830,Charles,Green,40,Chef,Belfast,LOW,2020-12-12 19:19:47
C_103831,Kimberly,Green,42,Software Engineer,Leeds,LOW,2025-06-08 12:47:21
C_103832,Daniel,Wright,29,Project Manager,Sheffield,LOW,2025-09-25 10:35:49
C_103833,Sophia,Mitchell,31,Teacher,Cardiff,LOW,2017-04-27 16:26:43
C_103834,Barbara,King,23,Driver,Leicester,HIGH,2018-10-03 03:00:40
C_103835,Charles,Young,50,Lawyer,Coventry,LOW,2018-12-05 09:43:36
C_103836,Noah,Cooper,45,Electrician,Sheffield,LOW,2016-04-08 07:16:41
C_103837,Ava,Taylor,33,Construction Worker,London,LOW,2025-04-01 12:27:43
C_103838,Amelia,Hughes,55,Business Owner,Sheffield,LOW,2018-04-26 23:37:42
C_103839,Noah,Wilson,48,Driver,Newcastle,LOW,2016-03-28 21:51:35
C_103840,Isla,White,47,Plumber,Glasgow,LOW,2025-06-09 02:11:20
C_103841,Ava,Mason,33,Business Owner,Manchester,MEDIUM,2023-01-16 22:10:56
C_103842,William,Wright,18,Student,Nottingham,MEDIUM,2019-11-20 10:49:30
C_103843,Linda,Hall,48,Lawyer,Liverpool,LOW,2025-03-31 17:40:24
C_103844,Sarah,Harrison,64,Lawyer,Sheffield,LOW,2025-04-26 11:59:49
C_103845,Lisa,Harris,18,Plumber,Edinburgh,LOW,2017-08-18 06:50:14
C_103846,Michelle,King,57,Accountant,Coventry,LOW,2019-12-25 03:35:06
C_103847,Jennifer,Martin,30,Unemployed,Belfast,LOW,2021-12-02 19:08:57
C_103848,Betty,Davies,36,Teacher,Leeds,LOW,2021-10-03 04:30:44
C_103849,Susan,Hughes,79,Retired,Glasgow,LOW,2021-01-31 14:06:54
C_103850,Muhammad,Martin,30,Consultant,Sheffield,LOW,2023-12-30 11:50:42
C_103851,Donna,Jones,42,Accountant,Glasgow,LOW,2019-04-04 01:29:43
C_103852,Isabella,Martin,18,Plumber,Cardiff,LOW,2024-09-03 07:39:28
C_103853,David,Martin,42,Teacher,Edinburgh,LOW,2017-07-03 05:33:14
C_103854,Christopher,Harrison,51,Unemployed,Belfast,LOW,2021-07-12 09:53:07
C_103855,David,Ward,56,Business Owner,Manchester,LOW,2021-01-06 05:24:09
C_103856,James,Baker,51,Doctor,Cardiff,LOW,2021-07-14 02:15:42
C_103857,Ashley,Hall,45,Project Manager,Cardiff,LOW,2020-08-31 16:48:54
C_103858,Sophia,Evans,40,Consultant,Liverpool,LOW,2023-05-23 17:47:19
C_103859,Oscar,Johnson,32,Electrician,Nottingham,LOW,2017-11-22 16:23:55
C_103860,Charles,Harrison,20,Student,Birmingham,LOW,2024-09-12 05:34:19
C_103861,Patricia,Johnson,49,Administrative Assistant,Leicester,LOW,2019-03-05 13:23:30
C_103862,Oscar,Thompson,31,Teacher,London,LOW,2020-02-02 12:14:51
C_103863,Barbara,White,52,Electrician,Nottingham,LOW,2020-11-17 06:49:14
C_103864,Oscar,Hughes,46,Doctor,Sheffield,HIGH,2024-07-27 15:05:44
C_103865,Thomas,King,53,Project Manager,Leicester,LOW,2017-01-10 01:05:28
C_103866,Jennifer,Hill,28,Plumber,Nottingham,LOW,2021-04-15 20:21:29
C_103867,Robert,Roberts,40,Driver,Edinburgh,LOW,2016-07-08 22:25:48
C_103868,Margaret,White,68,Retired,Cardiff,MEDIUM,2025-11-27 18:50:49
C_103869,Jennifer,Watson,30,Registered Nurse,London,LOW,2024-11-10 20:05:34
C_103870,Mia,Carter,51,Retired,Newcastle,LOW,2016-05-15 22:14:56
C_103871,Ashley,Thompson,58,Administrative Assistant,Cardiff,LOW,2021-08-09 21:23:16
C_103872,Noah,Robinson,62,Unemployed,Edinburgh,LOW,2023-05-06 02:17:09
C_103873,Barbara,Watson,47,Project Manager,Bristol,LOW,2024-06-10 15:00:29
C_103874,Christopher,Hughes,32,Accountant,Nottingham,LOW,2017-07-07 00:17:15
C_103875,Elizabeth,Walker,25,Retired,Glasgow,LOW,2024-08-03 14:44:12
C_103876,Charles,Hall,41,Construction Worker,Glasgow,LOW,2016-05-02 09:22:51
C_103877,Daniel,Cooper,18,Retired,Cardiff,LOW,2020-07-22 08:43:27
C_103878,Christopher,Carter,52,Registered Nurse,Belfast,LOW,2021-04-27 16:09:07
C_103879,John,Green,45,Driver,Edinburgh,LOW,2016-12-27 11:08:22
C_103880,Sophia,Clark,51,Consultant,Cardiff,LOW,2018-10-18 03:20:39
C_103881,Robert,Martin,54,Student,Leeds,LOW,2016-02-11 05:33:21
C_103882,Lisa,Clark,58,Software Engineer,Coventry,LOW,2022-05-04 13:39:16
C_103883,Emily,Baker,37,Lawyer,Birmingham,MEDIUM,2017-05-13 19:34:47
C_103884,Ava,Wilson,50,Sales Associate,Belfast,LOW,2023-01-25 23:30:20
C_103885,Olivia,Green,36,Retired,Nottingham,LOW,2021-03-30 07:33:55
C_103886,Lily,Young,63,Teacher,Newcastle,LOW,2016-09-20 07:25:06
C_103887,Jennifer,Hill,41,Lawyer,Liverpool,LOW,2018-09-28 01:52:24
C_103888,Sophia,Martin,35,Electrician,Belfast,LOW,2023-06-06 14:32:29
C_103889,Nancy,Clarke,56,Driver,Edinburgh,LOW,2016-08-09 12:50:10
C_103890,Michael,Brown,51,Driver,Belfast,LOW,2023-04-23 15:27:00
C_103891,Sophia,Edwards,56,Construction Worker,Nottingham,LOW,2021-03-27 01:19:33
C_103892,David,Hill,18,Student,London,LOW,2016-12-25 18:34:20
C_103893,Charles,Harrison,20,Student,Leeds,LOW,2023-01-30 20:54:52
C_103894,Leo,Ward,59,Software Engineer,Leicester,LOW,2020-03-12 22:50:27
C_103895,Muhammad,White,43,Registered Nurse,Belfast,LOW,2018-02-07 06:45:30
C_103896,Ava,Ward,42,Construction Worker,Newcastle,LOW,2018-04-18 06:46:41
C_103897,Patricia,Baker,46,Accountant,Manchester,LOW,2022-02-22 03:29:15
C_103898,Oliver,Lewis,60,Registered Nurse,Sheffield,LOW,2016-06-26 01:23:21
C_103899,David,Johnson,31,Project Manager,Cardiff,LOW,2020-07-22 13:10:28
C_103900,Karen,Carter,39,Plumber,Cardiff,LOW,2017-01-26 04:06:59
C_103901,James,Wright,40,Plumber,Birmingham,LOW,2020-10-19 02:47:47
C_103902,Oliver,Carter,44,Electrician,Leicester,MEDIUM,2025-03-25 16:44:40
C_103903,Oscar,Hall,26,Unemployed,Glasgow,LOW,2016-12-22 06:32:22
C_103904,Thomas,Hughes,38,Teacher,Manchester,LOW,2020-07-03 03:08:50
C_103905,Thomas,Jackson,38,Student,Glasgow,LOW,2019-09-20 12:19:11
C_103906,Amelia,Hill,40,Teacher,Belfast,LOW,2023-01-20 17:13:26
C_103907,Donna,Williams,18,Student,Nottingham,MEDIUM,2024-05-23 15:53:49
C_103908,Barbara,Young,21,Student,Sheffield,LOW,2025-01-31 06:33:42
C_103909,Isabella,Clarke,50,Sales Associate,Leicester,LOW,2018-08-05 00:36:28
C_103910,Lisa,Clarke,34,Consultant,Sheffield,LOW,2016-12-01 15:14:27
C_103911,Michael,Patterson,44,Business Owner,Sheffield,LOW,2016-05-11 05:23:06
C_103912,Emily,Robinson,38,Lawyer,Leicester,LOW,2023-09-03 12:02:54
C_103913,Donna,Thomas,44,Teacher,Glasgow,LOW,2024-09-08 23:45:17
C_103914,Harry,Harris,53,Teacher,Leicester,LOW,2016-07-23 22:05:33
C_103915,Lily,Thompson,19,Student,Newcastle,LOW,2018-09-02 00:14:13
C_103916,Robert,Patterson,49,Project Manager,Leeds,LOW,2025-10-05 01:55:38
C_103917,Oliver,Ward,31,Unemployed,London,LOW,2017-08-23 03:29:28
C_103918,Daniel,Smith,73,Retired,Coventry,LOW,2023-11-22 22:39:39
C_103919,Isla,Cooper,33,Consultant,Sheffield,LOW,2021-01-13 23:22:20
C_103920,Elizabeth,Clarke,38,Driver,Cardiff,LOW,2016-05-30 12:54:38
C_103921,Sarah,Evans,41,Consultant,Leeds,LOW,2023-11-13 02:31:08
C_103922,Arthur,Jackson,51,Chef,Leeds,LOW,2023-04-18 02:40:51
C_103923,Patricia,Baker,31,Lawyer,Cardiff,LOW,2018-11-21 10:55:18
C_103924,Noah,Clark,29,Project Manager,Nottingham,HIGH,2019-12-24 05:26:01
C_103925,Donna,Martin,66,Retired,Belfast,LOW,2020-04-14 13:25:22
C_103926,Oliver,Ward,34,Software Engineer,Bristol,LOW,2023-04-08 11:39:47
C_103927,Charles,Johnson,55,Unemployed,Birmingham,LOW,2025-03-07 05:49:46
C_103928,Thomas,Jones,65,Registered Nurse,Birmingham,LOW,2021-09-30 00:43:37
C_103929,Donna,Thomas,55,Software Engineer,Cardiff,LOW,2022-08-11 10:08:02
C_103930,Susan,Smith,41,Administrative Assistant,Manchester,LOW,2020-07-21 06:07:11
C_103931,Linda,Jones,18,Student,Coventry,LOW,2021-07-23 01:48:41
C_103932,Leo,Green,49,Driver,Edinburgh,LOW,2017-02-15 03:49:46
C_103933,Susan,Martin,36,Driver,Glasgow,LOW,2021-07-03 16:22:09
C_103934,Mia,Harris,59,Consultant,Belfast,LOW,2022-08-25 06:05:20
C_103935,Amelia,Taylor,22,Business Owner,Leeds,LOW,2018-09-10 20:42:51
C_103936,Donna,Mason,68,Retired,London,LOW,2017-03-09 15:27:09
C_103937,Daniel,Green,38,Plumber,Edinburgh,LOW,2017-06-19 04:06:51
C_103938,Patricia,Young,31,Project Manager,Bristol,LOW,2018-09-04 13:36:36
C_103939,Karen,Mitchell,47,Chef,Leeds,LOW,2022-10-11 21:04:09
C_103940,Jessica,Patterson,49,Student,Leicester,LOW,2016-11-24 22:16:08
C_103941,Mia,Williams,37,Student,Newcastle,LOW,2017-04-03 21:01:11
C_103942,Leo,Ward,37,Administrative Assistant,Leeds,LOW,2023-08-10 01:22:04
C_103943,Ivy,Brown,28,Chef,Leeds,LOW,2023-03-12 14:19:12
C_103944,Linda,Wilson,43,Doctor,Liverpool,LOW,2019-09-11 12:04:08
C_103945,Ava,Hughes,46,Accountant,Leicester,LOW,2021-07-03 09:13:57
C_103946,Matthew,King,30,Retired,Newcastle,LOW,2023-06-14 21:27:12
C_103947,Mia,Hall,48,Sales Associate,Cardiff,HIGH,2024-12-23 04:38:36
C_103948,Olivia,Baker,30,Unemployed,Edinburgh,LOW,2016-02-03 08:53:40
C_103949,Susan,Green,65,Unemployed,Liverpool,LOW,2023-03-23 23:36:23
C_103950,Arthur,Harris,33,Doctor,Sheffield,LOW,2025-06-23 20:28:53
C_103951,Leo,Mason,36,Student,Belfast,LOW,2019-05-21 23:19:42
C_103952,Robert,Wright,34,Registered Nurse,Birmingham,LOW,2021-07-20 12:48:20
C_103953,Noah,Baker,20,Student,Leicester,LOW,2022-08-19 13:35:10
C_103954,Christopher,Jackson,45,Consultant,Birmingham,LOW,2020-03-26 16:46:13
C_103955,Oliver,Scott,43,Driver,Cardiff,LOW,2018-07-22 21:05:18
C_103956,Nancy,Green,35,Registered Nurse,London,LOW,2025-08-15 17:43:23
C_103957,Donna,Baker,40,Plumber,Glasgow,LOW,2017-09-07 04:10:38
C_103958,Oliver,Evans,42,Construction Worker,Cardiff,MEDIUM,2022-12-24 23:21:22
C_103959,Oscar,Wright,63,Plumber,Bristol,HIGH,2019-08-07 07:39:03
C_103960,Linda,Wood,47,Administrative Assistant,Glasgow,LOW,2020-06-08 01:56:14
C_103961,Nancy,Davies,49,Project Manager,Coventry,MEDIUM,2019-08-17 10:20:02
C_103962,Thomas,Roberts,30,Accountant,Leicester,LOW,2023-12-14 06:10:32
C_103963,Amelia,White,43,Registered Nurse,Leicester,LOW,2023-06-22 10:44:39
C_103964,Lily,Green,18,Electrician,Glasgow,LOW,2016-07-22 01:50:37
C_103965,Thomas,Williams,51,Consultant,Edinburgh,MEDIUM,2016-11-11 01:52:26
C_103966,Christopher,Ward,60,Driver,Leeds,LOW,2016-11-01 09:27:27
C_103967,Lisa,Davies,30,Business Owner,Bristol,LOW,2016-10-02 13:56:36
C_103968,Jennifer,Taylor,56,Accountant,Belfast,LOW,2021-12-05 12:13:30
C_103969,Emily,Thomas,19,Student,Sheffield,LOW,2017-07-29 18:51:20
C_103970,Michael,Carter,62,Unemployed,Belfast,LOW,2023-06-24 13:35:17
C_103971,Kimberly,Patterson,44,Electrician,Manchester,LOW,2019-05-30 21:34:39
C_103972,Ava,Roberts,18,Student,Birmingham,LOW,2017-10-17 20:46:07
C_103973,Jessica,Carter,35,Business Owner,Glasgow,LOW,2016-12-10 07:52:43
C_103974,Jennifer,Clarke,49,Consultant,Cardiff,LOW,2017-05-10 10:21:31
C_103975,Isla,Hill,31,Software Engineer,Birmingham,LOW,2025-12-24 01:33:50
C_103976,Amelia,Williams,47,Project Manager,Sheffield,LOW,2022-12-07 18:19:14
C_103977,Jennifer,Scott,37,Project Manager,Edinburgh,LOW,2022-01-30 05:20:51
C_103978,Daniel,Robinson,68,Retired,Bristol,MEDIUM,2019-09-01 22:05:17
C_103979,Muhammad,Hill,35,Consultant,Birmingham,HIGH,2019-07-07 06:58:05
C_103980,Amelia,Thomas,43,Business Owner,Birmingham,LOW,2021-10-20 11:27:21
C_103981,Olivia,Wright,26,Chef,Leicester,LOW,2018-08-23 10:33:07
C_103982,Ava,Watson,20,Software Engineer,Manchester,MEDIUM,2025-10-31 09:10:03
C_103983,Joseph,Robinson,62,Registered Nurse,Belfast,LOW,2024-10-01 05:45:22
C_103984,Oliver,Wilson,24,Unemployed,Leicester,LOW,2021-01-09 17:15:39
C_103985,Richard,Jones,36,Administrative Assistant,Belfast,HIGH,2023-05-31 21:28:58
C_103986,Michelle,Watson,41,Construction Worker,Sheffield,LOW,2021-04-08 11:00:34
C_103987,Arthur,Watson,41,Registered Nurse,London,LOW,2019-10-16 06:29:53
C_103988,James,Williams,82,Retired,London,LOW,2025-02-17 21:47:06
C_103989,Ashley,Young,29,Construction Worker,Liverpool,LOW,2016-09-22 15:54:21
C_103990,Donna,Watson,44,Retired,Bristol,HIGH,2020-11-14 08:31:02
C_103991,Jessica,Cooper,36,Chef,Belfast,LOW,2022-03-08 06:09:45
C_103992,Jennifer,Ward,29,Administrative Assistant,Belfast,LOW,2024-09-17 16:43:37
C_103993,Barbara,Hughes,42,Teacher,Glasgow,LOW,2025-10-29 08:27:21
C_103994,William,Mason,50,Lawyer,Cardiff,LOW,2022-06-28 08:33:56
C_103995,Harry,Davies,59,Consultant,Manchester,LOW,2023-04-19 06:57:36
C_103996,Robert,White,33,Teacher,Liverpool,LOW,2021-04-06 23:51:50
C_103997,Oliver,Young,41,Chef,Edinburgh,MEDIUM,2019-05-03 20:37:11
C_103998,James,Ward,54,Driver,Leeds,LOW,2021-02-11 13:45:30
C_103999,Jennifer,Hill,50,Registered Nurse,Leeds,LOW,2016-02-17 11:50:44
C_104000,Jessica,Jackson,33,Plumber,Glasgow,LOW,2017-10-29 13:29:59
C_104001,Jessica,Martin,37,Administrative Assistant,Sheffield,LOW,2019-09-03 22:17:39
C_104002,Harry,Jackson,30,Administrative Assistant,Belfast,LOW,2017-03-25 03:37:21
C_104003,George,Carter,38,Business Owner,Belfast,LOW,2025-08-25 15:36:55
C_104004,Lily,Lewis,65,Software Engineer,Coventry,LOW,2016-05-04 09:10:05
C_104005,Harry,Young,32,Doctor,Coventry,LOW,2025-01-30 16:58:15
C_104006,Noah,Thompson,20,Student,Edinburgh,LOW,2016-09-15 19:09:46
C_104007,Karen,Ward,51,Project Manager,Belfast,LOW,2023-08-25 11:39:23
C_104008,Olivia,Thomas,34,Doctor,Nottingham,LOW,2016-10-15 03:11:32
C_104009,John,Carter,52,Business Owner,Nottingham,LOW,2021-12-31 18:20:43
C_104010,Joseph,Roberts,34,Consultant,Nottingham,LOW,2025-04-24 00:57:33
C_104011,George,White,58,Lawyer,Leicester,LOW,2023-11-27 15:12:00
C_104012,John,Cooper,24,Project Manager,Birmingham,LOW,2016-04-07 19:48:19
C_104013,Leo,Harrison,19,Student,Belfast,LOW,2021-12-22 16:13:27
C_104014,Nancy,Thompson,45,Software Engineer,Leeds,LOW,2016-03-25 10:11:53
C_104015,Mia,Wood,47,Administrative Assistant,Glasgow,LOW,2017-03-03 01:34:46
C_104016,Thomas,Clarke,35,Sales Associate,Liverpool,LOW,2024-05-10 16:34:25
C_104017,Susan,Wood,18,Student,Manchester,LOW,2022-09-10 13:00:37
C_104018,Charles,Mason,28,Lawyer,Leicester,LOW,2025-12-29 20:21:48
C_104019,Jessica,Cooper,41,Unemployed,Bristol,LOW,2024-03-31 15:56:43
C_104020,David,Brown,28,Registered Nurse,Manchester,LOW,2022-10-20 19:33:11
C_104021,Leo,Watson,39,Retired,London,LOW,2021-05-05 08:11:08
C_104022,Noah,Green,33,Electrician,Liverpool,LOW,2020-08-05 18:33:41
C_104023,Leo,Mason,52,Business Owner,Edinburgh,LOW,2023-09-09 01:06:53
C_104024,Patricia,Baker,59,Teacher,Leeds,LOW,2024-12-01 03:53:37
C_104025,William,Young,56,Administrative Assistant,Nottingham,LOW,2024-08-08 19:38:11
C_104026,Lisa,Harris,31,Student,London,LOW,2019-02-16 11:07:44
C_104027,Sarah,Thompson,57,Unemployed,Birmingham,LOW,2019-07-19 09:09:45
C_104028,George,Hill,32,Construction Worker,Nottingham,LOW,2017-07-28 01:59:09
C_104029,Donna,Mason,35,Accountant,Manchester,LOW,2019-11-19 13:04:20
C_104030,Margaret,Jackson,63,Electrician,Glasgow,LOW,2024-07-07 01:18:40
C_104031,Christopher,Scott,57,Unemployed,Bristol,LOW,2021-08-23 19:08:15
C_104032,Elizabeth,Baker,61,Business Owner,Leicester,MEDIUM,2024-04-20 01:24:32
C_104033,Daniel,Wilson,18,Student,Birmingham,HIGH,2024-10-09 06:19:38
C_104034,James,Lewis,24,Doctor,Edinburgh,LOW,2019-02-18 03:27:02
C_104035,George,Wood,44,Registered Nurse,Edinburgh,LOW,2019-01-24 05:25:21
C_104036,Charles,Wilson,51,Doctor,London,LOW,2022-04-24 19:58:27
C_104037,Thomas,Patterson,65,Unemployed,Leicester,LOW,2018-09-19 05:43:02
C_104038,Robert,Mason,63,Project Manager,Leeds,LOW,2016-04-29 16:52:42
C_104039,Isabella,Wilson,34,Construction Worker,Leicester,LOW,2022-11-18 17:34:52
C_104040,Betty,Edwards,54,Teacher,Leicester,LOW,2024-09-12 02:04:37
C_104041,Sophia,Walker,42,Unemployed,Bristol,LOW,2025-11-06 18:12:43
C_104042,Jessica,Ward,27,Consultant,Manchester,LOW,2016-04-01 10:17:09
C_104043,Linda,Thomas,33,Construction Worker,Leicester,HIGH,2018-09-30 04:56:52
C_104044,Isabella,Davies,66,Retired,Birmingham,LOW,2020-02-13 21:39:05
C_104045,Leo,Patterson,27,Sales Associate,Nottingham,LOW,2019-01-14 07:12:07
C_104046,Kimberly,Johnson,36,Doctor,Glasgow,LOW,2025-02-10 12:02:12
C_104047,Ivy,Clark,46,Business Owner,Birmingham,LOW,2018-11-22 03:58:35
C_104048,Lisa,Brown,68,Retired,Bristol,LOW,2024-04-06 14:38:12
C_104049,Nancy,Baker,18,Plumber,Manchester,LOW,2023-07-27 11:15:39
C_104050,Sophia,Roberts,48,Unemployed,Belfast,HIGH,2018-09-27 13:18:31
C_104051,Mia,Cooper,35,Construction Worker,Birmingham,LOW,2020-08-03 03:57:23
C_104052,Margaret,Harris,52,Project Manager,Glasgow,LOW,2020-08-19 03:06:16
C_104053,Elizabeth,Green,54,Administrative Assistant,Bristol,LOW,2025-11-04 11:31:54
C_104054,Elizabeth,Johnson,39,Plumber,London,LOW,2019-01-09 22:17:01
C_104055,Jessica,Wood,32,Chef,Liverpool,LOW,2025-04-04 12:39:48
C_104056,Jennifer,Williams,57,Retired,Edinburgh,LOW,2019-10-08 01:01:12
C_104057,Patricia,Harris,20,Student,Belfast,MEDIUM,2023-01-26 16:25:21
C_104058,Ivy,Clarke,18,Project Manager,Liverpool,LOW,2023-11-22 17:14:04
C_104059,Patricia,Young,41,Accountant,Cardiff,LOW,2024-11-27 21:22:58
C_104060,Isabella,Taylor,35,Teacher,London,LOW,2020-05-02 20:41:28
C_104061,Elizabeth,King,58,Chef,Newcastle,LOW,2024-04-26 16:39:22
C_104062,David,Clarke,56,Consultant,Leeds,LOW,2025-02-22 20:28:44
C_104063,William,Hall,47,Consultant,Birmingham,LOW,2016-03-31 09:15:13
C_104064,George,Mason,29,Plumber,Sheffield,LOW,2020-11-17 01:35:04
C_104065,Leo,Hughes,52,Unemployed,Cardiff,LOW,2017-07-11 13:07:40
C_104066,Betty,Evans,49,Business Owner,Belfast,LOW,2016-08-20 07:55:22
C_104067,Olivia,Clarke,51,Lawyer,Nottingham,LOW,2018-12-31 05:37:37
C_104068,Daniel,Cooper,44,Sales Associate,Newcastle,LOW,2025-07-18 18:10:54
C_104069,Jessica,Edwards,48,Electrician,Nottingham,LOW,2022-10-12 12:54:04
C_104070,Ashley,Mitchell,35,Lawyer,Nottingham,LOW,2021-01-11 07:01:42
C_104071,Kimberly,Evans,40,Student,Bristol,LOW,2021-12-07 08:19:20
C_104072,Olivia,Johnson,56,Software Engineer,Manchester,LOW,2018-05-04 14:21:00
C_104073,Betty,Wilson,41,Construction Worker,Nottingham,LOW,2023-12-20 01:06:24
C_104074,Betty,Green,57,Driver,Liverpool,LOW,2017-02-10 02:56:26
C_104075,Isla,Cooper,36,Business Owner,London,LOW,2017-07-10 04:46:44
C_104076,Elizabeth,Carter,26,Project Manager,Belfast,LOW,2022-08-04 12:58:48
C_104077,Isla,Scott,21,Student,Leicester,LOW,2018-04-24 22:45:13
C_104078,Ivy,Harris,48,Sales Associate,Coventry,LOW,2025-11-14 16:37:54
C_104079,Mia,Wilson,52,Administrative Assistant,Cardiff,LOW,2024-05-14 21:03:40
C_104080,Ava,Davies,53,Teacher,London,LOW,2016-01-06 17:49:48
C_104081,Christopher,Roberts,29,Accountant,Sheffield,LOW,2025-11-02 20:43:32
C_104082,Betty,Clark,18,Student,Liverpool,LOW,2017-04-01 00:57:33
C_104083,William,Robinson,25,Sales Associate,London,LOW,2022-05-16 13:09:23
C_104084,Arthur,Patterson,60,Unemployed,Bristol,LOW,2018-07-21 03:50:21
C_104085,Olivia,Mitchell,41,Accountant,Birmingham,LOW,2021-10-19 12:22:29
C_104086,Arthur,Roberts,50,Plumber,Cardiff,LOW,2023-10-24 00:58:32
C_104087,Linda,Johnson,34,Software Engineer,Cardiff,LOW,2017-09-09 06:17:32
C_104088,George,Cooper,49,Retired,Leicester,LOW,2022-07-21 10:10:05
C_104089,William,Robinson,53,Teacher,Manchester,LOW,2016-11-04 11:56:12
C_104090,Karen,Mitchell,42,Plumber,Birmingham,LOW,2020-12-29 22:36:42
C_104091,George,Thompson,64,Teacher,Leicester,LOW,2016-01-13 22:01:39
C_104092,James,Brown,41,Accountant,Birmingham,MEDIUM,2016-04-08 01:42:50
C_104093,Christopher,King,47,Plumber,Edinburgh,LOW,2021-06-07 11:48:58
C_104094,Michael,Watson,46,Business Owner,Glasgow,LOW,2019-04-30 22:31:22
C_104095,Christopher,Robinson,57,Project Manager,Belfast,LOW,2020-12-29 06:28:48
C_104096,Jennifer,Hughes,55,Student,London,LOW,2018-07-14 23:42:47
C_104097,Barbara,Green,51,Teacher,Belfast,MEDIUM,2018-11-27 14:36:47
C_104098,Amelia,Evans,41,Administrative Assistant,Nottingham,LOW,2025-10-02 07:19:30
C_104099,Susan,Hall,58,Teacher,Bristol,LOW,2023-08-12 20:22:46
C_104100,Margaret,Hill,47,Plumber,Edinburgh,LOW,2019-01-13 22:35:42
C_104101,Harry,Davies,61,Student,Newcastle,LOW,2017-01-10 18:21:00
C_104102,Christopher,Mitchell,26,Chef,Cardiff,MEDIUM,2018-06-06 16:32:54
C_104103,Matthew,Williams,56,Business Owner,Newcastle,LOW,2019-12-30 21:45:33
C_104104,Linda,Johnson,55,Sales Associate,Nottingham,LOW,2016-02-29 09:50:42
C_104105,Christopher,Smith,32,Consultant,Leeds,LOW,2016-10-06 18:31:50
C_104106,Christopher,Clarke,35,Construction Worker,Nottingham,LOW,2022-08-11 05:04:52
C_104107,Michelle,Williams,55,Retired,Bristol,MEDIUM,2019-11-03 18:04:13
C_104108,Oscar,Johnson,18,Retired,Manchester,MEDIUM,2016-01-20 00:58:41
C_104109,Barbara,Martin,39,Consultant,Liverpool,LOW,2017-04-16 13:22:37
C_104110,Lily,Johnson,48,Driver,Newcastle,LOW,2022-07-05 19:38:53
C_104111,Kimberly,Smith,55,Doctor,Leicester,LOW,2020-07-26 23:47:17
C_104112,Sarah,Taylor,47,Administrative Assistant,Nottingham,MEDIUM,2016-10-26 08:57:09
C_104113,Lisa,Lewis,37,Consultant,Edinburgh,LOW,2024-03-18 19:31:08
C_104114,Emily,Mitchell,65,Unemployed,Coventry,LOW,2020-12-12 01:00:19
C_104115,Donna,Young,54,Software Engineer,Bristol,LOW,2020-03-25 03:36:57
C_104116,Emily,White,31,Teacher,Leicester,LOW,2022-08-18 02:53:19
C_104117,Kimberly,Young,33,Unemployed,Birmingham,LOW,2023-02-21 13:53:34
C_104118,Isabella,King,60,Retired,Coventry,LOW,2020-01-05 17:24:13
C_104119,Ashley,Young,49,Plumber,Coventry,LOW,2020-10-23 04:26:22
C_104120,Linda,Johnson,31,Doctor,Glasgow,LOW,2017-11-28 17:48:18
C_104121,Jennifer,Clarke,66,Retired,Sheffield,LOW,2021-08-12 17:07:00
C_104122,Ava,Hill,32,Consultant,Manchester,LOW,2017-10-21 04:57:52
C_104123,Ivy,Walker,46,Lawyer,Nottingham,LOW,2017-10-14 04:27:58
C_104124,Robert,Ward,47,Student,Belfast,LOW,2019-03-31 09:56:36
C_104125,Jennifer,Edwards,57,Unemployed,Nottingham,LOW,2016-10-18 13:13:48
C_104126,Betty,Green,47,Software Engineer,Glasgow,LOW,2022-02-22 21:26:54
C_104127,Lily,Ward,59,Plumber,Bristol,LOW,2021-07-06 16:23:18
C_104128,Michelle,Lewis,50,Accountant,Bristol,HIGH,2016-07-10 20:28:00
C_104129,William,Wilson,26,Electrician,Nottingham,LOW,2018-01-27 02:34:14
C_104130,Patricia,Clarke,18,Student,Edinburgh,LOW,2022-04-05 18:15:03
C_104131,Patricia,Johnson,40,Accountant,Manchester,LOW,2020-10-31 02:48:13
C_104132,Margaret,Cooper,38,Retired,Cardiff,LOW,2021-03-29 08:27:09
C_104133,Nancy,Scott,36,Teacher,London,LOW,2021-05-15 05:05:09
C_104134,John,Hill,57,Consultant,London,LOW,2024-12-21 03:11:37
C_104135,Sophia,White,52,Software Engineer,Nottingham,LOW,2017-04-03 18:30:25
C_104136,Sophia,Jones,38,Chef,Liverpool,LOW,2021-08-02 11:38:34
C_104137,David,Wilson,49,Consultant,Newcastle,LOW,2016-11-02 10:03:58
C_104138,Mia,Hill,83,Retired,Edinburgh,LOW,2016-10-25 16:29:44
C_104139,Susan,Watson,27,Registered Nurse,Belfast,LOW,2019-11-30 14:28:10
C_104140,Charles,Mitchell,28,Administrative Assistant,Leicester,LOW,2023-12-26 20:56:28
C_104141,William,Watson,39,Unemployed,Belfast,LOW,2017-07-30 11:54:23
C_104142,Margaret,Clark,51,Business Owner,Leicester,LOW,2024-03-29 15:44:04
C_104143,Olivia,Edwards,33,Retired,Cardiff,LOW,2024-12-27 19:32:23
C_104144,James,Wilson,30,Business Owner,Bristol,MEDIUM,2021-02-17 06:57:46
C_104145,Charles,Patterson,51,Teacher,Birmingham,LOW,2016-01-17 04:46:25
C_104146,Nancy,Young,61,Teacher,Belfast,LOW,2022-12-15 11:23:20
C_104147,Kimberly,Wilson,51,Unemployed,Manchester,LOW,2017-06-10 04:31:19
C_104148,David,Brown,46,Plumber,Sheffield,LOW,2017-12-03 11:05:43
C_104149,Kimberly,Green,39,Teacher,Birmingham,LOW,2020-10-06 14:51:21
C_104150,Ivy,White,34,Project Manager,Leeds,LOW,2020-04-18 04:40:06
C_104151,Robert,White,46,Accountant,London,LOW,2023-03-19 18:00:17
C_104152,Robert,Harris,68,Retired,Birmingham,LOW,2017-10-15 02:13:53
C_104153,Amelia,Hall,42,Plumber,London,LOW,2020-02-20 00:31:38
C_104154,Michelle,Carter,63,Consultant,Belfast,MEDIUM,2022-05-03 22:08:25
C_104155,Daniel,Jones,30,Project Manager,Nottingham,LOW,2016-12-18 00:52:32
C_104156,Karen,Smith,41,Chef,Manchester,LOW,2019-09-07 08:47:37
C_104157,Olivia,Young,40,Doctor,Newcastle,LOW,2018-11-19 16:03:01
C_104158,Joseph,Brown,39,Doctor,Leeds,LOW,2019-06-23 20:17:41
C_104159,Muhammad,Hall,41,Driver,Newcastle,LOW,2019-10-22 08:59:43
C_104160,Jessica,Wright,58,Student,Cardiff,LOW,2021-03-10 01:51:25
C_104161,Olivia,Brown,52,Sales Associate,Cardiff,LOW,2017-10-07 17:12:18
C_104162,Karen,Watson,37,Project Manager,Leicester,LOW,2018-02-12 07:50:09
C_104163,Ashley,Ward,47,Unemployed,Liverpool,LOW,2022-05-12 13:12:10
C_104164,Robert,Mason,46,Project Manager,Leicester,LOW,2024-11-08 03:15:40
C_104165,Thomas,Robinson,58,Electrician,Cardiff,LOW,2016-01-16 10:03:09
C_104166,Sophia,Thompson,21,Student,Glasgow,LOW,2017-10-18 20:30:49
C_104167,Thomas,Baker,55,Unemployed,Belfast,LOW,2025-12-21 16:04:19
C_104168,Joseph,King,34,Lawyer,London,LOW,2021-09-08 16:14:23
C_104169,Elizabeth,Harris,46,Administrative Assistant,Leeds,LOW,2020-03-04 07:56:19
C_104170,Noah,Smith,23,Student,Liverpool,LOW,2025-08-25 15:26:31
C_104171,Nancy,Patterson,33,Construction Worker,Birmingham,LOW,2022-03-14 23:57:34
C_104172,John,Mason,46,Accountant,Leicester,LOW,2018-06-06 08:01:04
C_104173,Ava,Hall,53,Construction Worker,Coventry,MEDIUM,2019-03-13 02:22:07
C_104174,Michael,Hall,64,Electrician,Birmingham,LOW,2021-07-20 07:25:40
C_104175,Robert,Brown,57,Business Owner,Leicester,LOW,2021-08-08 14:24:49
C_104176,Susan,Clark,23,Plumber,Nottingham,LOW,2019-09-02 14:59:40
C_104177,Oliver,Taylor,61,Sales Associate,Sheffield,LOW,2024-05-05 11:27:38
C_104178,Amelia,Robinson,44,Accountant,Edinburgh,LOW,2017-07-26 03:12:50
C_104179,Oliver,Ward,33,Consultant,Belfast,LOW,2024-01-29 07:12:27
C_104180,Daniel,Wilson,31,Teacher,Glasgow,LOW,2017-08-12 15:38:34
C_104181,John,Wright,40,Sales Associate,Leicester,LOW,2018-01-02 21:29:36
C_104182,Barbara,Johnson,18,Student,Leicester,LOW,2023-07-12 06:55:28
C_104183,Sarah,Johnson,19,Student,Belfast,LOW,2019-06-05 20:40:18
C_104184,Joseph,Wilson,43,Construction Worker,Belfast,LOW,2022-08-20 11:57:26
C_104185,Mia,Carter,18,Chef,Belfast,HIGH,2019-04-19 18:09:42
C_104186,Joseph,Mason,61,Student,Glasgow,LOW,2020-10-31 14:16:37
C_104187,Richard,Carter,31,Construction Worker,Nottingham,LOW,2016-01-20 20:34:24
C_104188,Lisa,Wood,30,Retired,Nottingham,LOW,2019-12-29 00:35:49
C_104189,Linda,Harris,37,Construction Worker,Manchester,LOW,2024-11-21 06:42:44
C_104190,Richard,Clark,52,Administrative Assistant,Leicester,MEDIUM,2017-08-07 11:55:12
C_104191,Christopher,Roberts,41,Project Manager,Sheffield,LOW,2020-08-18 19:40:17
C_104192,Ashley,Carter,51,Teacher,Sheffield,LOW,2021-03-29 06:26:18
C_104193,Mia,White,34,Construction Worker,Newcastle,LOW,2016-07-07 12:52:05
C_104194,Muhammad,Wood,51,Registered Nurse,Edinburgh,LOW,2020-03-30 18:41:06
C_104195,Joseph,Roberts,42,Lawyer,Sheffield,LOW,2021-04-12 22:25:50
C_104196,Isla,Green,61,Plumber,Birmingham,LOW,2020-10-15 22:37:52
C_104197,Ashley,Harris,39,Project Manager,Glasgow,LOW,2022-04-18 19:40:09
C_104198,Lily,White,61,Chef,London,LOW,2022-06-30 06:56:24
C_104199,Emily,Patterson,39,Student,Belfast,LOW,2018-04-13 17:59:04
C_104200,Patricia,Carter,52,Software Engineer,Birmingham,LOW,2017-01-27 18:14:49
C_104201,Michelle,Clarke,22,Plumber,Manchester,LOW,2018-03-09 08:49:27
C_104202,Joseph,Wright,48,Software Engineer,Cardiff,LOW,2016-11-21 06:06:55
C_104203,Patricia,Taylor,33,Construction Worker,Bristol,LOW,2025-05-08 04:05:32
C_104204,Ava,Mitchell,38,Sales Associate,Birmingham,LOW,2021-02-12 17:41:35
C_104205,Lisa,Harris,36,Software Engineer,London,LOW,2023-09-28 03:49:48
C_104206,Nancy,Baker,55,Registered Nurse,Bristol,LOW,2019-11-04 07:44:21
C_104207,Michelle,Robinson,42,Administrative Assistant,Leicester,MEDIUM,2024-09-22 17:30:40
C_104208,Oscar,Clarke,56,Doctor,Glasgow,LOW,2017-04-17 04:08:05
C_104209,Daniel,Williams,40,Student,Edinburgh,MEDIUM,2016-05-15 09:15:59
C_104210,Arthur,Taylor,50,Lawyer,London,MEDIUM,2022-02-11 07:21:30
C_104211,James,Ward,46,Administrative Assistant,Manchester,LOW,2023-06-21 00:27:33
C_104212,George,Clarke,32,Registered Nurse,Edinburgh,LOW,2023-08-30 12:45:14
C_104213,Ava,Harrison,37,Teacher,Nottingham,LOW,2018-06-21 04:04:01
C_104214,Muhammad,Hughes,40,Project Manager,Manchester,LOW,2024-05-09 07:49:54
C_104215,Isla,Clark,41,Registered Nurse,Newcastle,LOW,2017-03-29 04:06:43
C_104216,Charles,Mason,69,Retired,Cardiff,LOW,2019-08-03 03:29:23
C_104217,Michael,Thompson,43,Retired,Newcastle,LOW,2024-09-28 00:34:23
C_104218,Isla,Roberts,57,Software Engineer,Glasgow,MEDIUM,2016-02-18 13:08:38
C_104219,Mia,Brown,45,Registered Nurse,London,LOW,2016-04-22 16:17:16
C_104220,Robert,Harris,32,Construction Worker,Nottingham,LOW,2016-09-12 08:28:18
C_104221,Patricia,King,31,Doctor,London,LOW,2022-04-09 23:50:58
C_104222,Kimberly,Walker,34,Teacher,Liverpool,MEDIUM,2018-08-09 11:43:16
C_104223,Robert,Smith,39,Unemployed,Leeds,MEDIUM,2017-07-17 19:58:12
C_104224,Ava,Ward,43,Software Engineer,Liverpool,LOW,2024-06-04 05:44:23
C_104225,Harry,Thompson,31,Administrative Assistant,Coventry,LOW,2016-05-07 02:39:27
C_104226,Karen,Carter,34,Registered Nurse,Birmingham,LOW,2023-02-26 09:56:44
C_104227,Matthew,Brown,51,Driver,Glasgow,LOW,2025-02-07 16:01:02
C_104228,Susan,Hughes,64,Administrative Assistant,Belfast,LOW,2017-10-31 09:16:13
C_104229,Arthur,Harrison,56,Project Manager,Belfast,LOW,2023-09-05 02:55:18
C_104230,Isabella,Watson,63,Business Owner,Leicester,MEDIUM,2019-01-28 12:12:24
C_104231,Sandra,Hill,41,Unemployed,Bristol,LOW,2016-10-18 21:16:47
C_104232,Michael,Wilson,32,Software Engineer,Birmingham,LOW,2022-05-16 05:34:50
C_104233,Muhammad,Harrison,39,Doctor,Coventry,MEDIUM,2024-07-03 01:27:38
C_104234,Olivia,Johnson,50,Accountant,Sheffield,HIGH,2018-07-31 11:07:00
C_104235,Christopher,King,58,Student,Liverpool,MEDIUM,2024-03-03 05:24:59
C_104236,Arthur,Mitchell,69,Retired,Edinburgh,LOW,2021-04-26 08:34:56
C_104237,David,King,40,Retired,Cardiff,LOW,2018-02-17 07:49:35
C_104238,Lisa,Martin,45,Accountant,London,MEDIUM,2022-11-13 08:50:08
C_104239,Susan,King,37,Lawyer,Glasgow,LOW,2019-03-18 19:25:55
C_104240,James,Green,25,Consultant,Edinburgh,LOW,2024-02-08 14:18:18
C_104241,Margaret,Jackson,30,Registered Nurse,Edinburgh,LOW,2020-09-01 16:31:43
C_104242,Joseph,Roberts,50,Sales Associate,Liverpool,HIGH,2025-09-19 08:13:09
C_104243,Isabella,Wood,45,Business Owner,Newcastle,LOW,2018-10-03 09:50:11
C_104244,Arthur,Thomas,25,Administrative Assistant,Glasgow,MEDIUM,2019-11-07 06:26:46
C_104245,Thomas,Wright,30,Lawyer,Edinburgh,LOW,2025-12-11 07:54:22
C_104246,Mia,Clarke,40,Accountant,Liverpool,LOW,2024-01-14 04:16:00
C_104247,Donna,Wood,27,Consultant,Glasgow,LOW,2022-05-14 12:06:14
C_104248,Matthew,Hall,48,Project Manager,Manchester,MEDIUM,2024-08-12 10:55:55
C_104249,Richard,White,43,Registered Nurse,Manchester,LOW,2017-05-18 14:51:00
C_104250,Emily,Young,46,Accountant,Belfast,LOW,2017-12-30 21:21:31
C_104251,Sarah,King,40,Administrative Assistant,Belfast,MEDIUM,2022-12-07 19:14:06
C_104252,Patricia,Clarke,56,Business Owner,Liverpool,LOW,2016-01-09 02:13:35
C_104253,Daniel,Harris,52,Registered Nurse,Leicester,LOW,2025-08-09 10:07:12
C_104254,Matthew,Ward,18,Student,Bristol,LOW,2022-04-03 06:14:40
C_104255,Sophia,Harris,19,Student,Glasgow,MEDIUM,2018-09-04 17:25:04
C_104256,Elizabeth,Clark,57,Teacher,Coventry,LOW,2019-01-05 23:00:24
C_104257,Thomas,Smith,35,Consultant,Newcastle,LOW,2016-04-18 13:44:55
C_104258,Sarah,Hill,30,Project Manager,Cardiff,LOW,2025-02-08 05:21:12
C_104259,Harry,Scott,66,Retired,London,LOW,2025-07-11 09:41:39
C_104260,Christopher,Davies,30,Software Engineer,Manchester,LOW,2018-02-21 02:57:48
C_104261,Thomas,Taylor,40,Chef,Newcastle,LOW,2025-08-23 18:37:15
C_104262,Lily,Wilson,30,Chef,Newcastle,MEDIUM,2018-12-18 22:28:04
C_104263,Barbara,Hall,40,Driver,Cardiff,LOW,2023-02-20 16:28:50
C_104264,Jennifer,Edwards,46,Accountant,Coventry,LOW,2018-11-20 14:16:53
C_104265,Oliver,Patterson,28,Sales Associate,Sheffield,LOW,2020-09-29 02:27:57
C_104266,Ashley,Jackson,44,Electrician,Sheffield,LOW,2025-09-21 21:49:53
C_104267,Emily,Mason,48,Doctor,Sheffield,LOW,2021-08-25 06:12:19
C_104268,Jessica,Walker,25,Doctor,Cardiff,LOW,2025-03-15 21:52:30
C_104269,Nancy,Watson,52,Unemployed,Newcastle,LOW,2019-07-01 22:46:56
C_104270,Muhammad,Taylor,37,Accountant,Sheffield,LOW,2017-02-27 11:31:18
C_104271,Oliver,Green,51,Teacher,Leeds,LOW,2025-01-24 15:47:19
C_104272,Donna,Jones,61,Chef,Belfast,LOW,2023-02-04 13:56:49
C_104273,Charles,Smith,56,Plumber,Glasgow,LOW,2020-05-27 00:37:20
C_104274,Patricia,Harris,33,Student,Newcastle,LOW,2023-05-08 10:24:08
C_104275,Muhammad,Scott,55,Project Manager,London,LOW,2024-10-25 22:05:00
C_104276,Lisa,Walker,35,Electrician,Manchester,LOW,2023-03-10 08:53:24
C_104277,Matthew,Mason,19,Construction Worker,Nottingham,LOW,2024-09-05 11:45:02
C_104278,Daniel,Walker,39,Chef,Leicester,LOW,2024-02-24 12:50:18
C_104279,Kimberly,Johnson,37,Electrician,Coventry,LOW,2025-04-20 10:34:28
C_104280,Thomas,Mason,74,Retired,Cardiff,LOW,2017-12-18 22:36:57
C_104281,Emily,Ward,71,Retired,Manchester,LOW,2022-12-31 14:28:09
C_104282,Patricia,Edwards,52,Consultant,Cardiff,LOW,2016-09-03 08:09:29
C_104283,Betty,Scott,37,Software Engineer,London,LOW,2024-07-08 03:15:54
C_104284,Michael,Ward,33,Electrician,Bristol,MEDIUM,2018-06-25 19:46:58
C_104285,Michael,Brown,48,Doctor,Newcastle,LOW,2019-09-28 05:51:45
C_104286,Karen,Hall,39,Construction Worker,Sheffield,LOW,2019-01-15 02:10:05
C_104287,Jennifer,Jackson,27,Sales Associate,Leeds,LOW,2020-07-27 02:46:31
C_104288,Harry,Scott,47,Administrative Assistant,Bristol,LOW,2018-01-05 23:41:29
C_104289,Richard,Jackson,32,Lawyer,London,LOW,2023-12-25 22:19:03
C_104290,Harry,Patterson,51,Lawyer,Coventry,LOW,2019-02-26 03:09:41
C_104291,Linda,Wood,24,Construction Worker,London,LOW,2023-08-04 00:34:43
C_104292,Lisa,Carter,40,Teacher,Sheffield,LOW,2016-09-30 01:08:37
C_104293,Jessica,White,62,Construction Worker,Bristol,MEDIUM,2024-10-12 16:53:08
C_104294,Daniel,White,54,Unemployed,Newcastle,LOW,2019-11-28 10:52:43
C_104295,Michael,Mitchell,53,Lawyer,Birmingham,LOW,2025-01-14 09:06:23
C_104296,Mia,Jackson,65,Business Owner,Nottingham,LOW,2020-04-12 22:43:43
C_104297,Ivy,Ward,36,Teacher,Edinburgh,LOW,2024-06-03 04:55:33
C_104298,Mia,White,26,Registered Nurse,Glasgow,HIGH,2021-10-31 11:27:54
C_104299,Michael,Jones,41,Accountant,London,LOW,2024-12-21 15:23:09
C_104300,Oliver,Clark,36,Electrician,Belfast,HIGH,2024-05-15 10:48:42
C_104301,John,King,41,Construction Worker,Glasgow,LOW,2018-09-29 09:17:00
C_104302,Betty,Wilson,32,Consultant,Bristol,LOW,2017-12-14 21:13:52
C_104303,James,Williams,39,Doctor,Nottingham,LOW,2017-11-18 01:13:21
C_104304,Isla,Walker,67,Retired,Leeds,LOW,2024-08-13 04:03:55
C_104305,Isla,Clarke,44,Lawyer,Leicester,LOW,2016-12-12 21:32:40
C_104306,Betty,Baker,57,Plumber,Birmingham,LOW,2024-02-18 12:09:13
C_104307,Karen,Baker,44,Driver,Belfast,HIGH,2019-05-07 15:44:56
C_104308,Sophia,Harris,35,Electrician,Glasgow,LOW,2016-02-08 02:31:00
C_104309,Jennifer,Baker,40,Plumber,Leicester,LOW,2023-09-06 10:58:06
C_104310,Richard,Harrison,53,Construction Worker,Bristol,LOW,2023-03-13 12:30:51
C_104311,Noah,Wilson,49,Teacher,Coventry,LOW,2018-09-15 09:49:29
C_104312,Sandra,Hughes,27,Construction Worker,Birmingham,LOW,2019-05-05 00:27:28
C_104313,Donna,Young,44,Registered Nurse,Newcastle,MEDIUM,2019-12-04 17:31:42
C_104314,Robert,Robinson,41,Retired,Sheffield,LOW,2023-06-23 07:19:34
C_104315,Olivia,Cooper,53,Lawyer,Liverpool,MEDIUM,2019-12-25 01:54:05
C_104316,Charles,Lewis,43,Plumber,Liverpool,LOW,2017-03-25 11:50:11
C_104317,David,Hill,46,Construction Worker,Newcastle,LOW,2022-07-12 10:58:40
C_104318,Noah,Ward,33,Software Engineer,Liverpool,LOW,2020-02-26 11:25:02
C_104319,Oscar,Hill,25,Construction Worker,Leeds,LOW,2018-12-04 13:31:26
C_104320,Harry,King,28,Driver,Birmingham,LOW,2016-11-29 05:17:27
C_104321,Nancy,Hughes,59,Project Manager,Edinburgh,LOW,2023-11-06 14:07:14
C_104322,Jessica,Young,44,Consultant,Leicester,LOW,2023-01-14 22:04:57
C_104323,Thomas,Thompson,24,Sales Associate,London,LOW,2021-07-19 22:49:38
C_104324,Arthur,Edwards,50,Retired,Manchester,LOW,2025-02-14 20:30:45
C_104325,Kimberly,Davies,39,Software Engineer,Birmingham,LOW,2019-02-27 14:45:32
C_104326,Jessica,Smith,26,Business Owner,Leicester,LOW,2022-05-26 18:17:31
C_104327,Charles,White,39,Software Engineer,Coventry,LOW,2023-06-26 12:35:37
C_104328,Lily,Clark,29,Administrative Assistant,Belfast,LOW,2021-07-01 16:33:28
C_104329,David,Lewis,46,Lawyer,Glasgow,LOW,2016-01-08 10:50:55
C_104330,Oliver,Taylor,18,Student,Leeds,LOW,2019-06-17 19:04:10
C_104331,Ava,Harrison,26,Driver,Leeds,LOW,2019-08-23 04:38:08
C_104332,Margaret,Walker,19,Student,Leeds,LOW,2022-01-21 00:07:13
C_104333,Margaret,Hughes,68,Retired,Belfast,HIGH,2017-07-22 02:26:35
C_104334,Barbara,Martin,21,Registered Nurse,Birmingham,LOW,2017-11-01 18:17:45
C_104335,Michelle,Davies,38,Software Engineer,Leicester,MEDIUM,2023-02-24 14:14:49
C_104336,Charles,Clark,37,Project Manager,Bristol,LOW,2016-10-28 23:40:02
C_104337,Isabella,Roberts,28,Consultant,Edinburgh,LOW,2016-02-11 07:00:30
C_104338,Mia,Young,51,Accountant,London,LOW,2021-07-02 13:09:06
C_104339,Ivy,Jackson,45,Business Owner,Belfast,LOW,2023-12-20 09:08:10
C_104340,Donna,Martin,18,Student,Coventry,LOW,2023-01-30 12:27:46
C_104341,Arthur,White,24,Unemployed,Edinburgh,LOW,2024-11-08 02:26:29
C_104342,Olivia,Lewis,36,Project Manager,Leicester,LOW,2016-10-22 18:13:21
C_104343,William,Roberts,59,Lawyer,Leeds,LOW,2017-11-24 00:08:41
C_104344,Ashley,Brown,36,Unemployed,Bristol,LOW,2019-01-03 20:54:40
C_104345,Leo,White,39,Plumber,Bristol,LOW,2019-11-19 05:00:44
C_104346,Jennifer,Roberts,53,Consultant,Belfast,LOW,2019-01-06 20:31:06
C_104347,Betty,Jones,45,Accountant,Cardiff,LOW,2018-02-16 09:19:17
C_104348,Donna,Harris,35,Construction Worker,Coventry,LOW,2024-02-04 08:39:17
C_104349,Elizabeth,Watson,54,Electrician,London,LOW,2025-11-19 01:14:11
C_104350,Ashley,Baker,69,Retired,Sheffield,LOW,2018-02-07 05:09:25
C_104351,Ivy,Ward,52,Consultant,Leicester,LOW,2025-01-18 00:33:20
C_104352,Oscar,Baker,49,Unemployed,London,LOW,2017-03-10 20:27:32
C_104353,Robert,Walker,34,Doctor,Edinburgh,LOW,2020-11-30 04:56:41
C_104354,Oliver,Wilson,23,Administrative Assistant,Edinburgh,MEDIUM,2017-02-14 02:25:41
C_104355,Isla,Smith,56,Construction Worker,Newcastle,MEDIUM,2020-10-21 08:00:14
C_104356,Christopher,Roberts,40,Accountant,Edinburgh,LOW,2020-03-17 13:09:55
C_104357,Thomas,Patterson,48,Plumber,Newcastle,LOW,2019-08-28 17:51:15
C_104358,James,Thompson,46,Teacher,Liverpool,LOW,2025-03-07 16:24:19
C_104359,Mia,Carter,31,Software Engineer,Cardiff,MEDIUM,2019-10-31 09:51:01
C_104360,Charles,Cooper,49,Sales Associate,Sheffield,LOW,2024-06-19 12:52:51
C_104361,Linda,King,40,Retired,Liverpool,LOW,2017-01-22 04:58:24
C_104362,Jessica,Robinson,26,Student,Liverpool,LOW,2021-07-21 18:30:35
C_104363,Arthur,Taylor,45,Project Manager,London,LOW,2024-09-28 10:41:59
C_104364,Richard,Thomas,62,Unemployed,Leicester,LOW,2016-06-16 00:55:52
C_104365,Harry,Baker,60,Lawyer,Edinburgh,MEDIUM,2018-11-21 14:17:24
C_104366,Christopher,Walker,53,Project Manager,Leeds,LOW,2024-06-12 20:50:32
C_104367,Lily,Ward,45,Accountant,Birmingham,LOW,2022-06-10 19:20:16
C_104368,Robert,Ward,38,Sales Associate,Manchester,LOW,2016-02-24 12:44:55
C_104369,James,Wilson,64,Accountant,Belfast,LOW,2017-12-18 13:03:04
C_104370,Lisa,Brown,44,Plumber,Cardiff,LOW,2024-05-21 00:31:27
C_104371,Susan,Hall,23,Registered Nurse,Coventry,LOW,2022-05-02 16:19:43
C_104372,Karen,Mitchell,55,Sales Associate,Leicester,LOW,2018-10-08 20:18:34
C_104373,Elizabeth,Harrison,37,Driver,Coventry,LOW,2024-02-29 19:03:47
C_104374,Susan,Harris,24,Doctor,Edinburgh,LOW,2021-03-03 10:26:27
C_104375,James,Thompson,32,Consultant,Belfast,LOW,2022-12-28 16:18:03
C_104376,Ashley,Smith,18,Student,Nottingham,LOW,2017-05-16 12:40:45
C_104377,John,Cooper,27,Sales Associate,Leeds,LOW,2017-03-07 02:49:41
C_104378,Matthew,King,38,Unemployed,Newcastle,LOW,2021-07-13 02:36:08
C_104379,Jessica,Wilson,59,Student,Leicester,LOW,2018-07-21 02:09:03
C_104380,Amelia,Scott,34,Teacher,Liverpool,LOW,2024-06-08 06:45:40
C_104381,Isabella,Smith,38,Business Owner,Cardiff,MEDIUM,2017-11-26 09:41:42
C_104382,Michelle,Carter,32,Driver,Liverpool,LOW,2025-11-15 16:56:32
C_104383,Harry,Thompson,56,Construction Worker,Bristol,MEDIUM,2023-10-30 13:14:03
C_104384,Muhammad,Wood,33,Retired,Liverpool,LOW,2019-05-15 10:49:10
C_104385,Margaret,Scott,85,Retired,Newcastle,LOW,2022-10-08 20:52:42
C_104386,Arthur,Thomas,53,Business Owner,Leicester,MEDIUM,2025-03-08 04:05:08
C_104387,Robert,Hughes,41,Sales Associate,Edinburgh,MEDIUM,2016-11-01 11:38:32
C_104388,Daniel,Hughes,33,Teacher,Belfast,LOW,2023-05-31 15:03:45
C_104389,Michelle,Watson,18,Registered Nurse,Leeds,LOW,2019-08-18 02:12:14
C_104390,Ava,Young,23,Plumber,Newcastle,LOW,2018-09-14 07:31:15
C_104391,Elizabeth,Ward,30,Plumber,Manchester,LOW,2019-08-07 16:27:33
C_104392,Arthur,Martin,47,Chef,Edinburgh,LOW,2023-03-05 07:22:25
C_104393,Isla,Green,60,Driver,Birmingham,LOW,2024-05-19 14:11:16
C_104394,Isla,King,57,Unemployed,Sheffield,LOW,2020-09-07 06:32:55
C_104395,Ivy,Patterson,38,Retired,Newcastle,LOW,2022-05-26 06:53:20
C_104396,Oscar,Mitchell,18,Student,Leicester,LOW,2017-12-20 08:06:58
C_104397,Olivia,King,38,Consultant,Glasgow,MEDIUM,2017-01-23 18:16:11
C_104398,David,Green,36,Chef,Cardiff,LOW,2022-01-15 19:17:26
C_104399,Isabella,Davies,56,Sales Associate,London,LOW,2017-10-11 18:23:22
C_104400,Amelia,Hughes,41,Project Manager,Coventry,LOW,2019-06-17 16:15:59
C_104401,Jessica,Watson,58,Business Owner,Newcastle,LOW,2021-08-25 21:16:14
C_104402,Ashley,Hughes,46,Student,Leicester,LOW,2020-02-10 02:10:22
C_104403,Linda,Hill,24,Chef,Liverpool,LOW,2023-01-04 07:39:27
C_104404,John,Harrison,33,Lawyer,Coventry,MEDIUM,2022-01-13 06:21:56
C_104405,Ivy,Jones,54,Chef,Bristol,LOW,2022-09-15 23:42:16
C_104406,Lisa,Hall,18,Student,Birmingham,LOW,2018-09-26 00:35:55
C_104407,Barbara,Hall,38,Retired,Sheffield,LOW,2017-09-15 18:43:10
C_104408,Oliver,White,36,Lawyer,Coventry,LOW,2024-10-11 18:11:24
C_104409,James,Ward,51,Sales Associate,Coventry,HIGH,2016-05-21 08:19:41
C_104410,Muhammad,Williams,58,Driver,Newcastle,LOW,2020-03-17 15:42:41
C_104411,Ava,Johnson,42,Electrician,Glasgow,LOW,2024-05-30 00:05:48
C_104412,Elizabeth,Martin,29,Driver,Manchester,LOW,2022-06-12 12:48:56
C_104413,Harry,Evans,48,Lawyer,Newcastle,LOW,2020-04-16 15:05:38
C_104414,Donna,Taylor,69,Retired,Nottingham,LOW,2020-09-11 21:31:21
C_104415,George,Evans,38,Electrician,Leeds,LOW,2023-02-10 22:43:42
C_104416,Muhammad,Clark,37,Software Engineer,Newcastle,LOW,2021-07-06 19:52:04
C_104417,Elizabeth,Hall,33,Sales Associate,Coventry,LOW,2016-11-07 15:40:36
C_104418,William,Williams,57,Plumber,Glasgow,LOW,2025-07-01 00:30:33
C_104419,Daniel,Brown,62,Software Engineer,Belfast,LOW,2017-12-03 22:26:51
C_104420,Linda,Clarke,55,Construction Worker,Newcastle,LOW,2018-10-31 19:41:35
C_104421,Michael,Walker,55,Registered Nurse,Glasgow,LOW,2024-07-11 11:32:02
C_104422,William,Edwards,48,Consultant,Nottingham,LOW,2022-03-12 06:02:16
C_104423,James,Baker,55,Chef,Birmingham,LOW,2023-05-01 06:35:23
C_104424,Arthur,King,38,Unemployed,Coventry,LOW,2016-01-15 04:22:34
C_104425,Isla,Hill,45,Teacher,Coventry,LOW,2016-08-21 17:22:31
C_104426,Donna,Walker,57,Sales Associate,Nottingham,LOW,2018-09-04 01:58:21
C_104427,Isabella,Roberts,29,Retired,Bristol,LOW,2020-06-15 05:31:57
C_104428,Isabella,Cooper,21,Student,Newcastle,LOW,2018-05-12 21:42:15
C_104429,Jessica,Baker,18,Chef,Sheffield,LOW,2018-02-21 08:11:00
C_104430,George,Scott,39,Business Owner,Glasgow,LOW,2023-05-08 08:56:56
C_104431,Olivia,Baker,49,Software Engineer,Liverpool,HIGH,2024-06-15 09:55:01
C_104432,Betty,King,67,Retired,Coventry,LOW,2022-03-31 04:33:37
C_104433,Ivy,Mason,41,Teacher,Bristol,LOW,2018-11-19 17:07:52
C_104434,Susan,Walker,47,Doctor,Birmingham,LOW,2018-10-26 00:21:35
C_104435,George,Thompson,49,Lawyer,Belfast,MEDIUM,2023-09-18 10:05:12
C_104436,Linda,Lewis,53,Accountant,Cardiff,LOW,2020-03-24 00:10:43
C_104437,Christopher,Wilson,31,Teacher,Leicester,LOW,2025-11-20 17:06:39
C_104438,Sophia,Evans,22,Chef,London,LOW,2021-10-17 21:38:04
C_104439,Ivy,King,47,Student,Leicester,LOW,2022-07-26 22:45:39
C_104440,James,Smith,30,Plumber,Birmingham,LOW,2017-07-14 14:24:54
C_104441,Sarah,Martin,41,Student,Sheffield,MEDIUM,2020-09-11 20:24:44
C_104442,James,Cooper,55,Business Owner,Newcastle,LOW,2021-04-08 19:03:02
C_104443,Harry,Mason,35,Chef,Birmingham,LOW,2018-09-26 17:44:55
C_104444,Richard,Green,55,Sales Associate,London,LOW,2022-12-31 13:01:50
C_104445,Isabella,Carter,29,Driver,London,LOW,2022-01-09 12:35:14
C_104446,Mia,Robinson,47,Unemployed,Nottingham,LOW,2023-11-26 01:05:57
C_104447,Leo,Davies,18,Doctor,Glasgow,LOW,2019-09-09 09:54:55
C_104448,Kimberly,Young,39,Accountant,Leicester,LOW,2022-11-27 01:27:03
C_104449,Susan,Hill,40,Project Manager,Liverpool,LOW,2020-05-13 12:14:51
C_104450,Susan,Patterson,55,Driver,Birmingham,LOW,2016-05-08 07:18:09
C_104451,Margaret,Edwards,20,Student,Coventry,LOW,2017-01-30 01:51:48
C_104452,Linda,Jones,36,Doctor,Nottingham,LOW,2023-01-03 23:16:11
C_104453,Emily,Wright,61,Lawyer,Bristol,LOW,2024-12-28 02:29:19
C_104454,Margaret,Hughes,67,Retired,Edinburgh,LOW,2018-08-06 14:56:03
C_104455,Isabella,Wood,49,Accountant,Edinburgh,MEDIUM,2020-12-05 20:14:27
C_104456,Ashley,Hill,28,Student,Newcastle,LOW,2021-05-08 05:49:07
C_104457,Barbara,Brown,43,Consultant,Coventry,LOW,2025-07-11 17:51:36
C_104458,Michelle,Cooper,61,Lawyer,Liverpool,MEDIUM,2017-11-05 09:24:09
C_104459,Susan,Baker,18,Business Owner,Liverpool,LOW,2022-04-13 12:11:14
C_104460,David,Thompson,40,Accountant,Leeds,LOW,2020-09-01 07:23:54
C_104461,Oscar,Scott,32,Doctor,London,LOW,2017-05-19 15:50:43
C_104462,Michelle,Mitchell,52,Business Owner,Glasgow,LOW,2016-01-10 00:10:26
C_104463,Arthur,Green,21,Student,Leeds,LOW,2017-05-18 01:51:13
C_104464,Kimberly,Hughes,21,Unemployed,Cardiff,LOW,2022-07-21 14:58:06
C_104465,Linda,Roberts,24,Electrician,Sheffield,LOW,2017-09-22 16:30:34
C_104466,Ivy,Green,27,Doctor,Cardiff,LOW,2022-09-20 05:25:56
C_104467,David,Thomas,61,Doctor,Sheffield,LOW,2020-08-10 14:50:59
C_104468,Lisa,Harris,63,Plumber,Edinburgh,MEDIUM,2021-03-05 20:23:58
C_104469,Sandra,White,63,Registered Nurse,Nottingham,LOW,2023-11-10 11:44:45
C_104470,Mia,Baker,48,Consultant,London,LOW,2023-10-10 18:02:34
C_104471,Daniel,Thomas,43,Driver,London,LOW,2017-03-13 17:18:40
C_104472,James,Walker,48,Retired,Liverpool,LOW,2024-11-23 02:08:36
C_104473,Noah,Hall,38,Doctor,Bristol,LOW,2021-05-21 00:01:18
C_104474,Christopher,Thomas,48,Unemployed,Birmingham,LOW,2018-05-22 11:51:42
C_104475,Oliver,Hill,18,Student,Cardiff,MEDIUM,2023-09-17 10:42:29
C_104476,Ivy,King,43,Construction Worker,Bristol,LOW,2025-09-11 06:06:53
C_104477,Christopher,Taylor,28,Sales Associate,Birmingham,LOW,2018-08-08 20:55:07
C_104478,Harry,Harris,85,Retired,Manchester,LOW,2016-08-09 10:17:41
C_104479,Richard,Mason,23,Driver,Sheffield,MEDIUM,2019-08-04 12:46:35
C_104480,Noah,Robinson,39,Accountant,London,LOW,2025-10-06 17:09:29
C_104481,Lily,Davies,52,Teacher,Coventry,LOW,2020-11-04 13:58:35
C_104482,Christopher,Hughes,38,Software Engineer,Liverpool,LOW,2023-02-13 06:30:30
C_104483,Emily,Roberts,50,Construction Worker,Cardiff,LOW,2019-10-03 08:08:36
C_104484,Sandra,Roberts,63,Construction Worker,Nottingham,LOW,2022-03-03 00:26:16
C_104485,David,Cooper,54,Lawyer,London,MEDIUM,2021-01-29 08:10:06
C_104486,Ava,Thomas,18,Unemployed,Leicester,MEDIUM,2023-04-30 20:23:32
C_104487,Richard,Hall,21,Student,Liverpool,LOW,2020-12-09 00:24:19
C_104488,Donna,Jackson,23,Doctor,Nottingham,LOW,2019-03-30 03:22:18
C_104489,Olivia,Thompson,30,Consultant,Coventry,MEDIUM,2023-11-01 19:53:06
C_104490,Jessica,Hughes,34,Student,Coventry,LOW,2019-07-08 15:41:17
C_104491,George,Taylor,38,Plumber,Birmingham,LOW,2021-05-30 21:23:08
C_104492,Michelle,Harrison,49,Consultant,Leeds,LOW,2021-11-03 09:07:08
C_104493,Jessica,Martin,53,Software Engineer,Belfast,LOW,2021-07-10 15:24:17
C_104494,Sandra,Roberts,39,Accountant,Belfast,LOW,2019-08-03 05:24:50
C_104495,Sandra,Hughes,50,Student,Manchester,LOW,2024-11-13 09:31:42
C_104496,Christopher,Taylor,53,Software Engineer,Birmingham,LOW,2023-10-01 03:56:14
C_104497,Isla,Baker,47,Chef,Edinburgh,LOW,2024-09-06 20:13:37
C_104498,Sarah,Edwards,18,Student,Leicester,MEDIUM,2023-04-07 04:20:48
C_104499,Olivia,Lewis,42,Sales Associate,London,LOW,2021-11-04 00:39:34
C_104500,Robert,King,44,Software Engineer,Liverpool,MEDIUM,2021-09-11 01:31:18
C_104501,Elizabeth,Thomas,35,Project Manager,Sheffield,LOW,2019-10-24 01:12:48
C_104502,Barbara,Thomas,49,Lawyer,Sheffield,LOW,2020-11-04 21:31:44
C_104503,Jessica,Taylor,44,Student,Belfast,LOW,2025-11-13 10:34:51
C_104504,Charles,Harrison,32,Plumber,Cardiff,LOW,2018-02-17 14:26:15
C_104505,Isla,Williams,36,Lawyer,Coventry,LOW,2025-05-30 09:35:32
C_104506,Jessica,Harris,57,Driver,London,MEDIUM,2017-08-31 00:01:03
C_104507,Isabella,Walker,51,Plumber,Bristol,LOW,2025-10-10 04:22:06
C_104508,Michelle,Hill,36,Lawyer,Belfast,LOW,2016-04-02 10:23:29
C_104509,Susan,Mitchell,38,Sales Associate,Nottingham,LOW,2023-07-29 14:25:16
C_104510,James,Evans,38,Lawyer,Newcastle,LOW,2024-02-13 20:31:04
C_104511,Robert,Thompson,50,Student,Coventry,LOW,2021-04-16 05:22:45
C_104512,Emily,Cooper,58,Business Owner,Nottingham,LOW,2017-02-08 07:55:17
C_104513,Betty,Ward,21,Student,Liverpool,LOW,2017-04-30 18:20:58
C_104514,Donna,Smith,73,Retired,Glasgow,MEDIUM,2016-05-28 18:51:45
C_104515,Lily,Clarke,18,Accountant,Belfast,LOW,2021-10-10 19:18:40
C_104516,William,Ward,44,Consultant,Manchester,LOW,2022-11-11 13:56:50
C_104517,David,Clark,45,Construction Worker,Leicester,LOW,2021-02-20 15:51:33
C_104518,Sandra,Roberts,27,Sales Associate,Birmingham,LOW,2021-04-09 12:23:44
C_104519,Lily,Edwards,30,Plumber,Liverpool,LOW,2021-04-10 20:25:34
C_104520,Donna,Taylor,23,Registered Nurse,Coventry,LOW,2016-11-26 00:58:24
C_104521,Thomas,Wilson,44,Software Engineer,Manchester,LOW,2023-05-29 20:48:13
C_104522,James,Green,37,Administrative Assistant,Glasgow,LOW,2025-11-14 23:23:38
C_104523,James,White,45,Administrative Assistant,Manchester,MEDIUM,2024-04-02 04:30:13
C_104524,Linda,Hughes,74,Retired,Belfast,LOW,2020-10-04 15:21:56
C_104525,Lisa,Young,56,Doctor,Belfast,LOW,2024-06-03 01:53:01
C_104526,Ashley,Evans,31,Lawyer,Glasgow,LOW,2021-04-02 20:18:33
C_104527,Ava,Lewis,44,Doctor,Leicester,LOW,2019-11-17 23:27:36
C_104528,Lily,Thompson,35,Administrative Assistant,Cardiff,LOW,2022-11-27 04:43:16
C_104529,Olivia,Edwards,41,Retired,Bristol,LOW,2020-01-23 16:14:05
C_104530,Margaret,Martin,49,Plumber,Manchester,LOW,2019-02-28 19:09:47
C_104531,John,Hughes,35,Consultant,Coventry,LOW,2024-08-02 19:27:02
C_104532,Patricia,Watson,72,Retired,Nottingham,LOW,2023-10-05 21:24:10
C_104533,Barbara,White,35,Project Manager,Bristol,LOW,2016-08-17 13:57:22
C_104534,Susan,White,47,Electrician,Leeds,LOW,2023-03-02 01:59:12
C_104535,Amelia,Harris,37,Construction Worker,Sheffield,LOW,2023-03-28 17:15:54
C_104536,Jessica,Hall,49,Registered Nurse,Edinburgh,HIGH,2022-05-21 18:48:55
C_104537,Charles,Wright,62,Registered Nurse,Coventry,LOW,2022-06-09 11:51:12
C_104538,Karen,Hall,52,Consultant,Manchester,LOW,2016-09-21 04:10:42
C_104539,Ashley,Cooper,34,Sales Associate,Belfast,LOW,2023-01-25 01:52:51
C_104540,Leo,Mitchell,35,Doctor,Cardiff,LOW,2020-06-30 07:09:42
C_104541,Jennifer,Baker,24,Project Manager,Leicester,MEDIUM,2022-12-23 17:57:59
C_104542,Margaret,Mason,47,Chef,Belfast,LOW,2025-01-31 04:55:13
C_104543,George,Taylor,45,Software Engineer,Leicester,LOW,2024-04-28 09:18:11
C_104544,Ava,King,64,Teacher,Newcastle,LOW,2016-12-17 11:43:00
C_104545,Patricia,Harris,44,Consultant,Leicester,LOW,2016-06-24 20:34:23
C_104546,Sandra,Lewis,38,Software Engineer,Belfast,LOW,2016-01-07 09:39:16
C_104547,Lisa,Jackson,42,Retired,Glasgow,LOW,2017-12-15 17:36:48
C_104548,Margaret,Hall,45,Plumber,Sheffield,LOW,2022-12-11 10:49:42
C_104549,Linda,Thompson,35,Consultant,Bristol,LOW,2019-09-21 02:19:41
C_104550,Ava,Wright,53,Sales Associate,Liverpool,LOW,2020-11-04 16:52:05
C_104551,David,Harrison,50,Administrative Assistant,Glasgow,MEDIUM,2024-10-28 04:44:09
C_104552,Richard,Martin,43,Teacher,Leeds,LOW,2016-02-07 10:54:23
C_104553,Ashley,Baker,40,Software Engineer,Bristol,MEDIUM,2016-11-03 22:55:16
C_104554,Margaret,Robinson,49,Consultant,Cardiff,LOW,2025-06-12 09:37:09
C_104555,Joseph,Lewis,46,Accountant,Bristol,LOW,2025-06-21 03:16:49
C_104556,Daniel,Thomas,49,Sales Associate,Liverpool,LOW,2021-08-11 23:54:00
C_104557,Isabella,Williams,31,Administrative Assistant,Newcastle,MEDIUM,2025-07-03 20:51:20
C_104558,David,Johnson,55,Unemployed,Sheffield,LOW,2020-04-04 17:49:35
C_104559,Ivy,Harris,52,Chef,Leicester,LOW,2016-08-14 18:10:33
C_104560,Ava,Scott,55,Project Manager,Leicester,LOW,2020-04-30 09:45:31
C_104561,Kimberly,Hill,18,Student,Belfast,MEDIUM,2017-03-15 20:51:58
C_104562,Joseph,Robinson,28,Accountant,Leeds,LOW,2024-07-18 01:23:33
C_104563,Jessica,Harris,18,Student,Newcastle,LOW,2016-03-08 02:14:42
C_104564,Nancy,Lewis,33,Business Owner,Leicester,HIGH,2020-01-09 02:48:41
C_104565,Richard,Edwards,20,Teacher,Coventry,MEDIUM,2017-03-18 03:17:29
C_104566,Ivy,Clarke,63,Sales Associate,Cardiff,LOW,2017-10-17 17:34:32
C_104567,Lisa,Roberts,57,Consultant,Sheffield,LOW,2020-12-09 16:46:39
C_104568,Matthew,Williams,36,Consultant,Cardiff,LOW,2016-05-31 17:15:54
C_104569,Leo,Robinson,30,Business Owner,Liverpool,LOW,2022-02-27 06:39:56
C_104570,Matthew,Smith,18,Student,Manchester,LOW,2022-05-31 07:06:03
C_104571,Matthew,Edwards,39,Sales Associate,Newcastle,LOW,2025-06-20 19:30:21
C_104572,James,Brown,35,Student,Sheffield,LOW,2016-10-03 19:09:43
C_104573,Emily,Robinson,55,Registered Nurse,Sheffield,LOW,2024-12-06 15:03:41
C_104574,Michelle,Davies,40,Plumber,Liverpool,LOW,2017-10-03 05:38:54
C_104575,Lily,Clarke,38,Chef,Liverpool,LOW,2023-06-29 00:56:25
C_104576,Charles,Thompson,56,Retired,Cardiff,MEDIUM,2024-12-10 08:34:32
C_104577,William,Johnson,43,Doctor,Birmingham,LOW,2018-03-05 12:46:13
C_104578,Sarah,Hill,35,Doctor,Glasgow,LOW,2023-07-31 13:06:17
C_104579,Robert,Taylor,40,Lawyer,Leeds,LOW,2016-02-10 04:28:29
C_104580,Barbara,Jackson,47,Chef,London,MEDIUM,2021-05-20 11:30:30
C_104581,Joseph,Wood,65,Electrician,Edinburgh,LOW,2016-02-19 11:39:10
C_104582,Linda,Smith,20,Chef,Coventry,LOW,2022-09-01 17:54:24
C_104583,Sophia,Edwards,41,Administrative Assistant,Bristol,LOW,2024-08-27 19:57:14
C_104584,Charles,Clark,30,Project Manager,Newcastle,LOW,2018-09-19 07:58:58
C_104585,Lily,Wood,55,Consultant,Newcastle,HIGH,2018-03-24 17:27:30
C_104586,Susan,Johnson,33,Registered Nurse,Liverpool,LOW,2018-06-14 17:39:19
C_104587,James,Wright,45,Sales Associate,Glasgow,HIGH,2016-07-24 11:45:53
C_104588,Isla,Thomas,44,Software Engineer,Glasgow,LOW,2024-06-05 15:10:18
C_104589,George,Mitchell,36,Consultant,Newcastle,LOW,2016-11-07 09:49:07
C_104590,William,Baker,41,Construction Worker,Newcastle,LOW,2021-12-21 11:32:40
C_104591,Jessica,Thomas,44,Project Manager,Bristol,HIGH,2018-08-07 14:09:29
C_104592,Charles,Clarke,29,Lawyer,Edinburgh,LOW,2021-01-18 10:54:08
C_104593,Jennifer,Carter,48,Plumber,Bristol,LOW,2017-04-08 23:00:04
C_104594,Karen,Watson,33,Driver,Birmingham,MEDIUM,2018-09-22 20:33:08
C_104595,Robert,Robinson,36,Doctor,Bristol,LOW,2020-12-01 23:18:33
C_104596,Isla,Davies,24,Lawyer,Bristol,LOW,2020-04-19 02:38:49
C_104597,Karen,Davies,57,Plumber,Bristol,LOW,2023-07-02 19:34:59
C_104598,Lily,Wilson,71,Retired,London,MEDIUM,2019-08-18 21:27:06
C_104599,Oliver,Harris,22,Unemployed,Leeds,LOW,2022-03-04 13:15:52
C_104600,James,Taylor,32,Consultant,Leeds,LOW,2018-01-27 10:34:29
C_104601,Thomas,Wilson,18,Student,Leeds,MEDIUM,2016-08-14 14:47:50
C_104602,Michael,White,18,Student,Nottingham,LOW,2023-07-09 19:43:21
C_104603,George,Ward,28,Lawyer,Manchester,LOW,2017-05-06 21:38:30
C_104604,Joseph,Smith,43,Electrician,Belfast,LOW,2023-04-23 20:05:55
C_104605,Amelia,Patterson,63,Construction Worker,Leeds,LOW,2021-04-04 16:35:23
C_104606,Lily,Baker,49,Sales Associate,Coventry,LOW,2020-04-25 14:59:50
C_104607,George,Ward,41,Doctor,Edinburgh,LOW,2019-10-04 00:24:19
C_104608,Michelle,Williams,48,Plumber,Belfast,LOW,2023-11-24 05:06:55
C_104609,Sarah,Lewis,20,Student,London,MEDIUM,2022-11-12 08:25:19
C_104610,Ashley,Robinson,47,Plumber,Manchester,LOW,2017-10-10 12:35:02
C_104611,James,Clark,32,Project Manager,Belfast,LOW,2019-12-09 15:29:12
C_104612,Patricia,Thomas,23,Administrative Assistant,Cardiff,LOW,2024-08-22 16:06:13
C_104613,Isla,Green,52,Registered Nurse,Sheffield,MEDIUM,2024-10-26 20:08:11
C_104614,Daniel,Taylor,32,Electrician,Leicester,LOW,2022-03-05 00:04:50
C_104615,David,Thompson,50,Doctor,Manchester,LOW,2018-06-07 22:32:41
C_104616,David,Taylor,66,Retired,Leicester,LOW,2016-07-05 14:52:55
C_104617,Sarah,Hill,40,Student,Edinburgh,LOW,2020-05-08 19:56:03
C_104618,Isabella,Cooper,40,Retired,Bristol,MEDIUM,2021-11-02 12:08:45
C_104619,Lily,Harrison,50,Student,Birmingham,LOW,2024-02-17 20:52:50
C_104620,Isla,Wood,23,Doctor,Leeds,LOW,2025-12-09 15:30:50
C_104621,Sandra,Thompson,51,Lawyer,Liverpool,LOW,2016-05-16 14:51:16
C_104622,Barbara,Edwards,50,Construction Worker,Leicester,MEDIUM,2021-10-14 04:30:03
C_104623,Charles,Harrison,24,Construction Worker,Liverpool,LOW,2016-07-07 14:31:49
C_104624,Matthew,Patterson,44,Sales Associate,Sheffield,MEDIUM,2024-11-12 11:54:39
C_104625,James,Evans,52,Unemployed,Bristol,MEDIUM,2017-06-19 12:52:52
C_104626,Oliver,Hall,25,Chef,Belfast,LOW,2021-08-18 19:57:23
C_104627,Harry,Jones,76,Retired,Manchester,LOW,2021-06-07 18:20:40
C_104628,James,Clarke,60,Teacher,Edinburgh,LOW,2019-03-26 04:09:20
C_104629,George,Hall,26,Project Manager,Cardiff,LOW,2020-07-21 13:47:53
C_104630,Oliver,Scott,49,Business Owner,Birmingham,LOW,2020-02-11 22:55:34
C_104631,Richard,Hughes,18,Software Engineer,Bristol,LOW,2019-12-30 01:38:23
C_104632,Noah,Taylor,54,Chef,Glasgow,LOW,2023-03-09 20:09:38
C_104633,Jessica,Wilson,24,Driver,Coventry,MEDIUM,2022-12-26 01:21:07
C_104634,Nancy,Clark,20,Student,Belfast,LOW,2023-10-21 23:38:48
C_104635,Jennifer,Taylor,55,Driver,Leeds,LOW,2020-07-10 10:39:48
C_104636,Patricia,Wilson,54,Electrician,Leicester,LOW,2024-05-04 03:32:30
C_104637,Patricia,Taylor,42,Plumber,Birmingham,LOW,2024-08-31 10:48:20
C_104638,Nancy,Robinson,25,Construction Worker,Newcastle,LOW,2023-07-12 22:07:02
C_104639,Noah,Taylor,49,Administrative Assistant,Cardiff,MEDIUM,2023-12-18 19:58:48
C_104640,George,Green,80,Retired,Edinburgh,LOW,2020-09-04 18:03:07
C_104641,Lisa,Roberts,51,Software Engineer,Belfast,LOW,2017-03-24 15:55:47
C_104642,Arthur,Ward,76,Retired,Coventry,LOW,2022-08-13 18:14:38
C_104643,Oscar,Lewis,54,Chef,Glasgow,LOW,2017-03-20 06:34:35
C_104644,Barbara,Evans,38,Accountant,Liverpool,LOW,2020-08-01 14:01:09
C_104645,Amelia,Clarke,40,Plumber,Leeds,LOW,2017-06-05 16:04:11
C_104646,Joseph,Baker,42,Retired,Leicester,LOW,2025-12-09 21:15:46
C_104647,William,Young,61,Project Manager,Bristol,LOW,2016-06-01 20:13:13
C_104648,Arthur,Ward,51,Unemployed,Birmingham,LOW,2018-08-06 23:44:22
C_104649,Lily,Davies,69,Business Owner,London,MEDIUM,2017-12-07 13:55:55
C_104650,Leo,Edwards,29,Electrician,London,LOW,2018-12-11 03:48:54
C_104651,David,Robinson,39,Plumber,Belfast,LOW,2024-04-18 23:02:31
C_104652,Amelia,Carter,58,Project Manager,Sheffield,HIGH,2018-11-18 03:08:32
C_104653,Betty,Ward,50,Sales Associate,Nottingham,LOW,2021-03-11 20:18:19
C_104654,Noah,Edwards,46,Construction Worker,Manchester,LOW,2018-02-14 19:56:12
C_104655,Mia,Harrison,31,Electrician,Sheffield,LOW,2017-12-12 17:18:08
C_104656,Betty,Hill,25,Project Manager,Newcastle,LOW,2024-07-21 09:50:23
C_104657,Oliver,Roberts,40,Plumber,Leeds,LOW,2019-08-26 12:51:37
C_104658,Michael,Clark,29,Construction Worker,Sheffield,LOW,2016-12-27 07:33:59
C_104659,Elizabeth,Edwards,38,Software Engineer,Cardiff,LOW,2019-01-23 04:49:30
C_104660,Lisa,Clarke,35,Chef,Edinburgh,LOW,2021-09-22 09:58:16
C_104661,Nancy,Scott,39,Student,Newcastle,LOW,2019-06-10 01:11:15
C_104662,Sandra,Robinson,46,Lawyer,Nottingham,LOW,2024-10-12 09:02:16
C_104663,Amelia,Hill,40,Sales Associate,Manchester,MEDIUM,2017-05-28 16:20:28
C_104664,Christopher,Hughes,39,Electrician,Nottingham,LOW,2021-09-14 04:30:03
C_104665,Jessica,Hall,55,Unemployed,Belfast,LOW,2024-06-09 10:42:44
C_104666,Jessica,Johnson,58,Administrative Assistant,Leicester,LOW,2020-09-04 17:48:12
C_104667,William,Young,39,Software Engineer,Nottingham,LOW,2018-07-30 14:43:17
C_104668,Nancy,Hughes,68,Retired,London,LOW,2020-06-13 04:29:39
C_104669,Ashley,Wright,59,Software Engineer,Liverpool,LOW,2016-06-17 07:33:00
C_104670,Barbara,Watson,33,Electrician,Leicester,HIGH,2025-12-12 03:29:21
C_104671,Jennifer,Jones,26,Chef,Coventry,LOW,2018-10-19 15:24:52
C_104672,Olivia,Watson,46,Plumber,Leeds,LOW,2019-12-19 10:02:59
C_104673,Betty,White,45,Business Owner,Liverpool,LOW,2018-12-01 03:09:09
C_104674,Robert,Baker,36,Lawyer,Newcastle,LOW,2018-08-23 13:50:14
C_104675,William,Williams,36,Student,Newcastle,MEDIUM,2023-04-28 06:21:23
C_104676,Amelia,Wood,59,Student,Manchester,MEDIUM,2019-10-11 03:48:51
C_104677,Lisa,Cooper,61,Business Owner,Leicester,LOW,2019-10-13 01:34:10
C_104678,Thomas,Wilson,19,Student,Coventry,LOW,2022-11-18 21:11:15
C_104679,Patricia,Jones,33,Lawyer,Birmingham,LOW,2022-11-10 17:23:21
C_104680,Nancy,Jackson,43,Plumber,London,HIGH,2018-05-28 15:14:46
C_104681,Barbara,Davies,56,Retired,Birmingham,LOW,2020-12-17 08:13:46
C_104682,Matthew,Thompson,27,Administrative Assistant,Cardiff,LOW,2022-12-10 00:21:52
C_104683,Sarah,Johnson,73,Retired,Leicester,LOW,2016-01-30 23:01:41
C_104684,Ava,Hall,41,Electrician,Nottingham,LOW,2022-12-29 19:03:27
C_104685,Ashley,Watson,63,Registered Nurse,Leeds,LOW,2018-07-24 19:24:14
C_104686,Oscar,Martin,50,Student,Cardiff,LOW,2023-08-13 06:21:32
C_104687,Robert,Edwards,26,Sales Associate,Edinburgh,LOW,2025-06-26 10:46:03
C_104688,Patricia,Clarke,28,Lawyer,Edinburgh,LOW,2019-06-29 13:08:37
C_104689,Sarah,Green,40,Doctor,Coventry,LOW,2025-04-23 20:53:53
C_104690,Ava,Green,49,Construction Worker,Cardiff,LOW,2018-09-18 17:24:17
C_104691,William,Clarke,46,Electrician,Edinburgh,LOW,2021-07-11 13:08:19
C_104692,Noah,Smith,59,Unemployed,London,LOW,2016-08-10 06:51:18
C_104693,Oscar,Harrison,49,Registered Nurse,Leicester,LOW,2020-01-25 21:23:32
C_104694,Ashley,King,18,Student,Cardiff,LOW,2016-03-16 04:12:22
C_104695,Arthur,Davies,37,Administrative Assistant,Nottingham,MEDIUM,2019-08-31 06:45:25
C_104696,Oliver,Hughes,32,Driver,London,LOW,2018-04-28 02:48:46
C_104697,Richard,Green,27,Sales Associate,Leeds,LOW,2017-01-22 10:39:42
C_104698,Arthur,Cooper,47,Consultant,Glasgow,LOW,2024-04-12 09:06:14
C_104699,Noah,Martin,57,Consultant,Liverpool,LOW,2016-10-28 21:46:23
C_104700,Ashley,Smith,54,Unemployed,Leicester,LOW,2023-02-24 13:02:18
C_104701,Isla,Hill,60,Plumber,Birmingham,LOW,2020-11-05 08:41:17
C_104702,David,Robinson,34,Software Engineer,Manchester,LOW,2025-01-15 19:11:48
C_104703,Michelle,Clark,41,Driver,Newcastle,LOW,2020-09-30 00:47:24
C_104704,Isla,Hall,36,Unemployed,Glasgow,LOW,2019-05-17 21:06:58
C_104705,Noah,Clarke,40,Administrative Assistant,Manchester,LOW,2021-07-24 22:43:14
C_104706,Karen,Young,56,Plumber,Manchester,LOW,2017-05-14 11:30:06
C_104707,Linda,Mason,64,Lawyer,Cardiff,LOW,2017-04-17 14:36:05
C_104708,Kimberly,Cooper,58,Business Owner,Birmingham,LOW,2017-10-27 09:34:44
C_104709,Oscar,Roberts,18,Project Manager,Nottingham,LOW,2020-09-01 16:00:19
C_104710,Ivy,Brown,24,Doctor,Nottingham,LOW,2024-01-03 09:36:03
C_104711,Leo,Ward,36,Project Manager,Nottingham,MEDIUM,2023-05-05 01:56:52
C_104712,Elizabeth,Jackson,38,Administrative Assistant,Glasgow,LOW,2017-05-15 23:38:55
C_104713,Leo,Young,18,Student,Birmingham,LOW,2025-10-31 01:20:19
C_104714,Oscar,Evans,49,Chef,Leeds,MEDIUM,2023-06-15 19:01:05
C_104715,Lisa,Davies,40,Sales Associate,Liverpool,LOW,2020-04-08 13:01:18
C_104716,Charles,Edwards,55,Electrician,Glasgow,MEDIUM,2024-10-04 14:31:12
C_104717,Kimberly,Williams,81,Retired,Manchester,MEDIUM,2016-11-03 04:28:38
C_104718,Thomas,Green,18,Student,Belfast,LOW,2025-06-12 02:32:17
C_104719,Oscar,Edwards,59,Project Manager,Belfast,LOW,2020-11-22 05:15:39
C_104720,Emily,Scott,30,Teacher,Belfast,LOW,2025-11-22 10:41:55
C_104721,Olivia,Brown,54,Lawyer,Glasgow,LOW,2018-07-07 18:52:43
C_104722,Sarah,Jackson,45,Construction Worker,Newcastle,LOW,2016-09-21 18:01:52
C_104723,James,Hughes,34,Sales Associate,Birmingham,MEDIUM,2024-06-07 09:50:33
C_104724,Jessica,Harris,18,Student,Nottingham,LOW,2023-04-29 03:47:41
C_104725,Lily,Hall,55,Sales Associate,Belfast,LOW,2023-09-01 00:25:57
C_104726,Patricia,Watson,49,Doctor,Edinburgh,LOW,2025-05-15 11:41:44
C_104727,Christopher,Clark,18,Student,London,LOW,2023-10-19 11:44:58
C_104728,Lisa,Green,48,Doctor,Leeds,LOW,2023-11-15 08:06:55
C_104729,David,Carter,40,Doctor,London,LOW,2020-10-13 18:16:33
C_104730,David,Johnson,54,Sales Associate,Birmingham,LOW,2025-06-09 17:36:37
C_104731,Robert,Williams,44,Registered Nurse,Nottingham,LOW,2021-10-24 11:55:22
C_104732,Karen,Lewis,46,Accountant,Belfast,LOW,2022-12-15 13:03:05
C_104733,Isla,Ward,47,Plumber,Bristol,MEDIUM,2017-09-19 18:17:03
C_104734,Harry,Scott,21,Student,London,LOW,2018-04-21 22:04:34
C_104735,Sarah,Robinson,33,Business Owner,Birmingham,LOW,2025-08-31 09:48:31
C_104736,Noah,Clark,26,Software Engineer,Edinburgh,HIGH,2024-04-01 23:53:20
C_104737,Arthur,Lewis,42,Business Owner,Manchester,MEDIUM,2025-03-19 04:17:13
C_104738,Daniel,Baker,37,Chef,Manchester,LOW,2025-11-16 05:49:56
C_104739,Ivy,White,36,Plumber,London,LOW,2023-12-11 07:47:54
C_104740,Linda,Jackson,31,Unemployed,Sheffield,LOW,2018-12-05 03:20:49
C_104741,Mia,Green,55,Doctor,Leeds,LOW,2019-07-16 23:41:09
C_104742,Patricia,Walker,76,Retired,Birmingham,LOW,2019-06-21 05:29:59
C_104743,Oliver,Carter,63,Accountant,Birmingham,LOW,2021-09-12 16:34:42
C_104744,Harry,Mitchell,49,Electrician,London,HIGH,2023-06-06 11:59:20
C_104745,Susan,Wilson,67,Retired,Coventry,MEDIUM,2025-01-17 00:04:46
C_104746,Susan,Clarke,19,Student,Cardiff,LOW,2023-12-02 22:05:44
C_104747,Lily,Lewis,19,Student,Cardiff,LOW,2017-09-02 08:06:07
C_104748,Linda,Evans,36,Registered Nurse,Manchester,LOW,2016-12-14 08:42:52
C_104749,Robert,Evans,35,Teacher,Manchester,MEDIUM,2020-07-16 20:59:58
C_104750,Emily,Scott,32,Student,Manchester,LOW,2017-11-27 01:12:55
C_104751,Barbara,Patterson,56,Electrician,Nottingham,LOW,2025-01-11 17:16:35
C_104752,Arthur,Ward,30,Business Owner,Leeds,LOW,2021-11-27 12:51:42
C_104753,Barbara,Harrison,45,Business Owner,Newcastle,LOW,2024-04-21 20:09:59
C_104754,Ava,Wilson,38,Software Engineer,Cardiff,HIGH,2022-09-07 07:36:52
C_104755,Christopher,Brown,33,Registered Nurse,Nottingham,LOW,2022-02-03 10:58:50
C_104756,Emily,Carter,47,Sales Associate,Edinburgh,LOW,2020-12-24 23:13:37
C_104757,Emily,Harrison,43,Administrative Assistant,Bristol,LOW,2018-10-21 20:55:48
C_104758,Emily,Lewis,37,Doctor,Nottingham,HIGH,2016-03-04 11:40:57
C_104759,Lily,Jackson,45,Accountant,Edinburgh,LOW,2023-06-25 04:31:34
C_104760,Jennifer,Jones,63,Consultant,Belfast,LOW,2021-10-20 11:43:26
C_104761,Arthur,Wilson,53,Doctor,Bristol,LOW,2022-03-16 06:02:34
C_104762,Michael,King,41,Unemployed,Birmingham,HIGH,2020-10-11 10:43:58
C_104763,Muhammad,Harris,18,Unemployed,Newcastle,LOW,2023-08-21 17:57:53
C_104764,Arthur,Lewis,18,Registered Nurse,Sheffield,LOW,2017-03-03 21:29:29
C_104765,Michael,Martin,34,Business Owner,Coventry,LOW,2023-09-07 02:04:40
C_104766,Lily,Young,41,Unemployed,London,LOW,2018-05-30 17:40:54
C_104767,Susan,Wright,43,Teacher,Nottingham,LOW,2020-02-28 18:50:11
C_104768,Olivia,Taylor,39,Driver,Manchester,LOW,2021-01-12 10:52:14
C_104769,Olivia,Wood,39,Doctor,Leeds,LOW,2025-11-09 11:41:49
C_104770,Arthur,Hughes,46,Electrician,Sheffield,MEDIUM,2020-04-24 16:03:43
C_104771,Karen,Thomas,33,Software Engineer,Coventry,LOW,2023-10-19 11:40:50
C_104772,Oliver,Watson,18,Student,Leicester,MEDIUM,2024-05-19 09:34:38
C_104773,Emily,Harris,18,Unemployed,Sheffield,LOW,2022-01-15 02:53:32
C_104774,Kimberly,Harrison,25,Teacher,Nottingham,MEDIUM,2020-01-20 03:05:30
C_104775,David,Harris,32,Accountant,London,LOW,2017-12-14 01:45:57
C_104776,Oscar,Lewis,59,Sales Associate,London,MEDIUM,2016-04-08 02:36:18
C_104777,Lily,Edwards,55,Chef,London,LOW,2021-05-14 00:41:44
C_104778,Susan,Brown,32,Project Manager,Edinburgh,LOW,2016-07-19 00:29:36
C_104779,Noah,Hall,26,Construction Worker,Glasgow,LOW,2018-10-28 22:41:33
C_104780,Daniel,Clark,42,Chef,Leicester,LOW,2017-11-28 13:09:13
C_104781,Thomas,Jones,44,Project Manager,Newcastle,LOW,2019-07-19 16:08:48
C_104782,Charles,Williams,29,Teacher,Sheffield,LOW,2019-09-19 02:52:50
C_104783,Leo,King,18,Business Owner,Newcastle,LOW,2023-08-22 23:57:09
C_104784,David,Williams,43,Consultant,Liverpool,LOW,2019-06-16 08:44:51
C_104785,Muhammad,Martin,60,Registered Nurse,Leicester,LOW,2016-10-18 23:00:31
C_104786,Charles,Green,39,Driver,Nottingham,LOW,2024-08-21 03:41:46
C_104787,Lisa,Taylor,49,Sales Associate,Birmingham,LOW,2020-07-04 17:10:41
C_104788,Arthur,Roberts,22,Project Manager,Glasgow,LOW,2020-09-13 10:17:54
C_104789,David,King,52,Accountant,Belfast,LOW,2023-06-13 19:44:32
C_104790,Lily,Robinson,42,Registered Nurse,Coventry,LOW,2018-09-18 16:09:47
C_104791,Lisa,Wilson,20,Accountant,Nottingham,LOW,2025-02-28 05:43:13
C_104792,Jessica,Mason,50,Consultant,Birmingham,LOW,2018-12-26 10:53:54
C_104793,Linda,Ward,23,Chef,Glasgow,MEDIUM,2018-08-19 21:07:06
C_104794,Amelia,Hall,51,Lawyer,Bristol,LOW,2023-03-22 17:21:07
C_104795,Michelle,White,40,Doctor,Newcastle,LOW,2025-07-28 20:49:55
C_104796,Matthew,Wright,40,Sales Associate,Glasgow,MEDIUM,2019-12-07 04:03:36
C_104797,Susan,Evans,57,Construction Worker,Manchester,LOW,2022-05-30 16:15:06
C_104798,John,Harrison,39,Construction Worker,Sheffield,MEDIUM,2024-06-13 02:05:19
C_104799,Sandra,Mitchell,30,Driver,Coventry,LOW,2019-11-03 21:00:10
C_104800,Betty,Mitchell,29,Consultant,Bristol,LOW,2025-06-30 00:33:51
C_104801,Linda,Jackson,28,Electrician,Cardiff,LOW,2023-01-17 13:38:41
C_104802,Nancy,Hughes,49,Consultant,Belfast,LOW,2020-08-29 17:39:21
C_104803,Noah,Wood,40,Business Owner,Glasgow,LOW,2025-01-10 16:23:39
C_104804,Daniel,Williams,28,Software Engineer,Sheffield,LOW,2020-02-18 10:16:15
C_104805,Sophia,Mitchell,27,Chef,Liverpool,LOW,2019-08-19 04:48:45
C_104806,David,Clark,65,Plumber,Liverpool,LOW,2023-12-16 23:49:46
C_104807,Matthew,Clark,47,Electrician,Sheffield,LOW,2018-01-22 00:07:02
C_104808,Ashley,Martin,37,Software Engineer,Belfast,LOW,2021-04-10 17:07:03
C_104809,Olivia,Scott,51,Student,Bristol,LOW,2019-09-01 18:28:40
C_104810,Barbara,Young,44,Retired,Sheffield,MEDIUM,2020-10-12 14:40:32
C_104811,George,White,38,Chef,London,LOW,2018-02-06 16:55:07
C_104812,Charles,Wood,35,Project Manager,Leeds,LOW,2016-07-08 02:03:42
C_104813,Matthew,Carter,39,Doctor,Coventry,LOW,2023-08-20 19:07:58
C_104814,Sophia,Wilson,36,Project Manager,Cardiff,HIGH,2022-07-29 04:04:00
C_104815,Richard,Thompson,60,Electrician,London,MEDIUM,2023-09-13 17:08:20
C_104816,Ava,Martin,45,Business Owner,Newcastle,LOW,2019-11-29 15:32:59
C_104817,Karen,Patterson,43,Lawyer,Manchester,LOW,2021-05-12 01:40:39
C_104818,George,Scott,28,Project Manager,Coventry,LOW,2016-03-16 05:08:56
C_104819,Ivy,Patterson,36,Construction Worker,Cardiff,MEDIUM,2017-12-20 10:08:50
C_104820,Karen,Hall,56,Plumber,Nottingham,LOW,2017-04-27 04:17:44
C_104821,Nancy,Robinson,44,Accountant,London,LOW,2017-03-14 19:44:53
C_104822,Amelia,Cooper,39,Business Owner,Glasgow,LOW,2020-01-03 21:29:08
C_104823,William,Evans,18,Teacher,Cardiff,MEDIUM,2020-11-05 15:45:16
C_104824,Nancy,Baker,34,Project Manager,Coventry,LOW,2023-07-30 07:33:57
C_104825,Kimberly,Patterson,18,Project Manager,Edinburgh,LOW,2020-04-25 08:49:23
C_104826,Matthew,Patterson,25,Electrician,London,LOW,2016-02-09 06:31:42
C_104827,Christopher,Patterson,64,Registered Nurse,Bristol,LOW,2025-02-16 02:43:00
C_104828,Joseph,Roberts,36,Construction Worker,Bristol,LOW,2017-08-19 10:07:07
C_104829,Nancy,Wood,56,Sales Associate,Sheffield,LOW,2020-06-04 20:19:44
C_104830,Ashley,Mason,54,Sales Associate,Sheffield,LOW,2023-06-20 19:10:09
C_104831,Susan,Green,25,Construction Worker,Bristol,LOW,2021-06-20 17:28:51
C_104832,Sophia,Young,53,Registered Nurse,London,LOW,2020-12-19 13:48:48
C_104833,Ashley,Roberts,59,Driver,Liverpool,LOW,2024-05-27 10:15:22
C_104834,Muhammad,Harris,41,Lawyer,London,LOW,2019-03-16 00:44:06
C_104835,Sophia,Brown,58,Student,Cardiff,LOW,2019-02-20 09:04:43
C_104836,Sandra,White,29,Lawyer,Nottingham,LOW,2022-12-15 14:24:19
C_104837,Lily,Jackson,37,Administrative Assistant,Liverpool,LOW,2016-09-15 02:53:34
C_104838,George,Thomas,52,Plumber,Newcastle,LOW,2018-07-11 03:20:09
C_104839,Lily,Patterson,47,Unemployed,Glasgow,LOW,2017-01-12 16:25:14
C_104840,David,Hill,40,Teacher,Birmingham,LOW,2025-10-22 00:12:26
C_104841,Muhammad,Hall,44,Registered Nurse,Coventry,LOW,2022-03-09 22:26:56
C_104842,Isla,Roberts,39,Driver,Liverpool,LOW,2023-10-07 21:36:39
C_104843,Charles,Lewis,37,Accountant,Leeds,LOW,2024-02-04 01:30:29
C_104844,Emily,Patterson,37,Electrician,Sheffield,LOW,2016-10-13 04:05:46
C_104845,Susan,Harris,72,Retired,Manchester,LOW,2022-09-25 06:56:14
C_104846,Sandra,Green,41,Construction Worker,Newcastle,LOW,2019-09-02 09:20:42
C_104847,Jennifer,Martin,37,Plumber,London,LOW,2017-11-23 06:32:02
C_104848,John,Lewis,19,Student,Birmingham,LOW,2024-07-10 17:54:50
C_104849,Michael,Edwards,50,Business Owner,Newcastle,LOW,2022-03-28 00:46:00
C_104850,Harry,Ward,41,Electrician,Liverpool,MEDIUM,2016-06-21 20:16:02
C_104851,Isla,Lewis,41,Electrician,Nottingham,LOW,2019-01-14 10:32:50
C_104852,Leo,Wood,55,Student,Cardiff,HIGH,2018-12-03 05:16:38
C_104853,Donna,Lewis,41,Lawyer,Edinburgh,LOW,2019-11-20 01:35:18
C_104854,Harry,Martin,51,Lawyer,Belfast,LOW,2024-08-23 06:26:10
C_104855,Thomas,King,26,Unemployed,London,LOW,2018-11-09 02:17:07
C_104856,Thomas,Ward,46,Student,Coventry,MEDIUM,2016-01-23 16:12:44
C_104857,Richard,Watson,18,Student,Liverpool,LOW,2017-09-23 08:12:53
C_104858,Sarah,Mason,32,Teacher,Liverpool,LOW,2025-09-15 16:42:40
C_104859,Leo,Harris,40,Unemployed,Liverpool,LOW,2017-03-30 19:32:50
C_104860,Oliver,Smith,43,Project Manager,Liverpool,LOW,2020-11-24 03:44:14
C_104861,Linda,Hughes,61,Teacher,Newcastle,LOW,2017-06-21 03:21:43
C_104862,Sarah,Roberts,50,Sales Associate,Glasgow,LOW,2017-04-25 09:25:40
C_104863,Ivy,Smith,28,Unemployed,Manchester,LOW,2022-12-23 17:40:06
C_104864,Elizabeth,Walker,18,Teacher,Belfast,LOW,2017-11-29 01:38:10
C_104865,William,Baker,44,Project Manager,Sheffield,LOW,2025-11-06 14:14:19
C_104866,Jessica,Watson,18,Student,Leeds,LOW,2024-05-01 00:31:48
C_104867,Barbara,Watson,24,Teacher,Leicester,LOW,2020-07-10 23:37:36
C_104868,Isla,Williams,51,Sales Associate,Bristol,LOW,2020-03-02 12:16:17
C_104869,Karen,Jackson,66,Retired,Bristol,MEDIUM,2024-06-12 02:47:57
C_104870,Charles,Hill,22,Plumber,Edinburgh,MEDIUM,2025-10-17 07:01:18
C_104871,Richard,Williams,28,Driver,Edinburgh,LOW,2017-08-14 02:12:24
C_104872,Karen,Johnson,24,Software Engineer,Newcastle,LOW,2016-03-16 22:18:05
C_104873,Christopher,Cooper,55,Administrative Assistant,Coventry,MEDIUM,2023-04-14 20:20:49
C_104874,Patricia,Evans,58,Administrative Assistant,Belfast,MEDIUM,2026-01-01 04:16:09
C_104875,Michelle,Williams,39,Project Manager,Edinburgh,LOW,2018-09-13 20:31:07
C_104876,Lily,Jones,50,Teacher,Leeds,LOW,2019-07-06 23:40:10
C_104877,Ashley,Hill,41,Accountant,Cardiff,MEDIUM,2023-08-30 08:55:09
C_104878,Matthew,Clarke,41,Lawyer,Cardiff,LOW,2025-07-08 16:34:56
C_104879,Charles,Edwards,18,Electrician,Liverpool,LOW,2018-05-09 19:44:16
C_104880,Jennifer,Smith,43,Project Manager,London,LOW,2021-09-22 05:59:35
C_104881,Jennifer,Harris,54,Plumber,Liverpool,LOW,2016-02-23 13:29:15
C_104882,Sandra,Wilson,59,Electrician,Coventry,LOW,2016-08-17 04:15:44
C_104883,Mia,Martin,26,Registered Nurse,Leicester,LOW,2021-09-20 17:15:25
C_104884,Margaret,Jackson,23,Administrative Assistant,Coventry,LOW,2023-10-03 04:22:56
C_104885,Linda,Green,75,Retired,Sheffield,MEDIUM,2016-01-14 17:56:07
C_104886,Sophia,Taylor,37,Consultant,Cardiff,MEDIUM,2018-05-21 07:52:26
C_104887,Amelia,Patterson,36,Driver,Edinburgh,LOW,2022-07-19 09:39:24
C_104888,Christopher,Walker,43,Administrative Assistant,London,LOW,2017-09-09 13:27:28
C_104889,Ava,Wright,45,Teacher,Liverpool,LOW,2020-08-12 01:39:06
C_104890,Christopher,Davies,52,Administrative Assistant,Cardiff,LOW,2022-11-26 03:09:04
C_104891,Olivia,Harris,46,Consultant,Leeds,MEDIUM,2020-05-13 21:03:58
C_104892,James,Thompson,39,Construction Worker,Liverpool,LOW,2018-03-09 03:03:35
C_104893,Betty,Wood,53,Accountant,Liverpool,MEDIUM,2022-03-10 04:16:20
C_104894,David,Taylor,56,Business Owner,Nottingham,LOW,2023-11-12 08:28:21
C_104895,Nancy,Evans,44,Consultant,Bristol,MEDIUM,2024-10-04 08:18:39
C_104896,Isabella,Taylor,33,Lawyer,Edinburgh,LOW,2018-09-07 03:46:24
C_104897,Betty,Ward,30,Electrician,London,LOW,2024-01-02 23:59:31
C_104898,Amelia,Young,50,Chef,Nottingham,LOW,2020-04-03 15:36:35
C_104899,Jennifer,Wood,37,Student,Newcastle,LOW,2017-10-18 16:53:51
C_104900,Robert,Patterson,56,Construction Worker,Leeds,LOW,2016-04-28 12:59:42
C_104901,Ivy,Young,44,Student,Leeds,LOW,2025-07-31 01:34:17
C_104902,Susan,Mason,32,Unemployed,Liverpool,LOW,2023-10-07 14:25:27
C_104903,Olivia,Evans,56,Construction Worker,Coventry,LOW,2021-02-28 19:12:07
C_104904,Margaret,Robinson,42,Construction Worker,Edinburgh,MEDIUM,2020-05-05 00:24:37
C_104905,Oliver,Clark,59,Lawyer,Birmingham,MEDIUM,2017-10-15 17:42:26
C_104906,Jessica,Williams,18,Student,Belfast,LOW,2019-08-14 18:20:05
C_104907,George,Hughes,43,Unemployed,Cardiff,LOW,2023-01-29 10:23:39
C_104908,Muhammad,Mitchell,46,Unemployed,London,LOW,2016-06-18 20:18:07
C_104909,Arthur,Scott,26,Software Engineer,Cardiff,LOW,2025-07-14 12:35:17
C_104910,Kimberly,Edwards,29,Unemployed,Edinburgh,LOW,2025-03-12 09:53:35
C_104911,Elizabeth,White,29,Electrician,Edinburgh,LOW,2023-10-05 16:40:13
C_104912,Donna,Wilson,38,Administrative Assistant,Birmingham,LOW,2021-08-27 01:04:33
C_104913,Charles,Hughes,52,Teacher,Liverpool,MEDIUM,2022-10-17 21:02:34
C_104914,Matthew,Wood,41,Administrative Assistant,Bristol,LOW,2023-03-16 12:10:34
C_104915,Ashley,White,40,Lawyer,Edinburgh,LOW,2019-03-22 02:55:24
C_104916,Michael,Harris,35,Business Owner,Leeds,LOW,2020-12-05 07:17:31
C_104917,Ashley,Brown,35,Business Owner,Coventry,LOW,2019-10-17 14:06:56
C_104918,Olivia,Green,40,Accountant,Leeds,LOW,2017-03-31 18:05:14
C_104919,Elizabeth,Roberts,37,Teacher,Liverpool,LOW,2022-11-30 17:23:19
C_104920,Thomas,Hughes,23,Software Engineer,Nottingham,MEDIUM,2021-11-03 09:59:05
C_104921,Ashley,Lewis,25,Project Manager,Newcastle,HIGH,2017-07-22 04:15:15
C_104922,Sarah,Mitchell,51,Electrician,Coventry,LOW,2023-01-29 04:33:32
C_104923,Robert,Martin,47,Accountant,Liverpool,LOW,2020-09-24 14:37:57
C_104924,Daniel,Robinson,48,Teacher,Bristol,LOW,2024-01-22 15:17:33
C_104925,Matthew,Mitchell,32,Software Engineer,Birmingham,LOW,2024-09-03 09:27:30
C_104926,Muhammad,Walker,42,Sales Associate,Edinburgh,LOW,2022-01-10 19:08:13
C_104927,Ivy,White,56,Chef,Belfast,LOW,2021-11-19 14:12:34
C_104928,Olivia,Johnson,18,Student,Sheffield,LOW,2022-04-25 15:00:38
C_104929,Charles,Davies,25,Plumber,Bristol,LOW,2022-03-21 01:53:10
C_104930,Barbara,Wood,21,Registered Nurse,Coventry,LOW,2017-10-21 14:56:34
C_104931,Amelia,Patterson,31,Driver,London,LOW,2016-11-12 05:24:43
C_104932,Charles,Hill,45,Construction Worker,Birmingham,LOW,2024-10-12 01:19:12
C_104933,Susan,Davies,39,Consultant,Coventry,LOW,2019-10-23 11:19:21
C_104934,Kimberly,White,51,Doctor,Sheffield,LOW,2024-07-07 23:41:43
C_104935,Sandra,Roberts,46,Student,Liverpool,LOW,2022-03-02 20:46:31
C_104936,Jennifer,Mason,67,Retired,Leeds,LOW,2020-08-13 14:26:54
C_104937,David,Lewis,43,Unemployed,London,LOW,2023-08-12 14:42:35
C_104938,Michelle,Brown,25,Plumber,London,MEDIUM,2020-07-25 09:49:14
C_104939,Ava,Johnson,55,Project Manager,Coventry,LOW,2019-06-09 15:04:10
C_104940,Michael,Wilson,36,Doctor,Nottingham,LOW,2025-07-12 09:35:22
C_104941,Leo,Davies,42,Plumber,Leeds,LOW,2022-02-28 19:34:09
C_104942,Kimberly,Young,32,Chef,Bristol,MEDIUM,2022-04-28 06:49:09
C_104943,Arthur,Edwards,58,Electrician,Manchester,MEDIUM,2021-12-08 05:59:46
C_104944,Michelle,Walker,18,Student,Belfast,LOW,2017-07-02 21:57:28
C_104945,Patricia,Mason,48,Project Manager,Leeds,LOW,2024-01-18 05:17:48
C_104946,Jessica,Wood,35,Construction Worker,Nottingham,MEDIUM,2023-10-10 23:25:51
C_104947,Kimberly,Hall,55,Accountant,Nottingham,LOW,2017-09-07 18:33:58
C_104948,Ivy,Hall,36,Registered Nurse,London,LOW,2022-06-02 16:06:12
C_104949,Barbara,Hall,35,Lawyer,Manchester,LOW,2018-10-11 02:24:14
C_104950,Richard,Edwards,31,Student,Newcastle,LOW,2019-11-29 22:00:25
C_104951,Matthew,Williams,26,Registered Nurse,London,LOW,2020-01-29 17:05:47
C_104952,Susan,Ward,44,Lawyer,Sheffield,LOW,2018-12-19 12:46:12
C_104953,Richard,Jackson,32,Teacher,Sheffield,MEDIUM,2023-10-04 00:58:36
C_104954,Jennifer,Jones,36,Registered Nurse,Sheffield,LOW,2019-09-08 22:13:19
C_104955,Nancy,Hall,46,Accountant,Coventry,LOW,2016-03-25 17:12:22
C_104956,Ivy,Thomas,32,Business Owner,Leicester,LOW,2020-05-30 11:14:04
C_104957,Lisa,Johnson,18,Student,Glasgow,LOW,2022-03-17 18:23:40
C_104958,Jessica,Wright,59,Unemployed,London,LOW,2020-02-24 01:01:44
C_104959,Christopher,Jones,56,Student,Newcastle,LOW,2018-01-29 16:09:27
C_104960,Joseph,Robinson,29,Unemployed,Manchester,LOW,2024-08-15 18:03:35
C_104961,Sarah,Scott,19,Student,Nottingham,LOW,2021-07-19 11:58:17
C_104962,Isla,Thompson,49,Administrative Assistant,Newcastle,LOW,2017-03-21 18:54:09
C_104963,John,Clarke,36,Consultant,Edinburgh,LOW,2021-09-07 13:11:30
C_104964,Christopher,Ward,32,Student,Sheffield,LOW,2017-02-16 15:16:12
C_104965,William,Evans,25,Electrician,Manchester,LOW,2019-03-09 16:15:01
C_104966,Elizabeth,Young,59,Electrician,Sheffield,LOW,2018-04-18 02:34:23
C_104967,Nancy,Harrison,49,Registered Nurse,Leicester,LOW,2023-03-11 10:52:38
C_104968,Patricia,Martin,46,Business Owner,Coventry,LOW,2020-01-17 22:57:14
C_104969,Arthur,Johnson,41,Consultant,Liverpool,MEDIUM,2025-03-19 18:59:53
C_104970,Betty,Mason,33,Teacher,Coventry,LOW,2020-09-23 07:02:13
C_104971,Muhammad,Mitchell,49,Administrative Assistant,Nottingham,LOW,2020-04-18 21:46:31
C_104972,Ivy,Roberts,52,Consultant,Nottingham,LOW,2017-11-18 18:07:45
C_104973,James,Clark,50,Lawyer,Belfast,LOW,2019-07-23 07:04:44
C_104974,Leo,Brown,51,Accountant,Leicester,LOW,2022-01-16 17:54:47
C_104975,Olivia,Jones,39,Administrative Assistant,Sheffield,LOW,2025-08-28 23:42:08
C_104976,John,Edwards,47,Business Owner,Cardiff,LOW,2020-03-18 09:50:11
C_104977,Robert,Ward,46,Accountant,Belfast,LOW,2019-02-12 00:13:51
C_104978,Susan,Johnson,53,Registered Nurse,Coventry,LOW,2025-07-28 08:19:12
C_104979,Betty,Hill,42,Unemployed,London,LOW,2017-03-25 19:43:13
C_104980,Amelia,Jackson,20,Student,London,LOW,2022-06-29 03:50:16
C_104981,Emily,Green,54,Construction Worker,Nottingham,LOW,2020-07-29 14:39:06
C_104982,Kimberly,Mason,63,Registered Nurse,Sheffield,LOW,2024-01-13 09:50:31
C_104983,Isabella,Green,47,Driver,Sheffield,LOW,2020-02-25 15:15:52
C_104984,Nancy,Lewis,35,Administrative Assistant,Sheffield,LOW,2023-03-18 17:21:09
C_104985,Matthew,Wood,55,Student,Leeds,LOW,2022-11-11 10:48:43
C_104986,Charles,Robinson,66,Retired,Coventry,LOW,2025-07-12 16:51:07
C_104987,Lily,Smith,22,Project Manager,Manchester,LOW,2016-01-01 17:52:02
C_104988,Ashley,Scott,37,Teacher,Nottingham,LOW,2023-04-13 13:45:23
C_104989,Oscar,Jackson,58,Teacher,Newcastle,LOW,2020-06-15 21:59:14
C_104990,Arthur,Walker,29,Teacher,Liverpool,LOW,2019-01-07 04:18:40
C_104991,Oscar,Mason,50,Doctor,Bristol,LOW,2023-07-26 07:22:52
C_104992,Muhammad,Carter,44,Unemployed,London,LOW,2022-12-22 14:05:56
C_104993,Margaret,Williams,43,Construction Worker,Coventry,LOW,2017-09-01 05:26:45
C_104994,Sarah,King,28,Doctor,Edinburgh,LOW,2023-12-26 17:04:44
C_104995,Christopher,Ward,52,Student,Glasgow,LOW,2021-02-07 12:40:41
C_104996,Karen,Lewis,43,Retired,Bristol,HIGH,2021-08-19 06:49:22
C_104997,Sandra,Walker,26,Doctor,Coventry,LOW,2019-12-24 00:34:51
C_104998,Oscar,Thompson,29,Student,Sheffield,LOW,2016-09-25 11:55:29
C_104999,Richard,Harrison,55,Registered Nurse,Glasgow,LOW,2017-10-14 19:28:05
C_105000,Ava,Hall,52,Business Owner,Belfast,LOW,2016-11-22 15:17:48
C_105001,Robert,Williams,46,Retired,Belfast,LOW,2018-06-06 03:51:11
C_105002,David,Ward,39,Chef,Birmingham,LOW,2017-04-28 23:47:56
C_105003,Karen,Brown,35,Registered Nurse,Sheffield,LOW,2025-01-19 21:07:29
C_105004,George,Jones,32,Teacher,Glasgow,LOW,2019-06-04 10:14:46
C_105005,Sarah,Edwards,25,Chef,Birmingham,LOW,2022-10-13 08:06:34
C_105006,Karen,Edwards,61,Consultant,Nottingham,LOW,2025-09-14 22:47:27
C_105007,Harry,Mitchell,56,Teacher,London,LOW,2025-06-18 15:30:30
C_105008,Margaret,Williams,61,Lawyer,Birmingham,MEDIUM,2025-05-03 10:36:47
C_105009,John,Davies,37,Driver,Birmingham,LOW,2024-07-06 16:59:17
C_105010,Margaret,Johnson,53,Software Engineer,Newcastle,MEDIUM,2021-04-04 01:49:33
C_105011,Barbara,Jones,34,Plumber,Edinburgh,LOW,2023-08-10 00:25:26
C_105012,Sophia,Mitchell,48,Consultant,Sheffield,LOW,2021-06-06 06:25:52
C_105013,James,Smith,26,Chef,Cardiff,LOW,2024-09-01 05:32:46
C_105014,Margaret,Wood,49,Unemployed,Newcastle,LOW,2017-02-15 22:12:36
C_105015,Emily,Baker,59,Lawyer,Nottingham,LOW,2020-01-26 02:44:27
C_105016,Sarah,Ward,33,Student,Manchester,LOW,2024-06-06 17:42:23
C_105017,Sandra,Patterson,26,Project Manager,Coventry,LOW,2020-09-27 18:25:42
C_105018,Ava,White,52,Plumber,Glasgow,LOW,2019-02-13 09:19:23
C_105019,Elizabeth,Robinson,21,Student,Liverpool,LOW,2019-10-20 17:22:39
C_105020,Joseph,Carter,36,Plumber,Coventry,HIGH,2018-05-13 22:40:00
C_105021,Elizabeth,Clarke,30,Lawyer,Leicester,LOW,2021-07-20 08:49:07
C_105022,Oscar,Mason,36,Electrician,Manchester,LOW,2024-01-17 08:01:23
C_105023,Amelia,Green,20,Business Owner,Cardiff,LOW,2024-04-27 17:34:09
C_105024,Susan,Hughes,34,Chef,London,LOW,2025-12-10 08:06:28
C_105025,David,Jones,54,Electrician,Sheffield,LOW,2019-06-02 18:52:43
C_105026,Isla,Mitchell,60,Lawyer,Newcastle,LOW,2024-03-28 12:38:41
C_105027,Linda,Harrison,56,Unemployed,London,LOW,2025-10-30 05:43:28
C_105028,Lisa,Clarke,50,Lawyer,London,LOW,2022-01-14 04:50:29
C_105029,Margaret,Wilson,33,Registered Nurse,Newcastle,HIGH,2020-03-08 00:43:52
C_105030,Harry,Davies,21,Unemployed,Leicester,LOW,2019-05-16 03:28:31
C_105031,James,Harrison,41,Driver,Coventry,LOW,2021-09-17 15:20:37
C_105032,Ivy,Young,40,Electrician,Leeds,LOW,2022-01-19 21:14:17
C_105033,Barbara,Brown,66,Sales Associate,Coventry,LOW,2024-12-25 12:01:06
C_105034,Christopher,Clarke,40,Accountant,Leicester,LOW,2017-04-11 05:46:19
C_105035,Lisa,Harris,71,Retired,Leicester,HIGH,2022-08-05 20:35:57
C_105036,Margaret,Clark,23,Unemployed,Birmingham,LOW,2025-11-23 13:41:33
C_105037,Noah,Hughes,50,Administrative Assistant,Cardiff,LOW,2019-10-24 02:42:10
C_105038,Noah,Clark,50,Lawyer,Sheffield,LOW,2017-07-31 02:34:14
C_105039,Richard,Johnson,65,Driver,London,LOW,2018-01-29 17:38:56
C_105040,Jennifer,Clarke,65,Business Owner,Leicester,LOW,2020-09-22 23:41:58
C_105041,Mia,Smith,33,Construction Worker,Nottingham,LOW,2023-01-10 01:15:30
C_105042,Margaret,Baker,37,Student,Leeds,LOW,2022-02-18 19:14:57
C_105043,Elizabeth,Mitchell,51,Software Engineer,Belfast,MEDIUM,2022-02-24 18:43:46
C_105044,Michelle,Scott,42,Software Engineer,Bristol,LOW,2022-09-06 06:21:01
C_105045,Ivy,Lewis,39,Electrician,Edinburgh,LOW,2019-03-18 09:30:19
C_105046,Emily,Wright,56,Business Owner,Coventry,LOW,2020-11-02 17:59:55
C_105047,Patricia,Hill,26,Sales Associate,Leicester,MEDIUM,2024-01-08 21:23:03
C_105048,Harry,King,26,Lawyer,Nottingham,LOW,2018-09-12 01:41:55
C_105049,Jessica,Patterson,45,Driver,Edinburgh,LOW,2018-12-06 06:25:44
C_105050,Oscar,Cooper,57,Unemployed,Manchester,LOW,2024-01-01 08:18:56
C_105051,Muhammad,Thomas,28,Unemployed,Glasgow,LOW,2018-06-08 02:05:05
C_105052,Olivia,Wright,43,Software Engineer,Glasgow,LOW,2018-09-28 05:07:02
C_105053,Patricia,Harris,43,Registered Nurse,Edinburgh,LOW,2025-02-07 06:04:17
C_105054,George,Hill,27,Unemployed,Manchester,MEDIUM,2017-01-01 20:08:33
C_105055,Susan,Evans,24,Business Owner,Nottingham,LOW,2025-04-04 02:31:42
C_105056,Daniel,Carter,46,Electrician,Birmingham,LOW,2025-09-23 23:12:03
C_105057,Isla,Johnson,20,Student,Bristol,MEDIUM,2017-12-24 01:05:18
C_105058,Susan,Cooper,37,Sales Associate,Coventry,LOW,2021-03-21 18:02:04
C_105059,Amelia,Young,19,Student,Sheffield,LOW,2022-03-08 00:15:43
C_105060,Charles,Wright,82,Retired,Leeds,LOW,2017-04-03 14:38:43
C_105061,Ashley,Robinson,39,Registered Nurse,London,LOW,2025-05-07 20:58:42
C_105062,Emily,Clark,62,Teacher,Nottingham,MEDIUM,2023-06-19 02:43:00
C_105063,Kimberly,Martin,29,Student,London,LOW,2020-12-20 07:23:29
C_105064,Arthur,Baker,41,Administrative Assistant,Liverpool,LOW,2023-08-18 15:16:38
C_105065,Thomas,Martin,27,Sales Associate,Leicester,LOW,2023-05-31 18:50:26
C_105066,David,Patterson,35,Business Owner,Cardiff,LOW,2021-08-27 00:42:27
C_105067,Sandra,Smith,37,Registered Nurse,Sheffield,LOW,2021-10-28 08:46:50
C_105068,Nancy,Thomas,33,Software Engineer,Leeds,LOW,2024-08-13 23:03:04
C_105069,David,Clarke,42,Project Manager,Newcastle,MEDIUM,2019-03-23 23:24:17
C_105070,Isla,Williams,50,Student,Leeds,LOW,2017-01-23 13:39:51
C_105071,William,Evans,47,Software Engineer,Newcastle,LOW,2025-06-15 21:37:15
C_105072,Oscar,Young,39,Software Engineer,Glasgow,LOW,2025-12-05 14:15:08
C_105073,Nancy,Roberts,53,Lawyer,Belfast,MEDIUM,2018-03-14 21:59:40
C_105074,Margaret,Hughes,33,Chef,Coventry,LOW,2021-08-06 05:59:43
C_105075,Oliver,Johnson,54,Chef,Bristol,LOW,2016-05-02 08:16:41
C_105076,Richard,Martin,29,Project Manager,Birmingham,LOW,2024-10-21 05:11:38
C_105077,Kimberly,Patterson,37,Project Manager,Liverpool,LOW,2019-12-25 00:33:28
C_105078,Barbara,Williams,50,Doctor,Leeds,HIGH,2020-10-05 09:15:28
C_105079,Olivia,Harrison,53,Administrative Assistant,Newcastle,LOW,2016-06-04 22:13:00
C_105080,George,Ward,42,Electrician,London,LOW,2017-04-21 09:36:58
C_105081,Ashley,Hughes,49,Student,Coventry,LOW,2016-01-25 16:00:31
C_105082,James,Thomas,41,Software Engineer,Manchester,LOW,2017-11-26 12:13:11
C_105083,Robert,Thompson,46,Accountant,Sheffield,LOW,2020-09-21 06:47:21
C_105084,Ava,Watson,36,Plumber,Glasgow,LOW,2017-01-29 14:08:24
C_105085,Isabella,Harrison,46,Chef,Glasgow,LOW,2022-03-17 04:08:11
C_105086,Christopher,Thompson,45,Driver,Cardiff,LOW,2017-02-27 00:57:27
C_105087,Michelle,Watson,22,Plumber,Newcastle,MEDIUM,2017-07-13 02:13:03
C_105088,Richard,Hall,32,Doctor,Newcastle,LOW,2022-03-23 12:56:49
C_105089,Richard,Roberts,37,Accountant,Nottingham,LOW,2024-05-08 02:49:51
C_105090,Nancy,Wood,26,Software Engineer,Nottingham,LOW,2025-11-30 06:12:45
C_105091,Jennifer,Hughes,31,Plumber,Belfast,LOW,2025-05-03 03:53:53
C_105092,Sophia,White,46,Electrician,Belfast,LOW,2016-02-15 08:57:38
C_105093,Ava,Watson,51,Consultant,Birmingham,LOW,2017-05-15 20:29:27
C_105094,Linda,Taylor,50,Administrative Assistant,Leicester,LOW,2025-11-20 01:33:17
C_105095,Michael,Thompson,21,Sales Associate,Sheffield,LOW,2018-07-10 01:55:57
C_105096,Lily,Cooper,55,Business Owner,Sheffield,LOW,2021-04-28 16:53:26
C_105097,Joseph,Baker,18,Student,Belfast,LOW,2016-03-12 11:57:21
C_105098,Oliver,Young,63,Teacher,Cardiff,LOW,2021-06-09 10:40:35
C_105099,Michelle,Wood,29,Software Engineer,Coventry,LOW,2017-04-21 11:15:54
C_105100,Isabella,King,40,Administrative Assistant,Edinburgh,LOW,2018-10-03 04:14:22
C_105101,Sandra,Harris,51,Doctor,Newcastle,LOW,2022-09-21 16:48:54
C_105102,Karen,Roberts,43,Construction Worker,Leeds,LOW,2021-05-03 07:57:11
C_105103,Isla,Edwards,63,Teacher,Leeds,LOW,2023-02-12 22:25:14
C_105104,Leo,Ward,46,Construction Worker,Newcastle,LOW,2023-08-30 03:58:34
C_105105,Sophia,Brown,48,Software Engineer,Nottingham,LOW,2021-10-24 23:44:02
C_105106,Lily,Johnson,34,Chef,Birmingham,LOW,2024-05-24 15:42:31
C_105107,Noah,Jackson,61,Consultant,Birmingham,LOW,2016-01-31 05:49:50
C_105108,Margaret,Green,32,Sales Associate,Bristol,LOW,2023-06-02 07:49:43
C_105109,Daniel,White,42,Registered Nurse,Edinburgh,HIGH,2018-02-28 10:27:29
C_105110,Harry,Thompson,30,Business Owner,Leicester,LOW,2022-04-19 05:12:08
C_105111,Thomas,Thomas,33,Retired,London,LOW,2018-11-11 16:47:38
C_105112,Elizabeth,Patterson,50,Accountant,Coventry,MEDIUM,2019-11-30 15:12:10
C_105113,John,Harrison,36,Consultant,Manchester,LOW,2018-08-05 17:14:11
C_105114,Lisa,Jones,43,Sales Associate,Edinburgh,LOW,2017-05-25 10:51:27
C_105115,Barbara,Clarke,39,Business Owner,Newcastle,LOW,2020-11-10 00:21:21
C_105116,Linda,Scott,51,Registered Nurse,Edinburgh,LOW,2016-06-03 04:43:40
C_105117,James,Hall,25,Retired,Newcastle,LOW,2018-04-20 09:33:00
C_105118,Sandra,Clark,43,Construction Worker,Coventry,LOW,2018-12-08 20:32:01
C_105119,Mia,Davies,42,Student,Leicester,LOW,2024-04-11 07:20:00
C_105120,Linda,Smith,18,Lawyer,Leeds,LOW,2017-04-03 23:49:50
C_105121,Leo,Lewis,33,Consultant,Manchester,LOW,2018-03-20 20:25:13
C_105122,Sandra,Hill,43,Sales Associate,Nottingham,LOW,2023-04-12 04:47:15
C_105123,Sandra,Roberts,59,Chef,Birmingham,LOW,2020-01-30 12:34:26
C_105124,Ivy,Baker,18,Student,Nottingham,LOW,2018-03-30 14:28:24
C_105125,Patricia,Brown,35,Sales Associate,Edinburgh,LOW,2024-02-21 17:14:30
C_105126,Michelle,Scott,40,Lawyer,Bristol,LOW,2016-02-28 17:11:16
C_105127,Isla,Hill,42,Electrician,Sheffield,LOW,2022-08-04 03:12:24
C_105128,Thomas,Patterson,43,Lawyer,Belfast,LOW,2022-11-01 23:04:20
C_105129,Lily,Carter,47,Consultant,Leeds,MEDIUM,2016-08-25 20:14:56
C_105130,Amelia,Robinson,61,Lawyer,Birmingham,LOW,2022-06-01 12:41:01
C_105131,Isabella,Baker,18,Student,Sheffield,LOW,2024-09-14 06:20:50
C_105132,Noah,Harrison,30,Lawyer,Newcastle,LOW,2023-08-13 03:06:46
C_105133,Michael,Hughes,63,Retired,Leeds,HIGH,2025-03-02 14:09:21
C_105134,Patricia,Cooper,31,Registered Nurse,Glasgow,LOW,2016-11-13 05:28:35
C_105135,Barbara,Smith,31,Retired,London,HIGH,2018-04-05 15:17:07
C_105136,Olivia,Hall,43,Electrician,Newcastle,LOW,2025-02-25 16:20:08
C_105137,Elizabeth,Cooper,40,Sales Associate,Leicester,LOW,2024-12-11 16:27:37
C_105138,Daniel,Hill,22,Administrative Assistant,Cardiff,MEDIUM,2023-09-13 12:04:52
C_105139,Lisa,Brown,50,Consultant,Coventry,LOW,2020-10-13 13:05:51
C_105140,Matthew,Hall,24,Chef,Glasgow,LOW,2025-12-15 15:07:02
C_105141,Joseph,White,50,Plumber,Newcastle,LOW,2025-08-26 18:27:59
C_105142,Emily,Jackson,29,Doctor,Sheffield,LOW,2021-11-18 13:11:13
C_105143,Susan,Wilson,48,Electrician,Edinburgh,LOW,2016-10-28 19:30:18
C_105144,Margaret,King,54,Project Manager,Glasgow,LOW,2022-05-05 06:03:03
C_105145,Mia,Mitchell,56,Project Manager,Manchester,LOW,2019-08-21 00:09:29
C_105146,Ava,Jackson,55,Teacher,Manchester,LOW,2021-05-17 18:49:28
C_105147,Ava,Mitchell,57,Driver,Leicester,LOW,2016-01-14 08:31:30
C_105148,Christopher,Hill,33,Project Manager,London,LOW,2024-11-19 18:29:35
C_105149,Kimberly,Jones,32,Registered Nurse,Belfast,LOW,2022-11-07 19:59:08
C_105150,Oliver,King,50,Business Owner,London,LOW,2024-09-16 03:42:06
C_105151,Karen,Baker,18,Doctor,Sheffield,LOW,2023-01-02 07:31:22
C_105152,Margaret,Davies,25,Teacher,Manchester,LOW,2024-11-27 13:22:02
C_105153,Jessica,Hall,37,Electrician,Bristol,LOW,2020-03-28 07:43:31
C_105154,Lisa,Johnson,85,Retired,Leicester,LOW,2019-10-28 14:21:20
C_105155,Arthur,Martin,43,Project Manager,Birmingham,LOW,2020-07-15 00:14:28
C_105156,George,Hughes,46,Electrician,Leeds,HIGH,2020-12-09 13:46:46
C_105157,Joseph,Jones,50,Project Manager,Sheffield,LOW,2022-09-26 16:51:29
C_105158,Sandra,Baker,18,Driver,Bristol,LOW,2019-09-23 13:10:40
C_105159,Sophia,Lewis,53,Administrative Assistant,Glasgow,LOW,2018-01-09 15:12:57
C_105160,George,Clarke,47,Project Manager,Cardiff,LOW,2020-11-17 21:25:20
C_105161,Joseph,Clark,53,Business Owner,Edinburgh,LOW,2019-08-04 18:50:33
C_105162,Barbara,Taylor,34,Software Engineer,Leeds,LOW,2018-07-02 11:08:02
C_105163,Linda,Harrison,35,Driver,Birmingham,MEDIUM,2025-11-12 08:46:45
C_105164,Christopher,Mitchell,77,Retired,Cardiff,LOW,2019-04-07 10:42:55
C_105165,Ivy,Brown,46,Administrative Assistant,Glasgow,HIGH,2023-12-30 11:46:47
C_105166,Michael,Harrison,48,Teacher,Bristol,LOW,2020-06-30 14:06:12
C_105167,Michelle,Cooper,36,Teacher,Newcastle,LOW,2020-09-12 12:41:13
C_105168,Christopher,Scott,62,Registered Nurse,Belfast,LOW,2017-03-23 01:54:55
C_105169,James,Evans,29,Doctor,Newcastle,HIGH,2022-10-19 13:09:12
C_105170,Jessica,Thompson,62,Student,Glasgow,MEDIUM,2020-04-17 17:27:21
C_105171,Ivy,Mason,24,Electrician,Liverpool,LOW,2022-07-14 04:18:21
C_105172,Olivia,Jones,53,Accountant,Belfast,LOW,2017-10-30 19:35:28
C_105173,Ashley,Mitchell,54,Project Manager,Leeds,LOW,2024-04-05 19:14:08
C_105174,Olivia,Clark,56,Consultant,Glasgow,MEDIUM,2018-08-22 14:09:01
C_105175,Richard,Young,29,Construction Worker,Coventry,LOW,2022-07-16 14:13:49
C_105176,Sarah,Smith,42,Construction Worker,Leeds,LOW,2016-11-18 10:48:50
C_105177,Oscar,Watson,48,Teacher,Sheffield,LOW,2022-12-27 10:23:15
C_105178,Karen,Williams,63,Accountant,Bristol,LOW,2021-02-19 01:56:25
C_105179,Christopher,Wilson,37,Student,Bristol,LOW,2016-09-18 02:13:03
C_105180,Sarah,Martin,18,Student,Glasgow,MEDIUM,2021-02-12 11:33:49
C_105181,Leo,Mitchell,35,Accountant,Newcastle,LOW,2018-09-06 16:20:29
C_105182,Elizabeth,Roberts,25,Lawyer,Cardiff,LOW,2017-04-16 00:40:38
C_105183,Barbara,Clarke,43,Software Engineer,Nottingham,LOW,2020-01-07 01:04:13
C_105184,Muhammad,Thompson,47,Administrative Assistant,Coventry,LOW,2023-01-15 06:18:40
C_105185,Robert,Lewis,62,Doctor,Sheffield,LOW,2024-09-02 14:21:36
C_105186,Isabella,Davies,54,Doctor,Birmingham,LOW,2018-01-12 14:47:38
C_105187,Thomas,Harrison,79,Retired,Nottingham,LOW,2018-07-16 20:27:04
C_105188,Joseph,Wright,49,Software Engineer,Leeds,LOW,2024-12-18 14:55:49
C_105189,Olivia,Wood,53,Construction Worker,Glasgow,LOW,2018-11-01 14:39:03
C_105190,Joseph,Clarke,52,Doctor,Bristol,LOW,2019-07-05 08:11:30
C_105191,Joseph,Wood,33,Consultant,Belfast,LOW,2017-02-26 04:48:15
C_105192,Muhammad,Mason,38,Chef,Belfast,LOW,2016-11-08 06:25:51
C_105193,Linda,Mitchell,33,Lawyer,Manchester,LOW,2016-04-06 21:27:10
C_105194,Isla,Jones,18,Student,Belfast,LOW,2021-11-18 15:31:18
C_105195,Karen,Hill,44,Registered Nurse,Cardiff,LOW,2018-06-13 06:51:00
C_105196,Leo,Harris,29,Accountant,Nottingham,MEDIUM,2019-07-07 23:12:07
C_105197,Daniel,Harris,42,Student,Bristol,LOW,2020-09-05 03:23:35
C_105198,Nancy,Robinson,39,Consultant,Sheffield,MEDIUM,2025-01-07 08:47:35
C_105199,Lily,White,56,Project Manager,Nottingham,LOW,2017-01-18 20:04:34
C_105200,Emily,Edwards,54,Driver,Birmingham,LOW,2025-04-07 06:22:50
C_105201,Susan,Clarke,23,Registered Nurse,London,LOW,2021-12-29 11:10:28
C_105202,Harry,Young,70,Retired,Manchester,LOW,2023-02-12 15:35:02
C_105203,David,Clarke,21,Student,Leicester,LOW,2024-07-13 19:43:14
C_105204,Emily,Hill,40,Accountant,Glasgow,LOW,2016-11-07 21:55:04
C_105205,Michelle,King,51,Lawyer,Nottingham,LOW,2019-05-14 07:39:05
C_105206,Michael,Wright,21,Accountant,Liverpool,LOW,2025-03-06 15:38:51
C_105207,Olivia,Watson,49,Software Engineer,Bristol,LOW,2021-09-24 03:04:56
C_105208,Michelle,White,23,Electrician,Coventry,LOW,2024-04-14 09:22:06
C_105209,Noah,Mason,52,Lawyer,Coventry,LOW,2016-03-16 13:37:40
C_105210,Sandra,Watson,52,Accountant,London,LOW,2023-07-13 11:28:42
C_105211,Emily,Hill,47,Teacher,Newcastle,LOW,2023-06-04 22:50:25
C_105212,Nancy,Hughes,18,Plumber,Bristol,LOW,2020-12-05 05:39:46
C_105213,Michael,White,51,Electrician,Edinburgh,LOW,2019-06-21 08:17:51
C_105214,Michelle,Carter,51,Student,Edinburgh,LOW,2019-08-05 09:15:15
C_105215,Margaret,Jones,66,Retired,Liverpool,MEDIUM,2016-07-14 17:11:28
C_105216,Barbara,Young,37,Software Engineer,Coventry,LOW,2024-07-05 09:53:14
C_105217,Lisa,Wright,28,Software Engineer,Nottingham,LOW,2020-02-01 13:23:13
C_105218,Ashley,Jackson,38,Lawyer,Glasgow,LOW,2020-03-01 14:00:05
C_105219,William,Harrison,43,Sales Associate,Cardiff,LOW,2022-07-05 10:31:57
C_105220,Ivy,Brown,20,Student,Bristol,LOW,2021-12-13 06:48:05
C_105221,Linda,Smith,51,Doctor,Manchester,LOW,2025-04-24 18:33:32
C_105222,Isabella,Carter,40,Registered Nurse,Edinburgh,LOW,2020-11-05 13:09:24
C_105223,Lisa,Baker,68,Retired,Leicester,LOW,2024-03-14 00:38:43
C_105224,Christopher,Hall,35,Electrician,Belfast,LOW,2023-03-07 17:01:49
C_105225,Oliver,Wright,59,Chef,Leicester,LOW,2021-01-05 12:59:10
C_105226,Linda,Harrison,56,Student,London,LOW,2025-12-08 04:37:09
C_105227,Noah,Edwards,19,Teacher,Glasgow,LOW,2016-03-26 23:02:20
C_105228,Joseph,Edwards,55,Doctor,Leeds,LOW,2016-06-18 05:25:35
C_105229,John,Edwards,19,Student,Birmingham,MEDIUM,2023-04-27 22:43:27
C_105230,Donna,Smith,30,Administrative Assistant,Leicester,LOW,2018-01-06 22:13:29
C_105231,Margaret,Brown,56,Accountant,Nottingham,LOW,2020-11-10 03:00:20
C_105232,Lisa,Lewis,38,Doctor,Birmingham,HIGH,2021-06-24 20:52:02
C_105233,Lily,Jackson,30,Plumber,Manchester,HIGH,2023-12-06 00:54:28
C_105234,Elizabeth,White,18,Student,London,LOW,2020-05-01 02:54:52
C_105235,Lisa,Scott,34,Retired,Cardiff,MEDIUM,2016-08-31 17:55:25
C_105236,James,Brown,53,Driver,Sheffield,LOW,2018-05-13 01:22:19
C_105237,Barbara,Clark,25,Chef,Coventry,LOW,2017-01-29 14:29:03
C_105238,Patricia,Wilson,18,Accountant,Bristol,LOW,2020-04-08 01:45:23
C_105239,Joseph,Williams,18,Student,Bristol,LOW,2025-12-06 22:31:15
C_105240,Isla,Brown,29,Teacher,London,LOW,2025-01-15 22:08:21
C_105241,George,King,49,Chef,Sheffield,LOW,2017-03-04 23:51:31
C_105242,Muhammad,Mason,25,Driver,Glasgow,LOW,2025-10-03 15:36:12
C_105243,Donna,Martin,43,Plumber,Bristol,LOW,2025-12-09 08:12:07
C_105244,Kimberly,Walker,37,Electrician,Belfast,LOW,2024-02-29 10:10:35
C_105245,Patricia,Carter,49,Administrative Assistant,Sheffield,LOW,2021-06-01 19:16:10
C_105246,James,Watson,50,Retired,Leeds,LOW,2022-01-12 00:09:44
C_105247,James,Harris,52,Administrative Assistant,London,LOW,2025-03-03 19:49:37
C_105248,Ava,Jones,62,Electrician,Glasgow,LOW,2018-04-08 22:25:48
C_105249,Charles,Hall,49,Construction Worker,Leeds,LOW,2019-10-30 02:56:13
C_105250,Muhammad,Patterson,51,Administrative Assistant,London,LOW,2025-01-27 12:42:18
C_105251,Jennifer,Roberts,29,Sales Associate,Belfast,LOW,2016-04-29 19:48:34
C_105252,Arthur,Edwards,85,Retired,Sheffield,LOW,2020-10-24 02:52:44
C_105253,Muhammad,Roberts,55,Project Manager,Glasgow,LOW,2018-08-06 02:11:14
C_105254,Joseph,Harris,61,Doctor,Manchester,LOW,2017-06-30 16:12:36
C_105255,Muhammad,Lewis,42,Lawyer,Nottingham,LOW,2025-07-17 16:31:30
C_105256,Thomas,Hughes,28,Construction Worker,Bristol,LOW,2023-04-30 16:26:32
C_105257,Oscar,Brown,64,Lawyer,Belfast,LOW,2020-09-12 11:10:57
C_105258,Muhammad,Hall,41,Project Manager,Newcastle,LOW,2019-10-06 06:58:11
C_105259,Lisa,Mason,35,Retired,Liverpool,LOW,2020-04-04 19:36:05
C_105260,Jessica,Ward,48,Doctor,Leicester,LOW,2023-08-19 20:50:44
C_105261,David,Davies,18,Student,Manchester,HIGH,2023-04-19 09:04:17
C_105262,Betty,Patterson,21,Plumber,London,LOW,2024-12-04 23:31:24
C_105263,Harry,Jackson,56,Driver,Sheffield,LOW,2024-04-08 08:06:03
C_105264,Amelia,Walker,26,Doctor,Manchester,LOW,2022-08-17 15:14:22
C_105265,Harry,Davies,50,Sales Associate,Leeds,LOW,2021-08-30 10:36:09
C_105266,Leo,Lewis,52,Software Engineer,Newcastle,LOW,2024-03-30 18:31:36
C_105267,Leo,Harris,61,Driver,London,LOW,2024-11-16 07:01:38
C_105268,George,Ward,43,Registered Nurse,Belfast,LOW,2018-12-13 07:16:58
C_105269,Emily,Ward,32,Construction Worker,Edinburgh,LOW,2021-11-09 18:09:35
C_105270,Christopher,Mitchell,54,Sales Associate,Glasgow,LOW,2019-04-22 09:29:15
C_105271,Muhammad,Hughes,40,Chef,Bristol,LOW,2018-09-15 00:44:58
C_105272,Karen,Hill,34,Administrative Assistant,Manchester,LOW,2018-08-25 10:59:22
C_105273,Linda,Patterson,49,Electrician,Birmingham,LOW,2017-11-22 20:23:40
C_105274,Ashley,Baker,25,Accountant,Edinburgh,LOW,2020-03-26 05:05:31
C_105275,Christopher,Patterson,54,Retired,Liverpool,LOW,2017-06-19 20:24:12
C_105276,Daniel,Lewis,49,Unemployed,Newcastle,LOW,2018-01-15 04:41:55
C_105277,John,Lewis,55,Electrician,Leicester,LOW,2022-08-24 06:28:48
C_105278,Harry,Patterson,36,Sales Associate,Liverpool,LOW,2017-08-11 22:54:02
C_105279,Barbara,Wood,30,Software Engineer,Sheffield,LOW,2019-09-01 00:15:31
C_105280,Lisa,Jones,18,Student,Sheffield,LOW,2016-06-27 17:38:50
C_105281,Thomas,Hill,33,Project Manager,Birmingham,LOW,2023-06-22 09:05:31
C_105282,Oscar,Robinson,40,Chef,Leicester,LOW,2019-12-05 22:05:14
C_105283,James,Watson,37,Chef,Edinburgh,LOW,2025-10-14 00:33:47
C_105284,Betty,Thompson,33,Plumber,Glasgow,LOW,2025-01-20 09:32:27
C_105285,Muhammad,Evans,50,Business Owner,London,LOW,2019-04-14 16:50:17
C_105286,Lily,Ward,52,Registered Nurse,Belfast,LOW,2022-06-21 18:26:20
C_105287,Nancy,White,57,Accountant,Glasgow,LOW,2023-12-18 00:17:54
C_105288,Margaret,Evans,25,Student,Nottingham,LOW,2021-06-29 03:49:37
C_105289,Robert,Clark,48,Doctor,Cardiff,MEDIUM,2018-10-30 00:30:36
C_105290,Linda,Smith,45,Chef,Cardiff,LOW,2017-11-13 20:36:49
C_105291,Lisa,Taylor,53,Business Owner,Cardiff,LOW,2020-05-12 11:51:42
C_105292,Barbara,Hall,31,Electrician,Manchester,LOW,2023-03-06 11:36:50
C_105293,Barbara,Harrison,65,Retired,Leeds,LOW,2020-04-25 11:39:35
C_105294,Thomas,Robinson,43,Business Owner,Coventry,LOW,2022-03-09 18:37:17
C_105295,Oliver,Smith,36,Chef,Manchester,LOW,2020-06-15 19:04:27
C_105296,Donna,Patterson,56,Student,London,MEDIUM,2018-02-19 00:22:01
C_105297,Daniel,Brown,44,Retired,Leeds,MEDIUM,2022-08-14 17:01:00
C_105298,Richard,Lewis,29,Registered Nurse,Liverpool,MEDIUM,2023-10-25 02:28:01
C_105299,Jessica,Cooper,40,Retired,Coventry,LOW,2022-08-31 11:13:23
C_105300,Amelia,Cooper,38,Sales Associate,Glasgow,LOW,2023-11-21 14:12:56
C_105301,Mia,Cooper,61,Chef,Bristol,LOW,2019-01-08 22:25:09
C_105302,Robert,Jackson,44,Student,Leicester,LOW,2018-07-29 08:43:45
C_105303,David,Clarke,58,Unemployed,Coventry,MEDIUM,2021-10-12 23:38:45
C_105304,Lily,Edwards,38,Lawyer,Coventry,LOW,2025-12-14 15:49:33
C_105305,Leo,Carter,25,Chef,Bristol,LOW,2016-03-16 23:09:53
C_105306,Amelia,Baker,39,Consultant,Cardiff,LOW,2016-08-21 22:11:57
C_105307,John,Brown,38,Retired,Belfast,LOW,2021-03-16 21:41:32
C_105308,Jennifer,Mitchell,56,Accountant,Liverpool,MEDIUM,2022-01-26 02:56:40
C_105309,Harry,Cooper,41,Accountant,Liverpool,LOW,2019-05-17 19:30:59
C_105310,Donna,Patterson,34,Teacher,Cardiff,MEDIUM,2020-09-19 06:41:37
C_105311,Barbara,Scott,59,Chef,Coventry,LOW,2025-12-05 17:57:31
C_105312,Betty,Robinson,46,Plumber,Bristol,LOW,2016-11-25 20:44:50
C_105313,Patricia,Hall,37,Student,Liverpool,LOW,2025-03-09 13:36:09
C_105314,Lisa,Hill,42,Chef,Glasgow,LOW,2022-09-22 00:28:58
C_105315,Oliver,Evans,30,Business Owner,Manchester,LOW,2020-04-06 05:32:48
C_105316,Emily,Robinson,28,Project Manager,Leicester,LOW,2016-06-01 00:10:11
C_105317,Olivia,Jackson,18,Driver,Bristol,MEDIUM,2019-06-16 09:48:19
C_105318,Charles,Williams,46,Doctor,Sheffield,LOW,2017-10-14 10:27:32
C_105319,Elizabeth,Patterson,41,Sales Associate,Nottingham,MEDIUM,2023-09-11 19:20:55
C_105320,Ivy,Martin,37,Software Engineer,Cardiff,LOW,2024-10-17 02:04:03
C_105321,Noah,Hill,25,Project Manager,Belfast,LOW,2016-11-25 18:22:56
C_105322,Oliver,Edwards,47,Software Engineer,Liverpool,LOW,2022-04-27 17:21:26
C_105323,William,Mason,68,Retired,Newcastle,LOW,2021-01-14 13:06:15
C_105324,Kimberly,Jackson,36,Construction Worker,Edinburgh,LOW,2020-04-22 19:40:58
C_105325,David,Jones,51,Driver,Glasgow,HIGH,2021-08-13 17:21:55
C_105326,Linda,Roberts,47,Lawyer,Bristol,LOW,2016-07-03 01:52:00
C_105327,Arthur,Robinson,36,Accountant,Liverpool,LOW,2018-09-04 10:24:09
C_105328,Christopher,Mitchell,42,Accountant,Belfast,LOW,2021-09-14 10:25:07
C_105329,James,Mason,48,Teacher,Liverpool,LOW,2020-04-28 07:43:08
C_105330,Michelle,Thompson,41,Electrician,Belfast,LOW,2016-09-25 19:01:34
C_105331,Muhammad,Baker,39,Chef,Belfast,LOW,2025-10-22 13:15:06
C_105332,Nancy,Mitchell,33,Retired,Manchester,LOW,2017-02-26 06:57:08
C_105333,Isabella,Johnson,28,Unemployed,Coventry,MEDIUM,2021-03-07 03:10:19
C_105334,Leo,Scott,50,Unemployed,Glasgow,MEDIUM,2018-03-04 13:47:58
C_105335,Arthur,Edwards,81,Retired,Cardiff,LOW,2017-02-10 09:24:15
C_105336,Lily,Hill,44,Accountant,Cardiff,LOW,2023-02-17 11:07:57
C_105337,Matthew,Clark,51,Consultant,Leeds,LOW,2020-09-07 02:58:01
C_105338,Joseph,Davies,52,Doctor,Leicester,LOW,2019-06-11 11:31:09
C_105339,Linda,Williams,43,Construction Worker,Belfast,LOW,2024-02-20 02:27:06
C_105340,Sandra,Harrison,72,Retired,Leeds,LOW,2017-07-03 15:17:19
C_105341,George,Clarke,18,Student,Nottingham,LOW,2024-12-19 19:21:07
C_105342,Michelle,Wood,69,Retired,Bristol,LOW,2019-08-07 13:37:44
C_105343,Susan,Evans,47,Registered Nurse,Leeds,LOW,2021-10-24 08:48:09
C_105344,Christopher,Wright,22,Sales Associate,Liverpool,LOW,2019-06-11 03:58:21
C_105345,Isla,White,27,Administrative Assistant,Manchester,LOW,2023-10-09 18:47:56
C_105346,Arthur,Robinson,34,Doctor,Birmingham,MEDIUM,2024-08-02 13:57:08
C_105347,Ava,Mason,35,Business Owner,Nottingham,LOW,2022-09-11 04:34:17
C_105348,Jennifer,Hill,27,Teacher,Manchester,LOW,2021-03-18 09:20:11
C_105349,Lisa,Taylor,24,Doctor,Newcastle,LOW,2019-04-30 09:58:06
C_105350,Ivy,Wright,32,Retired,Belfast,HIGH,2025-12-10 13:39:59
C_105351,Ivy,White,50,Registered Nurse,Sheffield,LOW,2018-01-04 21:34:09
C_105352,Barbara,Young,28,Registered Nurse,Glasgow,LOW,2024-02-27 08:17:33
C_105353,William,Evans,40,Driver,Nottingham,LOW,2016-06-27 09:35:03
C_105354,Kimberly,Wood,43,Teacher,Belfast,MEDIUM,2017-08-03 08:56:59
C_105355,Michael,Hall,46,Retired,Glasgow,LOW,2019-08-01 13:06:51
C_105356,Isabella,Taylor,35,Student,Bristol,LOW,2023-02-12 06:00:43
C_105357,Mia,Green,20,Student,Leicester,MEDIUM,2023-06-15 08:12:32
C_105358,Lily,Martin,36,Sales Associate,Edinburgh,LOW,2022-03-22 02:18:17
C_105359,Linda,Johnson,53,Consultant,Leicester,LOW,2021-12-10 14:10:58
C_105360,Jessica,Cooper,52,Administrative Assistant,Coventry,MEDIUM,2018-04-09 19:06:03
C_105361,Oliver,Mason,53,Student,Newcastle,LOW,2016-01-04 21:02:40
C_105362,Margaret,Hall,56,Business Owner,Bristol,LOW,2016-03-04 12:07:46
C_105363,Thomas,Lewis,36,Teacher,Belfast,LOW,2021-12-30 14:27:03
C_105364,Jessica,Young,48,Retired,Glasgow,LOW,2018-10-29 08:44:47
C_105365,George,Williams,34,Consultant,Birmingham,MEDIUM,2025-04-08 15:38:26
C_105366,Susan,Patterson,51,Sales Associate,Newcastle,LOW,2019-10-24 21:32:39
C_105367,Leo,Davies,59,Business Owner,Manchester,LOW,2018-06-04 05:44:32
C_105368,Barbara,Hill,50,Student,Belfast,LOW,2019-09-13 10:50:52
C_105369,Olivia,Johnson,27,Retired,Glasgow,LOW,2017-08-31 08:25:35
C_105370,Sandra,Wilson,21,Student,Belfast,LOW,2023-06-05 08:35:06
C_105371,Michael,Williams,62,Consultant,Birmingham,LOW,2018-08-13 12:13:14
C_105372,Lily,Roberts,22,Lawyer,Glasgow,LOW,2021-06-22 13:41:03
C_105373,James,Williams,62,Unemployed,Bristol,LOW,2020-01-26 07:50:50
C_105374,Richard,Brown,21,Student,Newcastle,LOW,2018-08-30 13:42:57
C_105375,Arthur,Wilson,41,Business Owner,Sheffield,MEDIUM,2020-09-28 17:06:28
C_105376,Kimberly,Roberts,38,Administrative Assistant,Newcastle,LOW,2017-08-19 10:36:44
C_105377,Robert,Carter,51,Unemployed,Coventry,LOW,2022-02-05 06:38:15
C_105378,Sandra,Wood,27,Registered Nurse,Glasgow,LOW,2022-08-30 05:49:28
C_105379,Isla,Robinson,52,Registered Nurse,Leeds,LOW,2019-08-25 06:25:47
C_105380,Kimberly,Roberts,24,Software Engineer,Newcastle,LOW,2023-08-23 00:59:52
C_105381,Jessica,Hall,28,Registered Nurse,Manchester,LOW,2017-10-19 06:45:17
C_105382,Jessica,Johnson,32,Unemployed,Belfast,LOW,2023-06-18 23:29:04
C_105383,Susan,Walker,44,Plumber,London,LOW,2017-10-02 22:20:26
C_105384,Sandra,Thompson,33,Administrative Assistant,Coventry,LOW,2025-03-08 08:31:48
C_105385,Ivy,Scott,38,Consultant,Liverpool,LOW,2016-11-22 22:11:16
C_105386,George,Martin,46,Chef,Bristol,LOW,2019-11-16 02:09:18
C_105387,Jennifer,Robinson,18,Student,Sheffield,LOW,2018-02-21 00:30:36
C_105388,Oliver,Patterson,21,Student,Cardiff,LOW,2021-08-22 10:50:56
C_105389,Joseph,Mason,23,Plumber,Manchester,LOW,2017-02-05 09:47:22
C_105390,Barbara,White,37,Chef,Belfast,LOW,2022-05-29 04:57:55
C_105391,Betty,Wilson,25,Software Engineer,Sheffield,LOW,2025-03-07 04:44:23
C_105392,Margaret,Clarke,61,Accountant,Nottingham,LOW,2024-12-04 04:01:32
C_105393,Donna,Williams,36,Project Manager,Birmingham,LOW,2023-05-26 14:51:37
C_105394,Christopher,Hill,61,Consultant,Coventry,LOW,2016-07-21 11:23:55
C_105395,Susan,Lewis,37,Administrative Assistant,Newcastle,LOW,2017-11-29 10:31:27
C_105396,Robert,Thompson,39,Sales Associate,Manchester,HIGH,2023-02-09 02:26:41
C_105397,James,Walker,36,Administrative Assistant,Bristol,LOW,2017-09-03 09:42:09
C_105398,Mia,Thomas,44,Software Engineer,Cardiff,MEDIUM,2024-04-07 13:17:41
C_105399,Isabella,Brown,49,Plumber,Manchester,LOW,2024-08-25 14:37:51
C_105400,Emily,Baker,39,Unemployed,London,LOW,2023-04-18 22:47:40
C_105401,Betty,Clark,35,Construction Worker,Belfast,MEDIUM,2018-08-11 01:20:51
C_105402,Daniel,Jones,40,Teacher,Sheffield,LOW,2016-05-30 03:58:24
C_105403,Olivia,Hall,42,Driver,Cardiff,LOW,2017-06-11 03:48:54
C_105404,Oscar,King,40,Software Engineer,London,LOW,2022-07-20 02:31:59
C_105405,Arthur,Williams,37,Registered Nurse,Sheffield,LOW,2019-04-16 20:45:13
C_105406,Ava,Jones,28,Software Engineer,Sheffield,MEDIUM,2019-03-30 02:03:38
C_105407,Sophia,Davies,47,Software Engineer,Leicester,LOW,2024-10-23 00:20:23
C_105408,Ivy,Davies,35,Unemployed,Edinburgh,LOW,2020-05-04 15:07:08
C_105409,Oliver,Hughes,35,Business Owner,Glasgow,LOW,2021-11-09 08:17:57
C_105410,William,Brown,37,Student,Nottingham,LOW,2016-07-30 05:40:57
C_105411,Harry,Martin,56,Business Owner,Birmingham,MEDIUM,2017-05-15 04:16:38
C_105412,Leo,Hughes,18,Student,Leicester,LOW,2018-02-28 09:35:04
C_105413,Oscar,Taylor,34,Construction Worker,Liverpool,LOW,2018-11-09 18:09:52
C_105414,Ava,Harris,37,Teacher,Bristol,LOW,2016-10-31 06:48:16
C_105415,Amelia,Smith,39,Teacher,Edinburgh,LOW,2019-06-08 11:40:58
C_105416,Kimberly,Robinson,43,Teacher,Sheffield,LOW,2023-07-24 21:35:23
C_105417,Olivia,Harris,50,Sales Associate,Newcastle,LOW,2023-07-16 00:32:37
C_105418,Jessica,Mitchell,50,Consultant,Birmingham,MEDIUM,2023-11-28 09:47:23
C_105419,Arthur,Jones,61,Lawyer,Birmingham,LOW,2024-01-23 22:43:52
C_105420,Christopher,Thomas,67,Retired,Bristol,MEDIUM,2019-06-06 02:47:56
C_105421,Michael,Baker,53,Student,Leicester,LOW,2023-02-17 06:58:48
C_105422,John,Martin,51,Construction Worker,Glasgow,LOW,2021-05-16 08:50:30
C_105423,Elizabeth,Hughes,62,Construction Worker,Nottingham,LOW,2016-09-13 03:01:20
C_105424,Noah,Martin,47,Unemployed,Manchester,LOW,2018-02-13 00:42:00
C_105425,Donna,Hughes,41,Lawyer,Leeds,LOW,2021-02-08 16:42:12
C_105426,Jennifer,Brown,47,Teacher,Edinburgh,LOW,2018-07-02 23:02:55
C_105427,William,Davies,79,Retired,Leicester,LOW,2019-12-26 16:32:39
C_105428,Susan,Robinson,31,Registered Nurse,Coventry,LOW,2023-03-18 05:58:12
C_105429,George,Davies,18,Student,Liverpool,LOW,2023-08-14 05:06:45
C_105430,Richard,Lewis,59,Consultant,Newcastle,LOW,2016-12-24 00:43:28
C_105431,Barbara,Green,53,Doctor,Newcastle,MEDIUM,2018-06-05 15:00:00
C_105432,George,Scott,24,Administrative Assistant,Leeds,LOW,2022-09-05 23:35:57
C_105433,William,Taylor,33,Doctor,Newcastle,LOW,2024-01-11 12:23:32
C_105434,William,Jones,42,Teacher,Liverpool,LOW,2016-07-18 22:09:06
C_105435,Arthur,Cooper,30,Retired,Liverpool,LOW,2023-12-16 21:30:03
C_105436,Michelle,King,54,Plumber,Nottingham,LOW,2019-04-23 11:20:45
C_105437,Harry,Baker,44,Registered Nurse,Coventry,LOW,2018-05-15 15:12:39
C_105438,Harry,Lewis,20,Student,London,LOW,2017-01-12 21:09:47
C_105439,Oscar,King,18,Student,Edinburgh,LOW,2016-02-28 08:37:45
C_105440,Olivia,Davies,40,Registered Nurse,Birmingham,LOW,2020-11-18 15:58:45
C_105441,Michael,Clarke,46,Administrative Assistant,Coventry,LOW,2023-03-13 07:14:53
C_105442,Donna,Evans,34,Student,Nottingham,LOW,2019-08-12 01:54:33
C_105443,Ashley,Watson,28,Teacher,Nottingham,LOW,2022-07-16 02:08:38
C_105444,Ivy,Hughes,41,Unemployed,Coventry,LOW,2020-06-08 17:11:03
C_105445,David,Wright,51,Registered Nurse,Nottingham,LOW,2018-11-25 17:58:43
C_105446,James,Thompson,44,Software Engineer,Edinburgh,LOW,2016-08-20 16:40:56
C_105447,Elizabeth,Taylor,64,Administrative Assistant,Bristol,LOW,2025-08-08 00:04:39
C_105448,Oscar,Smith,34,Software Engineer,Edinburgh,LOW,2018-09-07 09:21:36
C_105449,Muhammad,Lewis,20,Doctor,Edinburgh,LOW,2019-12-19 04:08:32
C_105450,Joseph,Lewis,54,Accountant,Nottingham,LOW,2019-02-23 08:07:59
C_105451,Jessica,Hall,62,Driver,Sheffield,LOW,2023-04-03 05:08:41
C_105452,Olivia,Roberts,27,Teacher,Manchester,LOW,2016-03-20 06:33:23
C_105453,Linda,Wood,56,Electrician,Cardiff,LOW,2017-01-07 19:18:40
C_105454,Jessica,Harris,36,Driver,Nottingham,LOW,2023-01-03 20:58:34
C_105455,Ivy,Thompson,49,Accountant,Liverpool,LOW,2022-10-20 02:18:28
C_105456,Elizabeth,Taylor,25,Chef,Bristol,LOW,2024-10-19 23:15:54
C_105457,John,Wood,20,Student,Leicester,LOW,2018-08-07 13:45:11
C_105458,Nancy,Taylor,60,Lawyer,Liverpool,LOW,2018-07-01 17:02:01
C_105459,Sarah,Wood,36,Business Owner,Edinburgh,LOW,2023-05-02 09:16:53
C_105460,Ava,Ward,37,Electrician,Manchester,LOW,2019-04-24 14:32:42
C_105461,Kimberly,Davies,21,Student,Coventry,LOW,2020-07-09 00:09:53
C_105462,Linda,Carter,39,Driver,Nottingham,LOW,2019-07-23 18:24:39
C_105463,Karen,Harrison,42,Project Manager,Manchester,LOW,2025-07-03 15:20:52
C_105464,David,Cooper,21,Chef,Glasgow,LOW,2016-06-19 22:51:47
C_105465,Betty,Wood,56,Software Engineer,Sheffield,LOW,2022-06-10 20:02:39
C_105466,Joseph,Thompson,48,Accountant,Newcastle,HIGH,2020-05-16 21:56:33
C_105467,Michelle,Jones,31,Teacher,Manchester,LOW,2020-07-14 12:02:30
C_105468,Lily,Robinson,57,Sales Associate,Coventry,LOW,2023-06-07 07:19:58
C_105469,George,Patterson,49,Teacher,Leicester,LOW,2021-11-28 18:03:56
C_105470,Linda,Hughes,46,Sales Associate,Nottingham,HIGH,2025-01-28 11:36:16
C_105471,Harry,Robinson,44,Accountant,Liverpool,LOW,2016-12-22 18:29:38
C_105472,Ivy,Thompson,57,Business Owner,Glasgow,LOW,2024-06-10 11:11:53
C_105473,Amelia,Jackson,32,Student,London,LOW,2022-09-02 12:56:42
C_105474,Margaret,Williams,60,Unemployed,Edinburgh,LOW,2021-01-02 12:07:19
C_105475,Michael,Smith,25,Electrician,Bristol,LOW,2025-07-14 23:11:37
C_105476,Lisa,Clark,56,Driver,Coventry,LOW,2018-06-08 14:09:53
C_105477,Harry,Green,31,Accountant,Birmingham,HIGH,2024-07-28 03:23:29
C_105478,Charles,Walker,29,Construction Worker,Sheffield,LOW,2019-02-01 18:30:24
C_105479,Sandra,Roberts,57,Sales Associate,Newcastle,LOW,2019-11-01 02:44:15
C_105480,Christopher,Scott,27,Plumber,Sheffield,LOW,2018-04-11 02:11:27
C_105481,Michelle,Clark,39,Accountant,Leicester,LOW,2020-03-27 11:09:43
C_105482,George,Williams,27,Lawyer,Leicester,LOW,2025-07-09 12:01:00
C_105483,Sarah,Hughes,56,Sales Associate,Belfast,LOW,2022-03-30 17:15:10
C_105484,Matthew,Patterson,38,Student,Leeds,LOW,2021-04-13 04:25:13
C_105485,James,Jackson,30,Accountant,Belfast,MEDIUM,2024-09-28 04:38:59
C_105486,Elizabeth,Roberts,38,Construction Worker,Liverpool,LOW,2018-07-01 13:42:18
C_105487,Matthew,Clarke,37,Accountant,Liverpool,LOW,2018-11-24 00:30:18
C_105488,Lily,Wood,30,Plumber,Liverpool,LOW,2023-05-13 10:51:51
C_105489,Lisa,Roberts,45,Electrician,Glasgow,MEDIUM,2021-07-20 14:28:49
C_105490,William,King,71,Retired,Edinburgh,LOW,2021-04-02 14:01:14
C_105491,Sandra,Carter,27,Accountant,Coventry,LOW,2022-01-21 12:03:25
C_105492,Kimberly,Johnson,60,Registered Nurse,Coventry,MEDIUM,2024-08-17 18:50:56
C_105493,Lily,Green,52,Accountant,Leeds,LOW,2025-03-24 21:13:35
C_105494,Karen,Mason,54,Electrician,Glasgow,LOW,2025-07-02 06:26:05
C_105495,Emily,Williams,77,Retired,Glasgow,LOW,2021-10-12 19:07:13
C_105496,Richard,Mitchell,53,Teacher,Edinburgh,LOW,2020-06-28 07:15:30
C_105497,Sophia,Robinson,41,Unemployed,Birmingham,LOW,2020-12-29 20:01:12
C_105498,Daniel,Thompson,33,Registered Nurse,Liverpool,MEDIUM,2017-05-17 14:41:48
C_105499,Isla,Brown,49,Doctor,Coventry,LOW,2024-04-27 19:12:25
C_105500,Kimberly,Young,31,Administrative Assistant,Nottingham,LOW,2023-09-30 04:16:23
C_105501,Joseph,Hughes,32,Business Owner,Newcastle,LOW,2024-05-16 14:27:30
C_105502,Karen,Watson,43,Construction Worker,Bristol,MEDIUM,2020-05-29 06:16:22
C_105503,Donna,Brown,42,Unemployed,Cardiff,HIGH,2023-01-24 06:36:09
C_105504,Olivia,Edwards,41,Chef,Newcastle,LOW,2023-09-14 16:35:48
C_105505,Muhammad,Lewis,25,Plumber,Bristol,LOW,2019-09-29 16:36:22
C_105506,Elizabeth,Clarke,47,Electrician,Manchester,LOW,2016-08-13 00:56:33
C_105507,Karen,Thompson,36,Unemployed,Leeds,LOW,2019-01-08 04:40:52
C_105508,James,Patterson,60,Retired,Coventry,LOW,2016-09-28 20:17:35
C_105509,Oscar,Ward,34,Software Engineer,Bristol,LOW,2020-11-15 16:36:36
C_105510,Matthew,Hughes,50,Business Owner,Leicester,LOW,2025-09-07 10:50:24
C_105511,Robert,White,43,Project Manager,Manchester,LOW,2016-02-03 08:06:56
C_105512,David,White,50,Business Owner,Manchester,LOW,2019-05-13 14:41:27
C_105513,Christopher,Harris,57,Project Manager,Cardiff,LOW,2022-10-15 13:02:25
C_105514,Susan,Harrison,41,Doctor,London,LOW,2021-12-22 23:57:18
C_105515,Kimberly,Wilson,38,Teacher,Birmingham,MEDIUM,2024-12-27 07:52:44
C_105516,Michael,Wood,26,Administrative Assistant,Leicester,LOW,2021-04-12 22:25:50
C_105517,Jennifer,King,29,Sales Associate,Newcastle,LOW,2025-05-02 10:56:00
C_105518,Betty,Wood,42,Driver,Nottingham,MEDIUM,2024-06-05 04:48:59
C_105519,Thomas,Harrison,56,Software Engineer,Newcastle,LOW,2024-10-17 00:50:17
C_105520,Emily,Wilson,63,Student,Cardiff,LOW,2017-07-28 02:46:49
C_105521,Leo,Mitchell,52,Accountant,Leeds,LOW,2024-11-16 22:57:46
C_105522,Michael,Williams,37,Chef,Nottingham,LOW,2022-06-16 21:04:54
C_105523,Donna,Wright,42,Business Owner,Birmingham,LOW,2016-03-16 07:50:50
C_105524,Jennifer,Johnson,55,Administrative Assistant,Cardiff,LOW,2022-09-06 01:29:25
C_105525,Muhammad,Clarke,37,Project Manager,Bristol,HIGH,2016-11-18 15:49:20
C_105526,Barbara,Williams,48,Teacher,Glasgow,LOW,2025-08-02 01:07:17
C_105527,Oliver,Harris,56,Construction Worker,Edinburgh,LOW,2025-01-05 07:18:08
C_105528,Oscar,Green,32,Software Engineer,Nottingham,LOW,2018-12-09 07:08:14
C_105529,Ava,Evans,48,Plumber,Glasgow,LOW,2022-12-12 22:59:13
C_105530,Donna,Mitchell,52,Business Owner,Cardiff,LOW,2025-12-04 22:37:48
C_105531,Betty,Williams,44,Driver,Glasgow,LOW,2023-03-20 15:09:24
C_105532,Robert,Ward,29,Driver,London,MEDIUM,2016-04-21 02:42:48
C_105533,Thomas,Scott,36,Project Manager,Leeds,LOW,2020-01-30 22:59:53
C_105534,Mia,Green,60,Student,London,LOW,2022-07-17 15:04:30
C_105535,Noah,Thomas,37,Software Engineer,Liverpool,LOW,2024-11-27 12:31:14
C_105536,Charles,Robinson,66,Retired,Leicester,LOW,2022-09-06 18:02:20
C_105537,Noah,Edwards,37,Electrician,Liverpool,LOW,2017-02-02 14:43:41
C_105538,Susan,Wright,30,Electrician,Nottingham,LOW,2021-01-19 10:31:46
C_105539,Muhammad,Davies,64,Plumber,Leeds,LOW,2023-01-11 00:03:12
C_105540,Isabella,King,50,Driver,Coventry,LOW,2021-07-31 16:02:31
C_105541,Margaret,Jones,51,Plumber,Manchester,LOW,2021-09-09 12:05:51
C_105542,Margaret,King,55,Teacher,Glasgow,LOW,2018-02-13 22:04:03
C_105543,Sophia,Johnson,44,Lawyer,Belfast,LOW,2022-08-01 05:12:13
C_105544,Robert,Watson,53,Lawyer,Leicester,LOW,2024-01-07 19:49:06
C_105545,Noah,Thompson,41,Doctor,Leeds,LOW,2017-09-20 01:53:02
C_105546,David,Cooper,53,Project Manager,Edinburgh,LOW,2023-10-05 02:14:27
C_105547,Daniel,Edwards,51,Registered Nurse,Leicester,LOW,2016-04-01 21:34:23
C_105548,William,Thomas,47,Teacher,London,LOW,2019-02-05 18:44:23
C_105549,William,Wood,48,Student,Belfast,LOW,2018-10-24 18:26:06
C_105550,Muhammad,Smith,63,Electrician,Manchester,LOW,2025-11-30 09:03:57
C_105551,Sandra,Ward,37,Plumber,Newcastle,LOW,2019-01-06 03:40:55
C_105552,Amelia,Ward,43,Teacher,Cardiff,LOW,2017-06-13 04:24:40
C_105553,Michael,Johnson,44,Construction Worker,Birmingham,LOW,2025-12-03 11:12:37
C_105554,Jennifer,Walker,18,Student,Sheffield,LOW,2024-06-28 04:56:03
C_105555,Margaret,Hill,50,Driver,Coventry,LOW,2024-01-04 20:31:09
C_105556,John,Scott,19,Student,Cardiff,LOW,2019-10-13 13:25:23
C_105557,Lisa,Clark,80,Retired,Sheffield,LOW,2018-02-26 14:08:06
C_105558,Jennifer,Wood,29,Project Manager,Newcastle,MEDIUM,2017-12-18 18:23:51
C_105559,George,Young,27,Teacher,Liverpool,HIGH,2021-09-29 20:48:14
C_105560,Nancy,Smith,32,Software Engineer,Cardiff,LOW,2024-03-06 09:50:32
C_105561,Isla,Scott,48,Sales Associate,Newcastle,LOW,2020-12-30 17:54:25
C_105562,Ava,Davies,19,Student,Nottingham,LOW,2016-07-25 13:34:08
C_105563,Jessica,Davies,48,Registered Nurse,Liverpool,LOW,2017-01-08 20:05:26
C_105564,John,Baker,33,Accountant,Leeds,LOW,2017-07-29 05:00:52
C_105565,Muhammad,Patterson,25,Student,Glasgow,LOW,2021-05-18 23:24:53
C_105566,Betty,Roberts,43,Retired,London,MEDIUM,2022-12-03 02:46:10
C_105567,Nancy,Mason,61,Business Owner,Belfast,LOW,2024-01-23 09:33:52
C_105568,Amelia,Taylor,35,Doctor,Edinburgh,LOW,2018-09-27 03:53:04
C_105569,James,Clarke,28,Teacher,Leeds,LOW,2017-07-21 10:13:02
C_105570,Harry,Walker,32,Project Manager,Coventry,LOW,2016-12-08 10:16:01
C_105571,Isabella,Mason,48,Software Engineer,Coventry,LOW,2023-06-11 22:28:13
C_105572,Olivia,Wilson,35,Consultant,Bristol,LOW,2023-04-18 17:13:21
C_105573,Karen,Baker,53,Unemployed,Sheffield,LOW,2020-07-08 21:32:28
C_105574,Charles,Wood,29,Software Engineer,Coventry,LOW,2020-11-14 10:33:25
C_105575,Karen,Mitchell,38,Unemployed,Sheffield,LOW,2018-06-10 20:33:41
C_105576,Thomas,King,59,Teacher,Belfast,MEDIUM,2019-12-29 23:07:10
C_105577,Ava,Wilson,39,Software Engineer,Sheffield,LOW,2017-06-10 13:26:49
C_105578,Susan,Walker,19,Student,Edinburgh,LOW,2019-06-01 08:27:27
C_105579,Ivy,Thomas,57,Doctor,Glasgow,LOW,2025-11-03 15:02:54
C_105580,Jessica,Young,47,Consultant,Liverpool,MEDIUM,2024-11-17 04:00:10
C_105581,Oscar,Clarke,40,Student,Leeds,LOW,2018-03-18 18:00:43
C_105582,Oscar,Harris,42,Driver,Glasgow,LOW,2020-07-09 06:28:17
C_105583,Kimberly,Wood,34,Project Manager,Sheffield,LOW,2022-07-06 07:31:05
C_105584,Christopher,Brown,55,Chef,Bristol,LOW,2016-04-15 18:54:07
C_105585,Betty,Jones,30,Registered Nurse,Birmingham,MEDIUM,2025-03-09 18:07:17
C_105586,Linda,Edwards,46,Teacher,Manchester,LOW,2025-04-03 09:28:56
C_105587,Jennifer,Carter,33,Sales Associate,Bristol,LOW,2018-04-19 14:46:57
C_105588,Richard,Hughes,57,Chef,Leicester,LOW,2024-03-28 16:41:41
C_105589,Oscar,Thomas,43,Registered Nurse,Edinburgh,LOW,2021-06-29 16:02:21
C_105590,Nancy,Walker,33,Project Manager,Cardiff,LOW,2021-10-22 10:37:11
C_105591,David,Wilson,40,Sales Associate,Belfast,LOW,2017-02-23 23:19:23
C_105592,Linda,Scott,25,Electrician,Coventry,LOW,2025-03-10 07:46:39
C_105593,Michael,Green,66,Retired,Bristol,LOW,2023-02-21 01:05:18
C_105594,Kimberly,Mason,50,Doctor,Nottingham,LOW,2016-08-14 11:14:27
C_105595,Lisa,Clarke,37,Software Engineer,Birmingham,LOW,2017-03-01 09:32:45
C_105596,Muhammad,Johnson,23,Consultant,Manchester,LOW,2018-01-21 20:55:27
C_105597,Lisa,Cooper,35,Student,Glasgow,LOW,2020-02-08 12:26:57
C_105598,Nancy,Roberts,18,Student,Belfast,LOW,2020-10-31 11:40:37
C_105599,Amelia,Lewis,36,Accountant,Leeds,LOW,2017-09-24 18:23:48
C_105600,Donna,Wilson,29,Software Engineer,Newcastle,LOW,2022-05-27 14:46:31
C_105601,Noah,Mason,29,Teacher,Coventry,MEDIUM,2017-03-13 10:08:35
C_105602,Jennifer,Mason,36,Unemployed,Leeds,LOW,2020-03-11 01:13:17
C_105603,Arthur,Ward,34,Business Owner,Sheffield,LOW,2020-05-15 22:39:03
C_105604,Mia,Robinson,39,Driver,Nottingham,LOW,2023-01-17 04:07:58
C_105605,Margaret,Martin,62,Accountant,Belfast,LOW,2018-06-09 14:27:05
C_105606,Sophia,Baker,24,Driver,Bristol,LOW,2016-05-19 10:49:50
C_105607,Arthur,Hill,26,Unemployed,Liverpool,LOW,2020-03-21 17:12:47
C_105608,Jessica,Robinson,57,Electrician,Edinburgh,LOW,2018-08-17 02:56:06
C_105609,Emily,Wright,35,Teacher,Bristol,LOW,2019-03-20 07:54:01
C_105610,Leo,Taylor,61,Retired,Manchester,LOW,2018-11-05 22:29:49
C_105611,Sarah,Martin,64,Driver,Bristol,MEDIUM,2017-11-04 19:41:15
C_105612,Kimberly,Lewis,20,Driver,Sheffield,LOW,2023-06-27 19:17:20
C_105613,Christopher,Wright,42,Registered Nurse,Leicester,LOW,2023-04-28 12:44:44
C_105614,Ava,Baker,31,Sales Associate,Liverpool,MEDIUM,2017-11-04 05:23:11
C_105615,Ivy,Mason,41,Project Manager,Leicester,LOW,2016-05-02 14:28:25
C_105616,Nancy,White,46,Chef,Belfast,LOW,2022-02-26 09:06:53
C_105617,Thomas,Taylor,36,Retired,Newcastle,LOW,2024-02-13 13:20:28
C_105618,Robert,Wood,20,Student,Cardiff,LOW,2017-06-25 04:23:49
C_105619,John,Clark,25,Teacher,Glasgow,LOW,2020-04-05 02:39:09
C_105620,Arthur,Johnson,53,Plumber,Glasgow,LOW,2022-08-01 01:37:12
C_105621,Michelle,Edwards,28,Teacher,Manchester,LOW,2020-08-24 16:41:23
C_105622,Noah,Martin,24,Retired,Leeds,MEDIUM,2025-03-02 06:48:10
C_105623,Michelle,Green,38,Electrician,Leicester,LOW,2019-04-19 19:33:44
C_105624,Michelle,Jackson,67,Retired,Sheffield,LOW,2025-08-29 06:46:37
C_105625,Margaret,Lewis,41,Business Owner,Birmingham,LOW,2021-09-14 12:15:43
C_105626,Oscar,Robinson,29,Unemployed,Manchester,LOW,2022-07-10 02:48:35
C_105627,Joseph,Carter,36,Student,Manchester,MEDIUM,2022-10-21 05:10:16
C_105628,William,White,43,Unemployed,Liverpool,LOW,2021-05-13 14:12:32
C_105629,Leo,Young,34,Retired,Manchester,LOW,2025-09-04 13:15:15
C_105630,Linda,Scott,40,Consultant,Edinburgh,LOW,2023-06-08 10:17:25
C_105631,Arthur,King,26,Driver,Coventry,LOW,2019-12-11 23:06:07
C_105632,Susan,Robinson,56,Driver,Newcastle,LOW,2016-04-06 19:44:13
C_105633,George,Patterson,45,Sales Associate,London,LOW,2018-02-02 05:12:39
C_105634,Patricia,Clarke,30,Accountant,Bristol,MEDIUM,2022-12-09 05:39:27
C_105635,Barbara,Taylor,33,Registered Nurse,Glasgow,LOW,2017-04-01 07:51:41
C_105636,Matthew,Hall,40,Consultant,Leeds,LOW,2023-01-28 05:14:18
C_105637,Margaret,Hill,65,Electrician,Glasgow,LOW,2025-03-25 15:10:02
C_105638,Donna,Wilson,51,Sales Associate,Newcastle,LOW,2025-10-12 18:35:46
C_105639,Ivy,Johnson,38,Lawyer,Birmingham,LOW,2022-12-02 12:35:01
C_105640,Karen,King,39,Lawyer,London,LOW,2021-09-04 01:07:18
C_105641,Sarah,Watson,43,Software Engineer,Cardiff,LOW,2020-06-01 06:26:39
C_105642,Christopher,Johnson,37,Doctor,Liverpool,LOW,2017-07-11 14:11:19
C_105643,Patricia,Walker,64,Doctor,Manchester,LOW,2017-08-27 03:42:37
C_105644,Robert,Jackson,32,Business Owner,Newcastle,LOW,2022-06-27 06:49:48
C_105645,Ava,Ward,60,Plumber,Birmingham,LOW,2023-06-17 14:22:05
C_105646,Michael,Brown,37,Retired,Leicester,MEDIUM,2025-05-05 21:35:11
C_105647,Robert,Evans,26,Construction Worker,Coventry,LOW,2024-03-31 12:24:58
C_105648,Daniel,Harris,65,Driver,Newcastle,LOW,2021-05-15 02:23:31
C_105649,Margaret,Davies,42,Student,Belfast,LOW,2017-09-27 07:02:17
C_105650,Donna,Ward,75,Electrician,Coventry,LOW,2020-08-09 07:54:43
C_105651,Charles,Baker,74,Electrician,Leicester,LOW,2020-03-29 16:40:47
C_105652,Donna,Hill,47,Consultant,Birmingham,MEDIUM,2022-09-11 13:48:08
C_105653,Thomas,Baker,40,Retired,Manchester,LOW,2019-01-30 11:09:13
C_105654,Susan,Ward,52,Business Owner,Coventry,LOW,2021-01-18 00:09:53
C_105655,Donna,Green,19,Student,Birmingham,MEDIUM,2017-09-28 15:38:58
C_105656,Mia,Thomas,41,Accountant,Sheffield,MEDIUM,2017-08-28 06:35:37
C_105657,Amelia,Evans,68,Student,Birmingham,LOW,2024-11-26 21:29:37
C_105658,Matthew,Thompson,70,Retired,Leeds,LOW,2018-04-15 03:47:05
C_105659,Daniel,Harris,18,Consultant,Edinburgh,LOW,2022-04-10 11:54:11
C_105660,Oliver,King,49,Doctor,Birmingham,LOW,2019-07-10 07:32:47
C_105661,Donna,Harris,29,Construction Worker,Sheffield,LOW,2023-07-15 10:43:54
C_105662,Lily,Brown,18,Administrative Assistant,Glasgow,LOW,2016-12-14 13:03:11
C_105663,Sophia,Wright,24,Lawyer,Nottingham,LOW,2019-05-24 03:55:23
C_105664,Patricia,Hill,71,Retired,Nottingham,LOW,2022-05-22 23:28:57
C_105665,Jessica,Edwards,33,Teacher,Manchester,MEDIUM,2019-05-28 12:37:05
C_105666,Daniel,Thomas,49,Business Owner,Leicester,LOW,2023-03-24 18:43:20
C_105667,Leo,Hughes,51,Project Manager,Cardiff,LOW,2017-03-13 11:00:41
C_105668,Robert,White,50,Administrative Assistant,Leeds,MEDIUM,2020-11-11 04:02:26
C_105669,Lily,Hill,40,Driver,Birmingham,LOW,2020-10-24 00:23:41
C_105670,Robert,Green,30,Software Engineer,Bristol,LOW,2024-11-23 08:37:34
C_105671,Richard,Patterson,21,Student,Newcastle,LOW,2025-07-31 13:38:54
C_105672,Isabella,Brown,27,Lawyer,Coventry,LOW,2019-05-24 00:00:53
C_105673,Betty,Clark,47,Construction Worker,Bristol,HIGH,2025-07-30 01:54:57
C_105674,Emily,Davies,43,Administrative Assistant,Birmingham,LOW,2017-03-09 23:28:43
C_105675,Richard,Harrison,52,Unemployed,Liverpool,LOW,2022-04-05 14:01:19
C_105676,Sandra,Edwards,41,Business Owner,Cardiff,LOW,2023-02-27 13:14:20
C_105677,William,White,58,Electrician,Liverpool,LOW,2018-12-02 14:14:21
C_105678,Muhammad,Hughes,45,Accountant,London,LOW,2025-10-15 16:58:07
C_105679,Olivia,Clark,41,Unemployed,Newcastle,LOW,2023-02-02 02:05:25
C_105680,Jessica,Hall,46,Construction Worker,Belfast,LOW,2018-06-12 18:32:54
C_105681,Michael,Harris,33,Administrative Assistant,Manchester,LOW,2020-10-17 17:42:06
C_105682,Jennifer,Wright,30,Plumber,Cardiff,LOW,2025-10-09 22:04:51
C_105683,Daniel,Mason,37,Lawyer,Nottingham,LOW,2024-12-24 23:56:22
C_105684,Susan,Johnson,18,Student,Sheffield,LOW,2020-09-20 14:45:16
C_105685,Ava,King,41,Business Owner,Leicester,LOW,2025-08-28 07:43:31
C_105686,Lisa,Martin,45,Administrative Assistant,Cardiff,LOW,2020-02-21 01:44:06
C_105687,Charles,Ward,42,Student,Cardiff,LOW,2020-08-18 08:34:23
C_105688,Arthur,Carter,45,Student,Edinburgh,LOW,2023-10-15 22:51:36
C_105689,Emily,Thomas,40,Project Manager,Nottingham,LOW,2019-07-02 20:36:23
C_105690,Ashley,Thomas,36,Teacher,Cardiff,LOW,2025-06-13 14:10:36
C_105691,Amelia,Wood,63,Plumber,Bristol,LOW,2019-06-20 00:49:20
C_105692,David,Roberts,61,Unemployed,Nottingham,LOW,2018-04-03 13:24:18
C_105693,Sophia,Mason,18,Student,Bristol,LOW,2023-05-22 16:04:36
C_105694,Susan,Carter,41,Software Engineer,Cardiff,LOW,2023-11-23 23:52:09
C_105695,William,Evans,46,Doctor,Manchester,LOW,2018-07-24 10:12:44
C_105696,Thomas,Evans,38,Business Owner,Sheffield,LOW,2021-08-06 01:48:56
C_105697,Jennifer,Johnson,43,Consultant,Manchester,LOW,2016-12-26 07:40:04
C_105698,Karen,Jones,38,Registered Nurse,Glasgow,LOW,2023-07-25 16:13:47
C_105699,Ava,Mitchell,47,Plumber,Liverpool,LOW,2021-05-26 18:21:02
C_105700,Mia,Mitchell,57,Project Manager,Liverpool,LOW,2022-02-06 10:18:39
C_105701,James,Wilson,52,Administrative Assistant,Coventry,MEDIUM,2024-09-16 23:06:11
C_105702,Barbara,Watson,55,Consultant,Nottingham,LOW,2023-12-30 10:35:36
C_105703,Barbara,Thompson,57,Project Manager,Birmingham,LOW,2017-04-26 15:22:23
C_105704,Arthur,Lewis,60,Accountant,Leicester,LOW,2018-04-04 13:19:50
C_105705,Lisa,Ward,41,Administrative Assistant,Leeds,LOW,2023-09-16 23:43:01
C_105706,Lily,Taylor,60,Chef,Sheffield,LOW,2025-04-30 03:38:10
C_105707,Lisa,Watson,77,Retired,Leeds,LOW,2020-03-20 16:47:44
C_105708,Lisa,Scott,64,Driver,Cardiff,LOW,2016-01-26 05:06:47
C_105709,Betty,Jackson,31,Sales Associate,Leicester,LOW,2019-06-22 09:50:46
C_105710,Betty,Brown,66,Retired,Nottingham,LOW,2023-10-13 06:43:44
C_105711,Linda,Lewis,47,Software Engineer,Belfast,LOW,2021-08-19 09:33:16
C_105712,Karen,Johnson,50,Accountant,Liverpool,LOW,2016-06-30 21:54:00
C_105713,Nancy,Jones,51,Plumber,Leicester,LOW,2021-11-04 13:42:03
C_105714,Karen,White,45,Registered Nurse,London,LOW,2024-01-19 17:30:23
C_105715,Lily,Walker,27,Unemployed,Newcastle,HIGH,2019-08-03 07:52:44
C_105716,Michelle,Hall,43,Retired,Sheffield,LOW,2020-05-13 14:14:36
C_105717,Linda,Mitchell,44,Chef,Liverpool,LOW,2024-02-15 12:03:31
C_105718,Donna,Robinson,48,Project Manager,Edinburgh,LOW,2021-07-05 21:38:59
C_105719,Amelia,Smith,40,Business Owner,Leicester,LOW,2023-10-02 20:00:06
C_105720,Daniel,Smith,18,Student,Cardiff,LOW,2017-07-02 12:32:20
C_105721,Sophia,Carter,64,Consultant,Birmingham,LOW,2018-05-05 06:24:21
C_105722,Oliver,Green,45,Registered Nurse,London,HIGH,2024-06-08 21:45:08
C_105723,Daniel,Robinson,54,Unemployed,Liverpool,HIGH,2025-12-02 04:09:57
C_105724,Amelia,Hughes,18,Student,London,LOW,2017-10-10 12:42:17
C_105725,Muhammad,Mason,37,Chef,Cardiff,LOW,2017-04-28 05:58:46
C_105726,Patricia,Hall,39,Administrative Assistant,Leeds,LOW,2022-06-21 12:39:23
C_105727,Barbara,Robinson,39,Retired,Cardiff,MEDIUM,2019-08-28 21:46:55
C_105728,Noah,Baker,63,Project Manager,Birmingham,LOW,2021-08-03 13:16:13
C_105729,Ivy,Harrison,39,Unemployed,Leicester,LOW,2023-12-18 06:23:06
C_105730,William,Hill,35,Project Manager,Bristol,LOW,2022-07-18 13:02:17
C_105731,Betty,Harris,50,Software Engineer,Liverpool,LOW,2020-07-24 13:18:07
C_105732,Arthur,Lewis,38,Consultant,Newcastle,MEDIUM,2025-09-10 12:16:25
C_105733,Harry,Evans,33,Electrician,Cardiff,LOW,2025-06-16 12:03:54
C_105734,Thomas,King,40,Retired,Newcastle,LOW,2022-11-05 18:11:12
C_105735,Karen,Jackson,49,Software Engineer,Sheffield,MEDIUM,2020-05-15 08:01:24
C_105736,Jennifer,Robinson,42,Project Manager,Birmingham,LOW,2024-07-22 16:55:07
C_105737,Michael,Smith,65,Retired,London,LOW,2017-10-08 06:34:20
C_105738,Michael,Robinson,59,Retired,Cardiff,LOW,2024-02-02 10:15:23
C_105739,Sophia,Clark,24,Sales Associate,Liverpool,MEDIUM,2017-01-27 10:41:28
C_105740,Jennifer,Mason,18,Student,Birmingham,LOW,2022-09-12 11:58:17
C_105741,Emily,Clarke,55,Sales Associate,Sheffield,HIGH,2019-07-06 08:08:28
C_105742,Lisa,Walker,18,Student,Belfast,LOW,2023-08-27 22:21:35
C_105743,Michelle,Brown,39,Plumber,Nottingham,LOW,2023-04-07 21:50:49
C_105744,Ashley,Martin,22,Doctor,Belfast,LOW,2016-11-20 04:43:26
C_105745,Oliver,Ward,46,Registered Nurse,Bristol,LOW,2024-06-15 20:56:28
C_105746,Daniel,White,49,Project Manager,Nottingham,LOW,2018-09-05 07:38:38
C_105747,Charles,Jones,45,Business Owner,Nottingham,MEDIUM,2019-07-12 00:06:23
C_105748,James,Harris,46,Business Owner,Cardiff,LOW,2023-04-11 09:48:03
C_105749,Arthur,Jones,55,Doctor,Liverpool,LOW,2018-05-01 09:31:44
C_105750,Margaret,Hall,29,Retired,Birmingham,LOW,2019-05-12 05:55:52
C_105751,George,King,53,Construction Worker,Liverpool,LOW,2016-05-27 16:56:16
C_105752,Barbara,Harrison,30,Plumber,Glasgow,LOW,2025-12-11 04:23:53
C_105753,Sarah,Williams,45,Unemployed,Leicester,LOW,2016-01-10 16:07:20
C_105754,Jessica,Clark,45,Driver,Birmingham,MEDIUM,2020-10-01 21:22:14
C_105755,Emily,Thomas,31,Business Owner,Manchester,LOW,2018-12-11 20:15:55
C_105756,Ivy,Clark,54,Plumber,Cardiff,LOW,2022-01-13 05:49:47
C_105757,Patricia,Mason,60,Consultant,Cardiff,LOW,2025-12-08 04:58:06
C_105758,Thomas,Carter,51,Plumber,Newcastle,LOW,2023-07-13 09:10:07
C_105759,Sarah,Jones,40,Lawyer,Belfast,LOW,2020-10-05 04:31:47
C_105760,George,Smith,31,Registered Nurse,Belfast,LOW,2022-12-30 09:25:24
C_105761,David,Baker,50,Business Owner,Liverpool,MEDIUM,2021-04-06 07:28:54
C_105762,Ashley,Edwards,62,Chef,Liverpool,MEDIUM,2023-05-29 15:24:19
C_105763,Mia,Wright,40,Lawyer,Sheffield,LOW,2022-08-22 03:05:44
C_105764,Isabella,Watson,47,Business Owner,Edinburgh,LOW,2023-01-23 03:10:56
C_105765,Oscar,Walker,29,Electrician,Nottingham,LOW,2017-10-16 07:35:23
C_105766,Mia,Evans,35,Registered Nurse,Belfast,MEDIUM,2016-02-21 16:56:29
C_105767,Michelle,Evans,24,Construction Worker,Leeds,LOW,2021-09-19 17:40:10
C_105768,Michelle,Mitchell,64,Registered Nurse,Leeds,LOW,2017-12-06 06:17:13
C_105769,Donna,Williams,34,Sales Associate,Coventry,LOW,2022-10-08 17:52:11
C_105770,Jennifer,Cooper,45,Teacher,Leicester,LOW,2017-08-01 12:24:17
C_105771,Karen,Baker,52,Project Manager,Manchester,LOW,2024-07-29 03:32:59
C_105772,Patricia,Taylor,52,Sales Associate,Coventry,LOW,2017-01-26 08:41:08
C_105773,Patricia,Young,47,Teacher,Leeds,HIGH,2016-08-30 12:25:47
C_105774,Donna,Patterson,44,Registered Nurse,Bristol,LOW,2018-10-04 12:38:57
C_105775,Linda,Thomas,29,Retired,London,LOW,2025-11-07 12:11:06
C_105776,Amelia,Mitchell,48,Project Manager,Newcastle,LOW,2017-01-13 14:01:51
C_105777,Christopher,Smith,47,Teacher,Edinburgh,LOW,2017-03-09 04:49:55
C_105778,Emily,Smith,37,Driver,Newcastle,LOW,2023-02-20 23:09:39
C_105779,Michael,Wright,26,Student,Birmingham,LOW,2018-10-01 12:06:47
C_105780,Noah,Evans,28,Driver,Edinburgh,MEDIUM,2025-11-21 21:06:57
C_105781,Robert,Jones,53,Registered Nurse,Coventry,LOW,2019-03-14 18:31:20
C_105782,Jessica,Baker,33,Consultant,Glasgow,LOW,2020-12-03 05:07:34
C_105783,William,Hall,41,Teacher,Glasgow,LOW,2024-10-28 11:09:51
C_105784,Olivia,Evans,40,Sales Associate,Cardiff,LOW,2016-01-08 09:34:16
C_105785,Richard,Harris,28,Accountant,Glasgow,LOW,2024-12-24 13:13:12
C_105786,Patricia,Wood,44,Electrician,Manchester,LOW,2023-11-20 18:37:38
C_105787,Michelle,King,46,Project Manager,Newcastle,LOW,2016-03-11 20:23:54
C_105788,Karen,Walker,54,Registered Nurse,Bristol,MEDIUM,2019-04-18 05:39:09
C_105789,Harry,White,64,Doctor,Liverpool,LOW,2018-06-15 22:24:01
C_105790,Ivy,Young,38,Student,Sheffield,LOW,2020-12-12 04:26:28
C_105791,David,Edwards,51,Business Owner,Manchester,HIGH,2024-07-20 00:03:16
C_105792,Ashley,Wright,68,Retired,Manchester,LOW,2017-07-16 06:34:09
C_105793,Lily,Mason,36,Doctor,Liverpool,LOW,2021-05-09 01:47:41
C_105794,Margaret,Williams,53,Sales Associate,Cardiff,MEDIUM,2022-10-10 20:16:53
C_105795,Betty,Cooper,50,Administrative Assistant,Belfast,LOW,2019-12-30 19:52:54
C_105796,Ava,Hill,18,Plumber,Sheffield,LOW,2021-11-13 12:37:18
C_105797,Michelle,King,46,Lawyer,Sheffield,LOW,2021-12-01 04:27:31
C_105798,Muhammad,Carter,45,Business Owner,Bristol,LOW,2023-12-21 20:23:57
C_105799,Isabella,Hall,18,Student,Leeds,LOW,2022-08-06 23:52:51
C_105800,Robert,Martin,31,Administrative Assistant,Glasgow,LOW,2021-02-01 03:35:48
C_105801,Sarah,Harrison,69,Retired,Glasgow,LOW,2025-04-14 22:48:55
C_105802,Noah,Jones,44,Unemployed,Leeds,LOW,2018-02-28 08:03:59
C_105803,Olivia,Hall,43,Doctor,Leicester,MEDIUM,2019-06-06 09:15:56
C_105804,Matthew,King,27,Software Engineer,Nottingham,LOW,2017-07-08 03:02:32
C_105805,Isla,Clarke,41,Consultant,Newcastle,MEDIUM,2016-11-15 01:48:53
C_105806,Amelia,Wood,61,Lawyer,Coventry,LOW,2018-01-03 17:08:23
C_105807,Michelle,Roberts,45,Teacher,Bristol,LOW,2022-07-15 22:52:59
C_105808,Harry,Jackson,34,Consultant,Bristol,LOW,2022-06-18 12:59:31
C_105809,Muhammad,Hughes,26,Teacher,Nottingham,LOW,2021-12-30 01:45:32
C_105810,Arthur,Clarke,53,Driver,London,LOW,2025-09-14 04:36:14
C_105811,Lily,Evans,37,Doctor,Liverpool,LOW,2016-05-17 00:42:15
C_105812,Ivy,Clark,18,Student,Nottingham,HIGH,2023-03-18 08:37:14
C_105813,Barbara,Green,57,Registered Nurse,Sheffield,LOW,2019-01-08 13:19:45
C_105814,Jennifer,Brown,53,Teacher,Nottingham,LOW,2017-12-13 21:33:46
C_105815,Harry,Watson,28,Doctor,Manchester,LOW,2017-04-08 03:23:58
C_105816,Olivia,Carter,49,Registered Nurse,London,LOW,2017-09-18 08:27:50
C_105817,Christopher,Jones,36,Unemployed,Belfast,LOW,2024-02-08 06:21:00
C_105818,Margaret,Jackson,44,Driver,Liverpool,MEDIUM,2024-06-21 10:08:32
C_105819,Patricia,Clark,34,Registered Nurse,Glasgow,LOW,2022-09-03 01:56:59
C_105820,Ivy,Clark,35,Project Manager,Manchester,LOW,2018-04-15 16:03:18
C_105821,Isla,Edwards,39,Driver,Sheffield,LOW,2017-11-16 14:54:13
C_105822,Sandra,Patterson,36,Unemployed,Cardiff,LOW,2025-01-09 12:56:57
C_105823,Michelle,Martin,21,Student,Leicester,LOW,2017-08-26 13:20:01
C_105824,James,Carter,40,Accountant,Leeds,LOW,2022-12-03 23:50:52
C_105825,Joseph,Taylor,47,Lawyer,Cardiff,LOW,2018-06-28 02:30:56
C_105826,Muhammad,Hughes,25,Electrician,Leeds,MEDIUM,2022-05-07 21:57:14
C_105827,David,Robinson,63,Electrician,Glasgow,LOW,2018-11-10 00:10:33
C_105828,Leo,Jackson,22,Teacher,Sheffield,LOW,2025-05-24 19:57:15
C_105829,George,Scott,51,Lawyer,Sheffield,LOW,2019-12-13 18:18:04
C_105830,Nancy,Walker,39,Chef,Bristol,LOW,2022-11-15 16:20:44
C_105831,Susan,Ward,64,Accountant,Manchester,LOW,2019-04-12 05:53:56
C_105832,Lisa,Baker,45,Project Manager,Leeds,LOW,2017-11-17 17:22:58
C_105833,Robert,Lewis,42,Doctor,Nottingham,LOW,2019-09-04 02:14:51
C_105834,Sandra,Harrison,43,Construction Worker,Nottingham,LOW,2018-01-12 11:33:27
C_105835,Lily,Williams,48,Lawyer,London,LOW,2020-07-13 15:59:11
C_105836,Linda,Carter,35,Sales Associate,Belfast,MEDIUM,2017-10-12 10:19:06
C_105837,Thomas,Patterson,45,Unemployed,Liverpool,LOW,2020-12-03 03:50:28
C_105838,George,Smith,61,Plumber,Coventry,LOW,2020-04-28 06:56:13
C_105839,Robert,Brown,58,Doctor,Liverpool,LOW,2020-02-09 07:25:26
C_105840,Ava,Taylor,43,Registered Nurse,Leeds,LOW,2016-03-23 02:22:12
C_105841,James,Wood,52,Business Owner,Cardiff,MEDIUM,2017-10-07 20:32:55
C_105842,Betty,Hall,39,Software Engineer,Newcastle,LOW,2024-01-28 08:05:15
C_105843,Amelia,Scott,54,Registered Nurse,Birmingham,LOW,2025-05-02 06:54:11
C_105844,Noah,White,62,Unemployed,Birmingham,LOW,2020-08-14 16:42:25
C_105845,Jessica,Williams,44,Sales Associate,Bristol,LOW,2023-02-22 03:50:38
C_105846,Thomas,Ward,54,Retired,Bristol,LOW,2016-07-12 03:04:14
C_105847,Noah,Jones,41,Unemployed,London,LOW,2018-06-01 04:48:56
C_105848,David,Lewis,20,Student,Birmingham,LOW,2019-10-19 08:52:18
C_105849,Daniel,Taylor,32,Business Owner,Manchester,LOW,2022-04-11 07:56:36
C_105850,Karen,Taylor,18,Student,Coventry,LOW,2022-02-14 02:28:54
C_105851,Kimberly,Clark,49,Consultant,Birmingham,LOW,2020-04-13 16:51:52
C_105852,Charles,Mitchell,42,Registered Nurse,London,LOW,2017-03-26 10:15:11
C_105853,Karen,Wood,34,Student,Sheffield,LOW,2017-04-04 20:39:32
C_105854,Richard,Edwards,42,Construction Worker,Bristol,LOW,2016-09-14 17:38:48
C_105855,George,Johnson,52,Project Manager,Leicester,LOW,2020-05-18 11:30:37
C_105856,Robert,Taylor,75,Student,Coventry,LOW,2023-02-20 19:06:36
C_105857,Arthur,Martin,46,Administrative Assistant,Leeds,MEDIUM,2018-01-04 08:16:12
C_105858,Oscar,Mason,46,Unemployed,Bristol,MEDIUM,2025-06-18 07:04:26
C_105859,Amelia,Smith,28,Administrative Assistant,Cardiff,LOW,2017-06-17 00:31:20
C_105860,Isabella,Evans,53,Construction Worker,Coventry,LOW,2025-02-26 16:49:46
C_105861,Emily,Wood,42,Lawyer,Sheffield,LOW,2016-02-14 18:10:04
C_105862,Mia,Mitchell,66,Retired,Cardiff,MEDIUM,2020-09-05 14:15:02
C_105863,Christopher,Hughes,29,Retired,Leicester,LOW,2025-07-09 15:48:26
C_105864,Nancy,Wood,62,Teacher,Glasgow,LOW,2021-07-11 04:28:43
C_105865,Thomas,Wood,61,Accountant,Coventry,HIGH,2023-02-26 18:16:55
C_105866,Sophia,Wood,56,Unemployed,Sheffield,MEDIUM,2018-10-01 23:03:25
C_105867,Christopher,Thomas,36,Unemployed,Edinburgh,LOW,2018-05-17 23:08:30
C_105868,Ava,Scott,60,Administrative Assistant,Manchester,MEDIUM,2024-09-16 06:19:04
C_105869,Daniel,Clark,39,Chef,Belfast,LOW,2021-08-08 11:06:32
C_105870,Sarah,Hall,36,Teacher,Leeds,MEDIUM,2016-05-03 01:00:58
C_105871,Amelia,Evans,52,Construction Worker,Liverpool,LOW,2022-04-26 10:42:00
C_105872,William,Thompson,44,Administrative Assistant,Manchester,HIGH,2019-06-05 12:07:13
C_105873,Kimberly,White,30,Lawyer,Leicester,LOW,2017-06-26 19:04:22
C_105874,Sarah,Hill,75,Retired,Nottingham,LOW,2023-06-14 00:11:34
C_105875,Lily,Mitchell,43,Sales Associate,Leicester,LOW,2023-03-01 14:26:38
C_105876,Harry,Mitchell,26,Unemployed,Bristol,HIGH,2017-02-10 11:18:44
C_105877,Leo,Thomas,57,Lawyer,Birmingham,LOW,2025-05-24 05:35:54
C_105878,Ivy,Brown,32,Retired,Edinburgh,LOW,2020-01-07 19:51:21
C_105879,Daniel,Lewis,32,Registered Nurse,Newcastle,LOW,2022-09-24 16:19:44
C_105880,Lisa,Clarke,61,Student,Birmingham,MEDIUM,2020-02-27 02:20:35
C_105881,Noah,Carter,43,Software Engineer,Belfast,LOW,2018-12-20 10:44:13
C_105882,Lily,Smith,21,Student,London,LOW,2019-10-07 14:27:12
C_105883,Susan,Hall,18,Student,Coventry,LOW,2017-12-10 13:55:54
C_105884,Mia,Roberts,39,Business Owner,Birmingham,LOW,2016-11-20 02:14:08
C_105885,Daniel,Martin,25,Doctor,Birmingham,LOW,2018-12-26 06:46:12
C_105886,Charles,Hall,30,Driver,Belfast,HIGH,2018-11-19 13:53:19
C_105887,Oscar,Hall,63,Administrative Assistant,Coventry,MEDIUM,2021-09-04 02:18:09
C_105888,Thomas,Young,24,Chef,Sheffield,LOW,2019-07-05 11:18:35
C_105889,Arthur,Jackson,44,Accountant,Leeds,LOW,2022-07-19 10:39:40
C_105890,Patricia,Martin,24,Consultant,Bristol,LOW,2017-10-25 23:43:38
C_105891,John,Martin,56,Consultant,Edinburgh,MEDIUM,2022-02-02 06:29:57
C_105892,Ava,Hall,29,Software Engineer,Sheffield,LOW,2019-02-19 05:30:41
C_105893,Oscar,Jones,45,Business Owner,Leicester,LOW,2021-04-22 16:13:15
C_105894,Linda,Harris,53,Consultant,Sheffield,LOW,2016-05-08 12:36:42
C_105895,Christopher,Mitchell,43,Student,Sheffield,LOW,2017-12-24 07:49:34
C_105896,Isabella,Ward,36,Software Engineer,London,LOW,2023-01-19 04:39:17
C_105897,Nancy,Jackson,58,Retired,Coventry,LOW,2020-06-27 07:30:19
C_105898,Daniel,Young,47,Retired,Coventry,LOW,2019-06-29 13:11:07
C_105899,Linda,Young,50,Business Owner,Sheffield,LOW,2016-09-13 16:11:54
C_105900,William,Thomas,41,Plumber,Edinburgh,LOW,2017-08-04 10:42:13
C_105901,Susan,Robinson,39,Sales Associate,Edinburgh,LOW,2022-02-21 17:18:57
C_105902,Harry,Mason,55,Administrative Assistant,Liverpool,MEDIUM,2023-07-03 18:41:45
C_105903,Margaret,Baker,21,Chef,Leicester,HIGH,2019-09-16 15:46:22
C_105904,Isla,Patterson,30,Accountant,Leeds,LOW,2018-04-07 04:32:20
C_105905,Charles,Davies,44,Chef,Newcastle,LOW,2023-06-01 17:19:03
C_105906,Barbara,Hall,18,Student,Liverpool,LOW,2023-05-16 16:00:37
C_105907,Olivia,Williams,50,Plumber,London,LOW,2020-03-18 22:25:34
C_105908,Jessica,Evans,54,Chef,Liverpool,MEDIUM,2024-04-11 14:24:36
C_105909,Linda,Martin,44,Registered Nurse,Newcastle,LOW,2022-05-31 08:36:48
C_105910,Ivy,Evans,48,Electrician,Newcastle,LOW,2023-12-07 19:43:51
C_105911,Robert,Wood,48,Lawyer,London,LOW,2023-10-10 23:53:46
C_105912,Oliver,White,52,Retired,Leeds,LOW,2024-04-17 04:27:23
C_105913,Barbara,Harris,52,Registered Nurse,Newcastle,LOW,2020-06-22 03:23:45
C_105914,Mia,Williams,72,Retired,Edinburgh,MEDIUM,2016-11-17 23:35:32
C_105915,Betty,Hall,42,Accountant,Glasgow,MEDIUM,2018-03-25 01:04:46
C_105916,Oliver,Mason,58,Unemployed,Sheffield,LOW,2019-04-06 04:24:33
C_105917,Nancy,Hall,70,Retired,Birmingham,LOW,2018-04-01 06:22:20
C_105918,David,Walker,31,Teacher,Liverpool,LOW,2019-12-17 16:52:09
C_105919,Sandra,King,54,Teacher,Bristol,HIGH,2018-02-04 12:15:13
C_105920,George,Mason,50,Construction Worker,London,MEDIUM,2022-06-15 23:19:42
C_105921,Margaret,Jackson,50,Teacher,Newcastle,LOW,2020-08-05 13:33:38
C_105922,William,Wright,33,Business Owner,Belfast,LOW,2016-09-19 06:34:36
C_105923,Margaret,Green,28,Lawyer,Glasgow,LOW,2018-05-11 11:35:27
C_105924,Jessica,Clark,41,Administrative Assistant,Edinburgh,MEDIUM,2017-05-13 21:34:09
C_105925,Ivy,Baker,45,Registered Nurse,Cardiff,LOW,2022-08-23 20:57:38
C_105926,Lily,Cooper,51,Chef,Bristol,MEDIUM,2017-06-10 03:30:25
C_105927,Thomas,Martin,62,Plumber,Bristol,LOW,2016-02-02 03:44:00
C_105928,Jennifer,Taylor,61,Unemployed,Belfast,LOW,2024-05-27 04:33:20
C_105929,Olivia,Hill,20,Student,Belfast,LOW,2018-07-09 06:07:07
C_105930,Jennifer,Evans,37,Registered Nurse,Bristol,MEDIUM,2018-04-02 02:49:43
C_105931,Ivy,Davies,40,Sales Associate,Birmingham,LOW,2017-07-17 17:48:02
C_105932,Margaret,Hughes,75,Retired,Leeds,MEDIUM,2020-09-28 13:28:02
C_105933,Harry,Davies,24,Construction Worker,Belfast,LOW,2017-03-27 13:57:29
C_105934,Ivy,Carter,30,Business Owner,Leicester,LOW,2021-12-30 07:04:26
C_105935,Thomas,Robinson,48,Administrative Assistant,Glasgow,LOW,2024-10-17 12:09:04
C_105936,George,Thompson,30,Doctor,Glasgow,HIGH,2020-08-30 23:06:31
C_105937,Jennifer,Harrison,36,Project Manager,Newcastle,LOW,2019-06-01 09:12:34
C_105938,Elizabeth,Johnson,58,Chef,Belfast,LOW,2024-07-02 04:37:38
C_105939,Michael,Harris,46,Doctor,Glasgow,LOW,2024-09-25 12:47:33
C_105940,Arthur,Wright,51,Administrative Assistant,Glasgow,LOW,2020-04-02 13:35:44
C_105941,Arthur,Watson,50,Construction Worker,Cardiff,LOW,2020-10-22 07:58:43
C_105942,Elizabeth,Young,51,Doctor,Birmingham,LOW,2016-12-21 06:01:11
C_105943,Michael,White,49,Sales Associate,Glasgow,MEDIUM,2016-12-23 00:55:43
C_105944,Charles,Clarke,33,Plumber,Newcastle,LOW,2023-12-30 01:33:07
C_105945,Thomas,Young,65,Sales Associate,Leeds,HIGH,2020-12-09 17:43:51
C_105946,Daniel,Edwards,36,Chef,Glasgow,LOW,2021-04-05 04:26:31
C_105947,Donna,Thomas,76,Teacher,Leeds,LOW,2019-02-01 01:16:50
C_105948,Karen,White,25,Retired,Bristol,LOW,2017-04-09 17:40:52
C_105949,Mia,Wilson,21,Student,Glasgow,MEDIUM,2023-11-16 13:05:38
C_105950,Muhammad,King,61,Lawyer,Bristol,LOW,2023-03-16 22:39:11
C_105951,Daniel,Scott,34,Doctor,Cardiff,LOW,2019-12-27 16:56:20
C_105952,Sandra,Baker,41,Registered Nurse,Bristol,MEDIUM,2022-09-30 10:41:36
C_105953,Thomas,Brown,51,Driver,Cardiff,LOW,2017-12-25 08:12:10
C_105954,Lisa,Ward,50,Chef,Coventry,LOW,2025-08-06 07:26:07
C_105955,Olivia,Young,23,Chef,Belfast,HIGH,2022-05-29 19:07:12
C_105956,John,Johnson,30,Teacher,Nottingham,LOW,2017-07-26 09:31:18
C_105957,Muhammad,Evans,35,Unemployed,Newcastle,LOW,2017-01-24 08:07:03
C_105958,Ivy,Martin,24,Plumber,Bristol,LOW,2018-10-15 22:57:13
C_105959,Michelle,Ward,35,Software Engineer,Edinburgh,LOW,2023-02-04 20:39:08
C_105960,Isla,Baker,41,Electrician,Leeds,LOW,2020-10-03 19:45:38
C_105961,Christopher,Lewis,44,Driver,Manchester,LOW,2023-02-20 07:08:31
C_105962,Michael,Wood,47,Registered Nurse,Glasgow,LOW,2025-07-16 04:23:13
C_105963,William,Thompson,51,Project Manager,Edinburgh,LOW,2023-03-09 20:59:07
C_105964,Jessica,Clarke,19,Student,London,LOW,2024-09-24 01:04:31
C_105965,Ava,Green,18,Student,Sheffield,LOW,2025-12-01 08:52:15
C_105966,Patricia,White,33,Student,Glasgow,LOW,2025-12-01 22:48:07
C_105967,Christopher,Thomas,58,Doctor,Coventry,LOW,2017-10-27 02:43:31
C_105968,Michelle,Patterson,54,Project Manager,Sheffield,LOW,2023-03-13 22:11:54
C_105969,Ava,Evans,43,Electrician,Nottingham,LOW,2021-05-20 12:16:22
C_105970,George,Young,49,Registered Nurse,Leeds,LOW,2023-09-16 02:11:52
C_105971,Betty,Green,53,Construction Worker,Sheffield,LOW,2023-02-06 11:36:50
C_105972,Leo,Mitchell,38,Registered Nurse,Glasgow,LOW,2016-07-30 15:26:29
C_105973,Robert,Watson,59,Lawyer,Newcastle,LOW,2024-08-20 07:47:52
C_105974,Christopher,King,29,Unemployed,Birmingham,LOW,2021-03-11 04:28:38
C_105975,Ava,Brown,46,Administrative Assistant,Coventry,LOW,2025-10-10 22:01:45
C_105976,Leo,Young,30,Software Engineer,Belfast,MEDIUM,2021-06-27 23:11:24
C_105977,Oliver,Smith,18,Consultant,Leicester,LOW,2019-02-07 11:08:39
C_105978,Michael,Robinson,35,Software Engineer,Leeds,LOW,2021-07-28 18:13:49
C_105979,Lisa,Taylor,33,Project Manager,Newcastle,MEDIUM,2019-10-26 20:32:09
C_105980,John,Carter,44,Project Manager,Cardiff,LOW,2021-06-15 09:53:37
C_105981,Sarah,Thompson,48,Driver,Edinburgh,MEDIUM,2020-07-07 18:14:54
C_105982,Matthew,Jones,46,Plumber,Liverpool,HIGH,2024-04-10 17:52:51
C_105983,Elizabeth,Clarke,51,Doctor,Sheffield,LOW,2020-05-02 11:48:26
C_105984,Ivy,Smith,44,Construction Worker,Glasgow,LOW,2021-08-31 04:03:50
C_105985,Lily,Wilson,29,Unemployed,Liverpool,LOW,2016-11-07 05:01:44
C_105986,Isla,Hill,31,Plumber,Sheffield,LOW,2022-05-31 10:14:23
C_105987,Robert,Clarke,40,Consultant,Manchester,LOW,2020-10-02 15:21:37
C_105988,Ava,Johnson,51,Unemployed,Newcastle,LOW,2022-03-25 05:32:31
C_105989,Margaret,King,22,Lawyer,Belfast,LOW,2019-01-22 04:07:18
C_105990,Lisa,Mason,46,Driver,Cardiff,LOW,2018-09-28 23:57:30
C_105991,Michelle,Walker,57,Administrative Assistant,Leeds,LOW,2024-02-15 07:07:59
C_105992,Linda,Harrison,59,Administrative Assistant,Edinburgh,LOW,2020-06-20 19:00:20
C_105993,Jessica,Scott,24,Unemployed,Leeds,LOW,2024-01-27 15:47:23
C_105994,Elizabeth,Evans,57,Retired,Sheffield,LOW,2019-09-24 01:21:08
C_105995,Patricia,Carter,63,Sales Associate,Bristol,LOW,2021-07-02 08:28:39
C_105996,Kimberly,Clarke,21,Student,Edinburgh,LOW,2022-09-10 14:42:16
C_105997,George,Thompson,66,Retired,Bristol,LOW,2024-01-26 05:36:59
C_105998,Thomas,Hughes,33,Teacher,Bristol,LOW,2021-02-14 16:10:32
C_105999,Elizabeth,Hill,25,Registered Nurse,Edinburgh,HIGH,2022-10-29 01:39:11
C_106000,William,Ward,25,Lawyer,Leicester,LOW,2022-05-17 08:17:21
C_106001,Ivy,Taylor,31,Accountant,London,LOW,2017-10-08 09:19:52
C_106002,Olivia,Clark,33,Chef,Sheffield,LOW,2018-02-08 14:10:56
C_106003,William,Evans,42,Business Owner,Cardiff,LOW,2020-08-01 14:19:30
C_106004,Leo,Wright,29,Driver,Leeds,MEDIUM,2021-04-19 06:38:38
C_106005,Sophia,Mason,39,Chef,Liverpool,LOW,2017-08-26 14:26:41
C_106006,Betty,Scott,73,Retired,Sheffield,LOW,2024-09-08 00:18:06
C_106007,George,Baker,49,Lawyer,Newcastle,LOW,2023-09-13 20:41:47
C_106008,Isla,Green,70,Retired,Nottingham,LOW,2025-10-08 09:43:53
C_106009,Karen,Jones,23,Sales Associate,Liverpool,LOW,2021-06-20 13:38:33
C_106010,Emily,Walker,63,Driver,Birmingham,LOW,2021-06-19 18:11:06
C_106011,Kimberly,Ward,46,Student,Manchester,LOW,2023-10-28 15:37:46
C_106012,John,Clark,48,Electrician,Nottingham,LOW,2016-05-19 00:22:53
C_106013,Amelia,Young,20,Plumber,Coventry,LOW,2025-06-12 15:16:21
C_106014,Karen,Patterson,62,Consultant,Leeds,MEDIUM,2023-10-04 01:24:32
C_106015,Robert,Evans,34,Chef,Newcastle,LOW,2023-08-07 00:21:20
C_106016,Oscar,Hughes,44,Student,Leicester,MEDIUM,2016-06-02 18:07:48
C_106017,Michael,Smith,24,Registered Nurse,Liverpool,LOW,2025-12-02 12:36:42
C_106018,Susan,Walker,32,Accountant,Glasgow,LOW,2020-11-21 12:19:56
C_106019,Ava,Wright,33,Chef,Cardiff,LOW,2024-08-06 03:03:19
C_106020,Mia,Mitchell,58,Plumber,Belfast,LOW,2021-01-05 14:38:14
C_106021,Susan,Carter,35,Construction Worker,Cardiff,LOW,2016-06-19 17:32:07
C_106022,Oliver,Jackson,59,Construction Worker,Cardiff,LOW,2016-09-23 00:28:26
C_106023,Charles,Wright,39,Registered Nurse,Leicester,LOW,2025-07-20 17:38:48
C_106024,James,Taylor,51,Business Owner,Birmingham,LOW,2018-02-20 00:54:19
C_106025,Margaret,Clark,46,Lawyer,Manchester,LOW,2019-07-10 04:49:05
C_106026,Elizabeth,Harrison,50,Consultant,Newcastle,LOW,2022-06-18 08:32:25
C_106027,Oliver,Robinson,43,Student,Birmingham,LOW,2016-07-12 11:39:57
C_106028,Richard,Williams,43,Business Owner,Cardiff,LOW,2023-04-27 14:52:09
C_106029,Arthur,Edwards,52,Lawyer,Cardiff,LOW,2018-12-15 22:19:41
C_106030,Barbara,Brown,43,Software Engineer,Cardiff,MEDIUM,2022-02-04 15:34:41
C_106031,William,Wood,39,Retired,Nottingham,LOW,2025-06-20 01:52:22
C_106032,Margaret,Clarke,31,Lawyer,Bristol,LOW,2020-06-22 13:51:21
C_106033,Amelia,Walker,74,Driver,Cardiff,LOW,2019-06-18 09:54:39
C_106034,Lisa,Lewis,55,Business Owner,Manchester,LOW,2024-09-30 08:03:09
C_106035,Michael,Williams,36,Driver,Newcastle,LOW,2025-06-29 13:06:36
C_106036,George,Jackson,59,Plumber,Belfast,LOW,2021-02-18 15:35:24
C_106037,Michael,Young,44,Doctor,Cardiff,LOW,2018-10-15 21:14:58
C_106038,Muhammad,Carter,35,Unemployed,Manchester,MEDIUM,2025-06-16 21:36:41
C_106039,Noah,Thompson,37,Consultant,Sheffield,MEDIUM,2020-05-06 00:39:55
C_106040,Jessica,Thomas,21,Student,Nottingham,LOW,2025-10-02 11:13:53
C_106041,Ava,Edwards,47,Registered Nurse,Birmingham,LOW,2023-02-03 21:08:58
C_106042,Arthur,Wilson,39,Student,Leeds,LOW,2018-02-26 23:01:30
C_106043,Barbara,Evans,63,Business Owner,Glasgow,LOW,2017-10-27 09:05:53
C_106044,Patricia,Watson,30,Administrative Assistant,Sheffield,MEDIUM,2021-10-10 16:07:41
C_106045,Sophia,Johnson,54,Driver,Nottingham,MEDIUM,2020-05-27 15:04:14
C_106046,Michelle,Watson,33,Teacher,London,LOW,2022-03-28 20:57:47
C_106047,Betty,Jackson,34,Doctor,Coventry,LOW,2016-08-05 03:22:08
C_106048,Robert,Green,27,Electrician,Bristol,LOW,2022-04-12 23:08:43
C_106049,Arthur,Patterson,18,Student,Sheffield,MEDIUM,2024-12-17 10:16:08
C_106050,Linda,Scott,67,Business Owner,Glasgow,LOW,2017-01-14 21:43:20
C_106051,Betty,Carter,37,Registered Nurse,London,LOW,2025-05-15 14:48:23
C_106052,David,Hill,36,Plumber,Glasgow,MEDIUM,2019-07-08 12:06:25
C_106053,Isabella,Lewis,41,Plumber,Cardiff,LOW,2017-11-21 08:19:27
C_106054,Emily,Hall,18,Business Owner,Manchester,LOW,2020-10-23 09:48:27
C_106055,Jennifer,Wood,45,Driver,Birmingham,LOW,2025-12-10 05:49:53
C_106056,Barbara,Scott,33,Electrician,Edinburgh,MEDIUM,2023-05-24 13:37:07
C_106057,Michelle,Wright,20,Student,Birmingham,LOW,2018-03-17 12:34:46
C_106058,Charles,Thomas,53,Lawyer,Glasgow,LOW,2019-05-01 11:10:02
C_106059,Daniel,Ward,54,Retired,Leeds,LOW,2025-12-19 04:00:49
C_106060,Matthew,Clark,61,Retired,Liverpool,LOW,2019-10-29 19:01:47
C_106061,Emily,Thompson,18,Student,Belfast,LOW,2016-03-02 19:12:49
C_106062,Christopher,Wood,40,Unemployed,Leeds,LOW,2017-09-12 20:55:27
C_106063,Lisa,Hill,23,Construction Worker,Liverpool,LOW,2022-08-12 20:48:58
C_106064,Arthur,Clark,49,Electrician,Birmingham,LOW,2016-06-02 21:44:51
C_106065,Robert,Edwards,37,Student,Glasgow,LOW,2017-06-13 18:42:34
C_106066,Charles,White,35,Registered Nurse,Newcastle,LOW,2016-12-22 16:26:08
C_106067,Arthur,Clark,35,Sales Associate,Bristol,LOW,2019-12-02 06:31:30
C_106068,George,Evans,54,Business Owner,Glasgow,LOW,2023-07-20 03:58:29
C_106069,Richard,Wood,60,Doctor,Leeds,LOW,2020-10-08 18:50:56
C_106070,Emily,Smith,47,Accountant,Birmingham,LOW,2021-09-06 02:30:17
C_106071,Oliver,Mitchell,33,Project Manager,Nottingham,LOW,2019-06-30 21:13:18
C_106072,William,Evans,18,Student,Leicester,LOW,2021-06-15 07:44:36
C_106073,Richard,Cooper,29,Registered Nurse,Coventry,MEDIUM,2016-07-22 19:28:56
C_106074,Sophia,White,61,Registered Nurse,Newcastle,LOW,2019-06-27 19:16:37
C_106075,Olivia,Mason,45,Teacher,Bristol,MEDIUM,2024-10-31 11:20:59
C_106076,Kimberly,Clark,33,Sales Associate,London,LOW,2020-03-26 00:05:38
C_106077,Sophia,Jackson,47,Teacher,Edinburgh,LOW,2021-10-03 17:27:16
C_106078,Lily,Wright,47,Student,Leicester,HIGH,2018-01-20 06:03:20
C_106079,Ivy,Young,30,Electrician,London,LOW,2018-04-30 05:19:15
C_106080,Nancy,Clark,56,Teacher,Glasgow,LOW,2019-12-31 07:40:35
C_106081,Robert,Johnson,18,Student,Leeds,LOW,2024-11-25 12:31:25
C_106082,Ivy,Ward,41,Project Manager,Coventry,LOW,2018-03-08 23:58:42
C_106083,William,Mitchell,44,Construction Worker,London,LOW,2025-03-28 02:15:17
C_106084,Ashley,Jones,48,Unemployed,Manchester,LOW,2025-11-23 00:24:11
C_106085,Sandra,Harris,18,Student,Coventry,LOW,2017-01-08 02:30:25
C_106086,Sarah,Mitchell,70,Retired,Glasgow,LOW,2023-03-10 05:41:38
C_106087,Sandra,Clarke,37,Consultant,Belfast,LOW,2018-02-14 18:57:22
C_106088,Sophia,Wright,35,Administrative Assistant,Edinburgh,LOW,2019-07-31 20:52:00
C_106089,John,Clarke,62,Retired,Manchester,LOW,2023-03-10 17:34:13
C_106090,Emily,Young,31,Unemployed,Bristol,LOW,2020-02-09 11:27:26
C_106091,Muhammad,Roberts,43,Lawyer,Belfast,MEDIUM,2023-07-12 12:07:43
C_106092,Charles,Thompson,43,Construction Worker,Newcastle,LOW,2021-02-02 02:07:12
C_106093,Ivy,Davies,48,Student,Belfast,LOW,2018-07-08 23:26:51
C_106094,Michelle,Scott,41,Accountant,Manchester,LOW,2019-03-22 18:37:00
C_106095,Ivy,Martin,19,Electrician,Bristol,LOW,2021-09-05 19:09:53
C_106096,Ashley,Walker,66,Retired,Manchester,LOW,2020-03-02 10:25:32
C_106097,Ivy,Taylor,45,Electrician,Sheffield,LOW,2024-06-21 12:21:55
C_106098,Ava,Brown,35,Project Manager,Leicester,LOW,2025-07-12 00:46:25
C_106099,Charles,Watson,56,Student,Sheffield,LOW,2017-02-21 13:01:55
C_106100,Matthew,Harris,39,Chef,London,LOW,2016-11-10 01:24:58
C_106101,Ivy,Jones,48,Electrician,Liverpool,LOW,2017-01-30 15:12:05
C_106102,Sarah,King,33,Chef,Liverpool,MEDIUM,2017-02-08 09:31:49
C_106103,Olivia,Roberts,39,Student,Newcastle,LOW,2024-05-15 04:38:46
C_106104,Oscar,Hall,34,Doctor,Birmingham,LOW,2016-05-28 09:42:33
C_106105,Robert,Thomas,55,Chef,Coventry,LOW,2022-03-04 18:12:21
C_106106,Noah,Davies,53,Business Owner,Leeds,LOW,2022-01-07 10:52:06
C_106107,Ava,Thompson,38,Accountant,Newcastle,LOW,2016-06-15 07:33:33
C_106108,Mia,Clark,59,Administrative Assistant,Birmingham,LOW,2025-11-08 12:25:25
C_106109,Christopher,Davies,44,Administrative Assistant,Sheffield,LOW,2019-12-21 10:40:41
C_106110,Michael,Martin,35,Driver,London,MEDIUM,2025-11-08 07:50:15
C_106111,Michael,Hughes,44,Chef,Newcastle,LOW,2016-11-16 21:50:04
C_106112,Kimberly,Clarke,18,Student,Cardiff,LOW,2023-06-28 19:06:01
C_106113,Muhammad,Ward,63,Chef,Coventry,MEDIUM,2021-02-27 09:56:05
C_106114,Richard,Thomas,27,Doctor,Coventry,MEDIUM,2021-10-29 14:26:03
C_106115,Ivy,Harrison,33,Retired,Nottingham,LOW,2017-06-18 18:22:31
C_106116,Jessica,Carter,42,Chef,Liverpool,LOW,2025-05-06 09:46:43
C_106117,Ivy,Brown,49,Registered Nurse,Glasgow,LOW,2018-11-02 16:48:30
C_106118,Ivy,Mitchell,48,Administrative Assistant,Birmingham,LOW,2019-12-19 15:58:53
C_106119,Patricia,Brown,54,Consultant,Newcastle,LOW,2023-01-22 19:52:18
C_106120,Jessica,Martin,44,Administrative Assistant,Liverpool,MEDIUM,2019-05-11 07:25:13
C_106121,Sophia,Roberts,31,Accountant,Leicester,LOW,2024-04-26 03:41:33
C_106122,Isla,Jackson,43,Student,Belfast,MEDIUM,2016-01-21 22:44:23
C_106123,Jennifer,Evans,45,Teacher,Belfast,LOW,2025-09-28 22:31:50
C_106124,Jessica,Thomas,20,Project Manager,Glasgow,LOW,2024-10-30 02:10:09
C_106125,Barbara,Jackson,33,Accountant,Sheffield,LOW,2022-09-29 14:37:10
C_106126,Lily,Hill,28,Unemployed,Manchester,LOW,2018-12-29 07:58:52
C_106127,Sandra,Ward,49,Electrician,Leeds,LOW,2024-02-13 14:29:05
C_106128,Oliver,Hall,61,Accountant,Manchester,LOW,2018-08-29 20:47:48
C_106129,Sandra,Lewis,43,Retired,Bristol,LOW,2020-11-06 18:19:04
C_106130,Ava,Jones,45,Chef,Birmingham,LOW,2019-06-10 13:59:14
C_106131,Richard,Thomas,56,Doctor,London,LOW,2022-10-26 17:02:27
C_106132,Jessica,Smith,49,Plumber,Coventry,MEDIUM,2025-04-26 11:35:01
C_106133,Karen,Brown,26,Administrative Assistant,Leeds,LOW,2016-08-12 04:55:30
C_106134,Betty,Jackson,54,Doctor,London,LOW,2016-07-29 11:13:39
C_106135,Nancy,White,40,Plumber,Edinburgh,LOW,2024-08-14 13:23:27
C_106136,Mia,Mason,48,Sales Associate,Leeds,LOW,2018-03-28 06:47:06
C_106137,Michael,Clark,51,Accountant,Bristol,LOW,2016-10-02 06:56:54
C_106138,Isabella,Brown,57,Construction Worker,Edinburgh,LOW,2019-04-05 19:38:18
C_106139,Michelle,Wood,28,Construction Worker,Leeds,LOW,2019-05-24 07:43:42
C_106140,George,Baker,65,Administrative Assistant,Belfast,MEDIUM,2019-06-28 20:41:40
C_106141,Oscar,White,46,Driver,Newcastle,LOW,2018-04-28 14:35:51
C_106142,John,Hill,25,Project Manager,Liverpool,LOW,2021-10-10 23:15:43
C_106143,Olivia,Wright,29,Administrative Assistant,Coventry,LOW,2023-05-27 11:41:13
C_106144,Kimberly,Robinson,61,Consultant,Leeds,LOW,2022-09-07 14:47:38
C_106145,William,Harrison,39,Sales Associate,Liverpool,LOW,2023-07-03 22:06:56
C_106146,Patricia,Smith,60,Software Engineer,Newcastle,LOW,2017-08-11 07:08:46
C_106147,Sandra,Brown,37,Project Manager,Glasgow,HIGH,2021-08-22 07:26:27
C_106148,Oliver,Harrison,39,Software Engineer,Leeds,LOW,2022-05-28 04:11:16
C_106149,Sophia,Evans,69,Retired,Cardiff,LOW,2018-04-03 15:03:06
C_106150,John,Roberts,40,Registered Nurse,Manchester,MEDIUM,2020-07-21 09:31:15
C_106151,Margaret,Harris,55,Doctor,Newcastle,LOW,2024-08-10 17:30:53
C_106152,Karen,Hughes,41,Doctor,Belfast,MEDIUM,2018-01-31 14:04:06
C_106153,Sarah,King,39,Registered Nurse,Sheffield,LOW,2018-06-22 04:49:39
C_106154,Patricia,Mitchell,67,Chef,Leicester,LOW,2021-01-26 00:02:32
C_106155,Isla,Hill,49,Consultant,Newcastle,LOW,2025-08-10 21:57:05
C_106156,James,Mitchell,20,Student,Bristol,LOW,2017-05-19 15:08:20
C_106157,Donna,Taylor,57,Consultant,Liverpool,HIGH,2017-09-07 14:30:09
C_106158,George,Hill,42,Retired,Edinburgh,LOW,2019-07-07 14:42:29
C_106159,Harry,Wood,69,Consultant,Newcastle,LOW,2020-02-18 22:23:30
C_106160,Isla,Mitchell,52,Electrician,Bristol,LOW,2016-07-07 19:55:17
C_106161,Jennifer,Martin,44,Sales Associate,Glasgow,LOW,2021-05-30 02:35:31
C_106162,Leo,Robinson,21,Software Engineer,Belfast,LOW,2018-08-17 19:13:47
C_106163,Lisa,Clarke,61,Business Owner,Sheffield,LOW,2022-08-24 22:47:47
C_106164,Amelia,Taylor,41,Teacher,Leicester,LOW,2020-03-02 20:09:01
C_106165,Amelia,Walker,27,Plumber,Birmingham,LOW,2017-05-06 08:46:40
C_106166,Lisa,Mitchell,50,Doctor,Nottingham,LOW,2022-01-25 16:39:55
C_106167,Sarah,Roberts,37,Chef,Coventry,LOW,2020-05-22 00:16:47
C_106168,Lisa,Cooper,48,Consultant,Leicester,LOW,2025-10-13 14:51:30
C_106169,Michael,Evans,27,Lawyer,Newcastle,LOW,2019-01-14 07:12:26
C_106170,George,Lewis,42,Chef,Belfast,LOW,2022-05-07 22:22:11
C_106171,Lisa,Thomas,49,Student,London,LOW,2022-08-14 18:42:42
C_106172,Leo,Brown,18,Student,Nottingham,LOW,2022-07-24 04:21:21
C_106173,James,Davies,46,Registered Nurse,Sheffield,MEDIUM,2020-11-29 21:30:48
C_106174,Thomas,White,19,Consultant,London,MEDIUM,2019-03-04 08:42:12
C_106175,Isla,Harrison,23,Software Engineer,Manchester,LOW,2019-02-24 23:39:38
C_106176,Sophia,Thomas,54,Driver,Cardiff,LOW,2023-09-02 14:52:19
C_106177,Ava,Green,58,Lawyer,Leicester,LOW,2025-09-09 04:10:28
C_106178,Nancy,Hughes,33,Business Owner,Leeds,LOW,2024-04-03 11:39:20
C_106179,Matthew,Hall,28,Construction Worker,Nottingham,LOW,2020-08-24 12:10:57
C_106180,Sarah,Green,28,Plumber,Nottingham,MEDIUM,2021-12-27 07:39:29
C_106181,Linda,Jackson,24,Electrician,Bristol,LOW,2024-12-16 04:19:07
C_106182,Thomas,Hall,51,Construction Worker,Newcastle,LOW,2019-01-30 17:26:05
C_106183,Muhammad,Thompson,64,Electrician,Edinburgh,LOW,2025-08-11 12:24:47
C_106184,Margaret,Thomas,60,Lawyer,Birmingham,MEDIUM,2025-04-08 01:56:10
C_106185,Muhammad,Hall,38,Plumber,Leeds,MEDIUM,2023-02-09 21:33:20
C_106186,Joseph,King,22,Business Owner,Leicester,LOW,2016-07-16 19:34:57
C_106187,Oscar,Wilson,48,Sales Associate,Leicester,LOW,2021-07-21 13:55:41
C_106188,Joseph,Williams,43,Lawyer,Nottingham,LOW,2022-03-27 09:59:59
C_106189,Daniel,King,73,Retired,Coventry,LOW,2025-06-18 19:21:42
C_106190,Lily,Wood,41,Teacher,Liverpool,HIGH,2016-02-21 23:36:27
C_106191,Michelle,Edwards,26,Business Owner,Leeds,LOW,2016-11-18 10:51:08
C_106192,Jennifer,Robinson,18,Registered Nurse,Glasgow,LOW,2016-03-26 09:58:37
C_106193,Michelle,Hall,31,Chef,Belfast,LOW,2017-08-23 11:55:45
C_106194,Susan,Hill,26,Software Engineer,Leicester,LOW,2017-01-09 21:30:30
C_106195,Christopher,Hill,44,Sales Associate,Leeds,LOW,2016-01-30 02:13:39
C_106196,Sophia,Evans,45,Registered Nurse,Leeds,LOW,2018-05-28 00:57:30
C_106197,Christopher,Clark,18,Student,Glasgow,MEDIUM,2019-06-27 19:36:18
C_106198,Margaret,Wilson,63,Student,Edinburgh,LOW,2021-11-13 02:34:47
C_106199,Jennifer,Evans,43,Student,Leeds,LOW,2018-11-08 09:19:26
C_106200,Arthur,Harris,38,Project Manager,Bristol,LOW,2017-12-01 03:01:11
C_106201,Lily,Ward,39,Driver,Manchester,LOW,2022-07-15 02:42:29
C_106202,Thomas,Smith,67,Retired,Sheffield,LOW,2018-03-04 02:29:08
C_106203,Karen,Jones,54,Lawyer,Nottingham,LOW,2025-03-03 15:56:33
C_106204,Olivia,Evans,65,Chef,Cardiff,LOW,2019-11-17 18:41:58
C_106205,Sophia,Williams,52,Teacher,Leicester,MEDIUM,2020-02-08 16:37:27
C_106206,Leo,Roberts,53,Plumber,Newcastle,MEDIUM,2023-10-09 10:07:52
C_106207,Muhammad,Hughes,34,Unemployed,Birmingham,LOW,2024-09-01 04:04:56
C_106208,Leo,Thomas,54,Lawyer,Leicester,LOW,2024-07-31 13:22:12
C_106209,Susan,Hughes,41,Retired,Leicester,MEDIUM,2020-08-03 06:38:30
C_106210,David,Martin,25,Registered Nurse,Liverpool,LOW,2023-12-27 08:39:08
C_106211,Mia,Jackson,64,Lawyer,Belfast,LOW,2016-07-12 18:46:36
C_106212,Thomas,Brown,42,Lawyer,Sheffield,MEDIUM,2024-06-06 00:21:56
C_106213,Sophia,Wright,35,Consultant,Cardiff,MEDIUM,2025-06-06 18:03:29
C_106214,Elizabeth,Clarke,18,Registered Nurse,Leeds,MEDIUM,2022-02-06 20:34:46
C_106215,Ivy,Smith,44,Teacher,Leeds,LOW,2025-02-13 15:18:18
C_106216,William,Cooper,24,Consultant,Belfast,LOW,2017-03-10 11:04:10
C_106217,Noah,Martin,35,Student,Coventry,LOW,2022-02-23 17:47:01
C_106218,Noah,Carter,25,Teacher,Manchester,LOW,2021-03-03 21:54:47
C_106219,Susan,Smith,35,Registered Nurse,Leicester,LOW,2022-06-14 04:03:23
C_106220,Linda,Thompson,53,Accountant,Edinburgh,LOW,2018-02-07 13:50:58
C_106221,Olivia,Hill,82,Retired,Leeds,LOW,2020-12-28 17:17:41
C_106222,Harry,Mason,60,Retired,Cardiff,LOW,2023-08-21 20:46:22
C_106223,Ashley,Wood,54,Plumber,Coventry,LOW,2022-01-21 23:01:45
C_106224,Karen,Mason,64,Registered Nurse,Belfast,LOW,2017-01-29 05:02:01
C_106225,Sophia,Harris,53,Plumber,London,LOW,2025-01-08 17:12:08
C_106226,Michael,Martin,22,Accountant,Glasgow,LOW,2021-12-28 02:55:31
C_106227,Elizabeth,Watson,46,Driver,Bristol,LOW,2022-08-20 13:23:54
C_106228,George,Evans,26,Consultant,Leeds,LOW,2016-09-11 15:57:20
C_106229,Emily,Davies,36,Business Owner,Leeds,LOW,2022-12-28 23:53:42
C_106230,Elizabeth,Wood,55,Registered Nurse,Nottingham,MEDIUM,2016-03-09 10:39:58
C_106231,Richard,Robinson,32,Administrative Assistant,Leicester,LOW,2020-12-07 06:44:03
C_106232,Ivy,Hill,49,Sales Associate,Leeds,LOW,2023-05-30 20:46:12
C_106233,Oliver,White,21,Student,Edinburgh,LOW,2018-10-16 06:30:14
C_106234,Harry,Taylor,63,Project Manager,Cardiff,LOW,2020-09-10 03:42:13
C_106235,Patricia,Mason,63,Teacher,Leicester,MEDIUM,2022-05-08 00:06:30
C_106236,Susan,Mitchell,46,Lawyer,Coventry,LOW,2025-12-28 10:09:19
C_106237,Joseph,Harrison,38,Consultant,Liverpool,LOW,2024-06-08 01:26:34
C_106238,Ivy,Jackson,27,Student,Birmingham,LOW,2024-02-22 22:47:09
C_106239,Sarah,Taylor,28,Consultant,Sheffield,LOW,2016-04-05 00:52:21
C_106240,Arthur,Edwards,36,Construction Worker,Coventry,LOW,2024-08-13 13:55:00
C_106241,Margaret,White,41,Retired,London,LOW,2021-01-21 11:37:33
C_106242,Elizabeth,Ward,18,Student,London,LOW,2018-07-18 23:22:37
C_106243,Matthew,Lewis,61,Software Engineer,Belfast,LOW,2017-09-17 10:09:59
C_106244,Linda,Carter,18,Student,Nottingham,MEDIUM,2020-02-06 15:18:28
C_106245,Patricia,Patterson,45,Driver,Newcastle,MEDIUM,2019-08-24 07:26:44
C_106246,Ava,Green,42,Chef,Cardiff,LOW,2022-03-04 01:17:01
C_106247,Patricia,Harrison,18,Student,Liverpool,LOW,2023-08-03 15:58:59
C_106248,Barbara,Clarke,38,Registered Nurse,Leicester,LOW,2018-01-05 10:05:11
C_106249,Olivia,Harrison,44,Chef,Belfast,LOW,2023-04-26 22:27:41
C_106250,Betty,Cooper,37,Lawyer,Bristol,HIGH,2018-05-01 11:52:40
C_106251,Muhammad,Davies,44,Driver,Leeds,LOW,2023-01-12 02:28:27
C_106252,Emily,Hall,44,Doctor,Bristol,LOW,2020-07-27 07:09:59
C_106253,Jessica,Harrison,46,Software Engineer,Leeds,LOW,2022-01-08 15:58:39
C_106254,Ava,Young,41,Construction Worker,London,MEDIUM,2023-06-26 19:38:15
C_106255,Jennifer,Scott,49,Project Manager,Sheffield,MEDIUM,2016-02-07 12:02:00
C_106256,Margaret,Jones,66,Retired,Glasgow,LOW,2017-08-13 02:32:12
C_106257,Joseph,Wright,32,Registered Nurse,Edinburgh,LOW,2025-08-13 11:34:39
C_106258,Oscar,Jackson,34,Project Manager,Nottingham,LOW,2025-08-18 08:29:57
C_106259,Ashley,Scott,18,Student,Edinburgh,LOW,2024-03-16 15:39:43
C_106260,Betty,King,33,Accountant,Newcastle,LOW,2025-01-21 01:55:55
C_106261,Muhammad,Young,37,Construction Worker,Bristol,LOW,2025-02-19 12:11:19
C_106262,David,Roberts,31,Student,Glasgow,HIGH,2020-03-12 12:11:29
C_106263,Amelia,Carter,35,Unemployed,Leicester,MEDIUM,2018-03-12 11:32:51
C_106264,Oscar,Clark,43,Retired,Manchester,LOW,2021-03-11 04:31:37
C_106265,Leo,Wright,49,Teacher,Manchester,LOW,2019-02-12 21:52:22
C_106266,Linda,Williams,43,Electrician,Coventry,MEDIUM,2020-01-14 16:15:43
C_106267,Margaret,Young,22,Administrative Assistant,Manchester,LOW,2018-07-26 22:04:45
C_106268,Harry,Thompson,18,Student,Coventry,LOW,2020-08-30 14:12:27
C_106269,Jessica,Edwards,45,Consultant,Edinburgh,LOW,2021-11-17 09:53:11
C_106270,Richard,Carter,43,Administrative Assistant,Manchester,LOW,2024-10-06 16:29:56
C_106271,Robert,King,33,Student,Bristol,LOW,2023-04-07 06:54:05
C_106272,Daniel,Williams,46,Project Manager,Newcastle,LOW,2021-11-21 10:04:16
C_106273,William,Ward,44,Software Engineer,Cardiff,LOW,2020-06-23 01:01:22
C_106274,Susan,Wood,41,Teacher,Coventry,LOW,2025-06-21 15:29:55
C_106275,James,Lewis,49,Chef,Nottingham,LOW,2022-03-16 18:11:36
C_106276,Ava,Green,34,Sales Associate,Birmingham,LOW,2021-12-10 10:11:59
C_106277,Olivia,Taylor,44,Project Manager,Cardiff,LOW,2022-05-11 01:36:44
C_106278,Jessica,Scott,31,Registered Nurse,Liverpool,LOW,2017-07-21 23:29:57
C_106279,Margaret,King,37,Lawyer,Glasgow,LOW,2019-04-05 03:56:18
C_106280,Ashley,Clark,46,Sales Associate,Bristol,LOW,2024-08-05 19:34:01
C_106281,Christopher,Young,41,Teacher,Leicester,LOW,2017-12-21 05:46:04
C_106282,Kimberly,Hughes,53,Project Manager,Leeds,LOW,2021-03-30 09:20:31
C_106283,Elizabeth,Wood,18,Student,Leeds,LOW,2023-06-12 12:53:17
C_106284,Sophia,White,39,Doctor,Leeds,LOW,2019-12-27 19:57:05
C_106285,Michael,Watson,21,Accountant,Cardiff,MEDIUM,2020-09-14 19:51:43
C_106286,Amelia,Wilson,35,Student,Belfast,LOW,2016-11-23 05:26:03
C_106287,William,Clarke,63,Lawyer,Leeds,LOW,2017-11-20 07:30:01
C_106288,George,Patterson,43,Student,Nottingham,LOW,2019-09-13 17:00:58
C_106289,George,Hill,40,Doctor,Coventry,LOW,2023-07-26 23:44:11
C_106290,Nancy,Robinson,53,Electrician,Glasgow,LOW,2021-04-04 11:51:53
C_106291,Nancy,Carter,34,Construction Worker,Leicester,LOW,2021-06-15 07:40:41
C_106292,Oscar,Taylor,31,Project Manager,Liverpool,LOW,2024-12-30 15:37:43
C_106293,Lily,Ward,43,Administrative Assistant,Sheffield,LOW,2016-02-21 20:50:43
C_106294,Oliver,Thompson,61,Plumber,Edinburgh,LOW,2017-07-07 13:45:46
C_106295,Mia,Robinson,50,Teacher,Coventry,LOW,2023-02-09 02:34:58
C_106296,Sarah,Johnson,38,Software Engineer,Manchester,LOW,2024-10-04 15:58:42
C_106297,Isla,Scott,66,Retired,Newcastle,MEDIUM,2025-12-27 23:12:38
C_106298,John,Ward,62,Consultant,Sheffield,LOW,2024-03-01 22:57:47
C_106299,Oscar,Ward,64,Accountant,Leeds,LOW,2023-12-23 08:43:35
C_106300,William,Hill,21,Student,Nottingham,LOW,2017-05-09 18:31:26
C_106301,Matthew,Smith,38,Retired,London,LOW,2018-08-20 20:57:59
C_106302,Ashley,Jackson,30,Lawyer,Cardiff,LOW,2019-04-08 15:27:42
C_106303,Richard,Brown,51,Software Engineer,Coventry,LOW,2021-04-09 19:32:05
C_106304,Ava,Edwards,66,Retired,Nottingham,LOW,2022-05-14 01:36:04
C_106305,Joseph,Hill,25,Lawyer,Edinburgh,LOW,2021-08-20 13:17:29
C_106306,Daniel,Hughes,50,Administrative Assistant,Birmingham,LOW,2018-09-04 12:41:03
C_106307,Arthur,Johnson,35,Administrative Assistant,Manchester,LOW,2024-10-18 02:12:49
C_106308,Sandra,Jackson,18,Student,Glasgow,LOW,2020-08-29 13:47:42
C_106309,Daniel,Lewis,49,Business Owner,Glasgow,LOW,2021-08-30 11:06:18
C_106310,Oliver,Jones,40,Lawyer,Glasgow,LOW,2017-02-03 00:37:39
C_106311,Michelle,Patterson,18,Administrative Assistant,Manchester,LOW,2024-02-11 19:44:25
C_106312,Sandra,Walker,30,Retired,Belfast,LOW,2025-10-07 07:36:44
C_106313,Kimberly,White,36,Electrician,Glasgow,LOW,2021-07-15 14:44:26
C_106314,David,Mason,43,Construction Worker,Birmingham,LOW,2023-04-22 01:50:14
C_106315,Noah,Jones,65,Business Owner,Edinburgh,MEDIUM,2017-10-28 23:27:06
C_106316,Kimberly,Green,41,Administrative Assistant,Belfast,MEDIUM,2019-05-19 18:30:11
C_106317,Betty,Ward,35,Driver,Nottingham,MEDIUM,2016-12-19 11:39:07
C_106318,Sandra,Jackson,51,Teacher,Belfast,LOW,2021-05-23 13:29:27
C_106319,Patricia,Martin,40,Administrative Assistant,Birmingham,LOW,2024-07-19 08:07:57
C_106320,Donna,Cooper,31,Teacher,Belfast,LOW,2019-02-24 09:59:54
C_106321,Sophia,Clark,44,Software Engineer,Birmingham,LOW,2023-01-28 19:43:18
C_106322,Leo,White,42,Project Manager,Coventry,LOW,2019-06-18 06:26:35
C_106323,Karen,Walker,28,Accountant,Liverpool,LOW,2016-09-26 17:06:35
C_106324,Christopher,White,46,Construction Worker,Liverpool,LOW,2016-06-30 12:35:50
C_106325,James,Ward,41,Consultant,Leeds,LOW,2016-06-04 19:26:32
C_106326,Amelia,Clark,19,Student,Coventry,LOW,2024-02-27 21:46:03
C_106327,Sarah,Mitchell,52,Software Engineer,Glasgow,LOW,2020-11-11 22:26:11
C_106328,Richard,Smith,46,Driver,Coventry,LOW,2016-12-13 20:14:52
C_106329,Ava,Cooper,55,Software Engineer,Bristol,LOW,2020-10-30 11:04:34
C_106330,Lily,Clarke,43,Consultant,Bristol,LOW,2018-03-22 13:44:29
C_106331,Mia,Thomas,47,Consultant,Birmingham,LOW,2020-07-13 04:22:18
C_106332,Betty,Patterson,34,Construction Worker,Leeds,LOW,2019-07-23 10:00:26
C_106333,Jessica,Clark,73,Retired,Liverpool,LOW,2021-12-05 08:45:36
C_106334,Arthur,Smith,44,Chef,Leicester,LOW,2020-07-19 22:48:22
C_106335,Isabella,Edwards,57,Teacher,Edinburgh,LOW,2025-06-14 08:27:55
C_106336,James,Cooper,55,Registered Nurse,Nottingham,LOW,2024-06-15 06:47:14
C_106337,Christopher,Roberts,55,Administrative Assistant,Glasgow,LOW,2022-07-15 22:48:11
C_106338,Mia,Wilson,63,Chef,Birmingham,LOW,2021-04-24 03:07:55
C_106339,Patricia,Harrison,46,Sales Associate,Glasgow,LOW,2016-08-06 17:53:33
C_106340,Lily,Hughes,26,Unemployed,Leicester,HIGH,2017-03-08 17:14:52
C_106341,Lisa,Mitchell,27,Lawyer,London,LOW,2016-09-11 01:01:45
C_106342,Michelle,Smith,47,Business Owner,Glasgow,LOW,2022-08-08 00:40:15
C_106343,Sophia,Smith,57,Business Owner,Liverpool,LOW,2022-04-06 02:50:25
C_106344,Jessica,Johnson,40,Student,Glasgow,LOW,2023-03-27 16:19:18
C_106345,Ashley,Hill,57,Registered Nurse,Edinburgh,LOW,2024-04-25 11:17:45
C_106346,Charles,Cooper,43,Chef,Sheffield,LOW,2018-04-25 14:27:38
C_106347,Michael,Mitchell,51,Teacher,Nottingham,HIGH,2022-08-15 03:47:46
C_106348,James,King,30,Software Engineer,Coventry,LOW,2018-07-07 08:06:40
C_106349,Linda,Wilson,55,Construction Worker,Birmingham,LOW,2021-12-30 23:07:18
C_106350,Jessica,Clark,43,Driver,Newcastle,LOW,2022-12-02 21:07:37
C_106351,Oscar,Clark,54,Consultant,Coventry,LOW,2024-01-16 16:39:34
C_106352,Christopher,Jones,50,Construction Worker,Sheffield,LOW,2019-12-25 16:36:02
C_106353,James,Watson,50,Unemployed,Bristol,LOW,2019-08-02 21:51:43
C_106354,Daniel,Young,39,Lawyer,London,LOW,2021-03-08 11:34:54
C_106355,Noah,Hill,42,Sales Associate,Leicester,LOW,2025-05-24 08:09:17
C_106356,Susan,White,18,Registered Nurse,Sheffield,LOW,2021-08-04 20:28:33
C_106357,Jennifer,Lewis,55,Unemployed,Leeds,LOW,2022-02-08 13:24:05
C_106358,Sophia,Lewis,38,Unemployed,Nottingham,MEDIUM,2017-07-08 02:25:43
C_106359,Isabella,Wright,64,Consultant,Manchester,LOW,2021-09-11 19:07:30
C_106360,Oliver,Roberts,67,Retired,Leicester,MEDIUM,2021-08-09 14:30:12
C_106361,Karen,Wright,19,Student,Belfast,LOW,2022-09-17 21:11:38
C_106362,Kimberly,Brown,66,Retired,Leeds,LOW,2023-04-13 03:01:32
C_106363,William,Hall,32,Registered Nurse,Cardiff,LOW,2019-06-24 16:32:03
C_106364,Oliver,Watson,57,Driver,Bristol,LOW,2023-11-20 16:00:51
C_106365,Michelle,Roberts,31,Electrician,Coventry,LOW,2018-09-08 09:19:27
C_106366,Mia,Hughes,27,Teacher,Cardiff,LOW,2020-09-06 05:08:37
C_106367,Lisa,Lewis,18,Student,Sheffield,LOW,2025-07-02 03:40:43
C_106368,David,Lewis,40,Registered Nurse,Edinburgh,LOW,2021-03-18 04:02:55
C_106369,Oliver,Green,66,Retired,Manchester,LOW,2016-07-03 17:20:33
C_106370,Leo,Scott,61,Software Engineer,Manchester,LOW,2018-09-19 03:48:34
C_106371,Barbara,Baker,45,Teacher,Leeds,MEDIUM,2020-04-25 03:58:04
C_106372,Lisa,Davies,41,Doctor,Nottingham,LOW,2016-12-26 10:09:06
C_106373,Thomas,Jackson,37,Retired,Leeds,MEDIUM,2019-10-25 13:15:33
C_106374,Jessica,Brown,29,Plumber,Belfast,LOW,2018-03-03 00:51:21
C_106375,Sandra,Thompson,38,Construction Worker,Sheffield,LOW,2020-06-24 12:06:57
C_106376,George,Williams,40,Administrative Assistant,Liverpool,LOW,2025-01-04 11:32:39
C_106377,Nancy,Smith,18,Student,Newcastle,LOW,2016-03-21 14:18:09
C_106378,Nancy,Hughes,59,Doctor,Bristol,LOW,2017-02-09 07:34:18
C_106379,Sophia,Brown,35,Accountant,Coventry,LOW,2020-11-09 10:00:06
C_106380,Jessica,Brown,48,Plumber,Nottingham,LOW,2016-03-11 09:39:57
C_106381,Mia,Jackson,48,Lawyer,Glasgow,LOW,2025-12-13 13:47:06
C_106382,Ivy,Carter,18,Student,Leicester,MEDIUM,2017-08-16 16:35:37
C_106383,Leo,Williams,56,Construction Worker,Leicester,MEDIUM,2024-09-19 10:12:15
C_106384,Michelle,White,57,Doctor,Sheffield,LOW,2022-11-03 20:25:20
C_106385,Muhammad,Ward,62,Plumber,London,MEDIUM,2017-01-24 13:57:05
C_106386,Ivy,White,48,Student,Belfast,LOW,2024-12-23 14:14:13
C_106387,Olivia,Harris,44,Chef,Newcastle,LOW,2024-05-16 04:21:32
C_106388,Oscar,Carter,30,Consultant,Sheffield,LOW,2021-09-23 07:42:55
C_106389,Oliver,Jones,28,Chef,Birmingham,LOW,2023-05-09 22:40:04
C_106390,Isla,Green,36,Consultant,Birmingham,LOW,2020-06-26 04:27:16
C_106391,Margaret,Ward,39,Registered Nurse,Birmingham,LOW,2022-11-15 05:26:13
C_106392,Isabella,Walker,44,Administrative Assistant,Liverpool,LOW,2020-03-09 09:00:05
C_106393,William,Hughes,18,Unemployed,Sheffield,LOW,2019-12-21 23:04:17
C_106394,George,Green,52,Business Owner,Glasgow,LOW,2023-06-17 18:04:27
C_106395,Leo,Hughes,44,Chef,Manchester,LOW,2023-04-18 04:40:53
C_106396,James,Hall,38,Business Owner,Newcastle,LOW,2017-06-17 21:46:06
C_106397,Patricia,Smith,29,Project Manager,Belfast,MEDIUM,2025-12-30 23:15:56
C_106398,Nancy,Harrison,52,Retired,Leeds,MEDIUM,2017-07-19 09:10:56
C_106399,Isla,Hughes,43,Lawyer,Sheffield,LOW,2019-10-26 09:09:08
C_106400,Muhammad,Hall,37,Lawyer,Leicester,LOW,2025-02-13 19:42:55
C_106401,Emily,Patterson,33,Registered Nurse,Bristol,LOW,2018-05-29 09:56:34
C_106402,Emily,Brown,24,Driver,Sheffield,LOW,2024-06-22 12:44:08
C_106403,Ivy,Robinson,47,Accountant,Glasgow,LOW,2023-06-07 19:34:24
C_106404,Michelle,Walker,33,Consultant,Cardiff,LOW,2016-01-22 20:01:46
C_106405,Nancy,Carter,40,Accountant,Bristol,LOW,2022-02-05 04:24:04
C_106406,Donna,Harris,46,Construction Worker,Newcastle,LOW,2024-11-16 00:01:09
C_106407,Muhammad,Hughes,27,Unemployed,Bristol,HIGH,2018-11-27 22:18:18
C_106408,James,Cooper,43,Student,Newcastle,LOW,2017-12-05 18:53:26
C_106409,Michelle,White,46,Chef,Coventry,LOW,2017-12-20 00:46:35
C_106410,Kimberly,Patterson,65,Lawyer,Edinburgh,MEDIUM,2017-12-01 01:18:39
C_106411,Jessica,Wilson,32,Software Engineer,Belfast,LOW,2022-08-27 09:58:00
C_106412,Amelia,Thompson,52,Doctor,Cardiff,LOW,2016-07-22 05:42:34
C_106413,Patricia,Baker,44,Registered Nurse,London,LOW,2023-07-17 06:06:37
C_106414,Isla,Patterson,73,Retired,Coventry,LOW,2024-11-08 20:46:33
C_106415,Jennifer,Scott,18,Accountant,Manchester,LOW,2016-05-19 08:26:52
C_106416,Ava,Roberts,31,Unemployed,Bristol,LOW,2016-02-21 08:28:56
C_106417,Matthew,Watson,18,Student,Glasgow,LOW,2021-09-04 18:34:18
C_106418,Barbara,Baker,34,Teacher,Edinburgh,LOW,2020-01-06 03:04:04
C_106419,Ava,Wilson,49,Driver,London,LOW,2022-06-03 21:14:24
C_106420,Karen,Mason,57,Accountant,Nottingham,LOW,2024-09-26 16:05:38
C_106421,Oscar,Clarke,32,Lawyer,Sheffield,LOW,2021-04-14 04:34:53
C_106422,Sandra,Jackson,55,Software Engineer,Leicester,LOW,2019-07-18 21:55:31
C_106423,Susan,Hughes,42,Administrative Assistant,Glasgow,LOW,2023-11-01 04:55:35
C_106424,Susan,Harrison,44,Doctor,Birmingham,LOW,2023-05-15 06:42:14
C_106425,Kimberly,Ward,64,Doctor,Birmingham,LOW,2019-05-22 15:59:42
C_106426,Betty,Young,21,Student,Birmingham,LOW,2023-11-26 01:42:51
C_106427,Lily,Clarke,29,Sales Associate,Nottingham,LOW,2017-08-31 04:09:55
C_106428,Lisa,Patterson,31,Electrician,Leicester,LOW,2020-03-07 11:40:13
C_106429,Elizabeth,Watson,48,Sales Associate,Coventry,MEDIUM,2023-05-21 23:37:53
C_106430,Emily,Walker,43,Business Owner,Birmingham,LOW,2017-08-20 04:13:09
C_106431,Oscar,Scott,58,Electrician,Cardiff,LOW,2023-12-15 04:10:30
C_106432,Karen,Johnson,50,Consultant,Liverpool,LOW,2018-04-20 08:28:30
C_106433,Joseph,Clark,37,Accountant,Leeds,LOW,2024-11-05 16:24:14
C_106434,Sophia,Jones,53,Teacher,Nottingham,LOW,2017-03-16 00:10:29
C_106435,Thomas,White,43,Accountant,Leeds,LOW,2019-11-23 09:40:00
C_106436,Susan,Harris,21,Student,Cardiff,LOW,2023-05-02 12:01:38
C_106437,Robert,Brown,18,Student,Nottingham,LOW,2023-03-12 07:46:25
C_106438,Emily,Clarke,45,Administrative Assistant,London,HIGH,2019-03-07 22:27:53
C_106439,Emily,Williams,43,Registered Nurse,London,MEDIUM,2020-09-01 21:21:21
C_106440,Robert,Lewis,44,Chef,Sheffield,LOW,2018-02-19 03:07:20
C_106441,Joseph,Patterson,50,Driver,Leicester,LOW,2016-03-11 08:39:09
C_106442,Ashley,Williams,40,Consultant,Coventry,LOW,2016-04-20 23:51:55
C_106443,Charles,Green,38,Consultant,Birmingham,LOW,2020-03-19 13:27:14
C_106444,Muhammad,Jones,56,Software Engineer,Edinburgh,LOW,2018-05-31 18:09:37
C_106445,James,Baker,24,Chef,Leeds,LOW,2016-12-14 19:07:23
C_106446,David,Hughes,32,Accountant,Nottingham,LOW,2018-10-03 09:18:43
C_106447,Daniel,King,30,Construction Worker,Edinburgh,LOW,2024-03-17 04:31:20
C_106448,Oliver,Patterson,57,Chef,Coventry,LOW,2023-11-27 22:50:05
C_106449,Betty,White,39,Administrative Assistant,London,LOW,2024-09-15 19:07:24
C_106450,Oscar,Mason,48,Retired,Liverpool,LOW,2021-12-15 19:48:58
C_106451,Oscar,Davies,54,Business Owner,Manchester,LOW,2021-03-12 15:14:29
C_106452,Muhammad,Clarke,60,Unemployed,Edinburgh,MEDIUM,2019-06-28 04:37:01
C_106453,Sophia,Clark,38,Software Engineer,London,LOW,2023-05-21 05:03:31
C_106454,William,Carter,39,Doctor,Birmingham,LOW,2018-11-17 10:51:33
C_106455,William,Watson,33,Registered Nurse,Glasgow,LOW,2022-11-25 00:38:58
C_106456,Harry,Edwards,58,Project Manager,Glasgow,MEDIUM,2020-09-27 06:11:17
C_106457,Nancy,Clarke,33,Unemployed,Coventry,LOW,2025-02-09 07:54:14
C_106458,Jessica,Williams,40,Driver,Bristol,LOW,2017-09-13 09:20:54
C_106459,Nancy,Wood,54,Consultant,Bristol,LOW,2019-11-22 20:17:41
C_106460,Harry,Evans,72,Retired,Newcastle,LOW,2016-06-23 22:43:00
C_106461,Thomas,King,31,Business Owner,Leicester,LOW,2020-08-27 06:14:15
C_106462,Ivy,Carter,47,Construction Worker,London,LOW,2023-01-21 16:17:26
C_106463,Ava,Hill,34,Administrative Assistant,Manchester,LOW,2020-11-15 03:35:22
C_106464,Mia,Martin,47,Student,Coventry,LOW,2025-06-24 00:11:53
C_106465,Leo,Cooper,30,Student,Belfast,LOW,2016-08-23 01:52:34
C_106466,Isla,Harris,69,Retired,Coventry,LOW,2021-04-13 11:14:44
C_106467,George,Mason,34,Registered Nurse,Liverpool,LOW,2023-10-26 18:27:45
C_106468,Lily,Harris,52,Chef,Nottingham,LOW,2018-03-02 03:52:38
C_106469,Jennifer,Edwards,57,Sales Associate,Leeds,LOW,2022-04-23 05:29:08
C_106470,Oscar,Jackson,18,Student,Liverpool,MEDIUM,2021-03-27 02:17:54
C_106471,Richard,Clark,23,Teacher,Leeds,HIGH,2017-10-21 03:29:52
C_106472,Charles,Cooper,52,Unemployed,London,LOW,2017-09-30 03:02:48
C_106473,Sandra,Martin,36,Registered Nurse,Nottingham,LOW,2025-01-11 13:23:12
C_106474,Muhammad,Robinson,21,Student,Coventry,LOW,2021-04-05 20:56:12
C_106475,Ashley,Brown,45,Electrician,Belfast,LOW,2021-04-23 15:54:35
C_106476,Donna,Clark,37,Construction Worker,Bristol,LOW,2017-02-23 17:40:36
C_106477,Oscar,Wilson,26,Plumber,Sheffield,HIGH,2023-10-05 09:46:18
C_106478,Oscar,Harrison,36,Retired,Leeds,HIGH,2016-07-12 04:45:00
C_106479,Ava,Hall,62,Driver,Newcastle,LOW,2018-06-08 07:00:46
C_106480,Donna,Jackson,47,Retired,Nottingham,LOW,2016-10-08 11:31:54
C_106481,Olivia,Mitchell,18,Software Engineer,Cardiff,MEDIUM,2022-06-27 07:43:48
C_106482,Kimberly,Williams,38,Accountant,Manchester,LOW,2024-01-03 04:14:44
C_106483,Kimberly,Davies,41,Sales Associate,Birmingham,LOW,2016-06-13 22:18:08
C_106484,Oscar,Jones,39,Electrician,Manchester,LOW,2016-07-10 11:20:07
C_106485,Jessica,Martin,43,Plumber,Birmingham,LOW,2022-02-23 21:44:32
C_106486,William,Wright,40,Student,Bristol,LOW,2024-09-25 19:16:16
C_106487,Lily,Ward,24,Administrative Assistant,Manchester,LOW,2021-12-05 19:47:56
C_106488,Elizabeth,Jones,50,Construction Worker,Liverpool,LOW,2024-11-27 14:31:25
C_106489,Robert,Wood,31,Retired,Edinburgh,LOW,2018-11-15 15:25:35
C_106490,Isabella,Brown,18,Student,Leeds,LOW,2018-12-07 21:11:19
C_106491,Ashley,Brown,60,Lawyer,Glasgow,LOW,2021-03-21 19:48:40
C_106492,Margaret,Thomas,43,Administrative Assistant,Belfast,LOW,2023-08-13 09:52:03
C_106493,Lisa,Ward,51,Project Manager,Edinburgh,LOW,2019-12-25 14:23:03
C_106494,Karen,Wood,34,Accountant,Manchester,LOW,2020-02-16 16:52:27
C_106495,Olivia,Mitchell,48,Student,Newcastle,LOW,2021-05-18 02:20:16
C_106496,Lily,Thompson,49,Sales Associate,Nottingham,LOW,2020-12-10 14:40:50
C_106497,James,Lewis,24,Electrician,Glasgow,LOW,2023-02-24 05:21:46
C_106498,Michael,Ward,33,Software Engineer,Coventry,LOW,2021-04-03 16:04:15
C_106499,Lisa,Wright,51,Sales Associate,Coventry,LOW,2024-02-16 07:47:10
C_106500,Sophia,Lewis,43,Doctor,Liverpool,MEDIUM,2018-05-18 20:30:15
C_106501,Oscar,Carter,43,Consultant,Coventry,LOW,2025-06-04 07:40:25
C_106502,Kimberly,Harris,42,Electrician,Liverpool,LOW,2016-05-30 14:14:36
C_106503,Jennifer,Thomas,30,Accountant,Newcastle,LOW,2021-08-19 12:08:54
C_106504,Joseph,Hill,26,Driver,Nottingham,LOW,2021-03-07 06:26:59
C_106505,John,Walker,57,Plumber,Newcastle,MEDIUM,2019-12-08 03:01:56
C_106506,Ashley,Green,46,Administrative Assistant,Belfast,LOW,2019-04-27 09:27:05
C_106507,Richard,Wright,33,Electrician,Glasgow,LOW,2016-01-14 03:14:59
C_106508,Olivia,Johnson,49,Chef,Birmingham,LOW,2017-06-08 01:57:14
C_106509,William,Carter,28,Lawyer,Cardiff,LOW,2016-04-07 20:36:10
C_106510,Sandra,Johnson,46,Teacher,Manchester,LOW,2019-06-18 02:30:55
C_106511,Patricia,Hughes,31,Unemployed,London,LOW,2025-03-02 14:42:14
C_106512,Linda,Thompson,47,Retired,Newcastle,LOW,2021-01-10 10:32:28
C_106513,Arthur,Jones,51,Doctor,Bristol,LOW,2023-09-30 10:41:27
C_106514,Jessica,Hill,19,Student,Sheffield,LOW,2017-01-06 07:54:53
C_106515,David,Martin,31,Administrative Assistant,Newcastle,LOW,2020-05-11 15:38:19
C_106516,Jessica,Walker,40,Electrician,Nottingham,LOW,2019-04-04 00:49:57
C_106517,Ivy,Davies,35,Business Owner,Birmingham,LOW,2018-12-02 12:01:56
C_106518,Michelle,Young,36,Sales Associate,Manchester,LOW,2025-02-01 23:37:24
C_106519,Barbara,Harris,56,Software Engineer,Manchester,LOW,2022-09-06 10:22:54
C_106520,David,Smith,34,Administrative Assistant,Sheffield,LOW,2021-03-09 05:47:17
C_106521,Amelia,Cooper,42,Consultant,Leeds,MEDIUM,2022-07-03 05:27:12
C_106522,Kimberly,Watson,49,Construction Worker,Nottingham,LOW,2022-06-27 19:14:21
C_106523,Oliver,Evans,25,Retired,Edinburgh,LOW,2019-06-30 07:07:26
C_106524,Noah,Harris,32,Construction Worker,Birmingham,MEDIUM,2025-09-25 03:28:50
C_106525,Charles,Walker,45,Retired,Bristol,MEDIUM,2023-11-29 05:04:18
C_106526,George,Taylor,68,Retired,Belfast,LOW,2025-01-05 00:10:10
C_106527,Christopher,Ward,45,Unemployed,Bristol,LOW,2021-09-30 03:02:00
C_106528,Arthur,Edwards,42,Plumber,Leicester,LOW,2024-04-23 13:03:46
C_106529,Sophia,Roberts,55,Unemployed,Edinburgh,LOW,2016-06-29 11:13:31
C_106530,Muhammad,Wood,41,Software Engineer,Belfast,LOW,2024-06-28 18:52:00
C_106531,Daniel,Young,73,Retired,Newcastle,LOW,2025-04-23 05:50:49
C_106532,Olivia,Baker,18,Student,Cardiff,LOW,2016-09-15 14:29:22
C_106533,Barbara,Scott,73,Retired,Leicester,LOW,2022-07-11 11:16:54
C_106534,Matthew,Carter,49,Lawyer,Glasgow,LOW,2025-11-11 13:50:14
C_106535,Patricia,Mason,32,Sales Associate,Leicester,LOW,2020-07-29 13:39:21
C_106536,Michelle,Harrison,49,Administrative Assistant,Belfast,LOW,2020-03-27 10:47:48
C_106537,Isabella,Lewis,53,Plumber,Nottingham,LOW,2016-10-17 17:59:37
C_106538,Oscar,Hughes,42,Chef,Manchester,LOW,2023-02-26 09:01:48
C_106539,Emily,Wright,63,Business Owner,Leicester,LOW,2023-06-24 02:27:43
C_106540,Emily,Brown,60,Unemployed,Glasgow,LOW,2017-01-16 11:24:26
C_106541,Margaret,Patterson,43,Consultant,Coventry,LOW,2025-12-08 04:42:48
C_106542,Mia,King,30,Chef,Manchester,LOW,2024-09-28 17:23:51
C_106543,Donna,Smith,42,Doctor,London,LOW,2021-03-04 18:50:16
C_106544,Nancy,Clarke,37,Construction Worker,Sheffield,LOW,2019-09-13 09:59:40
C_106545,Ava,Wood,46,Retired,Newcastle,LOW,2017-03-18 22:54:42
C_106546,Robert,Hall,37,Student,Nottingham,MEDIUM,2021-06-04 06:20:40
C_106547,Susan,Mason,63,Lawyer,Belfast,LOW,2016-04-14 18:31:25
C_106548,Thomas,White,50,Sales Associate,Cardiff,LOW,2020-01-14 01:42:13
C_106549,Barbara,Robinson,46,Administrative Assistant,Edinburgh,LOW,2019-08-12 14:10:37
C_106550,Sandra,Carter,42,Chef,Glasgow,LOW,2017-09-21 16:24:38
C_106551,Linda,Thompson,39,Driver,Edinburgh,MEDIUM,2024-01-18 10:02:45
C_106552,Karen,Hall,40,Project Manager,Bristol,LOW,2019-11-19 08:32:08
C_106553,Patricia,Carter,50,Lawyer,Manchester,LOW,2023-08-29 00:35:33
C_106554,Oliver,Robinson,46,Construction Worker,Belfast,LOW,2024-11-19 20:06:26
C_106555,Olivia,Green,36,Administrative Assistant,London,LOW,2017-09-03 06:35:21
C_106556,Isla,Thomas,22,Driver,Cardiff,LOW,2024-11-29 11:39:35
C_106557,Elizabeth,Wright,48,Retired,Bristol,LOW,2019-06-03 09:25:53
C_106558,Olivia,Green,39,Administrative Assistant,Edinburgh,LOW,2023-03-23 02:57:59
C_106559,Sophia,Watson,46,Chef,Belfast,LOW,2023-07-09 05:58:26
C_106560,Ivy,Thompson,24,Project Manager,Newcastle,LOW,2020-06-06 04:20:58
C_106561,Sarah,Baker,43,Lawyer,Sheffield,LOW,2021-09-15 14:33:51
C_106562,Mia,Johnson,33,Electrician,Sheffield,MEDIUM,2025-08-04 06:30:05
C_106563,Leo,Edwards,36,Project Manager,Glasgow,LOW,2017-09-24 17:24:22
C_106564,George,Williams,73,Retired,Belfast,LOW,2023-08-29 16:28:22
C_106565,Mia,Taylor,32,Plumber,Belfast,LOW,2018-05-18 15:56:42
C_106566,Emily,Walker,25,Unemployed,Bristol,LOW,2020-11-15 13:54:07
C_106567,Matthew,Clarke,58,Lawyer,Bristol,MEDIUM,2017-01-18 11:32:53
C_106568,Daniel,Walker,32,Sales Associate,Edinburgh,LOW,2024-08-02 21:28:29
C_106569,Noah,Robinson,20,Consultant,Glasgow,LOW,2016-08-17 11:53:17
C_106570,Charles,Carter,59,Unemployed,Newcastle,LOW,2022-11-11 06:08:40
C_106571,Daniel,Scott,59,Driver,Manchester,LOW,2016-05-27 20:54:51
C_106572,Karen,Jackson,30,Student,Leicester,LOW,2020-10-13 04:13:03
C_106573,Christopher,White,59,Teacher,Birmingham,LOW,2024-02-25 00:49:41
C_106574,Harry,Thomas,38,Electrician,Sheffield,LOW,2021-02-25 10:42:52
C_106575,Matthew,White,38,Construction Worker,Bristol,LOW,2025-09-19 10:49:00
C_106576,Sophia,Carter,75,Consultant,Leicester,LOW,2017-05-24 14:30:40
C_106577,Patricia,Young,44,Lawyer,London,LOW,2025-01-31 06:01:58
C_106578,James,Ward,52,Software Engineer,Nottingham,LOW,2018-05-28 08:10:06
C_106579,John,Thomas,60,Business Owner,Leicester,LOW,2019-07-05 00:39:52
C_106580,Mia,Mitchell,45,Sales Associate,Edinburgh,MEDIUM,2016-02-10 06:55:52
C_106581,Michelle,Clarke,35,Sales Associate,Bristol,LOW,2017-03-23 05:29:52
C_106582,Ashley,Ward,31,Accountant,Edinburgh,MEDIUM,2023-01-11 19:51:34
C_106583,Muhammad,Mitchell,45,Consultant,Coventry,HIGH,2021-03-09 08:18:40
C_106584,Olivia,Robinson,45,Doctor,Edinburgh,LOW,2022-08-15 05:12:56
C_106585,Linda,White,72,Retired,Newcastle,LOW,2022-06-25 03:25:39
C_106586,Lisa,Taylor,40,Construction Worker,Coventry,LOW,2020-08-25 07:09:18
C_106587,Noah,Walker,48,Consultant,Birmingham,MEDIUM,2024-06-17 09:22:22
C_106588,Elizabeth,Lewis,41,Driver,Sheffield,LOW,2022-01-11 14:49:00
C_106589,Sophia,Green,60,Business Owner,Edinburgh,LOW,2016-06-22 03:51:06
C_106590,Michael,Edwards,49,Retired,Liverpool,LOW,2021-02-24 08:19:17
C_106591,Oliver,Evans,42,Lawyer,Glasgow,LOW,2018-07-07 00:36:02
C_106592,Olivia,Roberts,48,Retired,Bristol,LOW,2025-04-28 13:33:22
C_106593,Isla,Thomas,70,Retired,Sheffield,HIGH,2025-12-27 05:21:32
C_106594,Isabella,Brown,71,Retired,Sheffield,LOW,2025-09-07 08:30:52
C_106595,Elizabeth,Roberts,38,Plumber,Leicester,LOW,2017-06-24 16:56:04
C_106596,Christopher,Mason,20,Student,Liverpool,LOW,2019-05-18 14:20:51
C_106597,Kimberly,Martin,47,Teacher,Cardiff,LOW,2022-01-13 08:27:23
C_106598,Sophia,Watson,46,Construction Worker,Sheffield,LOW,2020-06-28 05:45:47
C_106599,Karen,Wilson,48,Doctor,Leicester,LOW,2024-08-13 00:42:28
C_106600,Robert,White,57,Chef,Nottingham,LOW,2024-10-08 00:28:04
C_106601,George,Taylor,40,Chef,Leeds,HIGH,2017-04-23 18:52:29
C_106602,Isla,Hill,22,Registered Nurse,Cardiff,LOW,2023-08-12 01:44:07
C_106603,Ivy,Robinson,42,Sales Associate,Cardiff,LOW,2017-10-21 17:17:05
C_106604,Sophia,Hall,54,Plumber,Sheffield,MEDIUM,2024-08-14 10:18:39
C_106605,Matthew,Roberts,26,Retired,Glasgow,LOW,2020-11-28 16:44:15
C_106606,Harry,Mason,34,Driver,Edinburgh,LOW,2022-05-17 21:02:20
C_106607,Donna,Edwards,49,Doctor,Newcastle,LOW,2021-12-18 06:01:06
C_106608,Mia,Harrison,25,Student,Liverpool,HIGH,2022-10-14 07:26:18
C_106609,George,Watson,40,Doctor,Cardiff,LOW,2016-10-13 06:26:11
C_106610,Jennifer,Brown,28,Electrician,Leicester,MEDIUM,2024-01-06 20:13:14
C_106611,Oscar,Clarke,40,Retired,Nottingham,LOW,2017-11-29 11:49:10
C_106612,Michelle,Evans,45,Construction Worker,Manchester,LOW,2024-08-31 18:28:37
C_106613,James,Hall,22,Chef,Manchester,MEDIUM,2021-08-10 09:15:10
C_106614,George,Evans,55,Student,London,LOW,2018-10-02 06:46:45
C_106615,Noah,Ward,42,Student,Glasgow,LOW,2022-12-05 14:27:59
C_106616,Betty,Hill,33,Unemployed,Edinburgh,LOW,2018-02-28 03:33:02
C_106617,Patricia,Roberts,45,Administrative Assistant,Nottingham,HIGH,2019-12-05 02:55:34
C_106618,Ivy,Young,23,Chef,Leicester,LOW,2017-04-05 11:02:04
C_106619,Donna,Evans,61,Doctor,Cardiff,LOW,2017-02-12 20:15:56
C_106620,James,Harris,52,Construction Worker,Liverpool,LOW,2021-10-01 12:13:57
C_106621,Leo,Ward,32,Driver,Edinburgh,LOW,2023-08-31 12:38:00
C_106622,Lisa,Baker,69,Teacher,Birmingham,LOW,2021-03-06 13:14:14
C_106623,Ava,Cooper,35,Doctor,Manchester,LOW,2025-12-19 12:22:02
C_106624,Matthew,Harris,36,Business Owner,Belfast,LOW,2024-07-31 06:43:22
C_106625,Matthew,Roberts,18,Consultant,Nottingham,LOW,2016-02-18 09:00:10
C_106626,Margaret,Smith,40,Student,Liverpool,LOW,2020-10-18 17:05:27
C_106627,Christopher,Johnson,31,Doctor,Edinburgh,LOW,2016-02-14 16:09:30
C_106628,Robert,Davies,37,Driver,Newcastle,LOW,2024-06-18 17:34:45
C_106629,Karen,Wood,40,Student,Manchester,LOW,2024-02-13 04:03:16
C_106630,Patricia,Clark,38,Plumber,Glasgow,LOW,2023-08-12 06:38:15
C_106631,Sarah,Davies,67,Retired,Belfast,LOW,2024-05-19 19:01:36
C_106632,Emily,Cooper,35,Student,Edinburgh,LOW,2019-09-05 14:37:11
C_106633,Noah,Wilson,20,Plumber,Birmingham,LOW,2024-09-02 10:55:29
C_106634,Jennifer,Lewis,22,Chef,Sheffield,LOW,2022-01-16 09:13:05
C_106635,Joseph,Taylor,40,Accountant,Leeds,LOW,2023-10-30 03:49:10
C_106636,Patricia,Clarke,44,Retired,Newcastle,MEDIUM,2016-09-25 01:12:53
C_106637,Elizabeth,Edwards,36,Registered Nurse,Leicester,MEDIUM,2021-01-04 21:32:30
C_106638,Joseph,Evans,53,Teacher,Edinburgh,LOW,2022-10-29 22:02:32
C_106639,Patricia,Clarke,18,Student,Bristol,HIGH,2021-09-26 02:57:38
C_106640,Charles,Hill,42,Driver,Liverpool,LOW,2022-06-10 19:59:42
C_106641,Michelle,King,43,Project Manager,Sheffield,LOW,2024-11-14 06:34:43
C_106642,Leo,Patterson,50,Unemployed,Glasgow,MEDIUM,2023-08-24 16:49:34
C_106643,George,Lewis,68,Retired,Belfast,LOW,2022-01-22 13:35:22
C_106644,Thomas,Hall,63,Retired,Coventry,LOW,2020-02-04 11:13:13
C_106645,Leo,Brown,50,Plumber,Manchester,LOW,2016-07-28 03:04:28
C_106646,Nancy,Jackson,28,Consultant,Edinburgh,LOW,2016-08-20 13:22:42
C_106647,Olivia,Harrison,34,Business Owner,Newcastle,LOW,2024-08-20 10:06:23
C_106648,Ashley,Hill,38,Administrative Assistant,Coventry,LOW,2021-06-08 12:11:13
C_106649,Michael,Watson,27,Sales Associate,Leeds,LOW,2018-12-14 21:10:11
C_106650,Isabella,Johnson,37,Electrician,Nottingham,LOW,2017-11-05 18:15:58
C_106651,Lisa,Robinson,54,Electrician,Leeds,LOW,2022-11-05 16:19:40
C_106652,Sandra,Davies,23,Registered Nurse,London,LOW,2018-04-20 06:06:34
C_106653,Donna,Hill,25,Unemployed,Edinburgh,LOW,2024-01-17 18:37:14
C_106654,Joseph,Edwards,29,Consultant,Nottingham,LOW,2017-08-11 17:59:33
C_106655,Sandra,Young,52,Student,Coventry,LOW,2024-07-22 10:44:26
C_106656,Michelle,Roberts,27,Student,Manchester,LOW,2022-06-08 04:14:20
C_106657,David,Thompson,36,Consultant,Nottingham,LOW,2021-05-24 02:39:32
C_106658,Jessica,Mason,57,Project Manager,Manchester,LOW,2024-10-26 06:54:55
C_106659,Ivy,Scott,35,Project Manager,Glasgow,LOW,2022-01-17 08:02:53
C_106660,James,Cooper,55,Business Owner,Bristol,LOW,2016-02-09 16:35:38
C_106661,Barbara,Thompson,33,Electrician,Coventry,LOW,2019-01-22 21:47:32
C_106662,Patricia,Clark,27,Sales Associate,Bristol,LOW,2019-05-06 03:52:32
C_106663,Richard,Green,47,Driver,Edinburgh,LOW,2022-04-11 06:48:31
C_106664,Mia,Mitchell,58,Administrative Assistant,Belfast,LOW,2021-12-07 14:18:47
C_106665,Noah,Roberts,52,Construction Worker,Leeds,MEDIUM,2020-02-09 12:57:15
C_106666,Nancy,Jones,54,Registered Nurse,Glasgow,MEDIUM,2022-08-22 21:28:14
C_106667,William,Wilson,18,Student,Leeds,MEDIUM,2016-12-09 20:50:20
C_106668,Richard,Clarke,21,Student,Cardiff,MEDIUM,2018-11-15 13:08:14
C_106669,Margaret,Baker,44,Student,Leicester,MEDIUM,2016-01-19 04:58:53
C_106670,Noah,Wright,42,Software Engineer,Belfast,LOW,2018-10-08 23:07:32
C_106671,Charles,Jones,23,Doctor,Cardiff,LOW,2017-08-13 02:56:38
C_106672,Noah,Williams,43,Electrician,Glasgow,LOW,2023-08-07 12:03:24
C_106673,Ashley,Hughes,63,Student,Manchester,LOW,2016-08-13 23:25:25
C_106674,Robert,Green,36,Registered Nurse,London,LOW,2025-09-01 13:56:08
C_106675,Patricia,Wright,44,Administrative Assistant,Sheffield,MEDIUM,2023-03-25 14:58:54
C_106676,Michelle,Ward,57,Software Engineer,Coventry,LOW,2023-08-15 18:47:59
C_106677,Nancy,Young,30,Lawyer,Leicester,HIGH,2024-07-02 06:50:29
C_106678,Barbara,Ward,53,Electrician,Birmingham,LOW,2020-02-01 23:08:39
C_106679,Olivia,Williams,32,Teacher,Glasgow,LOW,2023-10-28 00:15:55
C_106680,Margaret,Harrison,37,Sales Associate,Nottingham,LOW,2019-11-05 07:45:54
C_106681,Elizabeth,Roberts,38,Administrative Assistant,Edinburgh,LOW,2023-10-24 14:22:08
C_106682,Michelle,Roberts,55,Construction Worker,Coventry,LOW,2019-05-30 19:16:41
C_106683,Ivy,Mason,18,Student,Leeds,MEDIUM,2016-10-19 09:28:07
C_106684,Thomas,Edwards,39,Software Engineer,Leeds,LOW,2024-11-26 21:55:35
C_106685,Robert,Hall,36,Administrative Assistant,Cardiff,LOW,2025-06-22 01:35:16
C_106686,Oscar,Jones,34,Administrative Assistant,London,LOW,2016-06-26 21:15:34
C_106687,Elizabeth,Williams,60,Sales Associate,Coventry,LOW,2023-06-11 21:06:48
C_106688,Thomas,Jones,19,Doctor,Newcastle,LOW,2023-06-24 19:10:39
C_106689,Joseph,Clarke,29,Student,Manchester,LOW,2025-07-11 16:54:28
C_106690,Christopher,Clark,43,Plumber,Sheffield,LOW,2024-08-12 10:40:37
C_106691,John,Johnson,45,Electrician,London,LOW,2018-05-10 05:19:52
C_106692,David,Wilson,70,Retired,Manchester,MEDIUM,2024-07-22 06:18:06
C_106693,Leo,Hughes,34,Plumber,Manchester,LOW,2024-11-18 03:43:30
C_106694,Emily,Carter,43,Project Manager,Manchester,LOW,2024-03-13 08:05:50
C_106695,Betty,Harris,39,Sales Associate,Birmingham,LOW,2016-07-26 10:33:17
C_106696,Jessica,White,43,Administrative Assistant,Newcastle,LOW,2018-07-27 02:28:31
C_106697,Patricia,Martin,46,Unemployed,Leeds,LOW,2021-06-01 17:02:12
C_106698,Nancy,Hughes,51,Chef,Liverpool,LOW,2021-02-02 15:41:45
C_106699,William,Wood,69,Retired,Nottingham,LOW,2016-10-04 12:34:19
C_106700,Margaret,Cooper,44,Software Engineer,Belfast,LOW,2021-07-06 18:34:38
C_106701,Robert,Scott,54,Project Manager,Belfast,MEDIUM,2022-05-10 19:04:43
C_106702,Ashley,Thompson,37,Business Owner,Cardiff,LOW,2019-07-07 00:51:31
C_106703,Robert,Lewis,25,Plumber,Leicester,LOW,2021-07-15 10:53:12
C_106704,Sarah,Watson,23,Driver,Nottingham,LOW,2020-03-04 20:11:59
C_106705,Linda,Carter,19,Student,Manchester,LOW,2016-02-02 02:52:59
C_106706,Kimberly,Robinson,60,Business Owner,Liverpool,LOW,2017-11-21 23:35:53
C_106707,Sophia,Robinson,53,Doctor,Newcastle,LOW,2019-11-07 09:40:21
C_106708,Isabella,Martin,67,Retired,Birmingham,LOW,2016-01-06 04:46:09
C_106709,Betty,White,18,Teacher,Sheffield,LOW,2018-10-06 04:35:15
C_106710,Michael,Harrison,22,Business Owner,Manchester,LOW,2016-05-26 07:23:04
C_106711,John,King,53,Teacher,Liverpool,LOW,2018-10-26 07:26:24
C_106712,Leo,Harrison,58,Accountant,Coventry,HIGH,2018-05-08 02:25:39
C_106713,Harry,Scott,61,Unemployed,Coventry,LOW,2016-09-29 20:37:13
C_106714,Elizabeth,Young,47,Plumber,London,LOW,2019-05-17 10:44:49
C_106715,David,Mitchell,25,Sales Associate,Birmingham,LOW,2019-04-12 16:08:16
C_106716,Oliver,Ward,44,Business Owner,Leeds,LOW,2025-06-29 00:46:40
C_106717,Michael,Green,50,Construction Worker,Glasgow,LOW,2021-05-31 03:59:21
C_106718,Nancy,Cooper,55,Student,Belfast,LOW,2018-02-24 14:53:33
C_106719,Barbara,Thomas,31,Electrician,Nottingham,MEDIUM,2018-08-16 22:24:54
C_106720,James,Cooper,58,Student,Leicester,LOW,2025-04-11 16:02:35
C_106721,Michelle,Watson,73,Retired,Edinburgh,LOW,2022-01-03 10:58:14
C_106722,Arthur,Robinson,26,Doctor,Newcastle,LOW,2017-06-14 03:29:16
C_106723,Barbara,Williams,38,Doctor,Manchester,LOW,2021-01-11 21:30:14
C_106724,Mia,Hall,33,Business Owner,Sheffield,LOW,2016-06-05 14:46:00
C_106725,Christopher,Young,36,Software Engineer,Coventry,LOW,2022-03-30 07:00:00
C_106726,Oliver,Hill,32,Administrative Assistant,Coventry,LOW,2017-02-25 00:42:21
C_106727,Margaret,Scott,33,Plumber,Glasgow,LOW,2018-07-27 16:45:19
C_106728,Isabella,Martin,32,Unemployed,Manchester,HIGH,2021-11-06 15:16:11
C_106729,Linda,Mitchell,56,Administrative Assistant,Manchester,LOW,2019-09-23 08:03:06
C_106730,Michael,Jones,39,Driver,Belfast,LOW,2018-02-27 08:22:33
C_106731,Linda,Edwards,41,Doctor,Nottingham,LOW,2021-12-02 17:59:23
C_106732,Margaret,Young,48,Retired,Leicester,LOW,2023-08-28 22:48:49
C_106733,Betty,Roberts,25,Student,Leeds,LOW,2019-02-25 04:50:14
C_106734,Arthur,Thompson,41,Project Manager,Liverpool,MEDIUM,2025-06-16 07:39:10
C_106735,William,Taylor,50,Electrician,Belfast,LOW,2018-09-09 19:46:17
C_106736,Mia,Lewis,35,Administrative Assistant,Newcastle,MEDIUM,2021-09-10 13:39:45
C_106737,Kimberly,Mitchell,68,Retired,Sheffield,MEDIUM,2025-07-21 04:09:30
C_106738,Lily,Wood,34,Electrician,Leeds,LOW,2022-09-09 14:11:41
C_106739,Patricia,Young,57,Student,Edinburgh,LOW,2021-08-24 23:34:05
C_106740,Elizabeth,Scott,46,Construction Worker,Newcastle,LOW,2025-02-14 10:54:04
C_106741,Ava,King,60,Business Owner,Liverpool,LOW,2017-04-05 13:48:12
C_106742,Jennifer,Robinson,18,Student,Liverpool,LOW,2018-11-27 20:53:38
C_106743,Oscar,Brown,56,Accountant,Bristol,LOW,2017-01-26 06:36:29
C_106744,Charles,Patterson,64,Accountant,Cardiff,MEDIUM,2021-02-19 12:58:42
C_106745,Lily,Jackson,22,Accountant,Nottingham,LOW,2017-11-03 20:34:51
C_106746,Ivy,Walker,30,Construction Worker,Coventry,LOW,2019-10-02 19:21:56
C_106747,Amelia,Johnson,62,Project Manager,Bristol,LOW,2019-11-02 20:39:52
C_106748,Charles,Harrison,33,Plumber,Belfast,LOW,2016-12-09 06:06:30
C_106749,Emily,Ward,33,Doctor,Leicester,LOW,2020-04-23 21:10:11
C_106750,Kimberly,Wright,42,Retired,Coventry,LOW,2025-01-20 10:25:20
C_106751,Nancy,Carter,29,Administrative Assistant,Leicester,LOW,2023-04-25 23:57:03
C_106752,Isla,Mitchell,57,Lawyer,Newcastle,LOW,2018-12-17 09:35:50
C_106753,Christopher,Scott,54,Software Engineer,Bristol,LOW,2016-12-20 03:32:10
C_106754,Joseph,Mitchell,18,Chef,Newcastle,LOW,2021-08-02 02:59:22
C_106755,Jennifer,Mason,57,Electrician,Leeds,LOW,2022-03-27 16:49:54
C_106756,Emily,Jones,37,Consultant,Birmingham,LOW,2025-08-05 21:19:43
C_106757,Jessica,Wood,59,Chef,Belfast,LOW,2024-11-03 04:25:10
C_106758,Oscar,Patterson,33,Project Manager,Manchester,LOW,2020-12-23 11:17:51
C_106759,George,Hall,58,Electrician,Coventry,LOW,2024-12-28 18:15:26
C_106760,Susan,Wright,45,Business Owner,London,LOW,2019-11-16 16:29:21
C_106761,Margaret,Green,34,Consultant,Birmingham,LOW,2019-06-29 23:31:10
C_106762,Jessica,Robinson,66,Retired,Belfast,LOW,2024-02-22 23:17:28
C_106763,Daniel,Robinson,23,Business Owner,Belfast,LOW,2021-09-28 02:35:44
C_106764,Oliver,Cooper,39,Teacher,Glasgow,MEDIUM,2024-09-05 04:42:27
C_106765,Donna,Baker,31,Software Engineer,Leeds,LOW,2023-07-10 01:40:38
C_106766,Richard,Green,18,Student,Liverpool,LOW,2021-08-13 10:11:27
C_106767,Elizabeth,King,58,Registered Nurse,Edinburgh,LOW,2020-09-10 10:17:18
C_106768,Michelle,Scott,48,Retired,Birmingham,LOW,2019-02-27 20:44:03
C_106769,Richard,Taylor,18,Administrative Assistant,London,LOW,2017-08-21 16:53:17
C_106770,Amelia,Walker,35,Administrative Assistant,Newcastle,LOW,2018-10-03 18:52:10
C_106771,Elizabeth,Patterson,26,Business Owner,Nottingham,LOW,2017-10-24 22:35:42
C_106772,Jennifer,Green,41,Project Manager,Edinburgh,LOW,2016-07-02 01:55:10
C_106773,Susan,Hughes,35,Driver,Cardiff,LOW,2021-10-08 08:54:47
C_106774,Jennifer,Jackson,39,Construction Worker,Leicester,LOW,2019-10-18 20:10:00
C_106775,Michelle,Hill,36,Lawyer,Cardiff,LOW,2024-03-22 04:59:34
C_106776,John,Mitchell,40,Administrative Assistant,Cardiff,LOW,2018-07-18 23:21:14
C_106777,Joseph,Brown,62,Administrative Assistant,Manchester,LOW,2016-03-29 09:01:32
C_106778,Elizabeth,Lewis,51,Student,Coventry,HIGH,2024-04-19 06:53:28
C_106779,Joseph,Watson,18,Student,Bristol,LOW,2016-10-25 20:01:09
C_106780,Charles,Harris,44,Unemployed,Glasgow,MEDIUM,2024-10-11 04:13:56
C_106781,Sandra,Johnson,36,Electrician,Newcastle,LOW,2023-09-28 14:02:04
C_106782,Donna,Wright,47,Administrative Assistant,Nottingham,LOW,2024-12-05 05:07:00
C_106783,Ava,Wright,21,Student,Manchester,MEDIUM,2019-05-22 23:23:56
C_106784,Elizabeth,Harrison,47,Administrative Assistant,Bristol,LOW,2024-06-26 03:22:06
C_106785,Ava,Walker,18,Consultant,Sheffield,LOW,2021-07-17 22:55:49
C_106786,Matthew,Jackson,44,Student,Cardiff,LOW,2022-12-18 04:43:31
C_106787,Karen,Johnson,77,Teacher,Nottingham,LOW,2019-04-30 21:54:55
C_106788,Lisa,Davies,34,Student,Leeds,MEDIUM,2020-08-12 21:06:38
C_106789,Charles,Wood,48,Student,Leicester,LOW,2018-07-07 03:11:15
C_106790,Isabella,Cooper,50,Construction Worker,Sheffield,LOW,2024-08-07 07:14:07
C_106791,Sandra,Lewis,21,Student,Glasgow,MEDIUM,2025-12-19 15:18:49
C_106792,Leo,Harris,43,Registered Nurse,London,LOW,2022-11-01 21:55:54
C_106793,James,Johnson,44,Sales Associate,Birmingham,LOW,2021-07-01 18:22:17
C_106794,Jessica,Martin,52,Consultant,Leeds,LOW,2017-08-25 01:31:32
C_106795,Harry,Taylor,64,Software Engineer,Bristol,LOW,2017-08-28 05:09:29
C_106796,Nancy,Young,23,Lawyer,Leeds,LOW,2017-01-06 22:45:04
C_106797,Michelle,Wood,50,Student,Liverpool,LOW,2019-04-09 05:02:54
C_106798,Emily,Carter,48,Doctor,Edinburgh,LOW,2018-12-12 17:18:50
C_106799,Donna,Young,18,Student,Cardiff,LOW,2020-12-03 02:29:40
C_106800,Sarah,Davies,52,Consultant,Sheffield,LOW,2018-09-09 11:17:47
C_106801,Leo,Jones,72,Retired,London,LOW,2023-09-14 14:12:03
C_106802,Ivy,Evans,24,Retired,Newcastle,LOW,2019-04-16 10:15:11
C_106803,Harry,Cooper,38,Construction Worker,Coventry,LOW,2022-01-20 22:14:42
C_106804,Thomas,Davies,47,Retired,Cardiff,MEDIUM,2017-05-28 00:43:20
C_106805,John,Roberts,54,Chef,Belfast,LOW,2017-01-17 11:14:08
C_106806,Harry,Williams,53,Student,Liverpool,MEDIUM,2023-02-15 06:31:00
C_106807,Ivy,Williams,38,Doctor,Newcastle,LOW,2025-06-22 11:49:59
C_106808,Oscar,Harris,58,Teacher,Glasgow,LOW,2020-09-02 00:53:47
C_106809,David,Green,40,Teacher,Edinburgh,LOW,2023-03-21 21:22:01
C_106810,Donna,Martin,46,Software Engineer,Nottingham,LOW,2025-01-19 01:48:33
C_106811,Michelle,Hall,38,Lawyer,Coventry,LOW,2022-02-02 16:03:53
C_106812,Michael,Wilson,38,Lawyer,Coventry,LOW,2017-04-18 08:28:50
C_106813,Lily,Thompson,29,Retired,Belfast,MEDIUM,2016-09-01 07:51:25
C_106814,Matthew,Patterson,53,Student,Leeds,LOW,2025-08-18 00:51:17
C_106815,Charles,Robinson,39,Plumber,Bristol,MEDIUM,2021-09-12 19:19:33
C_106816,Mia,Roberts,42,Teacher,Glasgow,LOW,2017-02-13 11:20:42
C_106817,Lily,Martin,52,Project Manager,Cardiff,MEDIUM,2024-01-08 23:35:14
C_106818,Ashley,King,52,Plumber,Belfast,LOW,2024-03-05 10:25:32
C_106819,Nancy,Hill,52,Administrative Assistant,Leeds,LOW,2025-02-26 00:35:06
C_106820,Ivy,Taylor,67,Retired,Birmingham,LOW,2020-01-15 18:41:47
C_106821,William,White,18,Student,Manchester,LOW,2025-05-26 19:29:33
C_106822,Betty,Taylor,55,Accountant,Cardiff,LOW,2022-05-21 23:50:15
C_106823,Sophia,White,40,Administrative Assistant,Birmingham,LOW,2025-05-11 22:23:17
C_106824,Ivy,Scott,21,Student,Leicester,LOW,2025-09-23 23:56:43
C_106825,Arthur,Roberts,43,Chef,Sheffield,LOW,2021-07-24 20:59:29
C_106826,Sandra,Johnson,40,Administrative Assistant,Coventry,LOW,2024-09-21 10:11:38
C_106827,Joseph,Harris,29,Plumber,Nottingham,MEDIUM,2017-02-11 09:17:04
C_106828,Charles,Thomas,45,Accountant,London,LOW,2022-08-12 18:26:20
C_106829,Lily,Green,20,Unemployed,Leicester,LOW,2020-09-21 22:58:56
C_106830,Arthur,Evans,54,Sales Associate,Leicester,LOW,2020-12-12 08:47:46
C_106831,John,Carter,51,Retired,Birmingham,LOW,2018-06-26 23:41:05
C_106832,Michelle,White,54,Business Owner,Bristol,HIGH,2017-06-21 19:53:26
C_106833,Richard,Evans,68,Retired,Liverpool,LOW,2021-07-16 12:09:53
C_106834,Elizabeth,Davies,43,Teacher,Manchester,LOW,2021-04-21 09:44:04
C_106835,Oliver,Scott,45,Doctor,Sheffield,LOW,2018-12-05 04:57:52
C_106836,Lily,Jackson,19,Teacher,Manchester,LOW,2019-06-27 06:35:56
C_106837,Oscar,Wood,57,Lawyer,Glasgow,LOW,2024-02-05 08:27:57
C_106838,Ashley,Green,59,Consultant,Nottingham,LOW,2023-03-17 22:37:48
C_106839,Thomas,Mitchell,64,Student,London,LOW,2025-04-17 02:55:53
C_106840,David,Mason,29,Sales Associate,London,LOW,2018-10-21 22:42:03
C_106841,Emily,Cooper,45,Student,Sheffield,LOW,2021-04-10 10:39:27
C_106842,James,Walker,29,Administrative Assistant,Birmingham,HIGH,2023-01-27 00:24:43
C_106843,Amelia,Carter,44,Project Manager,London,LOW,2020-03-10 20:47:29
C_106844,Daniel,Watson,50,Construction Worker,Nottingham,LOW,2021-09-03 11:07:43
C_106845,Donna,Hall,35,Administrative Assistant,Glasgow,MEDIUM,2024-06-10 23:05:25
C_106846,Matthew,Martin,45,Chef,Manchester,LOW,2021-12-24 20:19:39
C_106847,Muhammad,Lewis,50,Electrician,Belfast,LOW,2025-08-09 01:03:00
C_106848,Patricia,Walker,37,Project Manager,Manchester,LOW,2020-11-15 18:55:26
C_106849,Thomas,Wright,59,Chef,Bristol,LOW,2018-05-07 06:04:26
C_106850,Mia,Scott,34,Student,Bristol,LOW,2022-11-01 09:31:26
C_106851,Isabella,Wilson,40,Software Engineer,Manchester,LOW,2019-11-05 20:00:42
C_106852,Robert,Mitchell,29,Teacher,Manchester,LOW,2024-02-24 09:01:26
C_106853,Oscar,Jones,42,Accountant,Sheffield,LOW,2016-04-07 11:51:40
C_106854,Donna,Davies,24,Lawyer,Sheffield,LOW,2018-07-12 17:46:12
C_106855,Lisa,Green,47,Doctor,Birmingham,LOW,2023-03-11 02:24:08
C_106856,Kimberly,Thompson,51,Teacher,Newcastle,LOW,2016-10-20 10:22:38
C_106857,Thomas,Evans,32,Unemployed,Leeds,LOW,2018-10-09 17:11:17
C_106858,Arthur,Roberts,54,Plumber,Leicester,LOW,2023-09-25 14:13:34
C_106859,Mia,Hall,45,Accountant,Birmingham,MEDIUM,2023-04-02 12:52:13
C_106860,Daniel,Mason,22,Accountant,Cardiff,LOW,2024-06-05 23:30:13
C_106861,Mia,Mitchell,55,Student,Edinburgh,LOW,2023-11-18 03:49:33
C_106862,Lisa,Edwards,53,Electrician,Belfast,LOW,2020-03-08 14:58:54
C_106863,William,Baker,51,Plumber,London,LOW,2025-10-06 06:55:44
C_106864,Lily,Patterson,28,Administrative Assistant,Liverpool,LOW,2018-08-02 18:02:20
C_106865,Oscar,Robinson,26,Teacher,Bristol,LOW,2025-09-08 02:06:41
C_106866,Sarah,Martin,45,Accountant,Manchester,LOW,2025-12-04 19:38:07
C_106867,Joseph,Wright,29,Electrician,Bristol,LOW,2018-12-18 10:36:15
C_106868,Sarah,Thompson,37,Electrician,Manchester,LOW,2016-03-06 18:56:36
C_106869,Isabella,Wood,42,Accountant,Leicester,LOW,2018-05-17 21:18:14
C_106870,Ivy,Green,67,Retired,Leicester,LOW,2018-03-15 13:14:49
C_106871,Lily,Mitchell,80,Retired,Birmingham,LOW,2019-04-07 05:26:42
C_106872,Ashley,Hill,26,Registered Nurse,Edinburgh,LOW,2025-04-12 23:23:49
C_106873,Isla,Hill,48,Administrative Assistant,Newcastle,LOW,2017-01-12 15:00:51
C_106874,Richard,Harrison,18,Business Owner,Belfast,LOW,2024-08-18 16:18:19
C_106875,William,Baker,36,Accountant,Bristol,LOW,2017-12-31 00:52:41
C_106876,Emily,Martin,33,Unemployed,Sheffield,LOW,2022-08-08 16:36:57
C_106877,Sarah,Evans,47,Driver,Manchester,LOW,2019-01-24 08:54:31
C_106878,Susan,Hill,46,Driver,Leeds,LOW,2021-03-22 21:27:47
C_106879,Linda,Robinson,33,Chef,Cardiff,MEDIUM,2021-04-25 18:12:31
C_106880,Patricia,Wright,48,Construction Worker,Leeds,LOW,2016-10-31 03:56:54
C_106881,Jennifer,Mason,47,Driver,Manchester,LOW,2025-08-26 20:53:02
C_106882,Linda,Patterson,39,Business Owner,Nottingham,LOW,2025-06-22 23:12:31
C_106883,Karen,Mason,32,Construction Worker,Edinburgh,LOW,2016-01-09 01:20:28
C_106884,Karen,Hall,38,Unemployed,Leicester,LOW,2025-10-05 21:34:04
C_106885,Isla,Baker,23,Business Owner,Newcastle,MEDIUM,2025-09-10 05:36:48
C_106886,Kimberly,Mitchell,65,Consultant,Nottingham,MEDIUM,2022-05-21 14:20:00
C_106887,Elizabeth,Clark,18,Construction Worker,Bristol,LOW,2020-10-17 08:23:54
C_106888,Karen,Clark,21,Student,Newcastle,LOW,2024-11-11 16:29:12
C_106889,David,Clarke,43,Administrative Assistant,Edinburgh,LOW,2021-08-12 20:53:17
C_106890,Arthur,Evans,26,Student,Leicester,LOW,2017-06-20 00:09:45
C_106891,Nancy,Patterson,40,Consultant,Belfast,LOW,2024-02-21 19:33:10
C_106892,Margaret,Lewis,23,Plumber,Newcastle,LOW,2020-08-23 15:31:28
C_106893,Sophia,Taylor,62,Software Engineer,Manchester,MEDIUM,2022-04-16 00:57:05
C_106894,Amelia,Roberts,53,Project Manager,Glasgow,LOW,2020-11-09 03:02:10
C_106895,Sandra,Hill,34,Plumber,Edinburgh,LOW,2020-08-03 06:40:08
C_106896,Joseph,Jackson,35,Lawyer,Leeds,LOW,2022-05-27 06:23:31
C_106897,Mia,Scott,27,Business Owner,Manchester,LOW,2025-12-24 21:48:04
C_106898,Harry,Mason,38,Chef,Liverpool,LOW,2025-11-20 10:47:41
C_106899,Isla,Harrison,31,Chef,Glasgow,MEDIUM,2023-08-13 16:38:21
C_106900,George,Harris,36,Student,Newcastle,LOW,2025-10-21 14:08:29
C_106901,Sandra,Harris,59,Construction Worker,Bristol,LOW,2025-03-22 09:08:46
C_106902,Matthew,Thomas,42,Registered Nurse,Sheffield,LOW,2022-01-23 01:35:04
C_106903,Patricia,Walker,23,Doctor,Bristol,LOW,2023-07-01 01:41:32
C_106904,Arthur,Robinson,34,Administrative Assistant,Edinburgh,LOW,2018-10-13 12:30:44
C_106905,Robert,Robinson,20,Student,Glasgow,HIGH,2023-05-05 14:36:54
C_106906,Ava,Evans,24,Software Engineer,Cardiff,LOW,2016-11-22 06:53:18
C_106907,Susan,Lewis,35,Electrician,Sheffield,LOW,2020-12-26 14:10:50
C_106908,Robert,Hill,53,Construction Worker,Glasgow,LOW,2019-08-18 00:57:03
C_106909,Sarah,Robinson,37,Doctor,Liverpool,LOW,2021-07-04 05:33:22
C_106910,Arthur,Thompson,47,Administrative Assistant,Coventry,LOW,2017-02-18 10:54:02
C_106911,Isabella,Robinson,46,Lawyer,Cardiff,LOW,2021-01-28 01:25:23
C_106912,Sarah,Baker,50,Chef,Birmingham,LOW,2017-06-10 08:07:13
C_106913,Matthew,Brown,26,Teacher,Bristol,LOW,2017-03-04 08:08:23
C_106914,Betty,Hughes,29,Teacher,Nottingham,MEDIUM,2023-12-19 19:23:19
C_106915,Linda,Mason,42,Software Engineer,Leeds,LOW,2017-08-05 23:27:49
C_106916,Daniel,Patterson,44,Administrative Assistant,Belfast,LOW,2021-08-08 12:07:11
C_106917,Harry,King,54,Administrative Assistant,Sheffield,LOW,2018-01-09 21:01:32
C_106918,Christopher,Williams,18,Unemployed,Leicester,LOW,2018-08-08 18:42:24
C_106919,Oliver,Jones,35,Administrative Assistant,Manchester,LOW,2024-09-08 15:12:47
C_106920,Kimberly,Mitchell,67,Retired,Coventry,LOW,2017-06-30 07:28:21
C_106921,Amelia,Smith,61,Driver,Liverpool,LOW,2017-12-13 06:55:00
C_106922,Lily,Edwards,45,Sales Associate,Glasgow,MEDIUM,2017-01-16 02:18:56
C_106923,James,Harrison,47,Electrician,Coventry,MEDIUM,2018-06-17 06:09:07
C_106924,Sandra,Harris,18,Student,Newcastle,LOW,2018-02-16 03:08:17
C_106925,Ava,Green,34,Consultant,Bristol,LOW,2017-09-22 09:12:00
C_106926,Matthew,Lewis,63,Teacher,Leeds,LOW,2023-12-26 07:26:17
C_106927,Ashley,Taylor,25,Driver,Edinburgh,HIGH,2017-05-22 16:20:44
C_106928,Amelia,Young,58,Electrician,Glasgow,LOW,2024-09-03 06:37:42
C_106929,Richard,Thompson,67,Retired,Coventry,LOW,2016-08-12 20:04:42
C_106930,Nancy,Baker,19,Student,Manchester,LOW,2024-07-29 08:10:25
C_106931,Ivy,Mason,49,Software Engineer,Bristol,LOW,2019-05-08 07:03:29
C_106932,Noah,Hill,26,Accountant,Liverpool,LOW,2022-06-06 13:26:25
C_106933,Oscar,Mitchell,37,Student,Edinburgh,LOW,2019-09-26 19:45:42
C_106934,Richard,Young,45,Driver,Nottingham,MEDIUM,2023-03-28 05:37:20
C_106935,Matthew,King,53,Unemployed,Coventry,LOW,2025-11-07 13:09:53
C_106936,Kimberly,Lewis,65,Electrician,Leicester,LOW,2025-11-25 04:33:00
C_106937,Muhammad,Taylor,53,Electrician,Leeds,LOW,2025-08-09 04:00:07
C_106938,Michael,Clark,56,Chef,Belfast,LOW,2020-12-22 03:48:24
C_106939,Ivy,Green,62,Chef,Belfast,LOW,2016-10-01 00:18:44
C_106940,Emily,Roberts,60,Electrician,Belfast,LOW,2021-01-21 22:34:24
C_106941,Joseph,Harris,49,Plumber,London,LOW,2019-08-18 11:45:49
C_106942,Sophia,Watson,42,Lawyer,Coventry,LOW,2023-02-02 01:35:53
C_106943,Richard,Ward,27,Chef,Bristol,LOW,2022-01-20 22:03:58
C_106944,Jessica,Ward,27,Chef,Coventry,MEDIUM,2024-08-09 10:11:34
C_106945,Oliver,Lewis,69,Retired,Cardiff,LOW,2019-11-15 23:26:19
C_106946,Olivia,Evans,66,Retired,London,LOW,2021-07-28 16:55:41
C_106947,Patricia,Thompson,42,Sales Associate,London,LOW,2022-07-03 08:01:29
C_106948,Ivy,Thompson,41,Student,Cardiff,LOW,2017-07-13 12:52:03
C_106949,Lily,Watson,26,Student,Nottingham,LOW,2021-01-12 21:24:22
C_106950,Lisa,Evans,50,Sales Associate,Nottingham,LOW,2023-11-18 13:00:56
C_106951,Linda,Cooper,42,Software Engineer,Glasgow,LOW,2020-09-26 06:17:29
C_106952,Patricia,Green,33,Business Owner,Birmingham,LOW,2024-07-21 11:52:16
C_106953,John,Green,59,Registered Nurse,London,LOW,2016-10-15 14:09:30
C_106954,Elizabeth,Davies,60,Sales Associate,Nottingham,LOW,2023-08-10 21:08:15
C_106955,Donna,Young,46,Business Owner,Sheffield,LOW,2024-11-04 14:20:10
C_106956,Oliver,Harrison,27,Teacher,Glasgow,LOW,2023-02-13 06:28:53
C_106957,Margaret,Wood,39,Construction Worker,Sheffield,HIGH,2025-12-01 07:28:20
C_106958,Nancy,Wood,19,Student,London,LOW,2016-12-05 05:48:21
C_106959,Linda,Hughes,43,Unemployed,Bristol,LOW,2019-04-17 14:32:27
C_106960,Karen,King,50,Sales Associate,Leeds,LOW,2017-09-09 01:15:58
C_106961,Susan,Hall,42,Lawyer,Coventry,LOW,2016-12-15 21:12:07
C_106962,Jessica,Carter,27,Business Owner,Nottingham,LOW,2025-11-24 02:04:10
C_106963,Lisa,Roberts,38,Student,Glasgow,LOW,2021-03-05 19:35:38
C_106964,Lily,Davies,26,Driver,Glasgow,LOW,2024-08-26 01:02:56
C_106965,Jennifer,Scott,49,Accountant,Belfast,LOW,2020-08-10 20:47:56
C_106966,Charles,Wood,50,Student,Leeds,LOW,2018-11-13 21:31:53
C_106967,Ashley,Roberts,49,Sales Associate,Leeds,LOW,2016-01-22 14:19:27
C_106968,Harry,Scott,35,Project Manager,Newcastle,LOW,2020-06-10 21:25:34
C_106969,Amelia,Harrison,32,Plumber,Sheffield,LOW,2022-12-04 13:03:12
C_106970,Betty,Scott,56,Consultant,Birmingham,LOW,2018-06-30 22:53:16
C_106971,Michelle,Scott,46,Electrician,Edinburgh,MEDIUM,2018-01-29 11:39:08
C_106972,Joseph,Roberts,24,Doctor,Newcastle,LOW,2024-03-19 10:48:56
C_106973,Arthur,Wood,18,Student,Newcastle,LOW,2020-06-06 01:59:43
C_106974,Sophia,Lewis,51,Project Manager,Bristol,MEDIUM,2020-05-04 00:22:19
C_106975,William,Wright,28,Doctor,Leicester,LOW,2021-03-08 10:20:11
C_106976,Matthew,Clark,31,Sales Associate,Bristol,LOW,2021-05-26 06:45:05
C_106977,John,Robinson,53,Lawyer,Glasgow,LOW,2016-10-22 06:24:50
C_106978,Elizabeth,Young,56,Business Owner,Manchester,LOW,2021-08-29 05:15:55
C_106979,Charles,Evans,56,Chef,Bristol,LOW,2022-05-12 21:51:23
C_106980,James,King,27,Teacher,Newcastle,LOW,2017-05-13 06:27:46
C_106981,Daniel,Jackson,39,Software Engineer,Glasgow,MEDIUM,2022-04-08 15:29:16
C_106982,Matthew,Thompson,63,Accountant,Edinburgh,LOW,2020-03-30 05:48:54
C_106983,Emily,Mason,35,Administrative Assistant,Belfast,MEDIUM,2023-11-01 19:29:44
C_106984,Donna,Hill,30,Business Owner,Liverpool,LOW,2021-08-19 00:57:31
C_106985,Kimberly,Patterson,42,Project Manager,Bristol,LOW,2016-02-01 04:08:07
C_106986,Thomas,Baker,38,Software Engineer,Nottingham,LOW,2023-06-10 08:42:58
C_106987,Mia,Clark,31,Chef,Birmingham,LOW,2021-04-18 19:39:45
C_106988,Jessica,Martin,57,Sales Associate,Liverpool,LOW,2016-10-04 05:55:23
C_106989,Jessica,Jones,32,Consultant,Leicester,LOW,2023-12-09 20:04:22
C_106990,William,Carter,57,Construction Worker,London,LOW,2021-10-04 01:36:42
C_106991,Jessica,Harris,46,Administrative Assistant,Cardiff,LOW,2023-04-28 18:20:47
C_106992,Leo,Martin,34,Plumber,Coventry,LOW,2017-11-21 04:01:54
C_106993,Muhammad,Hill,43,Teacher,Manchester,LOW,2022-10-31 06:37:27
C_106994,Linda,Davies,30,Driver,Nottingham,LOW,2020-11-14 23:55:29
C_106995,Jessica,Evans,57,Business Owner,Leicester,MEDIUM,2020-02-07 09:23:57
C_106996,Margaret,Cooper,70,Retired,Edinburgh,LOW,2020-03-27 14:08:57
C_106997,Michelle,Wood,35,Unemployed,Sheffield,LOW,2016-08-02 08:28:30
C_106998,James,Johnson,18,Chef,Glasgow,LOW,2024-12-26 14:24:29
C_106999,Charles,Brown,28,Plumber,Newcastle,LOW,2016-11-11 14:53:36
C_107000,Oliver,Carter,58,Teacher,Liverpool,LOW,2021-07-13 15:34:33
C_107001,Thomas,Jones,65,Registered Nurse,Bristol,MEDIUM,2017-10-07 22:40:25
C_107002,Richard,Evans,54,Doctor,Leeds,LOW,2019-04-12 19:42:18
C_107003,Kimberly,Jones,21,Student,Nottingham,LOW,2016-02-21 04:04:17
C_107004,Jessica,Mitchell,33,Consultant,Glasgow,LOW,2020-03-07 05:33:08
C_107005,Muhammad,Patterson,34,Driver,Liverpool,LOW,2023-10-08 19:52:57
C_107006,Elizabeth,Green,25,Chef,Glasgow,LOW,2025-06-13 08:14:26
C_107007,Sandra,Cooper,23,Lawyer,Glasgow,LOW,2019-05-28 13:36:42
C_107008,Daniel,Ward,36,Unemployed,Leeds,LOW,2016-09-25 12:27:49
C_107009,Lisa,Hughes,54,Doctor,Belfast,LOW,2016-11-25 12:30:58
C_107010,Charles,Davies,56,Registered Nurse,Newcastle,LOW,2024-09-16 22:33:17
C_107011,James,Carter,41,Consultant,Bristol,LOW,2021-03-14 13:57:30
C_107012,David,Baker,55,Doctor,Birmingham,LOW,2025-06-07 02:55:10
C_107013,Margaret,Patterson,37,Teacher,Cardiff,LOW,2023-02-08 20:54:30
C_107014,Lisa,Mitchell,38,Plumber,Birmingham,LOW,2021-06-11 11:30:27
C_107015,Thomas,Wright,52,Accountant,London,LOW,2017-09-16 04:17:33
C_107016,Noah,Baker,26,Retired,Newcastle,LOW,2022-12-17 15:16:49
C_107017,Matthew,Roberts,53,Lawyer,Sheffield,LOW,2018-09-05 07:48:59
C_107018,Ava,Robinson,38,Doctor,Leeds,LOW,2020-08-18 18:48:32
C_107019,Ava,Wood,24,Registered Nurse,Leicester,LOW,2016-07-08 01:37:36
C_107020,Charles,Patterson,45,Retired,Newcastle,LOW,2020-02-26 15:21:51
C_107021,Jessica,Davies,54,Unemployed,Leicester,MEDIUM,2016-10-25 05:44:27
C_107022,Karen,Watson,20,Consultant,Glasgow,LOW,2019-04-13 02:51:40
C_107023,Richard,Green,36,Business Owner,Liverpool,LOW,2020-11-02 23:17:53
C_107024,Sandra,Lewis,37,Electrician,Nottingham,LOW,2016-05-09 09:28:44
C_107025,Robert,Clarke,39,Driver,Edinburgh,MEDIUM,2019-10-06 22:31:15
C_107026,Ava,Johnson,32,Teacher,London,LOW,2024-11-27 12:36:51
C_107027,Kimberly,Mitchell,69,Retired,Glasgow,LOW,2023-02-28 02:02:47
C_107028,Leo,King,22,Chef,Bristol,LOW,2017-12-09 02:27:50
C_107029,Patricia,Jones,22,Construction Worker,Edinburgh,HIGH,2023-03-14 01:00:07
C_107030,Betty,Cooper,24,Driver,Manchester,LOW,2020-11-11 17:36:01
C_107031,Muhammad,Johnson,33,Electrician,Edinburgh,LOW,2025-11-23 14:27:47
C_107032,David,Carter,57,Business Owner,Newcastle,LOW,2020-01-06 19:52:21
C_107033,Margaret,Evans,55,Construction Worker,Sheffield,LOW,2024-07-16 05:34:29
C_107034,Noah,Watson,38,Software Engineer,Manchester,LOW,2025-08-14 00:45:41
C_107035,Ashley,Clarke,38,Consultant,Glasgow,LOW,2018-03-06 10:43:41
C_107036,Linda,Cooper,27,Software Engineer,Leicester,LOW,2024-06-12 20:20:06
C_107037,Amelia,Edwards,48,Unemployed,Cardiff,LOW,2019-05-24 07:33:34
C_107038,John,Wood,36,Unemployed,Coventry,LOW,2020-10-24 14:02:09
C_107039,Leo,Carter,39,Retired,Leeds,LOW,2018-01-09 22:35:37
C_107040,David,Smith,18,Student,Newcastle,LOW,2024-07-26 07:04:29
C_107041,Olivia,Evans,24,Lawyer,Sheffield,LOW,2022-03-28 16:43:52
C_107042,Amelia,Clark,54,Electrician,Belfast,LOW,2017-04-13 22:34:23
C_107043,Lily,Scott,54,Teacher,Cardiff,LOW,2019-10-31 22:49:01
C_107044,Jennifer,Davies,18,Student,Birmingham,LOW,2018-09-22 00:21:25
C_107045,Emily,Wilson,59,Teacher,Leicester,LOW,2021-05-12 08:16:28
C_107046,Oscar,Davies,53,Driver,Liverpool,MEDIUM,2021-07-05 06:45:38
C_107047,Ava,Green,22,Electrician,Sheffield,LOW,2018-10-14 18:47:52
C_107048,John,Thomas,50,Consultant,Cardiff,LOW,2018-02-03 05:48:40
C_107049,Ava,Edwards,48,Accountant,Glasgow,LOW,2018-12-15 00:59:48
C_107050,Ashley,Lewis,24,Registered Nurse,Coventry,LOW,2023-01-22 06:26:10
C_107051,Sandra,Wilson,41,Accountant,Coventry,LOW,2016-09-26 20:05:17
C_107052,Mia,Cooper,32,Project Manager,Leeds,LOW,2016-10-31 04:09:50
C_107053,Ashley,Patterson,29,Teacher,Leicester,LOW,2021-09-27 06:22:01
C_107054,Arthur,Scott,49,Business Owner,Leicester,MEDIUM,2021-10-03 00:04:35
C_107055,Linda,Young,54,Sales Associate,Edinburgh,LOW,2020-12-16 07:08:42
C_107056,Amelia,Edwards,38,Construction Worker,Liverpool,LOW,2020-03-12 21:08:00
C_107057,Ava,Harris,40,Retired,Leicester,MEDIUM,2025-06-11 23:48:59
C_107058,Donna,Ward,31,Consultant,Sheffield,LOW,2024-06-24 02:37:11
C_107059,Harry,Harrison,64,Retired,Sheffield,LOW,2016-10-19 13:56:29
C_107060,Patricia,Davies,33,Retired,Coventry,LOW,2017-09-10 05:16:38
C_107061,Kimberly,Hall,39,Chef,Leeds,LOW,2018-04-25 06:47:43
C_107062,George,Baker,62,Sales Associate,Edinburgh,LOW,2018-11-11 02:25:14
C_107063,Michael,White,52,Retired,Leeds,LOW,2025-03-21 08:25:05
C_107064,Leo,Walker,44,Chef,Edinburgh,LOW,2018-01-05 19:15:54
C_107065,Christopher,Mason,30,Doctor,Belfast,LOW,2016-04-02 21:23:25
C_107066,Oliver,Smith,53,Unemployed,Cardiff,LOW,2017-10-06 16:46:08
C_107067,Daniel,Taylor,46,Plumber,Manchester,LOW,2025-06-11 21:22:16
C_107068,Karen,Brown,26,Project Manager,Birmingham,LOW,2025-08-30 16:46:05
C_107069,Lisa,Edwards,23,Electrician,Leicester,LOW,2024-11-30 21:12:18
C_107070,William,Edwards,35,Sales Associate,Leeds,LOW,2016-06-18 06:22:44
C_107071,David,Cooper,70,Retired,Leeds,LOW,2022-10-01 22:58:26
C_107072,Donna,Carter,37,Driver,Sheffield,LOW,2024-05-11 16:19:54
C_107073,Margaret,Wilson,53,Doctor,Coventry,LOW,2021-08-03 12:02:11
C_107074,Isabella,King,55,Unemployed,Leicester,LOW,2018-07-09 13:25:09
C_107075,Mia,Wilson,30,Business Owner,London,LOW,2023-06-11 04:18:35
C_107076,Charles,Johnson,18,Consultant,Bristol,LOW,2019-03-13 15:20:34
C_107077,Jessica,Thompson,19,Registered Nurse,Coventry,MEDIUM,2023-10-21 12:33:34
C_107078,Margaret,Brown,35,Software Engineer,Bristol,LOW,2019-01-14 10:07:37
C_107079,Michael,Thomas,45,Consultant,Coventry,LOW,2024-05-28 00:54:33
C_107080,Richard,Hughes,45,Accountant,Leicester,LOW,2025-09-20 10:40:54
C_107081,Isla,Harris,30,Driver,Sheffield,MEDIUM,2023-04-19 10:47:34
C_107082,Patricia,Thompson,43,Electrician,Edinburgh,LOW,2022-04-12 07:25:10
C_107083,Isla,Green,58,Plumber,Nottingham,MEDIUM,2017-04-09 08:34:56
C_107084,Mia,Walker,36,Accountant,Leeds,LOW,2018-01-21 10:02:37
C_107085,Thomas,Ward,31,Construction Worker,Cardiff,LOW,2021-10-16 07:06:16
C_107086,Betty,Young,56,Retired,Leicester,LOW,2018-07-31 20:29:07
C_107087,Patricia,Thomas,42,Accountant,Manchester,LOW,2017-03-31 13:41:13
C_107088,Kimberly,Mitchell,38,Plumber,Liverpool,LOW,2024-11-08 21:48:46
C_107089,Isla,Scott,62,Driver,Glasgow,LOW,2023-10-12 09:41:54
C_107090,John,Smith,37,Consultant,Sheffield,LOW,2019-10-24 07:53:32
C_107091,Isla,King,24,Software Engineer,Coventry,LOW,2022-03-16 01:05:44
C_107092,Harry,Evans,63,Doctor,Manchester,LOW,2018-02-16 20:40:12
C_107093,Elizabeth,Thompson,35,Electrician,Bristol,MEDIUM,2017-11-04 07:23:20
C_107094,Elizabeth,Hughes,48,Teacher,Birmingham,LOW,2020-10-25 02:32:37
C_107095,Jessica,Evans,54,Construction Worker,Belfast,LOW,2016-08-30 15:02:26
C_107096,Jessica,Martin,54,Teacher,Leeds,LOW,2021-09-30 19:15:25
C_107097,John,Baker,40,Driver,Leeds,LOW,2021-11-26 11:23:13
C_107098,William,Hill,52,Construction Worker,Coventry,LOW,2023-06-11 00:10:41
C_107099,Ava,Walker,18,Student,Cardiff,LOW,2025-12-24 03:50:43
C_107100,Oscar,Cooper,25,Registered Nurse,Leeds,LOW,2023-11-09 11:44:35
C_107101,Harry,Jones,42,Consultant,Newcastle,LOW,2023-12-10 12:07:04
C_107102,Richard,Wilson,27,Consultant,Sheffield,MEDIUM,2021-01-18 14:42:29
C_107103,Jennifer,Scott,36,Accountant,Leicester,LOW,2024-12-15 09:58:09
C_107104,Robert,King,29,Driver,Coventry,LOW,2025-09-14 17:21:41
C_107105,Ivy,White,40,Driver,Leicester,MEDIUM,2018-08-22 10:21:20
C_107106,Nancy,Robinson,29,Teacher,Birmingham,MEDIUM,2023-02-07 19:09:44
C_107107,Lisa,Davies,44,Software Engineer,Birmingham,LOW,2022-08-04 12:31:23
C_107108,Olivia,Williams,40,Business Owner,Edinburgh,LOW,2023-05-13 10:37:59
C_107109,Muhammad,Wood,37,Construction Worker,Belfast,LOW,2016-06-30 17:58:16
C_107110,Noah,Edwards,50,Doctor,Leeds,LOW,2021-02-10 13:22:32
C_107111,Leo,Edwards,55,Accountant,Newcastle,LOW,2017-05-31 05:32:48
C_107112,Margaret,Watson,55,Driver,Newcastle,LOW,2022-11-08 17:43:46
C_107113,John,Ward,70,Retired,Leeds,LOW,2017-02-06 13:25:38
C_107114,Muhammad,Wood,24,Project Manager,London,LOW,2021-09-18 22:02:35
C_107115,Joseph,Martin,38,Driver,Cardiff,LOW,2023-07-08 09:54:29
C_107116,Sarah,Harris,59,Construction Worker,Nottingham,MEDIUM,2016-09-29 05:50:29
C_107117,Isabella,Hall,51,Retired,Cardiff,LOW,2019-04-18 00:55:23
C_107118,Lisa,Davies,35,Retired,Cardiff,LOW,2019-01-12 06:12:49
C_107119,George,Evans,32,Student,Leicester,LOW,2022-08-22 10:56:34
C_107120,Lily,Edwards,56,Registered Nurse,Belfast,LOW,2023-05-03 13:05:14
C_107121,Daniel,Mason,52,Project Manager,Birmingham,LOW,2018-09-07 16:14:05
C_107122,Amelia,Wright,29,Administrative Assistant,Newcastle,LOW,2021-08-14 16:11:19
C_107123,Daniel,Edwards,45,Consultant,Liverpool,LOW,2025-09-21 13:14:04
C_107124,Isla,Harris,48,Electrician,Liverpool,LOW,2022-12-07 20:46:21
C_107125,Michael,Thomas,37,Project Manager,Leeds,LOW,2016-08-09 10:31:10
C_107126,Isabella,Cooper,40,Sales Associate,London,HIGH,2021-09-30 10:42:37
C_107127,Barbara,Lewis,51,Accountant,Belfast,LOW,2019-05-07 10:55:54
C_107128,Donna,Johnson,24,Teacher,Cardiff,MEDIUM,2020-04-12 21:04:49
C_107129,Mia,White,52,Doctor,Cardiff,LOW,2017-02-17 11:53:01
C_107130,William,Jones,42,Construction Worker,Leeds,LOW,2021-11-02 10:29:46
C_107131,Michael,Green,32,Retired,Nottingham,LOW,2019-11-09 08:41:57
C_107132,Matthew,Taylor,39,Teacher,Cardiff,LOW,2025-08-23 14:25:54
C_107133,Barbara,White,21,Student,London,LOW,2020-01-24 13:12:31
C_107134,Sophia,Young,46,Accountant,Manchester,MEDIUM,2022-08-11 12:21:47
C_107135,George,White,47,Sales Associate,Newcastle,LOW,2019-05-10 01:17:33
C_107136,Amelia,Evans,29,Project Manager,Leicester,LOW,2016-06-17 22:52:00
C_107137,Lisa,Hall,37,Administrative Assistant,Nottingham,LOW,2022-07-02 07:45:12
C_107138,George,Mitchell,28,Administrative Assistant,Glasgow,LOW,2020-08-27 13:41:16
C_107139,Arthur,Clarke,53,Administrative Assistant,Coventry,LOW,2016-06-12 09:30:02
C_107140,William,Martin,46,Retired,Leicester,LOW,2016-11-26 21:51:54
C_107141,Lisa,Wright,18,Student,Bristol,LOW,2024-02-24 19:57:23
C_107142,George,Taylor,57,Lawyer,Birmingham,MEDIUM,2023-10-02 14:40:14
C_107143,Barbara,Harrison,38,Construction Worker,Edinburgh,LOW,2019-05-07 07:16:45
C_107144,Mia,Davies,40,Chef,Leeds,LOW,2021-12-20 02:24:14
C_107145,Betty,Robinson,40,Teacher,Birmingham,LOW,2019-01-08 01:58:58
C_107146,David,Wood,24,Accountant,Newcastle,MEDIUM,2021-10-17 21:53:37
C_107147,Linda,Edwards,41,Project Manager,Leeds,LOW,2025-02-23 07:48:57
C_107148,Patricia,Robinson,36,Plumber,Edinburgh,LOW,2020-08-19 05:33:46
C_107149,George,Taylor,67,Retired,Nottingham,MEDIUM,2016-09-04 04:01:22
C_107150,Patricia,Walker,42,Plumber,Liverpool,LOW,2019-11-16 03:27:52
C_107151,Lisa,Watson,50,Project Manager,Leeds,LOW,2021-05-09 00:06:46
C_107152,Sophia,Davies,22,Teacher,Belfast,MEDIUM,2023-03-23 14:18:35
C_107153,Emily,Mitchell,49,Lawyer,Cardiff,LOW,2020-07-15 09:40:53
C_107154,Olivia,Clarke,29,Administrative Assistant,Birmingham,LOW,2024-06-15 21:16:09
C_107155,Harry,Smith,37,Retired,Liverpool,LOW,2020-04-25 08:09:19
C_107156,Ivy,Young,32,Project Manager,Edinburgh,LOW,2016-10-30 22:29:16
C_107157,Arthur,Jones,76,Software Engineer,Manchester,LOW,2016-03-31 02:37:51
C_107158,Olivia,Harrison,37,Driver,Newcastle,HIGH,2017-06-28 13:35:21
C_107159,Betty,Baker,29,Chef,Bristol,LOW,2017-03-31 03:32:12
C_107160,Olivia,King,35,Registered Nurse,Bristol,HIGH,2017-12-19 17:42:21
C_107161,Sophia,Johnson,24,Project Manager,Coventry,LOW,2024-02-12 20:30:35
C_107162,Betty,Davies,28,Construction Worker,Birmingham,LOW,2021-11-20 10:43:33
C_107163,Michelle,Baker,50,Consultant,Cardiff,LOW,2023-02-05 05:33:41
C_107164,Richard,White,56,Student,Bristol,MEDIUM,2019-06-17 03:09:11
C_107165,John,Jackson,58,Software Engineer,Cardiff,LOW,2025-10-17 07:40:57
C_107166,Mia,Taylor,47,Teacher,Leeds,MEDIUM,2021-10-06 05:52:50
C_107167,Ashley,Green,46,Doctor,London,LOW,2020-12-31 22:49:40
C_107168,Betty,Walker,59,Administrative Assistant,Leicester,LOW,2020-04-17 09:29:55
C_107169,Matthew,Edwards,53,Consultant,Birmingham,LOW,2016-12-06 00:31:35
C_107170,Harry,Clarke,31,Registered Nurse,Coventry,LOW,2017-01-17 12:47:01
C_107171,Michelle,Baker,34,Registered Nurse,Manchester,LOW,2024-12-11 20:25:17
C_107172,Linda,Hill,36,Chef,Manchester,LOW,2018-08-29 13:31:25
C_107173,Muhammad,Brown,27,Retired,Manchester,LOW,2018-12-19 20:56:55
C_107174,Margaret,Hall,38,Registered Nurse,Bristol,LOW,2023-05-23 03:44:23
C_107175,Arthur,Davies,53,Teacher,Coventry,LOW,2016-08-20 18:36:33
C_107176,Muhammad,Hall,29,Sales Associate,Bristol,LOW,2019-02-03 12:30:00
C_107177,Margaret,Green,51,Unemployed,Leicester,MEDIUM,2024-06-30 23:21:00
C_107178,Mia,Smith,26,Accountant,Coventry,LOW,2020-05-25 13:25:48
C_107179,Christopher,Scott,48,Driver,Nottingham,HIGH,2024-10-05 12:51:28
C_107180,Michael,Davies,50,Chef,Newcastle,LOW,2016-11-09 07:53:20
C_107181,Charles,Williams,60,Registered Nurse,Glasgow,MEDIUM,2025-06-06 05:49:50
C_107182,Ava,Wilson,48,Administrative Assistant,Birmingham,LOW,2023-12-02 11:33:19
C_107183,Leo,Clark,34,Business Owner,Edinburgh,LOW,2024-10-07 12:08:19
C_107184,Emily,Smith,25,Sales Associate,Edinburgh,LOW,2025-01-08 00:29:36
C_107185,Betty,Carter,35,Unemployed,Leicester,LOW,2023-10-10 03:53:46
C_107186,Sandra,Mitchell,57,Unemployed,Cardiff,LOW,2022-08-20 15:30:30
C_107187,Michael,Ward,48,Business Owner,Edinburgh,MEDIUM,2016-03-31 19:03:22
C_107188,Daniel,Scott,50,Accountant,Sheffield,LOW,2023-08-22 04:22:59
C_107189,Charles,Young,40,Consultant,Edinburgh,MEDIUM,2020-10-28 17:55:21
C_107190,Elizabeth,Watson,26,Chef,Manchester,LOW,2022-03-30 13:23:11
C_107191,Amelia,Scott,33,Teacher,Birmingham,MEDIUM,2019-10-13 10:30:07
C_107192,Sandra,Davies,30,Chef,Liverpool,LOW,2022-02-03 20:08:17
C_107193,Nancy,Davies,54,Chef,Bristol,LOW,2021-09-25 02:01:30
C_107194,Barbara,Harris,29,Driver,Coventry,LOW,2020-03-13 16:40:34
C_107195,Betty,Evans,49,Electrician,Glasgow,LOW,2018-02-25 03:25:02
C_107196,Mia,Hall,45,Driver,Cardiff,LOW,2021-03-06 03:27:43
C_107197,Lily,Mitchell,56,Teacher,Birmingham,LOW,2019-04-12 12:39:26
C_107198,Harry,Johnson,31,Teacher,Manchester,LOW,2024-07-10 16:12:23
C_107199,Elizabeth,Mitchell,47,Administrative Assistant,Edinburgh,LOW,2019-04-25 16:56:42
C_107200,Joseph,Williams,29,Retired,Sheffield,MEDIUM,2017-08-13 20:30:26
C_107201,Isla,Johnson,65,Administrative Assistant,Bristol,LOW,2017-05-01 00:12:06
C_107202,Kimberly,Ward,43,Retired,Sheffield,LOW,2020-12-04 04:56:40
C_107203,Noah,Hughes,38,Accountant,Nottingham,LOW,2016-03-02 13:14:46
C_107204,Susan,Young,38,Doctor,Leicester,LOW,2024-11-03 02:12:43
C_107205,Jennifer,Scott,18,Chef,Cardiff,LOW,2017-05-18 16:05:51
C_107206,Arthur,Green,41,Student,Bristol,LOW,2024-07-29 03:04:11
C_107207,Jessica,Brown,18,Student,Cardiff,LOW,2016-04-29 01:18:01
C_107208,Emily,Harrison,31,Lawyer,Nottingham,LOW,2023-12-19 06:08:38
C_107209,Ivy,Baker,25,Doctor,London,LOW,2025-10-27 16:01:55
C_107210,Matthew,Taylor,54,Retired,Nottingham,LOW,2023-09-11 06:17:40
C_107211,Emily,Hall,34,Software Engineer,Nottingham,LOW,2020-07-12 17:10:33
C_107212,Nancy,Edwards,18,Student,London,LOW,2021-10-10 07:50:12
C_107213,Muhammad,King,60,Teacher,Nottingham,LOW,2019-06-12 12:34:14
C_107214,George,Cooper,24,Plumber,Belfast,MEDIUM,2022-02-08 14:26:21
C_107215,Linda,Clarke,57,Chef,Belfast,LOW,2019-05-09 15:09:24
C_107216,Nancy,Harrison,32,Chef,Newcastle,HIGH,2018-11-06 06:00:37
C_107217,Michael,Smith,35,Unemployed,Birmingham,MEDIUM,2025-06-16 17:40:22
C_107218,James,Wilson,27,Chef,Edinburgh,MEDIUM,2019-05-07 01:56:44
C_107219,Thomas,Hughes,50,Accountant,Sheffield,LOW,2017-04-14 20:11:27
C_107220,Muhammad,Evans,46,Driver,Manchester,LOW,2016-04-04 21:16:47
C_107221,Joseph,Mitchell,54,Construction Worker,Sheffield,LOW,2020-03-22 20:25:31
C_107222,Emily,Patterson,49,Teacher,Nottingham,LOW,2019-02-25 09:21:07
C_107223,Ivy,Robinson,50,Project Manager,London,LOW,2024-12-10 15:51:30
C_107224,Linda,Clark,71,Retired,Glasgow,LOW,2024-07-07 16:40:23
C_107225,Olivia,Young,46,Chef,Cardiff,LOW,2020-11-13 01:43:56
C_107226,John,Green,39,Unemployed,Glasgow,MEDIUM,2024-03-15 12:52:59
C_107227,Matthew,Brown,43,Construction Worker,Belfast,LOW,2019-02-27 05:23:40
C_107228,Lisa,Brown,58,Sales Associate,Newcastle,LOW,2025-03-18 11:22:27
C_107229,Sarah,Wilson,19,Sales Associate,Glasgow,LOW,2017-04-14 08:01:02
C_107230,Kimberly,Edwards,25,Construction Worker,Belfast,MEDIUM,2023-06-18 20:42:45
C_107231,Olivia,Wilson,53,Unemployed,Leicester,LOW,2017-02-02 15:20:02
C_107232,Kimberly,Hall,49,Retired,Glasgow,LOW,2018-06-28 23:11:54
C_107233,Emily,Clarke,39,Driver,Leeds,LOW,2016-11-21 18:13:35
C_107234,Noah,Davies,38,Doctor,Liverpool,LOW,2022-11-13 17:22:33
C_107235,Karen,Green,45,Driver,Bristol,LOW,2019-02-22 13:47:15
C_107236,Betty,Hughes,41,Unemployed,Leicester,LOW,2022-06-13 03:22:40
C_107237,Lily,Wood,47,Consultant,Leicester,HIGH,2024-02-23 10:08:01
C_107238,Oliver,Wright,27,Accountant,Sheffield,LOW,2023-11-14 04:56:39
C_107239,Margaret,Hall,49,Student,Birmingham,LOW,2017-01-24 00:28:49
C_107240,George,Hall,44,Teacher,Coventry,LOW,2025-06-14 18:17:05
C_107241,Muhammad,Mitchell,28,Driver,Cardiff,LOW,2022-09-04 03:07:00
C_107242,Elizabeth,Walker,41,Unemployed,Cardiff,LOW,2016-05-28 11:40:48
C_107243,Daniel,Watson,32,Software Engineer,Edinburgh,LOW,2020-01-06 01:18:23
C_107244,Jessica,Martin,31,Plumber,Birmingham,LOW,2020-10-26 10:01:16
C_107245,Noah,Wilson,55,Project Manager,Manchester,MEDIUM,2017-09-03 01:35:12
C_107246,Betty,Cooper,36,Administrative Assistant,Leicester,LOW,2024-11-18 03:31:26
C_107247,David,Martin,57,Plumber,Cardiff,LOW,2019-01-02 02:33:09
C_107248,Sarah,Harrison,26,Electrician,Nottingham,LOW,2020-04-01 01:40:38
C_107249,Oscar,Watson,18,Student,Edinburgh,LOW,2018-10-16 05:30:11
C_107250,Sandra,Jackson,33,Registered Nurse,Nottingham,LOW,2025-04-08 22:39:29
C_107251,Oscar,Patterson,52,Construction Worker,Liverpool,LOW,2025-05-10 19:51:29
C_107252,Oscar,Brown,67,Retired,Bristol,LOW,2016-02-29 06:17:56
C_107253,Oscar,Clarke,56,Administrative Assistant,Liverpool,LOW,2022-07-20 21:48:11
C_107254,Joseph,Mason,33,Business Owner,Manchester,LOW,2025-01-03 02:42:45
C_107255,Kimberly,Robinson,35,Driver,Newcastle,LOW,2017-06-08 22:00:52
C_107256,Oscar,Thompson,32,Accountant,London,LOW,2016-01-10 02:47:56
C_107257,James,Hill,59,Software Engineer,Liverpool,LOW,2022-03-15 10:01:14
C_107258,Sarah,Cooper,33,Construction Worker,Nottingham,LOW,2021-05-18 10:47:07
C_107259,Linda,Evans,32,Sales Associate,Newcastle,MEDIUM,2019-02-01 02:17:38
C_107260,Christopher,Jackson,36,Electrician,Liverpool,LOW,2024-04-10 08:41:34
C_107261,Jennifer,Hughes,85,Retired,Leeds,MEDIUM,2023-08-16 12:23:32
C_107262,Linda,Young,76,Retired,Leeds,LOW,2024-04-09 21:42:49
C_107263,Arthur,Patterson,62,Lawyer,Liverpool,LOW,2024-11-30 09:02:28
C_107264,Richard,Hughes,39,Administrative Assistant,Leicester,LOW,2020-07-14 06:29:59
C_107265,Sandra,Scott,38,Consultant,Bristol,LOW,2021-06-27 00:50:28
C_107266,Oscar,Davies,31,Plumber,Cardiff,LOW,2024-04-29 06:56:49
C_107267,Karen,Walker,44,Unemployed,Manchester,LOW,2024-05-10 05:25:42
C_107268,Elizabeth,King,27,Construction Worker,Liverpool,LOW,2024-07-08 13:54:21
C_107269,Oliver,Hall,18,Student,Bristol,LOW,2016-03-17 14:00:10
C_107270,Emily,Watson,28,Doctor,Edinburgh,HIGH,2017-10-11 22:29:49
C_107271,Jessica,Johnson,20,Student,Liverpool,LOW,2020-07-20 19:53:24
C_107272,Linda,Wood,25,Consultant,Leicester,LOW,2025-04-17 22:38:00
C_107273,Richard,Jones,38,Construction Worker,Leeds,LOW,2017-08-27 08:22:41
C_107274,Karen,Thomas,47,Doctor,Nottingham,LOW,2021-08-19 23:55:45
C_107275,Matthew,Green,37,Plumber,Newcastle,LOW,2023-12-17 00:32:27
C_107276,Mia,Thomas,64,Chef,Newcastle,LOW,2025-04-04 14:02:13
C_107277,David,Baker,23,Project Manager,Nottingham,LOW,2025-03-11 22:58:56
C_107278,Ava,Carter,46,Project Manager,Edinburgh,LOW,2017-06-16 16:46:12
C_107279,Patricia,Thomas,47,Registered Nurse,Belfast,LOW,2024-05-26 21:23:05
C_107280,Sophia,Thomas,52,Project Manager,Glasgow,LOW,2021-04-12 05:51:14
C_107281,Jessica,Evans,23,Project Manager,Coventry,LOW,2024-03-24 04:13:57
C_107282,Sophia,Harrison,32,Consultant,Leicester,LOW,2021-04-16 23:38:12
C_107283,Amelia,Jackson,42,Lawyer,Glasgow,LOW,2024-03-22 06:12:42
C_107284,Christopher,Thomas,48,Software Engineer,Glasgow,LOW,2022-11-11 03:19:55
C_107285,Ava,Watson,64,Plumber,Birmingham,LOW,2023-02-18 17:22:53
C_107286,John,Wood,51,Business Owner,Coventry,LOW,2024-10-14 17:05:11
C_107287,George,Wood,38,Administrative Assistant,Coventry,LOW,2017-05-19 23:52:51
C_107288,Sandra,Roberts,36,Lawyer,Manchester,LOW,2017-07-16 00:16:08
C_107289,Lily,Clarke,43,Unemployed,Cardiff,LOW,2016-12-05 22:39:45
C_107290,Margaret,Hughes,52,Plumber,Manchester,LOW,2020-02-08 13:11:11
C_107291,Jennifer,Ward,40,Plumber,Cardiff,LOW,2022-05-16 22:44:23
C_107292,Jennifer,Scott,19,Student,Bristol,LOW,2018-01-15 13:17:18
C_107293,Lisa,Baker,51,Chef,Leicester,LOW,2019-07-11 10:22:20
C_107294,Olivia,Roberts,54,Lawyer,Sheffield,MEDIUM,2017-12-29 21:02:16
C_107295,Oscar,Robinson,49,Consultant,Newcastle,LOW,2018-10-14 23:44:12
C_107296,David,White,35,Construction Worker,Sheffield,LOW,2018-04-24 01:51:45
C_107297,Oliver,Brown,38,Plumber,Liverpool,MEDIUM,2021-05-07 15:39:43
C_107298,Mia,Wilson,45,Business Owner,Newcastle,MEDIUM,2017-06-01 02:34:09
C_107299,William,Hughes,62,Accountant,Leicester,LOW,2020-03-21 07:28:08
C_107300,Patricia,Hall,46,Driver,Leeds,MEDIUM,2021-10-16 15:33:48
C_107301,Betty,Williams,18,Unemployed,Belfast,LOW,2021-08-20 09:23:16
C_107302,George,Martin,18,Student,Newcastle,LOW,2019-08-27 06:38:39
C_107303,Ava,King,42,Business Owner,Bristol,LOW,2019-01-21 15:11:37
C_107304,Arthur,Smith,33,Software Engineer,Leicester,LOW,2022-04-16 20:16:47
C_107305,Ava,Scott,34,Plumber,Birmingham,LOW,2022-08-09 21:25:04
C_107306,Emily,Ward,39,Software Engineer,Cardiff,LOW,2020-10-15 09:44:02
C_107307,Betty,Edwards,52,Sales Associate,Leicester,LOW,2020-09-08 03:52:23
C_107308,Muhammad,Harris,54,Electrician,Manchester,LOW,2018-12-01 22:55:05
C_107309,George,Wilson,66,Retired,Liverpool,LOW,2017-04-14 08:20:28
C_107310,George,King,44,Registered Nurse,Leicester,LOW,2022-12-16 11:46:13
C_107311,Lisa,Thomas,37,Administrative Assistant,Glasgow,LOW,2024-08-20 01:59:39
C_107312,Barbara,Ward,36,Doctor,Leicester,LOW,2024-04-26 07:53:43
C_107313,Patricia,Clark,36,Chef,Nottingham,LOW,2024-07-20 00:21:46
C_107314,Charles,Williams,23,Software Engineer,Liverpool,LOW,2022-01-22 08:20:30
C_107315,Ava,Cooper,47,Project Manager,Sheffield,LOW,2021-02-03 22:35:03
C_107316,George,Green,27,Consultant,Nottingham,LOW,2018-02-24 11:41:50
C_107317,Lily,Evans,37,Project Manager,Newcastle,LOW,2023-07-05 13:02:43
C_107318,Isla,Johnson,24,Registered Nurse,Leeds,MEDIUM,2016-11-19 10:41:14
C_107319,Barbara,Evans,54,Driver,Liverpool,LOW,2018-06-16 11:56:24
C_107320,Lisa,Robinson,40,Construction Worker,Leicester,LOW,2019-08-19 14:51:02
C_107321,George,Hill,19,Student,Glasgow,LOW,2022-10-22 07:50:09
C_107322,Leo,Mitchell,35,Consultant,Newcastle,LOW,2017-02-28 06:34:08
C_107323,Lisa,White,45,Accountant,Coventry,LOW,2023-04-09 22:07:55
C_107324,Sophia,Mitchell,29,Chef,Glasgow,LOW,2025-08-13 18:17:06
C_107325,Sophia,Edwards,50,Retired,Leicester,LOW,2016-08-27 17:29:15
C_107326,Matthew,Thomas,63,Teacher,Belfast,HIGH,2017-09-04 20:14:56
C_107327,Charles,Smith,42,Registered Nurse,London,LOW,2024-10-20 19:54:34
C_107328,Ashley,Carter,45,Sales Associate,Bristol,LOW,2017-04-05 04:02:04
C_107329,Noah,Hall,39,Accountant,Glasgow,LOW,2018-11-02 09:17:38
C_107330,Robert,Walker,27,Student,Birmingham,HIGH,2023-10-15 02:20:27
C_107331,Susan,Martin,58,Student,Newcastle,LOW,2024-06-25 19:07:37
C_107332,Lisa,Wilson,26,Registered Nurse,Glasgow,LOW,2017-12-08 00:23:55
C_107333,Oliver,Smith,43,Lawyer,Belfast,HIGH,2021-04-15 23:22:48
C_107334,Thomas,Wood,48,Sales Associate,Bristol,MEDIUM,2017-11-09 05:49:44
C_107335,Ava,King,37,Administrative Assistant,Birmingham,LOW,2019-02-16 20:31:24
C_107336,Lily,Jackson,30,Teacher,Sheffield,MEDIUM,2018-04-02 05:12:39
C_107337,Daniel,Hill,62,Teacher,Leeds,LOW,2021-04-15 16:25:53
C_107338,Isabella,Davies,53,Administrative Assistant,Leicester,LOW,2023-05-24 11:35:33
C_107339,Jessica,Walker,27,Plumber,Belfast,LOW,2019-04-25 20:55:14
C_107340,Emily,Taylor,49,Construction Worker,Coventry,MEDIUM,2017-07-04 08:16:34
C_107341,Jessica,Mason,76,Retired,Birmingham,LOW,2021-08-29 05:15:33
C_107342,Muhammad,Williams,31,Teacher,Liverpool,LOW,2024-08-06 21:02:29
C_107343,David,Harris,44,Unemployed,Leicester,LOW,2017-08-13 13:25:06
C_107344,Lily,Harrison,58,Construction Worker,Bristol,LOW,2017-06-20 13:35:21
C_107345,Emily,Baker,39,Doctor,Leicester,LOW,2022-02-21 23:05:30
C_107346,Matthew,Wright,52,Software Engineer,Liverpool,LOW,2017-09-30 04:13:07
C_107347,Joseph,Hughes,29,Driver,Edinburgh,LOW,2023-09-20 06:36:05
C_107348,Matthew,Walker,30,Teacher,Belfast,LOW,2017-11-27 14:27:17
C_107349,Elizabeth,Harris,50,Driver,Coventry,LOW,2023-05-04 22:56:11
C_107350,Ashley,Lewis,33,Sales Associate,Manchester,LOW,2016-11-11 08:21:13
C_107351,Mia,Taylor,56,Business Owner,Bristol,LOW,2018-05-11 10:54:35
C_107352,Sandra,Watson,53,Plumber,Sheffield,LOW,2019-07-02 15:05:54
C_107353,Isla,Edwards,60,Project Manager,Nottingham,LOW,2018-06-02 03:20:23
C_107354,Charles,Clark,51,Business Owner,Bristol,LOW,2016-09-12 08:02:14
C_107355,Lily,Harrison,44,Unemployed,Glasgow,LOW,2017-04-23 04:49:51
C_107356,Donna,Taylor,27,Driver,London,LOW,2023-07-24 18:13:36
C_107357,George,Watson,53,Software Engineer,Leicester,LOW,2022-04-09 21:10:18
C_107358,Muhammad,Young,42,Student,Glasgow,LOW,2016-09-11 17:22:50
C_107359,Michael,White,61,Unemployed,Manchester,LOW,2025-05-11 21:47:36
C_107360,Charles,Lewis,55,Electrician,Nottingham,MEDIUM,2023-10-23 15:53:08
C_107361,Arthur,Davies,61,Teacher,Edinburgh,LOW,2022-03-25 11:44:45
C_107362,Michelle,Green,48,Driver,Liverpool,LOW,2021-07-26 21:16:58
C_107363,Isla,Thomas,58,Student,Newcastle,LOW,2017-05-17 18:41:09
C_107364,Thomas,Patterson,18,Student,Sheffield,LOW,2024-12-21 17:16:42
C_107365,Olivia,Jones,25,Electrician,Glasgow,LOW,2018-10-06 07:57:54
C_107366,Olivia,Harris,46,Construction Worker,Leeds,LOW,2025-11-18 03:16:44
C_107367,Lily,Jones,53,Sales Associate,Nottingham,LOW,2017-08-11 13:32:38
C_107368,Nancy,Lewis,46,Sales Associate,Sheffield,LOW,2022-10-03 08:43:20
C_107369,Oliver,Martin,70,Retired,Newcastle,LOW,2019-03-01 00:07:13
C_107370,Emily,Hughes,38,Registered Nurse,London,LOW,2023-09-12 02:22:10
C_107371,Susan,Jackson,49,Administrative Assistant,Sheffield,LOW,2023-10-22 19:43:56
C_107372,Charles,Harris,29,Driver,Leicester,LOW,2019-12-31 00:37:51
C_107373,Betty,Brown,44,Chef,Liverpool,MEDIUM,2018-07-19 16:53:22
C_107374,John,Thompson,39,Electrician,Birmingham,LOW,2024-07-01 14:05:50
C_107375,Muhammad,Scott,50,Student,Birmingham,LOW,2024-11-10 22:45:29
C_107376,Karen,White,50,Unemployed,Leeds,LOW,2023-08-29 14:03:54
C_107377,Noah,White,61,Lawyer,Cardiff,LOW,2024-10-09 13:03:32
C_107378,Daniel,Walker,18,Student,Sheffield,LOW,2023-01-26 10:48:20
C_107379,Nancy,Evans,36,Doctor,Manchester,MEDIUM,2019-10-14 22:10:26
C_107380,Emily,Smith,30,Consultant,Glasgow,LOW,2018-03-02 08:36:56
C_107381,George,Baker,44,Accountant,Sheffield,LOW,2017-09-30 04:55:12
C_107382,David,Harris,18,Accountant,Manchester,LOW,2025-09-20 02:35:18
C_107383,Sophia,Davies,48,Electrician,Edinburgh,LOW,2025-08-10 03:57:07
C_107384,Isabella,Wright,31,Business Owner,Leicester,MEDIUM,2018-07-19 03:55:41
C_107385,Harry,Thomas,55,Doctor,Manchester,MEDIUM,2023-10-23 15:18:26
C_107386,Matthew,Mitchell,51,Retired,Sheffield,MEDIUM,2016-11-08 04:16:00
C_107387,Harry,Evans,42,Consultant,Edinburgh,LOW,2024-03-12 01:46:40
C_107388,Jennifer,Patterson,44,Sales Associate,Leeds,LOW,2023-04-26 02:18:06
C_107389,Mia,Scott,60,Chef,Leicester,LOW,2016-03-27 05:53:17
C_107390,George,King,22,Lawyer,Belfast,LOW,2017-05-03 09:41:00
C_107391,Isabella,Wright,42,Chef,Leeds,MEDIUM,2020-02-21 18:24:15
C_107392,Ashley,Cooper,44,Doctor,Belfast,MEDIUM,2022-08-25 15:51:39
C_107393,Jennifer,Taylor,39,Consultant,London,LOW,2019-03-08 15:14:43
C_107394,Sophia,Green,31,Plumber,Nottingham,LOW,2024-02-06 23:04:24
C_107395,Kimberly,Clark,34,Consultant,Manchester,LOW,2021-04-16 01:03:57
C_107396,Amelia,Ward,20,Student,Manchester,LOW,2017-09-18 23:19:07
C_107397,Sophia,Cooper,44,Project Manager,Bristol,LOW,2022-06-19 20:01:40
C_107398,Ivy,Lewis,19,Student,Cardiff,LOW,2024-07-28 18:33:00
C_107399,Richard,Hill,57,Business Owner,Glasgow,LOW,2018-10-06 09:52:23
C_107400,Elizabeth,Edwards,34,Consultant,Coventry,MEDIUM,2018-02-10 23:44:08
C_107401,Michelle,Robinson,54,Accountant,Liverpool,LOW,2016-08-26 18:27:06
C_107402,Betty,Brown,22,Consultant,Newcastle,LOW,2016-12-21 10:36:31
C_107403,John,Hughes,36,Accountant,Nottingham,LOW,2021-11-18 22:05:08
C_107404,Ashley,Jackson,41,Teacher,Newcastle,LOW,2018-11-17 00:30:58
C_107405,Ava,Roberts,63,Electrician,Nottingham,LOW,2022-08-10 15:12:41
C_107406,Oliver,Clark,63,Plumber,Manchester,LOW,2024-07-11 21:22:53
C_107407,David,Jones,45,Administrative Assistant,Newcastle,LOW,2024-03-29 09:52:43
C_107408,Elizabeth,King,52,Driver,Sheffield,LOW,2021-12-23 03:58:52
C_107409,Patricia,Hall,25,Unemployed,Newcastle,LOW,2017-06-16 15:44:18
C_107410,Nancy,Wright,59,Software Engineer,Belfast,LOW,2021-09-08 21:09:05
C_107411,Betty,Patterson,45,Construction Worker,Liverpool,MEDIUM,2023-11-06 01:16:32
C_107412,Daniel,Mason,32,Accountant,Leeds,LOW,2016-01-27 20:37:49
C_107413,Ashley,Mason,25,Software Engineer,Birmingham,LOW,2023-07-16 07:15:48
C_107414,Ivy,Thompson,34,Doctor,Sheffield,LOW,2023-09-03 17:43:29
C_107415,Sandra,Hall,47,Sales Associate,Birmingham,LOW,2021-09-05 12:58:05
C_107416,Isabella,Edwards,25,Lawyer,Coventry,LOW,2025-10-04 05:32:25
C_107417,Richard,Wright,54,Registered Nurse,London,LOW,2024-11-12 18:56:21
C_107418,Ashley,Martin,40,Chef,Glasgow,LOW,2016-05-11 13:32:09
C_107419,James,Wilson,25,Lawyer,Manchester,LOW,2020-06-23 08:15:34
C_107420,Donna,Wood,43,Unemployed,Leicester,LOW,2024-02-09 09:19:31
C_107421,Muhammad,Cooper,47,Registered Nurse,Belfast,LOW,2024-11-15 03:45:32
C_107422,Mia,Thomas,46,Chef,Edinburgh,LOW,2021-03-27 15:06:28
C_107423,Sandra,Walker,18,Student,Liverpool,LOW,2017-03-03 19:22:09
C_107424,Sandra,Scott,36,Administrative Assistant,Liverpool,HIGH,2021-04-19 08:24:23
C_107425,Daniel,Hall,37,Unemployed,Manchester,LOW,2023-07-24 16:34:38
C_107426,Sarah,Thompson,18,Student,Birmingham,LOW,2018-02-17 15:26:08
C_107427,Christopher,King,27,Retired,Coventry,LOW,2018-10-01 21:26:55
C_107428,Margaret,Baker,38,Software Engineer,Glasgow,LOW,2018-10-22 12:14:29
C_107429,Elizabeth,Watson,38,Sales Associate,Liverpool,LOW,2025-11-21 01:11:26
C_107430,Joseph,White,23,Unemployed,Liverpool,LOW,2018-12-01 18:14:26
C_107431,James,Taylor,53,Registered Nurse,Leicester,LOW,2024-10-10 21:43:57
C_107432,Susan,Young,46,Electrician,Bristol,LOW,2016-01-19 02:30:54
C_107433,Margaret,Ward,38,Driver,Belfast,LOW,2018-04-18 21:10:12
C_107434,Susan,Robinson,41,Administrative Assistant,Newcastle,LOW,2016-05-11 17:58:57
C_107435,Jessica,Scott,50,Consultant,Bristol,LOW,2021-12-25 21:48:59
C_107436,Lisa,Robinson,57,Consultant,Edinburgh,HIGH,2023-11-05 08:51:31
C_107437,Linda,Brown,52,Student,Glasgow,LOW,2024-05-02 06:57:04
C_107438,Leo,Mitchell,29,Driver,Glasgow,LOW,2021-05-27 10:24:34
C_107439,Sophia,Harris,23,Retired,Manchester,MEDIUM,2024-03-29 11:58:34
C_107440,George,Clarke,34,Lawyer,Coventry,LOW,2023-05-29 10:29:01
C_107441,Jennifer,Cooper,44,Project Manager,Manchester,LOW,2017-06-06 19:24:44
C_107442,Susan,Johnson,18,Student,Coventry,HIGH,2019-04-28 06:23:32
C_107443,Ashley,Hall,27,Lawyer,London,LOW,2018-10-04 16:47:39
C_107444,Ava,Green,47,Project Manager,Coventry,LOW,2024-04-11 20:49:01
C_107445,Joseph,Carter,51,Sales Associate,Edinburgh,LOW,2019-10-10 08:30:31
C_107446,Lisa,Mason,32,Doctor,Manchester,LOW,2025-08-03 11:33:56
C_107447,Susan,Watson,45,Driver,London,LOW,2018-01-23 05:27:58
C_107448,Emily,Young,46,Registered Nurse,Leeds,LOW,2024-03-05 06:56:42
C_107449,Daniel,Watson,38,Construction Worker,Glasgow,HIGH,2017-08-30 20:50:18
C_107450,Lily,Cooper,59,Plumber,London,LOW,2022-07-31 06:52:33
C_107451,Ava,Smith,44,Project Manager,Glasgow,LOW,2024-01-22 21:34:16
C_107452,Oscar,Walker,24,Business Owner,London,LOW,2019-07-25 23:54:04
C_107453,Patricia,Williams,29,Construction Worker,Glasgow,LOW,2024-06-12 13:54:43
C_107454,Emily,Evans,38,Business Owner,Edinburgh,LOW,2017-11-27 10:28:00
C_107455,Oscar,Walker,73,Retired,Birmingham,LOW,2018-09-29 06:30:47
C_107456,Mia,Roberts,63,Business Owner,Leeds,LOW,2023-02-24 04:56:32
C_107457,Ashley,Watson,18,Lawyer,Glasgow,HIGH,2021-07-20 08:29:59
C_107458,Robert,Taylor,33,Accountant,Leicester,MEDIUM,2022-12-04 03:05:17
C_107459,Joseph,Davies,57,Electrician,Leeds,LOW,2017-01-11 00:00:08
C_107460,Michael,Mitchell,40,Retired,Coventry,MEDIUM,2023-06-04 19:40:06
C_107461,Leo,Hall,62,Project Manager,Sheffield,LOW,2023-01-03 20:47:24
C_107462,Daniel,Carter,41,Business Owner,Cardiff,LOW,2024-05-18 03:44:00
C_107463,Muhammad,Jackson,71,Unemployed,Birmingham,LOW,2017-03-25 00:02:41
C_107464,John,Cooper,44,Construction Worker,Glasgow,LOW,2020-04-07 05:18:09
C_107465,Nancy,Jones,50,Administrative Assistant,Belfast,LOW,2021-07-19 06:56:04
C_107466,Charles,Clarke,18,Consultant,Cardiff,LOW,2020-03-08 23:13:55
C_107467,Kimberly,Wilson,35,Unemployed,Cardiff,LOW,2025-11-14 15:29:49
C_107468,Christopher,Brown,56,Software Engineer,Birmingham,LOW,2019-11-27 20:59:26
C_107469,Christopher,Wilson,36,Retired,Glasgow,LOW,2022-07-17 16:33:06
C_107470,Noah,Mason,52,Lawyer,Bristol,MEDIUM,2025-06-02 15:54:28
C_107471,Oscar,Ward,18,Student,London,LOW,2024-05-31 03:21:41
C_107472,Charles,Clark,56,Accountant,Liverpool,LOW,2017-02-14 11:37:26
C_107473,Charles,Wilson,35,Software Engineer,Newcastle,LOW,2019-09-23 23:28:46
C_107474,Donna,Mitchell,45,Chef,Birmingham,LOW,2021-04-24 01:17:45
C_107475,Michael,Hughes,20,Business Owner,Manchester,LOW,2017-11-28 14:34:16
C_107476,Susan,King,37,Project Manager,Coventry,LOW,2022-11-09 23:11:13
C_107477,Olivia,Hill,46,Administrative Assistant,Leeds,LOW,2023-12-27 06:25:08
C_107478,Arthur,King,37,Plumber,Newcastle,LOW,2022-11-21 19:03:48
C_107479,Oliver,Thompson,35,Chef,Leicester,LOW,2019-12-31 22:25:54
C_107480,David,Davies,45,Accountant,Sheffield,LOW,2022-10-16 12:35:08
C_107481,Noah,Edwards,57,Project Manager,Coventry,MEDIUM,2023-11-06 20:30:32
C_107482,Kimberly,Wilson,37,Accountant,Cardiff,LOW,2024-06-17 19:09:43
C_107483,Ivy,Brown,63,Project Manager,Nottingham,MEDIUM,2019-04-18 09:49:34
C_107484,Olivia,Robinson,52,Consultant,Liverpool,LOW,2025-12-25 16:42:48
C_107485,James,Johnson,18,Construction Worker,London,MEDIUM,2022-11-24 11:40:44
C_107486,Nancy,Martin,44,Project Manager,Birmingham,MEDIUM,2018-03-18 19:53:28
C_107487,Barbara,Roberts,43,Software Engineer,Sheffield,HIGH,2024-01-27 20:31:24
C_107488,Michelle,Roberts,37,Business Owner,Coventry,MEDIUM,2022-08-18 10:16:46
C_107489,Richard,Roberts,35,Registered Nurse,Newcastle,HIGH,2020-03-20 13:26:30
C_107490,David,Clark,24,Sales Associate,London,LOW,2023-08-17 10:45:19
C_107491,Margaret,Thompson,24,Teacher,Birmingham,LOW,2025-03-20 10:45:08
C_107492,Oliver,Mason,52,Electrician,Sheffield,LOW,2019-03-16 03:20:27
C_107493,Sophia,Clark,42,Driver,Leicester,LOW,2024-06-18 17:16:42
C_107494,Daniel,Edwards,56,Business Owner,Leicester,LOW,2020-09-30 13:15:04
C_107495,Thomas,Lewis,39,Administrative Assistant,Leeds,LOW,2019-10-25 18:31:23
C_107496,Joseph,Thomas,40,Construction Worker,Cardiff,LOW,2021-02-25 20:46:55
C_107497,Richard,Carter,32,Construction Worker,Cardiff,MEDIUM,2021-08-23 11:29:20
C_107498,Leo,Jackson,34,Administrative Assistant,Bristol,LOW,2019-03-11 16:09:53
C_107499,Christopher,Hall,33,Teacher,Birmingham,LOW,2021-04-08 19:34:47
C_107500,Charles,Patterson,33,Plumber,Leeds,LOW,2019-10-03 01:19:49
C_107501,Ivy,Martin,49,Plumber,Nottingham,LOW,2024-02-01 19:39:57
C_107502,Lisa,Williams,47,Lawyer,Coventry,LOW,2019-05-20 20:10:43
C_107503,Patricia,Clark,55,Software Engineer,Leeds,MEDIUM,2025-10-30 07:22:48
C_107504,Betty,Roberts,53,Student,Bristol,LOW,2022-12-21 22:50:30
C_107505,Amelia,Davies,40,Electrician,Newcastle,LOW,2018-08-06 22:06:52
C_107506,Arthur,Clark,20,Student,Bristol,LOW,2024-10-31 07:06:34
C_107507,Thomas,Clarke,50,Accountant,Bristol,LOW,2020-08-11 12:50:20
C_107508,Sandra,Patterson,47,Software Engineer,Nottingham,LOW,2020-06-05 04:00:20
C_107509,Ashley,Wilson,52,Consultant,Sheffield,LOW,2019-10-21 16:19:56
C_107510,Ava,Green,53,Registered Nurse,Bristol,LOW,2022-01-12 06:41:39
C_107511,Charles,Evans,31,Registered Nurse,London,LOW,2019-10-25 23:29:41
C_107512,Matthew,King,29,Software Engineer,Bristol,HIGH,2018-06-24 23:00:37
C_107513,Isabella,Thomas,26,Doctor,London,LOW,2025-04-01 09:02:44
C_107514,Nancy,Taylor,43,Chef,Leeds,LOW,2020-04-27 02:05:37
C_107515,Joseph,Ward,39,Chef,Cardiff,LOW,2024-04-24 20:49:33
C_107516,Leo,Brown,58,Lawyer,Newcastle,LOW,2023-10-08 23:52:55
C_107517,Michelle,Jones,35,Driver,Birmingham,LOW,2023-02-17 23:23:09
C_107518,Margaret,Evans,31,Plumber,Leeds,LOW,2020-09-13 03:12:33
C_107519,Lisa,Smith,31,Software Engineer,Edinburgh,LOW,2016-01-25 11:26:59
C_107520,Nancy,Patterson,51,Doctor,Liverpool,LOW,2018-11-02 01:56:50
C_107521,Isla,Wood,50,Unemployed,Birmingham,LOW,2022-01-14 21:50:38
C_107522,Sarah,Johnson,38,Electrician,Belfast,LOW,2025-09-06 09:34:50
C_107523,Margaret,Green,46,Unemployed,Nottingham,LOW,2023-04-24 02:15:50
C_107524,Oscar,Baker,50,Driver,Birmingham,LOW,2023-11-07 12:50:11
C_107525,Margaret,Harrison,46,Project Manager,Liverpool,LOW,2020-07-03 15:27:33
C_107526,Lily,Hughes,31,Student,Edinburgh,MEDIUM,2020-08-11 07:06:51
C_107527,Christopher,Mitchell,44,Registered Nurse,Bristol,LOW,2024-06-16 07:13:58
C_107528,Barbara,Jackson,35,Driver,Cardiff,LOW,2019-09-27 16:17:21
C_107529,Noah,Williams,52,Teacher,Coventry,LOW,2019-01-12 07:26:12
C_107530,Oscar,Hughes,31,Electrician,Newcastle,LOW,2025-07-25 08:41:16
C_107531,Sophia,Thompson,41,Registered Nurse,Leeds,LOW,2020-10-06 00:05:41
C_107532,Richard,King,22,Student,Leicester,LOW,2021-09-24 16:20:57
C_107533,Noah,Johnson,60,Project Manager,Leicester,LOW,2025-11-16 08:29:34
C_107534,Oscar,Williams,40,Teacher,Bristol,LOW,2024-08-02 21:00:48
C_107535,Richard,Taylor,44,Project Manager,Glasgow,LOW,2019-08-15 21:20:22
C_107536,Lily,Green,32,Doctor,Nottingham,LOW,2023-11-11 04:06:50
C_107537,David,Hughes,30,Construction Worker,Belfast,MEDIUM,2016-03-11 02:52:00
C_107538,Isabella,Roberts,33,Software Engineer,Leeds,MEDIUM,2021-07-28 05:48:30
C_107539,Charles,King,35,Teacher,Edinburgh,LOW,2022-09-01 01:32:16
C_107540,Mia,Martin,35,Driver,Manchester,LOW,2022-11-04 12:30:12
C_107541,Kimberly,Scott,50,Project Manager,Nottingham,MEDIUM,2019-09-14 03:37:47
C_107542,Lisa,Brown,50,Chef,Sheffield,LOW,2017-10-17 02:39:22
C_107543,Harry,Wood,60,Doctor,Edinburgh,LOW,2021-01-23 08:30:32
C_107544,Mia,Edwards,18,Student,Sheffield,LOW,2017-06-11 22:25:06
C_107545,Ivy,Williams,51,Construction Worker,Coventry,HIGH,2018-08-09 18:28:48
C_107546,Betty,Martin,18,Student,Nottingham,LOW,2019-10-12 12:41:03
C_107547,Sophia,Roberts,44,Lawyer,Edinburgh,MEDIUM,2023-01-19 09:14:52
C_107548,Ava,Evans,27,Chef,London,LOW,2019-02-27 16:34:29
C_107549,Jessica,Edwards,56,Sales Associate,London,MEDIUM,2021-11-04 15:29:40
C_107550,Arthur,Watson,30,Sales Associate,Cardiff,LOW,2023-11-20 21:28:44
C_107551,Barbara,Clarke,53,Construction Worker,Leicester,LOW,2016-04-28 09:10:45
C_107552,Ava,Patterson,19,Construction Worker,Liverpool,LOW,2025-04-07 19:08:05
C_107553,Lisa,Baker,55,Administrative Assistant,Belfast,LOW,2024-10-09 18:42:39
C_107554,Nancy,Smith,57,Construction Worker,Leeds,LOW,2024-11-10 22:57:20
C_107555,Leo,Clark,41,Unemployed,Belfast,LOW,2022-03-19 02:15:03
C_107556,William,Wood,18,Student,Edinburgh,LOW,2018-12-09 21:07:46
C_107557,Muhammad,Hall,44,Accountant,Liverpool,LOW,2017-01-31 23:41:44
C_107558,Jennifer,Ward,18,Student,Nottingham,LOW,2024-08-04 18:57:09
C_107559,Joseph,Carter,69,Retired,Glasgow,LOW,2020-04-22 11:44:04
C_107560,Kimberly,Young,41,Unemployed,Leicester,LOW,2024-08-24 04:18:35
C_107561,George,Harris,39,Student,Newcastle,MEDIUM,2025-06-18 10:04:11
C_107562,Charles,Wright,57,Doctor,Edinburgh,LOW,2019-10-12 08:28:22
C_107563,Michael,Patterson,44,Unemployed,Nottingham,LOW,2025-05-28 01:01:25
C_107564,Lily,Johnson,47,Electrician,Edinburgh,LOW,2020-01-06 10:00:08
C_107565,Matthew,Mitchell,45,Project Manager,Nottingham,LOW,2023-12-20 03:41:16
C_107566,Elizabeth,Jackson,18,Student,Manchester,LOW,2020-09-12 05:08:17
C_107567,Elizabeth,Baker,48,Sales Associate,Bristol,LOW,2020-03-10 21:33:42
C_107568,Thomas,Smith,51,Accountant,Bristol,LOW,2018-10-02 05:32:47
C_107569,Patricia,Robinson,30,Doctor,Nottingham,LOW,2022-01-22 03:33:48
C_107570,Muhammad,Hughes,21,Unemployed,Edinburgh,LOW,2017-05-02 09:46:20
C_107571,Betty,Harrison,33,Driver,Leeds,LOW,2019-07-17 22:24:29
C_107572,Mia,Scott,38,Business Owner,Birmingham,LOW,2022-06-08 02:23:04
C_107573,Susan,Roberts,46,Accountant,Leicester,LOW,2023-12-26 09:46:31
C_107574,Noah,Wilson,36,Teacher,Belfast,LOW,2018-07-09 12:07:11
C_107575,Betty,Cooper,62,Consultant,Bristol,LOW,2023-03-06 07:43:49
C_107576,David,Wood,73,Retired,Coventry,LOW,2022-11-07 13:11:40
C_107577,Lisa,Edwards,54,Doctor,Newcastle,MEDIUM,2023-07-06 12:20:37
C_107578,Charles,Harrison,24,Construction Worker,Newcastle,LOW,2016-11-08 11:21:18
C_107579,Michael,Wright,77,Retired,Coventry,HIGH,2018-03-29 07:22:59
C_107580,Patricia,Wright,32,Driver,Belfast,LOW,2016-07-31 18:56:56
C_107581,Muhammad,Carter,46,Chef,Cardiff,MEDIUM,2024-08-11 05:18:35
C_107582,George,Scott,18,Student,Cardiff,LOW,2017-06-07 03:23:19
C_107583,Robert,Patterson,52,Accountant,Sheffield,LOW,2024-06-04 05:56:27
C_107584,Susan,Hughes,52,Lawyer,Bristol,LOW,2017-05-07 20:55:49
C_107585,Arthur,Clark,30,Plumber,Manchester,MEDIUM,2016-09-26 22:52:34
C_107586,Betty,Wilson,55,Student,Glasgow,LOW,2021-03-03 15:06:14
C_107587,Amelia,Mitchell,59,Plumber,Glasgow,LOW,2020-08-25 23:24:08
C_107588,Lisa,Hill,40,Teacher,Cardiff,MEDIUM,2020-03-14 13:17:30
C_107589,Matthew,Jackson,29,Lawyer,Sheffield,LOW,2019-11-04 16:29:49
C_107590,Barbara,Edwards,50,Business Owner,Bristol,LOW,2016-10-20 20:15:17
C_107591,William,Lewis,51,Doctor,Coventry,LOW,2016-11-27 18:14:57
C_107592,Barbara,Young,42,Chef,Cardiff,LOW,2021-12-04 22:57:29
C_107593,Charles,Wilson,34,Lawyer,Glasgow,LOW,2023-04-07 16:51:16
C_107594,Harry,Ward,38,Driver,Coventry,MEDIUM,2024-07-16 03:51:53
C_107595,Oliver,Williams,52,Doctor,Sheffield,LOW,2024-11-05 20:47:58
C_107596,Michelle,Hall,61,Consultant,London,LOW,2018-03-04 16:10:22
C_107597,Oliver,Watson,18,Student,Manchester,LOW,2021-02-26 23:03:39
C_107598,James,Robinson,18,Student,Belfast,LOW,2018-08-28 04:01:44
C_107599,Kimberly,Green,60,Software Engineer,Sheffield,LOW,2020-07-24 05:42:45
C_107600,Karen,Wilson,36,Sales Associate,Newcastle,LOW,2017-01-19 08:27:02
C_107601,James,Johnson,53,Lawyer,Coventry,LOW,2018-07-27 01:08:00
C_107602,Amelia,Baker,74,Retired,Edinburgh,LOW,2017-05-05 21:24:40
C_107603,Joseph,Scott,43,Consultant,Birmingham,LOW,2019-12-01 18:22:15
C_107604,Ava,Hughes,52,Lawyer,Coventry,LOW,2017-08-02 10:48:50
C_107605,Michael,Mitchell,66,Retired,Sheffield,LOW,2022-05-15 04:23:06
C_107606,Patricia,Johnson,33,Lawyer,Manchester,LOW,2018-07-10 22:31:43
C_107607,Ava,Mason,37,Administrative Assistant,Nottingham,LOW,2016-07-21 13:33:38
C_107608,Robert,Hall,41,Retired,Glasgow,HIGH,2018-04-05 15:19:43
C_107609,Karen,Taylor,72,Retired,Birmingham,LOW,2017-03-06 00:27:31
C_107610,Sandra,Patterson,58,Chef,Bristol,LOW,2020-09-19 18:02:57
C_107611,Michelle,Jackson,60,Software Engineer,London,LOW,2024-09-12 11:24:37
C_107612,Michelle,Wood,32,Student,Bristol,MEDIUM,2018-08-01 16:58:04
C_107613,Ivy,Mason,68,Retired,Manchester,LOW,2019-01-27 20:43:53
C_107614,Matthew,Thomas,32,Consultant,Liverpool,MEDIUM,2019-04-03 23:38:14
C_107615,Lisa,White,39,Teacher,London,LOW,2024-09-15 05:14:07
C_107616,William,King,19,Student,Bristol,MEDIUM,2021-09-11 20:57:59
C_107617,William,White,42,Doctor,London,MEDIUM,2023-06-10 09:27:55
C_107618,Noah,Brown,28,Doctor,Edinburgh,LOW,2020-10-20 08:06:20
C_107619,Patricia,Clark,45,Registered Nurse,London,LOW,2022-05-29 22:56:06
C_107620,Sarah,White,34,Doctor,Cardiff,LOW,2016-04-15 11:55:38
C_107621,Noah,Harris,52,Accountant,Cardiff,LOW,2024-07-15 02:12:35
C_107622,Isabella,Martin,33,Retired,Bristol,HIGH,2025-12-28 14:01:34
C_107623,Harry,Jones,45,Business Owner,Bristol,LOW,2022-12-14 22:53:29
C_107624,David,White,38,Business Owner,Bristol,LOW,2024-05-14 09:32:32
C_107625,Oliver,Cooper,47,Doctor,Cardiff,LOW,2023-05-14 07:43:35
C_107626,Harry,Thomas,18,Electrician,Sheffield,LOW,2019-05-09 07:48:42
C_107627,Donna,White,53,Student,Edinburgh,LOW,2020-04-29 16:48:54
C_107628,Oliver,Taylor,44,Business Owner,Coventry,LOW,2022-02-23 15:06:49
C_107629,Barbara,Wilson,62,Doctor,Sheffield,LOW,2017-01-28 21:23:37
C_107630,Margaret,Watson,48,Administrative Assistant,London,LOW,2019-10-28 12:38:06
C_107631,Matthew,Cooper,35,Driver,Liverpool,MEDIUM,2018-10-29 03:39:04
C_107632,Donna,Thompson,52,Retired,Manchester,LOW,2019-04-12 14:37:49
C_107633,Ava,Jones,38,Retired,Cardiff,HIGH,2018-09-11 15:10:22
C_107634,Leo,Baker,52,Software Engineer,Manchester,MEDIUM,2023-11-13 06:27:52
C_107635,Sarah,Lewis,18,Student,Glasgow,LOW,2025-10-12 23:49:49
C_107636,Donna,Johnson,28,Lawyer,Birmingham,LOW,2020-12-14 16:50:52
C_107637,Ava,Baker,34,Construction Worker,Leeds,HIGH,2021-12-15 03:53:54
C_107638,Olivia,Walker,29,Construction Worker,London,LOW,2023-02-14 03:13:41
C_107639,Elizabeth,Evans,27,Chef,Belfast,LOW,2025-04-01 02:47:01
C_107640,Lisa,Johnson,32,Administrative Assistant,Sheffield,LOW,2023-08-26 15:07:15
C_107641,William,Wilson,23,Accountant,Liverpool,LOW,2025-09-07 01:42:53
C_107642,Kimberly,Jackson,47,Consultant,Birmingham,LOW,2023-01-18 16:48:10
C_107643,Oscar,Harris,42,Plumber,Belfast,LOW,2023-10-12 02:18:05
C_107644,Robert,Jones,47,Retired,Coventry,LOW,2025-07-29 12:30:33
C_107645,Arthur,Brown,30,Lawyer,Bristol,LOW,2019-09-19 02:11:00
C_107646,Linda,Robinson,29,Administrative Assistant,Cardiff,LOW,2021-06-09 08:58:00
C_107647,Barbara,Smith,38,Project Manager,Cardiff,MEDIUM,2021-07-11 03:54:46
C_107648,Sarah,Davies,24,Project Manager,Birmingham,LOW,2023-11-24 19:35:26
C_107649,Jennifer,Thomas,52,Construction Worker,Birmingham,LOW,2019-12-01 20:13:35
C_107650,Lily,Hall,43,Registered Nurse,Coventry,LOW,2019-10-06 08:17:43
C_107651,Thomas,Robinson,18,Student,Leicester,LOW,2018-03-01 11:12:32
C_107652,Matthew,Martin,63,Plumber,Sheffield,LOW,2023-04-02 13:43:52
C_107653,Emily,Taylor,50,Electrician,Edinburgh,LOW,2017-02-15 19:51:18
C_107654,David,Jackson,40,Software Engineer,Bristol,LOW,2020-01-18 17:11:52
C_107655,Charles,Hughes,41,Driver,Birmingham,MEDIUM,2019-03-13 06:16:55
C_107656,Michelle,Taylor,30,Plumber,Leeds,LOW,2021-12-06 05:14:27
C_107657,Jennifer,Brown,18,Student,London,LOW,2025-09-04 23:43:55
C_107658,Barbara,Clark,53,Accountant,Sheffield,LOW,2019-07-12 02:12:45
C_107659,Donna,Harrison,31,Accountant,Glasgow,MEDIUM,2018-08-28 21:30:27
C_107660,Sophia,Green,36,Driver,Newcastle,LOW,2024-08-25 07:53:19
C_107661,Sarah,Jackson,43,Sales Associate,Edinburgh,MEDIUM,2018-08-13 06:52:01
C_107662,Emily,Mitchell,35,Retired,Cardiff,LOW,2025-07-17 22:28:17
C_107663,Isla,Mason,40,Chef,Cardiff,LOW,2025-04-10 23:33:40
C_107664,Thomas,Thomas,58,Teacher,Birmingham,LOW,2017-04-22 08:49:45
C_107665,Margaret,Young,42,Chef,Bristol,LOW,2024-10-21 16:47:32
C_107666,Betty,Scott,50,Consultant,Coventry,LOW,2022-06-10 02:05:38
C_107667,Christopher,Patterson,29,Project Manager,London,LOW,2016-07-31 22:04:03
C_107668,Nancy,Smith,45,Accountant,Newcastle,LOW,2023-06-23 14:22:31
C_107669,Oliver,Martin,37,Retired,Coventry,LOW,2020-02-23 05:41:43
C_107670,Jennifer,Scott,57,Administrative Assistant,Bristol,LOW,2018-12-14 00:55:49
C_107671,Christopher,Smith,35,Software Engineer,Manchester,HIGH,2025-03-21 04:23:34
C_107672,Thomas,Evans,27,Unemployed,Leicester,LOW,2022-05-16 00:32:31
C_107673,Michael,Walker,51,Teacher,Birmingham,LOW,2017-10-18 12:00:15
C_107674,Oscar,Scott,50,Retired,Leeds,LOW,2024-09-30 16:22:36
C_107675,Michelle,Hall,73,Retired,Nottingham,LOW,2016-07-31 07:56:45
C_107676,Matthew,Evans,25,Software Engineer,London,LOW,2022-03-22 18:44:51
C_107677,Lily,King,23,Teacher,Birmingham,LOW,2017-08-14 03:54:54
C_107678,Robert,Johnson,26,Teacher,Bristol,LOW,2023-08-15 15:29:36
C_107679,Margaret,Patterson,48,Doctor,Liverpool,LOW,2017-03-01 18:24:24
C_107680,Charles,Carter,54,Plumber,London,LOW,2020-11-21 21:40:26
C_107681,Daniel,White,18,Student,Sheffield,LOW,2022-07-15 09:30:05
C_107682,Jessica,Johnson,66,Retired,Birmingham,LOW,2025-10-30 23:02:24
C_107683,Barbara,Davies,57,Registered Nurse,Leeds,LOW,2021-02-21 02:34:57
C_107684,Karen,Williams,44,Construction Worker,Newcastle,LOW,2021-06-05 14:54:34
C_107685,David,King,36,Unemployed,Birmingham,LOW,2019-12-26 12:25:35
C_107686,Sandra,Williams,56,Accountant,Cardiff,LOW,2017-04-22 17:25:39
C_107687,Elizabeth,Roberts,36,Chef,Leeds,LOW,2023-06-02 09:56:48
C_107688,John,Wright,35,Lawyer,Edinburgh,LOW,2025-07-17 11:23:17
C_107689,Jessica,Carter,40,Electrician,Coventry,LOW,2024-02-28 08:59:34
C_107690,Robert,Young,54,Lawyer,Birmingham,LOW,2024-07-12 18:55:32
C_107691,Mia,Roberts,22,Administrative Assistant,Edinburgh,LOW,2020-05-27 11:58:34
C_107692,James,Walker,40,Student,Newcastle,LOW,2022-07-24 06:30:25
C_107693,Linda,Carter,40,Accountant,Cardiff,MEDIUM,2020-07-27 03:16:48
C_107694,Karen,Walker,32,Doctor,Belfast,LOW,2016-06-27 03:31:09
C_107695,Lily,Evans,38,Business Owner,Nottingham,LOW,2021-07-10 03:52:02
C_107696,Elizabeth,Wilson,51,Retired,Coventry,LOW,2023-10-04 00:20:23
C_107697,Joseph,Scott,32,Construction Worker,Liverpool,MEDIUM,2020-02-08 19:43:26
C_107698,Sophia,Taylor,27,Consultant,Birmingham,LOW,2018-05-30 16:06:43
C_107699,Emily,Baker,33,Registered Nurse,Manchester,LOW,2023-11-18 05:53:27
C_107700,John,Carter,50,Construction Worker,Belfast,MEDIUM,2016-11-02 11:42:20
C_107701,William,Patterson,50,Sales Associate,Nottingham,HIGH,2023-10-19 22:36:52
C_107702,Leo,White,45,Sales Associate,Leicester,LOW,2023-11-12 01:44:31
C_107703,Isla,King,27,Doctor,Sheffield,LOW,2024-09-06 00:35:43
C_107704,Patricia,Davies,60,Administrative Assistant,Liverpool,LOW,2023-03-13 08:17:00
C_107705,Mia,Hill,33,Consultant,Glasgow,LOW,2019-03-25 22:01:08
C_107706,Amelia,Young,44,Doctor,Glasgow,LOW,2018-02-07 06:09:38
C_107707,James,Martin,18,Consultant,Coventry,LOW,2022-05-05 15:50:38
C_107708,Elizabeth,Edwards,46,Registered Nurse,Nottingham,LOW,2022-02-03 03:22:39
C_107709,Matthew,Young,53,Project Manager,Manchester,LOW,2022-04-16 06:51:02
C_107710,Jessica,Clark,49,Doctor,Birmingham,LOW,2016-05-29 16:03:21
C_107711,Lily,Davies,39,Teacher,Newcastle,LOW,2018-01-12 09:49:44
C_107712,Amelia,White,49,Unemployed,Newcastle,LOW,2019-08-03 07:12:36
C_107713,Olivia,Mitchell,45,Consultant,Birmingham,LOW,2023-11-12 12:23:56
C_107714,Sarah,Ward,20,Project Manager,Cardiff,LOW,2024-06-29 11:16:49
C_107715,Jennifer,Robinson,18,Student,Edinburgh,LOW,2025-06-06 08:27:31
C_107716,Kimberly,Green,39,Software Engineer,Newcastle,LOW,2020-09-26 21:54:59
C_107717,Ivy,Watson,55,Lawyer,Birmingham,LOW,2023-10-01 14:25:46
C_107718,Isabella,Young,40,Plumber,London,LOW,2017-07-14 14:19:10
C_107719,Harry,Lewis,34,Lawyer,Liverpool,HIGH,2022-11-23 00:44:18
C_107720,Michelle,Thomas,19,Student,London,LOW,2020-02-08 13:11:10
C_107721,George,Hall,44,Unemployed,Edinburgh,LOW,2017-01-18 05:30:31
C_107722,Matthew,Young,49,Lawyer,Bristol,LOW,2017-07-07 19:37:05
C_107723,Isabella,Baker,32,Student,Coventry,LOW,2023-07-15 04:30:23
C_107724,Kimberly,Davies,26,Teacher,London,LOW,2018-10-29 08:08:08
C_107725,Michelle,Johnson,36,Accountant,Leeds,LOW,2018-07-05 17:42:27
C_107726,Richard,Taylor,30,Student,Cardiff,LOW,2017-08-19 10:24:10
C_107727,Matthew,Robinson,52,Construction Worker,Glasgow,MEDIUM,2017-09-03 18:15:36
C_107728,Isabella,White,18,Student,London,LOW,2023-09-12 07:53:42
C_107729,Ava,Wilson,26,Driver,Birmingham,LOW,2025-12-22 12:53:05
C_107730,Linda,Wright,35,Registered Nurse,Coventry,LOW,2016-04-13 22:41:19
C_107731,Jennifer,Davies,53,Registered Nurse,Sheffield,LOW,2023-12-16 05:13:10
C_107732,James,Johnson,18,Student,Leeds,LOW,2022-10-03 17:55:23
C_107733,David,Roberts,18,Student,Leicester,LOW,2022-08-08 17:50:35
C_107734,Sophia,Mitchell,48,Retired,Cardiff,LOW,2020-12-18 15:58:37
C_107735,Elizabeth,Clarke,52,Plumber,Liverpool,LOW,2024-03-30 21:37:47
C_107736,John,Hall,34,Unemployed,Nottingham,LOW,2017-08-24 15:35:46
C_107737,Barbara,Thompson,31,Accountant,Edinburgh,LOW,2021-06-10 12:51:07
C_107738,David,Harrison,64,Sales Associate,Bristol,LOW,2017-01-13 08:26:30
C_107739,Sarah,Thompson,37,Construction Worker,Glasgow,LOW,2020-04-10 22:24:19
C_107740,Richard,Harrison,20,Student,Cardiff,LOW,2023-04-25 19:39:26
C_107741,Lily,Walker,50,Plumber,Newcastle,LOW,2023-02-02 23:47:22
C_107742,David,Martin,51,Teacher,Sheffield,LOW,2024-03-03 09:28:48
C_107743,Leo,Brown,58,Student,London,MEDIUM,2023-02-14 23:51:05
C_107744,Olivia,Wilson,18,Chef,Coventry,LOW,2020-10-27 01:25:52
C_107745,Joseph,Watson,47,Software Engineer,Leicester,LOW,2023-01-02 22:39:49
C_107746,Thomas,Hall,44,Sales Associate,Nottingham,LOW,2022-11-05 18:33:16
C_107747,Christopher,Harris,66,Retired,Cardiff,LOW,2019-09-21 20:54:15
C_107748,Leo,Davies,57,Administrative Assistant,Edinburgh,MEDIUM,2019-08-03 00:31:03
C_107749,Susan,White,26,Administrative Assistant,Manchester,LOW,2020-05-10 22:05:08
C_107750,James,King,49,Student,London,LOW,2016-11-30 08:49:46
C_107751,Kimberly,Smith,50,Sales Associate,Cardiff,LOW,2020-05-24 22:10:39
C_107752,Harry,Evans,48,Project Manager,Nottingham,LOW,2017-03-30 02:41:26
C_107753,Michael,Davies,61,Accountant,Nottingham,LOW,2019-09-26 22:01:46
C_107754,Amelia,Thompson,55,Doctor,Edinburgh,LOW,2022-07-22 00:41:03
C_107755,Arthur,Scott,34,Lawyer,Edinburgh,LOW,2021-12-16 11:08:34
C_107756,Betty,Thompson,48,Unemployed,Leeds,LOW,2025-12-06 00:46:52
C_107757,David,Wright,45,Sales Associate,Birmingham,LOW,2022-12-27 00:17:48
C_107758,John,Green,52,Construction Worker,Birmingham,LOW,2024-07-26 03:06:39
C_107759,George,Mitchell,45,Chef,Manchester,LOW,2025-06-28 23:18:11
C_107760,Muhammad,Taylor,26,Business Owner,London,MEDIUM,2016-07-11 21:49:38
C_107761,Patricia,King,32,Software Engineer,Glasgow,MEDIUM,2023-03-06 05:37:20
C_107762,Sandra,Taylor,47,Unemployed,Coventry,LOW,2025-06-18 15:32:12
C_107763,Betty,White,45,Administrative Assistant,Birmingham,LOW,2025-08-15 23:01:05
C_107764,Emily,Wilson,30,Electrician,Sheffield,LOW,2017-11-04 17:12:56
C_107765,Leo,Edwards,60,Retired,Belfast,LOW,2016-02-23 17:32:37
C_107766,Richard,Johnson,63,Plumber,London,LOW,2019-01-24 11:14:14
C_107767,Sophia,King,28,Project Manager,Sheffield,LOW,2025-07-16 07:47:47
C_107768,Thomas,Smith,39,Driver,Leeds,LOW,2021-06-09 07:17:07
C_107769,Daniel,Roberts,34,Accountant,Edinburgh,LOW,2018-05-04 21:50:06
C_107770,Oscar,Harrison,50,Administrative Assistant,Leicester,LOW,2022-04-01 19:51:04
C_107771,Muhammad,Smith,29,Unemployed,Edinburgh,LOW,2017-12-10 07:35:51
C_107772,Lily,Martin,42,Accountant,Coventry,LOW,2017-06-21 08:17:24
C_107773,James,Wilson,29,Software Engineer,Birmingham,LOW,2019-01-30 05:08:16
C_107774,Mia,Smith,23,Electrician,Leicester,LOW,2020-09-21 00:27:26
C_107775,Kimberly,Lewis,18,Plumber,Bristol,LOW,2019-05-21 06:16:46
C_107776,Oscar,Jones,43,Chef,Coventry,LOW,2022-04-24 07:16:44
C_107777,Sandra,Ward,39,Driver,Newcastle,MEDIUM,2016-02-12 05:27:41
C_107778,Joseph,Cooper,39,Plumber,Birmingham,LOW,2017-02-24 16:13:00
C_107779,Charles,Hughes,29,Driver,Nottingham,LOW,2022-03-09 11:52:08
C_107780,Sandra,Baker,40,Construction Worker,Cardiff,LOW,2020-11-08 13:23:02
C_107781,Sarah,Taylor,31,Project Manager,Newcastle,LOW,2024-06-09 10:06:46
C_107782,Ashley,Watson,18,Student,Leeds,LOW,2025-02-05 16:27:47
C_107783,Betty,Cooper,23,Driver,Edinburgh,LOW,2025-09-06 05:47:50
C_107784,Kimberly,Scott,22,Accountant,Manchester,MEDIUM,2016-07-08 10:28:34
C_107785,Thomas,Clarke,18,Teacher,Leicester,LOW,2021-04-30 04:53:49
C_107786,Richard,Young,39,Teacher,Leicester,MEDIUM,2017-08-17 01:46:57
C_107787,Mia,Taylor,35,Doctor,Bristol,LOW,2016-03-13 01:01:02
C_107788,Lisa,Davies,37,Sales Associate,Edinburgh,LOW,2016-09-12 20:45:14
C_107789,Karen,Martin,41,Teacher,Newcastle,LOW,2022-09-06 19:27:37
C_107790,David,Hall,30,Construction Worker,Newcastle,LOW,2024-03-10 13:53:08
C_107791,Emily,Hughes,19,Student,Leicester,LOW,2019-08-14 02:17:11
C_107792,Joseph,Jackson,18,Doctor,Bristol,LOW,2017-11-03 23:40:29
C_107793,Harry,Wood,31,Chef,Bristol,LOW,2024-12-26 19:14:44
C_107794,Patricia,Williams,42,Plumber,London,LOW,2022-09-12 07:28:08
C_107795,Michael,Patterson,34,Lawyer,Coventry,LOW,2018-02-01 07:04:08
C_107796,Robert,Wood,18,Student,Bristol,HIGH,2016-08-17 04:42:46
C_107797,Lisa,Taylor,45,Sales Associate,Bristol,LOW,2020-06-08 15:15:54
C_107798,Elizabeth,Taylor,31,Unemployed,Newcastle,LOW,2024-01-06 22:04:21
C_107799,Oliver,Green,68,Retired,Liverpool,LOW,2018-08-26 02:21:35
C_107800,Jessica,Baker,47,Driver,Birmingham,LOW,2016-06-27 06:47:55
C_107801,Barbara,Harrison,47,Student,Newcastle,LOW,2017-07-24 11:48:42
C_107802,Michael,Martin,40,Business Owner,Cardiff,MEDIUM,2024-01-24 12:33:13
C_107803,Lisa,Taylor,52,Teacher,Newcastle,LOW,2018-08-08 15:07:51
C_107804,Lily,Green,50,Registered Nurse,Nottingham,LOW,2018-06-12 04:29:25
C_107805,Isabella,Thompson,34,Electrician,Leicester,LOW,2021-12-27 01:07:50
C_107806,Emily,Walker,18,Student,Glasgow,LOW,2024-10-14 18:35:38
C_107807,Muhammad,Lewis,39,Electrician,Nottingham,LOW,2021-08-27 14:55:53
C_107808,Barbara,Thomas,26,Project Manager,Belfast,LOW,2023-01-24 17:43:15
C_107809,Sandra,Baker,35,Software Engineer,Newcastle,LOW,2024-03-24 19:45:32
C_107810,Muhammad,Wilson,18,Student,Sheffield,LOW,2024-02-04 06:01:55
C_107811,Amelia,Edwards,65,Unemployed,Birmingham,LOW,2016-07-29 14:55:05
C_107812,Patricia,Jackson,56,Teacher,Leicester,LOW,2024-09-10 23:58:46
C_107813,George,Robinson,67,Retired,Nottingham,LOW,2023-10-13 15:20:37
C_107814,John,Harrison,46,Registered Nurse,Newcastle,LOW,2016-10-11 05:09:33
C_107815,John,Hughes,38,Consultant,Liverpool,LOW,2025-06-27 13:31:59
C_107816,Harry,Hughes,42,Retired,Newcastle,MEDIUM,2024-10-27 10:00:16
C_107817,Ava,Johnson,49,Driver,Cardiff,LOW,2019-11-09 04:27:13
C_107818,Ivy,Hughes,18,Student,Glasgow,LOW,2018-08-08 12:15:23
C_107819,Margaret,Cooper,58,Unemployed,Coventry,LOW,2017-01-18 16:15:37
C_107820,Muhammad,Green,31,Retired,Cardiff,LOW,2019-11-20 19:00:25
C_107821,Jennifer,King,29,Administrative Assistant,Newcastle,LOW,2024-02-02 06:07:52
C_107822,Richard,Wright,29,Project Manager,Cardiff,LOW,2016-04-22 16:58:18
C_107823,Jennifer,Brown,48,Electrician,Nottingham,MEDIUM,2017-03-20 21:27:52
C_107824,Betty,White,43,Student,Manchester,MEDIUM,2018-06-12 04:25:42
C_107825,Harry,Wood,26,Project Manager,Bristol,LOW,2022-07-11 16:27:40
C_107826,Lisa,Smith,26,Consultant,Leicester,LOW,2021-09-20 23:55:22
C_107827,Lily,Davies,66,Retired,Belfast,LOW,2025-04-04 08:22:25
C_107828,Jessica,Martin,54,Retired,Nottingham,LOW,2019-11-21 23:27:37
C_107829,Harry,Wilson,65,Consultant,Leeds,LOW,2023-10-22 19:00:00
C_107830,Jennifer,Green,34,Retired,Bristol,LOW,2025-11-01 00:13:20
C_107831,Jessica,Roberts,48,Teacher,Nottingham,LOW,2023-02-22 21:47:26
C_107832,Donna,Watson,18,Student,London,LOW,2020-03-25 06:17:30
C_107833,Jennifer,Jones,25,Teacher,Nottingham,MEDIUM,2018-09-17 06:15:15
C_107834,Linda,Evans,56,Plumber,Belfast,LOW,2024-01-31 01:09:54
C_107835,Daniel,Young,25,Chef,Cardiff,HIGH,2020-10-30 15:15:45
C_107836,William,Williams,48,Plumber,Leeds,LOW,2016-04-04 01:49:36
C_107837,Amelia,Hughes,50,Construction Worker,Birmingham,LOW,2024-12-24 16:39:06
C_107838,Christopher,Harris,25,Consultant,Nottingham,LOW,2025-11-03 07:38:50
C_107839,Margaret,Davies,54,Construction Worker,Birmingham,LOW,2022-01-20 14:49:27
C_107840,Jessica,Scott,29,Retired,Belfast,MEDIUM,2021-09-07 13:28:30
C_107841,Susan,Robinson,44,Software Engineer,Nottingham,LOW,2019-01-29 22:04:23
C_107842,Amelia,Roberts,55,Chef,Cardiff,LOW,2023-01-21 03:42:42
C_107843,Thomas,Hill,49,Plumber,Bristol,LOW,2016-07-21 03:24:20
C_107844,George,Ward,51,Chef,Nottingham,LOW,2020-07-03 11:42:34
C_107845,William,Patterson,65,Electrician,Bristol,LOW,2016-06-24 06:57:03
C_107846,Sophia,Brown,50,Electrician,Birmingham,LOW,2021-07-26 23:59:57
C_107847,Nancy,Walker,46,Doctor,Manchester,LOW,2022-08-11 01:02:04
C_107848,Joseph,Thompson,29,Business Owner,Manchester,LOW,2023-10-29 13:06:05
C_107849,Harry,Taylor,45,Consultant,Edinburgh,LOW,2024-02-27 09:57:10
C_107850,Linda,Hughes,30,Electrician,Nottingham,LOW,2021-02-05 16:56:14
C_107851,Sandra,Davies,18,Student,Belfast,LOW,2019-10-30 21:07:49
C_107852,Lily,King,41,Driver,Leeds,LOW,2019-05-24 11:43:54
C_107853,Isabella,Harris,81,Chef,Cardiff,LOW,2017-12-09 06:59:49
C_107854,Kimberly,Williams,34,Plumber,Bristol,MEDIUM,2025-02-15 01:18:14
C_107855,Linda,Brown,28,Software Engineer,Sheffield,LOW,2021-07-20 19:41:29
C_107856,Lily,Wright,55,Construction Worker,Birmingham,LOW,2025-05-24 11:01:35
C_107857,Joseph,Edwards,62,Sales Associate,Birmingham,LOW,2016-06-28 04:56:55
C_107858,Thomas,Hughes,33,Retired,Bristol,LOW,2016-10-17 09:57:17
C_107859,Linda,Carter,38,Business Owner,Belfast,LOW,2018-04-10 22:10:20
C_107860,Patricia,Ward,31,Software Engineer,Birmingham,LOW,2024-01-30 12:09:06
C_107861,Barbara,Hill,55,Project Manager,Nottingham,LOW,2017-12-04 16:11:16
C_107862,Isla,Clarke,25,Student,Glasgow,LOW,2025-07-28 05:02:03
C_107863,Mia,Taylor,50,Unemployed,Birmingham,HIGH,2019-07-05 01:19:09
C_107864,Muhammad,Williams,33,Project Manager,Belfast,LOW,2023-09-28 21:27:29
C_107865,Arthur,Williams,54,Business Owner,Bristol,LOW,2025-04-05 09:28:27
C_107866,Karen,Evans,64,Administrative Assistant,Manchester,LOW,2020-02-24 03:31:36
C_107867,Oscar,Smith,45,Unemployed,London,LOW,2017-12-26 10:46:52
C_107868,Karen,Brown,24,Sales Associate,Leicester,LOW,2021-02-15 23:25:56
C_107869,Barbara,Harrison,40,Doctor,Glasgow,LOW,2020-05-13 16:03:15
C_107870,Sarah,Wright,40,Doctor,Coventry,LOW,2016-10-27 23:35:26
C_107871,Jessica,Wilson,40,Teacher,Newcastle,LOW,2023-04-18 09:12:33
C_107872,Joseph,Hall,26,Sales Associate,Glasgow,LOW,2020-12-15 14:05:29
C_107873,Mia,Clarke,43,Administrative Assistant,Birmingham,LOW,2025-10-06 07:49:52
C_107874,David,Hall,48,Chef,Newcastle,LOW,2019-08-02 14:50:46
C_107875,James,Wood,24,Plumber,Nottingham,LOW,2018-04-11 15:17:22
C_107876,Jennifer,Robinson,33,Student,Cardiff,LOW,2023-12-11 10:37:28
C_107877,Charles,Smith,18,Unemployed,London,LOW,2019-03-24 19:14:47
C_107878,Noah,Evans,42,Doctor,Birmingham,LOW,2021-06-22 22:01:31
C_107879,George,Watson,58,Electrician,Nottingham,LOW,2017-10-16 17:50:55
C_107880,Christopher,Evans,30,Software Engineer,Bristol,LOW,2018-04-17 15:29:51
C_107881,Leo,White,31,Driver,Coventry,LOW,2017-10-28 06:13:02
C_107882,Mia,Clark,26,Business Owner,Belfast,LOW,2024-04-04 21:10:11
C_107883,Daniel,Ward,64,Business Owner,Leicester,LOW,2016-04-17 17:17:19
C_107884,Lily,Hill,28,Driver,Bristol,MEDIUM,2022-06-27 16:00:23
C_107885,Jessica,Hughes,58,Lawyer,Birmingham,LOW,2020-07-01 13:49:23
C_107886,Patricia,Evans,48,Chef,Manchester,LOW,2023-09-25 13:14:15
C_107887,Jessica,Young,22,Retired,Nottingham,LOW,2025-01-29 05:01:34
C_107888,Christopher,Brown,26,Unemployed,Nottingham,LOW,2016-03-18 22:05:25
C_107889,Joseph,Johnson,40,Construction Worker,Bristol,LOW,2018-11-01 20:39:37
C_107890,Karen,Johnson,43,Construction Worker,Bristol,LOW,2024-03-29 03:21:32
C_107891,Christopher,King,34,Business Owner,Manchester,LOW,2017-03-09 04:36:40
C_107892,Donna,Clark,42,Sales Associate,Bristol,LOW,2019-01-12 09:41:32
C_107893,Karen,King,40,Plumber,Edinburgh,LOW,2022-10-25 04:34:14
C_107894,Michelle,Young,43,Student,Belfast,LOW,2021-09-03 08:30:30
C_107895,Ivy,Ward,46,Doctor,Nottingham,LOW,2022-06-26 07:47:19
C_107896,Thomas,King,31,Retired,Birmingham,LOW,2016-11-26 04:51:54
C_107897,Ashley,Lewis,62,Lawyer,Sheffield,LOW,2021-06-18 11:28:41
C_107898,Richard,Jackson,24,Chef,Sheffield,LOW,2021-07-03 15:34:41
C_107899,Ashley,Mason,18,Construction Worker,Coventry,LOW,2017-10-25 15:51:42
C_107900,Betty,Hill,53,Software Engineer,Birmingham,LOW,2017-06-28 07:21:34
C_107901,Michael,Wilson,41,Accountant,Leeds,LOW,2021-02-17 02:38:10
C_107902,Sandra,Lewis,18,Student,Bristol,LOW,2025-08-31 11:11:55
C_107903,Linda,Hughes,25,Accountant,Birmingham,LOW,2023-12-11 00:50:57
C_107904,Joseph,Lewis,30,Student,Cardiff,LOW,2021-07-24 05:13:33
C_107905,Karen,Wood,36,Plumber,Coventry,LOW,2022-09-27 21:33:19
C_107906,Arthur,Brown,60,Software Engineer,Newcastle,LOW,2016-08-27 15:37:24
C_107907,Lisa,Martin,30,Administrative Assistant,Belfast,LOW,2020-10-27 06:14:55
C_107908,Lily,Patterson,35,Project Manager,Leeds,LOW,2018-01-27 15:16:07
C_107909,Oliver,Roberts,41,Driver,Sheffield,MEDIUM,2019-03-06 02:01:29
C_107910,Richard,Scott,29,Electrician,Cardiff,LOW,2018-11-26 12:58:49
C_107911,Linda,Patterson,38,Teacher,Sheffield,LOW,2019-06-06 01:30:38
C_107912,Donna,Jones,18,Student,Newcastle,LOW,2019-07-27 04:46:24
C_107913,James,Jones,48,Accountant,Coventry,LOW,2024-06-22 23:53:10
C_107914,Nancy,Clarke,28,Sales Associate,Coventry,LOW,2018-01-18 03:29:23
C_107915,John,Cooper,58,Project Manager,Manchester,LOW,2024-01-11 02:14:53
C_107916,James,Thompson,38,Electrician,Birmingham,LOW,2016-11-01 15:31:09
C_107917,Arthur,Williams,53,Student,Newcastle,LOW,2019-09-17 15:21:50
C_107918,Patricia,Carter,46,Student,Glasgow,LOW,2019-02-12 03:32:25
C_107919,Daniel,Watson,27,Teacher,Edinburgh,LOW,2020-05-13 13:07:40
C_107920,Kimberly,Cooper,37,Student,Belfast,MEDIUM,2025-03-31 04:14:29
C_107921,Sandra,Brown,52,Driver,Edinburgh,LOW,2020-01-24 17:26:11
C_107922,Emily,Davies,32,Lawyer,Bristol,LOW,2016-02-18 09:07:33
C_107923,Emily,Wood,44,Registered Nurse,Leeds,MEDIUM,2016-07-31 09:14:45
C_107924,Noah,Watson,63,Electrician,Sheffield,LOW,2023-02-11 17:32:06
C_107925,Muhammad,Hall,34,Registered Nurse,Sheffield,LOW,2023-11-27 02:19:30
C_107926,Amelia,Martin,58,Electrician,Leeds,MEDIUM,2018-05-28 22:53:42
C_107927,Olivia,Hall,35,Teacher,Newcastle,LOW,2019-08-30 14:16:23
C_107928,Thomas,Taylor,47,Registered Nurse,Birmingham,LOW,2024-01-08 04:19:59
C_107929,Lisa,Wilson,24,Student,Leicester,LOW,2017-01-03 12:12:25
C_107930,David,Edwards,51,Unemployed,Belfast,MEDIUM,2023-03-29 09:56:17
C_107931,Harry,Williams,34,Lawyer,Edinburgh,LOW,2019-04-03 15:43:15
C_107932,Jennifer,King,51,Accountant,Nottingham,LOW,2019-08-05 05:41:16
C_107933,Richard,Jones,18,Lawyer,Coventry,LOW,2024-04-16 13:59:55
C_107934,Emily,Evans,59,Chef,Birmingham,LOW,2017-11-16 07:36:19
C_107935,Harry,Wood,29,Sales Associate,Newcastle,LOW,2016-05-15 06:22:47
C_107936,Sarah,Harris,18,Electrician,Cardiff,LOW,2024-05-02 23:02:32
C_107937,Sarah,Harrison,20,Retired,Liverpool,MEDIUM,2024-07-22 17:48:17
C_107938,Noah,Williams,37,Project Manager,Glasgow,MEDIUM,2018-02-28 05:18:59
C_107939,Karen,Taylor,52,Electrician,Sheffield,LOW,2024-05-23 23:12:34
C_107940,Charles,Davies,33,Business Owner,London,MEDIUM,2016-01-30 07:24:45
C_107941,Patricia,Edwards,62,Student,Birmingham,LOW,2016-02-06 22:33:25
C_107942,Thomas,Mitchell,41,Electrician,Bristol,MEDIUM,2020-01-22 13:11:02
C_107943,Michael,Clark,18,Student,Bristol,LOW,2020-07-31 22:27:08
C_107944,Harry,Hall,56,Plumber,Cardiff,LOW,2025-10-03 00:15:01
C_107945,Jessica,Martin,30,Teacher,Liverpool,LOW,2025-07-25 07:50:06
C_107946,Olivia,Clark,49,Electrician,Sheffield,LOW,2018-08-11 03:31:54
C_107947,David,White,20,Student,London,LOW,2017-10-26 10:03:41
C_107948,Thomas,Patterson,59,Construction Worker,Edinburgh,LOW,2025-08-10 16:13:46
C_107949,Kimberly,Smith,39,Teacher,Edinburgh,LOW,2022-12-25 02:25:01
C_107950,Oliver,Patterson,78,Retired,Manchester,LOW,2021-11-29 12:19:59
C_107951,William,Thomas,31,Teacher,Leeds,LOW,2019-03-05 20:52:37
C_107952,Leo,Harrison,27,Electrician,Coventry,LOW,2023-01-07 01:29:05
C_107953,Michael,Watson,33,Project Manager,Coventry,LOW,2019-02-24 08:53:43
C_107954,Lisa,Young,33,Construction Worker,Leeds,LOW,2022-04-06 12:16:31
C_107955,Ivy,Ward,72,Retired,Sheffield,LOW,2022-07-13 23:44:52
C_107956,Margaret,Walker,23,Registered Nurse,Leicester,LOW,2019-12-29 15:14:20
C_107957,Emily,Evans,47,Teacher,Newcastle,MEDIUM,2019-04-30 07:42:00
C_107958,Ashley,Walker,22,Driver,Cardiff,LOW,2017-02-13 10:02:47
C_107959,Jennifer,Johnson,20,Student,Liverpool,LOW,2025-06-14 08:58:25
C_107960,Karen,White,71,Retired,Leicester,LOW,2021-04-26 17:14:48
C_107961,Oscar,Clarke,37,Doctor,Leeds,LOW,2021-06-03 10:35:42
C_107962,Isla,Brown,72,Consultant,Manchester,LOW,2024-05-12 21:54:05
C_107963,Isabella,Hill,46,Business Owner,Leeds,LOW,2024-12-11 08:45:32
C_107964,Lisa,Ward,46,Lawyer,Leicester,LOW,2019-09-25 21:39:57
C_107965,James,Evans,36,Electrician,Leeds,LOW,2024-02-04 17:49:14
C_107966,Noah,Carter,27,Lawyer,Leicester,LOW,2020-11-15 01:02:22
C_107967,Mia,Thomas,31,Registered Nurse,Glasgow,LOW,2019-02-03 02:03:52
C_107968,Isabella,Wilson,41,Electrician,Glasgow,LOW,2018-01-19 05:39:05
C_107969,David,Clarke,54,Doctor,Birmingham,MEDIUM,2018-01-20 22:56:18
C_107970,Oliver,Patterson,36,Business Owner,Glasgow,LOW,2020-04-25 05:57:24
C_107971,Sarah,Young,42,Student,Belfast,LOW,2019-03-16 11:45:53
C_107972,Mia,Scott,30,Consultant,Sheffield,LOW,2023-01-14 15:48:08
C_107973,Charles,Williams,70,Retired,Edinburgh,LOW,2018-07-11 15:23:57
C_107974,Elizabeth,Harrison,21,Registered Nurse,Sheffield,LOW,2025-08-29 09:37:14
C_107975,Nancy,Mason,57,Teacher,London,LOW,2018-11-04 09:05:50
C_107976,Nancy,Davies,18,Student,Manchester,LOW,2020-12-16 06:01:00
C_107977,John,Wood,60,Plumber,Coventry,LOW,2018-06-27 18:20:15
C_107978,Susan,Wright,33,Accountant,Cardiff,LOW,2018-01-20 06:49:45
C_107979,Amelia,Harris,28,Project Manager,Leicester,LOW,2023-03-08 14:58:20
C_107980,Michelle,Harrison,27,Accountant,Leeds,LOW,2017-05-14 10:26:14
C_107981,William,Hall,51,Driver,London,LOW,2018-07-26 18:19:20
C_107982,David,Jackson,34,Consultant,Cardiff,LOW,2025-06-23 23:09:31
C_107983,Linda,Ward,48,Accountant,Bristol,LOW,2018-10-29 09:57:28
C_107984,Donna,Mitchell,50,Chef,Liverpool,LOW,2022-10-25 03:49:11
C_107985,Oscar,Brown,42,Registered Nurse,Nottingham,LOW,2025-08-03 15:32:19
C_107986,Muhammad,Harrison,38,Registered Nurse,Leicester,LOW,2021-02-09 07:32:00
C_107987,Margaret,Evans,45,Lawyer,Belfast,LOW,2018-06-13 03:25:49
C_107988,Amelia,Hughes,20,Student,London,MEDIUM,2019-03-06 22:14:07
C_107989,Elizabeth,Cooper,50,Registered Nurse,Nottingham,LOW,2018-11-13 19:02:15
C_107990,James,Taylor,34,Chef,Nottingham,LOW,2022-01-28 13:51:17
C_107991,Thomas,Hill,38,Sales Associate,Leicester,LOW,2022-11-22 07:40:33
C_107992,Richard,Green,57,Accountant,Cardiff,LOW,2020-10-31 13:05:45
C_107993,Sandra,Ward,35,Lawyer,Liverpool,LOW,2018-05-19 05:28:16
C_107994,David,Mason,46,Teacher,Coventry,LOW,2021-05-06 06:01:49
C_107995,Thomas,Carter,31,Student,London,LOW,2023-04-19 14:44:17
C_107996,Thomas,Johnson,31,Student,Liverpool,LOW,2021-06-17 00:24:37
C_107997,Harry,Wilson,43,Plumber,Nottingham,MEDIUM,2021-09-27 05:51:24
C_107998,Olivia,Johnson,40,Lawyer,Liverpool,LOW,2018-07-05 02:18:18
C_107999,Patricia,King,60,Lawyer,Coventry,LOW,2021-06-03 07:28:22
C_108000,Emily,Williams,37,Driver,Bristol,LOW,2016-02-19 06:51:43
C_108001,Matthew,Thompson,34,Doctor,Coventry,LOW,2025-04-24 01:25:31
C_108002,Mia,Hill,40,Consultant,Nottingham,LOW,2018-10-24 14:42:52
C_108003,Donna,Clarke,30,Lawyer,Manchester,MEDIUM,2018-03-17 23:17:45
C_108004,Karen,Green,41,Chef,Leeds,LOW,2020-11-15 05:31:29
C_108005,Richard,Johnson,51,Driver,Glasgow,LOW,2019-01-15 19:37:00
C_108006,Matthew,Young,38,Electrician,Cardiff,LOW,2019-02-02 04:25:14
C_108007,Jennifer,Watson,28,Software Engineer,Edinburgh,LOW,2021-11-23 19:04:44
C_108008,Ashley,Williams,44,Software Engineer,Bristol,LOW,2019-03-13 10:38:42
C_108009,Kimberly,Scott,48,Plumber,Coventry,LOW,2017-06-14 12:13:13
C_108010,Ashley,Walker,44,Retired,Leicester,MEDIUM,2019-12-09 11:42:24
C_108011,Olivia,Harris,50,Administrative Assistant,Sheffield,LOW,2020-08-04 01:50:46
C_108012,Betty,Robinson,40,Teacher,Leeds,MEDIUM,2018-10-20 04:51:04
C_108013,Oscar,Martin,60,Administrative Assistant,Belfast,LOW,2016-06-11 07:10:34
C_108014,Ashley,Mitchell,46,Unemployed,Glasgow,LOW,2023-01-21 14:00:08
C_108015,George,Hall,42,Lawyer,Leeds,LOW,2017-07-16 19:58:21
C_108016,Margaret,Thomas,60,Electrician,London,LOW,2025-08-02 01:26:48
C_108017,Sandra,Baker,57,Driver,Belfast,LOW,2023-09-24 12:34:30
C_108018,Harry,Walker,49,Construction Worker,Bristol,HIGH,2024-09-24 00:34:06
C_108019,Christopher,Edwards,28,Driver,Sheffield,LOW,2020-03-26 10:47:41
C_108020,Richard,Brown,38,Business Owner,Manchester,LOW,2025-07-12 21:53:36
C_108021,Sophia,Mitchell,26,Electrician,Edinburgh,MEDIUM,2022-03-13 18:31:35
C_108022,Olivia,Walker,52,Project Manager,Cardiff,LOW,2023-03-10 04:19:52
C_108023,Linda,Clarke,39,Sales Associate,Nottingham,LOW,2025-06-09 08:36:57
C_108024,Oscar,Lewis,41,Teacher,Leeds,LOW,2025-03-13 11:10:10
C_108025,Nancy,Young,44,Plumber,Birmingham,LOW,2021-06-23 10:49:52
C_108026,Robert,Clarke,20,Student,Cardiff,MEDIUM,2023-03-06 00:44:00
C_108027,David,Patterson,69,Retired,Belfast,LOW,2023-05-21 05:39:09
C_108028,Thomas,White,42,Doctor,Birmingham,LOW,2020-08-04 09:28:17
C_108029,Amelia,Carter,22,Business Owner,Manchester,LOW,2019-12-16 23:31:39
C_108030,Patricia,Mitchell,68,Retired,Manchester,LOW,2024-10-06 04:16:24
C_108031,Margaret,Hill,49,Plumber,Newcastle,LOW,2023-07-31 02:54:22
C_108032,Leo,Hall,50,Teacher,Edinburgh,LOW,2025-01-23 10:17:45
C_108033,Arthur,Roberts,40,Unemployed,Nottingham,LOW,2017-02-19 06:08:35
C_108034,Sandra,King,44,Sales Associate,Glasgow,MEDIUM,2018-11-16 05:00:26
C_108035,Betty,Johnson,49,Registered Nurse,Sheffield,LOW,2021-08-07 18:49:09
C_108036,Oscar,Clark,33,Accountant,Manchester,LOW,2020-01-27 23:43:05
C_108037,Charles,Martin,40,Construction Worker,Manchester,LOW,2018-11-08 04:23:39
C_108038,Thomas,Wright,29,Registered Nurse,Nottingham,LOW,2023-04-20 04:22:44
C_108039,Oscar,Edwards,51,Project Manager,Liverpool,LOW,2021-08-23 06:46:52
C_108040,Oliver,Jones,47,Registered Nurse,Sheffield,LOW,2019-01-12 09:13:53
C_108041,William,Thomas,34,Sales Associate,Leicester,LOW,2023-01-02 05:32:29
C_108042,Ivy,King,52,Lawyer,Coventry,LOW,2018-01-19 22:45:48
C_108043,Lily,Roberts,40,Chef,Cardiff,LOW,2018-04-14 10:51:19
C_108044,Amelia,Jackson,46,Teacher,Birmingham,LOW,2023-12-09 11:32:03
C_108045,Jennifer,Watson,68,Retired,Nottingham,LOW,2019-12-05 04:54:17
C_108046,Sophia,Cooper,44,Software Engineer,Nottingham,LOW,2021-04-19 04:29:09
C_108047,Ivy,Smith,52,Chef,Edinburgh,MEDIUM,2019-06-18 02:30:14
C_108048,Muhammad,Robinson,31,Consultant,Belfast,LOW,2016-01-19 15:28:40
C_108049,Sandra,Thomas,66,Retired,Newcastle,MEDIUM,2022-08-30 17:05:58
C_108050,Christopher,King,26,Administrative Assistant,Birmingham,LOW,2018-08-11 21:37:32
C_108051,Ivy,Wood,43,Unemployed,Glasgow,LOW,2022-01-28 12:26:17
C_108052,Christopher,Wood,64,Doctor,Bristol,LOW,2019-10-01 14:55:32
C_108053,James,Scott,44,Sales Associate,Manchester,LOW,2018-12-08 14:16:37
C_108054,Jessica,Clark,18,Student,Edinburgh,LOW,2020-09-18 00:04:15
C_108055,Jessica,Mitchell,47,Accountant,Leeds,LOW,2017-09-05 15:40:49
C_108056,Isla,Jones,57,Accountant,London,LOW,2019-11-23 05:17:24
C_108057,Harry,Harrison,55,Teacher,Birmingham,LOW,2025-03-12 22:22:24
C_108058,Christopher,White,61,Retired,Glasgow,LOW,2017-02-07 12:27:43
C_108059,Betty,Roberts,63,Sales Associate,Cardiff,LOW,2017-02-26 14:06:57
C_108060,Susan,Harrison,21,Student,Coventry,LOW,2016-06-01 16:38:25
C_108061,Isabella,Hall,26,Chef,Liverpool,LOW,2023-11-08 07:43:31
C_108062,Emily,Lewis,63,Construction Worker,Sheffield,LOW,2023-09-05 20:01:22
C_108063,Sarah,Patterson,61,Student,Nottingham,LOW,2023-06-02 22:52:21
C_108064,Patricia,Taylor,73,Retired,Bristol,MEDIUM,2025-01-25 05:42:14
C_108065,Noah,Williams,59,Construction Worker,Leicester,LOW,2021-11-19 21:41:37
C_108066,Arthur,Cooper,44,Electrician,Nottingham,LOW,2018-10-04 19:50:03
C_108067,Ava,Taylor,24,Construction Worker,Bristol,LOW,2017-11-01 20:48:40
C_108068,Emily,Edwards,33,Business Owner,Manchester,LOW,2024-02-17 02:03:10
C_108069,Christopher,Thompson,57,Teacher,Newcastle,LOW,2024-08-12 05:30:37
C_108070,Patricia,Wilson,40,Consultant,Cardiff,MEDIUM,2020-10-22 17:07:59
C_108071,Sophia,Clarke,21,Student,Belfast,LOW,2025-01-20 13:16:17
C_108072,Michael,Harrison,35,Business Owner,Birmingham,LOW,2025-07-24 00:16:56
C_108073,Noah,Jackson,39,Electrician,Liverpool,MEDIUM,2016-07-18 09:10:35
C_108074,George,Patterson,51,Administrative Assistant,Edinburgh,LOW,2025-12-09 16:21:41
C_108075,Oliver,Patterson,47,Administrative Assistant,Leeds,LOW,2023-04-30 06:24:42
C_108076,James,Roberts,31,Chef,Nottingham,HIGH,2018-10-08 05:28:32
C_108077,Elizabeth,Baker,24,Doctor,Edinburgh,MEDIUM,2023-09-24 04:26:55
C_108078,Elizabeth,Hughes,43,Sales Associate,Edinburgh,LOW,2023-09-07 12:30:30
C_108079,Sophia,Thompson,33,Doctor,Sheffield,LOW,2017-07-01 20:20:27
C_108080,James,Williams,72,Retired,Coventry,LOW,2025-11-04 19:17:25
C_108081,Daniel,Smith,26,Registered Nurse,Cardiff,LOW,2017-04-11 19:54:55
C_108082,Nancy,Mason,33,Administrative Assistant,Liverpool,LOW,2019-09-08 01:53:17
C_108083,Karen,Hill,33,Plumber,Coventry,LOW,2022-05-09 08:53:44
C_108084,Barbara,Mitchell,43,Administrative Assistant,Leeds,LOW,2021-11-05 17:43:06
C_108085,Ivy,Walker,33,Electrician,Coventry,MEDIUM,2017-10-23 22:18:05
C_108086,Lisa,Baker,68,Retired,Edinburgh,LOW,2021-10-20 19:31:27
C_108087,Oliver,Harris,58,Plumber,Liverpool,LOW,2019-01-28 14:41:10
C_108088,John,Wilson,41,Construction Worker,Leeds,LOW,2021-03-12 01:23:21
C_108089,Emily,Scott,41,Student,Edinburgh,MEDIUM,2016-07-02 09:52:14
C_108090,Betty,Watson,66,Retired,Nottingham,LOW,2020-12-19 15:21:52
C_108091,Ivy,Thompson,47,Consultant,Nottingham,LOW,2016-03-18 09:15:14
C_108092,Christopher,Taylor,28,Software Engineer,Nottingham,LOW,2017-03-20 21:20:42
C_108093,Muhammad,Young,46,Electrician,Bristol,LOW,2025-06-24 16:18:14
C_108094,Ivy,Evans,18,Sales Associate,Manchester,LOW,2018-01-15 11:33:47
C_108095,David,Young,42,Consultant,London,LOW,2017-06-09 04:52:21
C_108096,Harry,Thomas,19,Student,Belfast,MEDIUM,2016-10-05 20:12:09
C_108097,Joseph,Hughes,31,Construction Worker,Edinburgh,LOW,2021-09-10 23:11:16
C_108098,Sophia,Jackson,48,Driver,Cardiff,MEDIUM,2023-05-31 02:41:43
C_108099,Lisa,Taylor,59,Project Manager,London,LOW,2019-04-18 18:05:29
C_108100,James,Ward,18,Student,Cardiff,LOW,2024-11-09 08:27:31
C_108101,Emily,Jackson,39,Sales Associate,Cardiff,LOW,2025-05-25 17:05:21
C_108102,Betty,Roberts,26,Electrician,Coventry,LOW,2018-07-11 22:23:09
C_108103,Richard,Wilson,31,Consultant,Birmingham,LOW,2022-03-03 01:04:02
C_108104,Nancy,Robinson,41,Student,Bristol,LOW,2025-08-04 05:52:22
C_108105,Kimberly,Wilson,54,Lawyer,Newcastle,LOW,2021-03-31 04:00:47
C_108106,Richard,Cooper,43,Lawyer,Birmingham,LOW,2021-09-07 03:26:57
C_108107,George,Jackson,18,Student,Liverpool,LOW,2023-03-20 19:29:08
C_108108,Ivy,Clarke,37,Business Owner,Nottingham,LOW,2018-03-30 23:43:29
C_108109,Lisa,Martin,38,Registered Nurse,Glasgow,MEDIUM,2019-04-30 00:50:30
C_108110,Arthur,Martin,39,Chef,Glasgow,LOW,2025-11-20 12:24:49
C_108111,Isla,Roberts,33,Registered Nurse,Birmingham,LOW,2021-03-24 11:06:16
C_108112,Charles,Jackson,38,Plumber,Leicester,LOW,2016-02-09 06:32:07
C_108113,Nancy,Smith,38,Retired,Leeds,LOW,2019-05-27 04:56:57
C_108114,George,Hall,37,Accountant,Manchester,LOW,2019-04-27 18:14:36
C_108115,Robert,Williams,41,Software Engineer,Edinburgh,LOW,2017-07-30 01:56:41
C_108116,George,Scott,25,Chef,Belfast,LOW,2020-12-18 11:45:41
C_108117,Amelia,Brown,53,Driver,Cardiff,LOW,2023-06-01 13:39:12
C_108118,John,Walker,21,Student,Nottingham,LOW,2023-01-25 13:04:05
C_108119,Patricia,Thomas,83,Retired,Leicester,LOW,2016-02-22 18:57:55
C_108120,Donna,Carter,23,Doctor,Cardiff,LOW,2022-03-28 07:45:28
C_108121,Ava,Ward,32,Software Engineer,Birmingham,LOW,2016-09-06 03:28:13
C_108122,Daniel,Patterson,35,Plumber,London,LOW,2016-11-07 15:13:33
C_108123,Lisa,King,25,Construction Worker,Newcastle,LOW,2016-02-27 22:10:28
C_108124,Donna,Hill,43,Software Engineer,London,LOW,2016-03-25 19:18:00
C_108125,Nancy,Thomas,50,Teacher,Belfast,LOW,2020-07-20 12:19:53
C_108126,Karen,Martin,63,Chef,Edinburgh,LOW,2016-02-14 07:10:43
C_108127,Patricia,Roberts,31,Registered Nurse,Edinburgh,LOW,2021-10-30 23:47:03
C_108128,John,Cooper,39,Chef,Bristol,LOW,2022-03-04 11:06:00
C_108129,Lily,Wilson,29,Driver,Leeds,LOW,2019-04-29 07:14:57
C_108130,Sarah,Young,38,Plumber,Manchester,LOW,2021-09-07 03:28:36
C_108131,Michael,Hall,34,Retired,Leicester,LOW,2022-09-21 12:58:20
C_108132,Robert,Harrison,37,Lawyer,Leeds,LOW,2020-11-19 12:32:29
C_108133,Sandra,Edwards,37,Accountant,Leeds,LOW,2021-06-09 20:42:18
C_108134,Olivia,Smith,18,Student,Birmingham,LOW,2018-08-20 16:29:12
C_108135,Betty,Smith,46,Student,Edinburgh,LOW,2021-12-26 22:07:26
C_108136,Kimberly,Patterson,64,Construction Worker,London,LOW,2019-12-13 05:03:31
C_108137,Arthur,Hughes,51,Lawyer,Glasgow,LOW,2016-04-09 14:02:52
C_108138,Michelle,Baker,40,Electrician,Leeds,MEDIUM,2018-09-19 20:00:02
C_108139,Joseph,Thompson,49,Administrative Assistant,Nottingham,LOW,2019-04-25 05:17:36
C_108140,Oscar,Harrison,45,Doctor,Manchester,MEDIUM,2021-10-09 00:42:10
C_108141,Kimberly,Green,48,Registered Nurse,Bristol,MEDIUM,2019-04-22 06:48:56
C_108142,Donna,Wright,43,Chef,Newcastle,LOW,2016-12-29 21:09:52
C_108143,Leo,Scott,23,Electrician,Liverpool,LOW,2024-01-03 16:21:52
C_108144,Robert,Thompson,41,Software Engineer,Glasgow,MEDIUM,2016-05-18 06:18:32
C_108145,Donna,Thompson,31,Retired,Edinburgh,LOW,2016-11-18 02:30:02
C_108146,Joseph,Carter,24,Teacher,Leeds,MEDIUM,2022-09-01 08:28:42
C_108147,Margaret,Brown,50,Sales Associate,Newcastle,LOW,2021-01-19 02:44:40
C_108148,Charles,Scott,42,Consultant,Belfast,LOW,2022-09-26 01:05:37
C_108149,Harry,Taylor,63,Plumber,Glasgow,LOW,2024-06-30 17:39:15
C_108150,Michelle,Edwards,32,Software Engineer,Nottingham,LOW,2022-03-24 03:07:30
C_108151,Sandra,Young,41,Software Engineer,Leicester,LOW,2021-04-26 22:18:00
C_108152,Ava,White,28,Sales Associate,Nottingham,LOW,2020-06-12 05:19:50
C_108153,Mia,Jones,61,Driver,Manchester,MEDIUM,2024-12-10 01:49:35
C_108154,Sandra,Mason,61,Business Owner,Nottingham,LOW,2020-02-06 18:13:51
C_108155,Michael,Robinson,60,Plumber,Leeds,LOW,2020-05-16 07:46:53
C_108156,Jessica,Edwards,64,Project Manager,Manchester,LOW,2018-04-14 10:38:03
C_108157,Jessica,Williams,84,Retired,Manchester,LOW,2024-08-09 21:17:39
C_108158,Isla,Hill,28,Software Engineer,Glasgow,LOW,2016-03-15 13:29:29
C_108159,John,Martin,43,Registered Nurse,Cardiff,LOW,2021-01-31 17:51:09
C_108160,Isla,Cooper,36,Construction Worker,Newcastle,LOW,2016-04-06 17:53:27
C_108161,Mia,Wood,29,Unemployed,Coventry,LOW,2021-03-16 03:48:21
C_108162,Daniel,King,37,Construction Worker,Glasgow,LOW,2017-06-30 07:20:34
C_108163,Harry,Edwards,71,Retired,London,MEDIUM,2020-06-04 13:02:45
C_108164,Patricia,Ward,39,Unemployed,Liverpool,LOW,2023-09-30 07:31:24
C_108165,John,Walker,62,Unemployed,Coventry,LOW,2024-04-21 13:50:27
C_108166,Donna,Roberts,20,Student,Belfast,LOW,2022-03-01 15:33:51
C_108167,Oscar,Robinson,33,Doctor,Bristol,LOW,2021-05-27 23:22:04
C_108168,Sophia,Williams,32,Software Engineer,Newcastle,LOW,2023-03-17 21:46:57
C_108169,Isla,Jackson,73,Retired,Belfast,LOW,2019-11-07 06:27:42
C_108170,Karen,Johnson,39,Administrative Assistant,Newcastle,LOW,2023-08-22 19:59:05
C_108171,Oliver,Green,38,Sales Associate,Nottingham,LOW,2018-08-27 21:13:45
C_108172,Michael,Williams,79,Retired,Newcastle,LOW,2023-08-01 03:56:20
C_108173,Sophia,Davies,18,Student,Coventry,LOW,2021-11-15 11:24:37
C_108174,Leo,Wood,51,Registered Nurse,Birmingham,LOW,2016-04-09 14:00:41
C_108175,Patricia,Young,30,Electrician,Manchester,LOW,2021-02-05 23:22:33
C_108176,John,Mason,39,Electrician,Edinburgh,LOW,2022-07-20 17:23:33
C_108177,Mia,King,42,Teacher,Liverpool,LOW,2017-01-08 06:06:53
C_108178,Sophia,Jones,49,Construction Worker,Bristol,LOW,2023-11-13 03:41:33
C_108179,Karen,Watson,35,Lawyer,Leeds,LOW,2018-04-15 04:28:17
C_108180,Noah,Harrison,40,Administrative Assistant,Birmingham,LOW,2020-12-21 16:40:08
C_108181,Mia,Clarke,27,Accountant,Birmingham,LOW,2019-06-18 03:17:41
C_108182,Isla,Patterson,53,Consultant,Edinburgh,LOW,2017-12-19 16:39:35
C_108183,Michelle,Wilson,48,Plumber,Birmingham,LOW,2022-12-06 19:18:55
C_108184,Daniel,Jackson,23,Teacher,London,LOW,2019-12-20 19:56:21
C_108185,Daniel,Taylor,50,Student,Leicester,LOW,2016-03-20 20:27:15
C_108186,Daniel,Taylor,33,Business Owner,Newcastle,LOW,2020-09-11 02:41:26
C_108187,Noah,Davies,30,Student,Coventry,LOW,2022-03-29 00:47:51
C_108188,Noah,Harris,39,Chef,Newcastle,LOW,2022-04-03 10:30:13
C_108189,Leo,Carter,47,Accountant,Glasgow,LOW,2020-05-12 22:35:16
C_108190,George,Clarke,41,Retired,Belfast,LOW,2024-08-22 19:44:47
C_108191,Mia,Ward,34,Chef,Nottingham,MEDIUM,2018-03-15 19:15:19
C_108192,Sarah,Walker,30,Accountant,Birmingham,LOW,2016-12-04 16:57:43
C_108193,Michelle,Cooper,39,Consultant,Nottingham,LOW,2021-10-24 13:50:09
C_108194,Karen,Cooper,47,Doctor,Sheffield,MEDIUM,2020-04-23 16:32:26
C_108195,Sandra,Thompson,39,Plumber,Newcastle,LOW,2025-01-23 01:11:11
C_108196,Kimberly,Scott,28,Construction Worker,Newcastle,LOW,2017-04-30 13:52:03
C_108197,Ivy,Wood,43,Driver,Sheffield,LOW,2025-09-19 18:58:54
C_108198,George,Thomas,49,Student,Belfast,LOW,2020-03-16 11:04:59
C_108199,Oscar,Smith,18,Student,Liverpool,LOW,2024-08-27 20:07:40
C_108200,Linda,Jones,48,Student,Newcastle,MEDIUM,2024-02-23 16:17:42
C_108201,Isabella,Watson,29,Software Engineer,Newcastle,LOW,2021-02-10 01:18:41
C_108202,Joseph,Johnson,64,Doctor,Sheffield,LOW,2017-11-18 14:41:12
C_108203,Muhammad,Evans,51,Teacher,Cardiff,LOW,2020-11-25 02:11:15
C_108204,Richard,Ward,51,Sales Associate,Manchester,LOW,2020-11-01 17:51:00
C_108205,Sandra,White,38,Accountant,Sheffield,MEDIUM,2016-07-14 02:59:02
C_108206,Michelle,Ward,25,Retired,Birmingham,LOW,2016-10-02 17:47:10
C_108207,James,Evans,61,Chef,Cardiff,LOW,2021-01-18 08:49:53
C_108208,Lily,Green,53,Sales Associate,Liverpool,LOW,2022-07-26 06:44:33
C_108209,Isabella,Wilson,28,Construction Worker,Manchester,LOW,2022-07-09 21:35:23
C_108210,Donna,Hughes,60,Unemployed,Glasgow,LOW,2020-04-26 15:24:20
C_108211,Ivy,Wright,42,Registered Nurse,Manchester,LOW,2025-11-02 00:58:59
C_108212,Oliver,Robinson,63,Teacher,Belfast,LOW,2024-06-10 14:55:50
C_108213,George,Mitchell,50,Project Manager,Birmingham,LOW,2018-10-01 09:03:45
C_108214,Richard,Thomas,22,Administrative Assistant,Edinburgh,LOW,2022-08-17 09:21:15
C_108215,Michael,Green,81,Retired,Birmingham,LOW,2023-08-23 12:15:18
C_108216,Isla,White,62,Chef,Cardiff,LOW,2019-11-26 00:45:59
C_108217,Richard,Mason,48,Student,Coventry,LOW,2018-06-20 16:24:02
C_108218,Ashley,Jones,58,Business Owner,Leeds,LOW,2020-05-22 11:22:14
C_108219,James,Walker,50,Electrician,Belfast,MEDIUM,2018-06-26 21:02:51
C_108220,Michael,Cooper,33,Construction Worker,Liverpool,LOW,2022-11-17 00:28:30
C_108221,Oscar,Robinson,20,Student,Glasgow,LOW,2025-09-28 02:16:13
C_108222,Isabella,Williams,52,Consultant,Cardiff,LOW,2025-11-01 07:23:15
C_108223,James,Hill,43,Software Engineer,Newcastle,LOW,2016-09-21 05:16:10
C_108224,Oscar,Young,57,Construction Worker,Bristol,LOW,2019-05-29 01:24:26
C_108225,Charles,Watson,45,Doctor,Manchester,LOW,2025-10-29 12:19:20
C_108226,Lisa,Thompson,43,Doctor,Sheffield,LOW,2020-12-26 07:34:42
C_108227,Kimberly,Wood,46,Chef,Nottingham,HIGH,2024-02-26 18:34:57
C_108228,Karen,Wright,44,Administrative Assistant,Sheffield,LOW,2024-08-29 21:34:04
C_108229,Donna,Clarke,20,Student,Nottingham,LOW,2020-08-09 14:47:18
C_108230,Jennifer,Jones,22,Driver,Bristol,LOW,2020-05-10 12:50:09
C_108231,Ava,Mitchell,51,Software Engineer,Liverpool,LOW,2016-06-06 07:04:58
C_108232,Joseph,Thomas,32,Software Engineer,Coventry,LOW,2017-03-22 00:04:44
C_108233,George,Evans,38,Chef,Sheffield,LOW,2020-06-07 09:53:00
C_108234,Thomas,Johnson,39,Unemployed,Liverpool,LOW,2025-07-04 00:20:40
C_108235,David,Ward,18,Electrician,Birmingham,LOW,2021-07-30 05:44:03
C_108236,Isabella,Baker,41,Unemployed,Glasgow,LOW,2019-08-25 19:41:27
C_108237,Jessica,Evans,49,Electrician,Cardiff,MEDIUM,2021-07-07 11:15:48
C_108238,Charles,Harris,20,Student,Liverpool,LOW,2024-05-05 04:00:34
C_108239,Joseph,Jones,50,Chef,Belfast,LOW,2022-08-10 09:23:44
C_108240,Betty,Watson,63,Project Manager,Birmingham,LOW,2021-07-15 04:36:06
C_108241,Charles,Walker,49,Lawyer,Edinburgh,LOW,2021-08-18 00:22:44
C_108242,Margaret,Scott,31,Project Manager,Leeds,HIGH,2025-10-13 01:23:12
C_108243,Betty,Johnson,38,Student,Leicester,MEDIUM,2024-06-15 18:48:40
C_108244,Karen,Jones,26,Consultant,Sheffield,LOW,2022-01-30 17:24:56
C_108245,Elizabeth,Robinson,54,Driver,Bristol,LOW,2022-07-30 21:19:27
C_108246,Christopher,King,59,Construction Worker,Birmingham,LOW,2018-10-17 04:17:19
C_108247,Nancy,Johnson,61,Lawyer,Edinburgh,LOW,2025-03-20 19:28:16
C_108248,Ashley,Scott,53,Construction Worker,Belfast,LOW,2020-09-26 14:39:27
C_108249,Karen,King,39,Student,Manchester,MEDIUM,2025-11-01 08:17:15
C_108250,Linda,Hall,35,Registered Nurse,Birmingham,LOW,2024-03-08 11:32:20
C_108251,John,Carter,40,Registered Nurse,Bristol,LOW,2019-04-21 22:25:58
C_108252,Sophia,Wood,45,Administrative Assistant,Newcastle,HIGH,2018-11-21 12:11:37
C_108253,Harry,Watson,53,Sales Associate,Manchester,LOW,2023-09-06 19:10:30
C_108254,Oscar,Clark,30,Plumber,Newcastle,LOW,2016-02-15 02:07:28
C_108255,Patricia,Wilson,38,Driver,Edinburgh,LOW,2019-12-11 02:34:39
C_108256,Thomas,Hall,18,Project Manager,Liverpool,LOW,2024-12-30 04:53:24
C_108257,Jennifer,Roberts,30,Retired,Nottingham,LOW,2022-02-07 02:44:40
C_108258,Oscar,Hughes,60,Project Manager,Leicester,MEDIUM,2021-05-02 05:54:31
C_108259,Betty,Green,42,Student,Liverpool,LOW,2019-08-10 18:01:59
C_108260,John,Cooper,38,Sales Associate,Leeds,MEDIUM,2019-12-11 21:09:13
C_108261,Jessica,Thompson,31,Chef,Manchester,LOW,2018-04-28 19:57:47
C_108262,Elizabeth,Davies,42,Consultant,Glasgow,LOW,2020-12-03 12:32:37
C_108263,Charles,Cooper,66,Retired,Belfast,LOW,2019-06-23 23:32:34
C_108264,Daniel,Hill,42,Electrician,Bristol,LOW,2020-12-17 12:58:40
C_108265,Lisa,Brown,30,Accountant,Newcastle,LOW,2021-08-04 23:51:39
C_108266,Charles,Johnson,55,Project Manager,Coventry,LOW,2019-02-02 09:42:19
C_108267,Daniel,Robinson,49,Plumber,Liverpool,LOW,2020-05-15 21:49:38
C_108268,Jessica,Baker,51,Electrician,Birmingham,LOW,2019-03-14 19:14:32
C_108269,Jessica,White,56,Driver,Leicester,MEDIUM,2018-05-08 22:27:51
C_108270,Susan,Hughes,35,Business Owner,Liverpool,MEDIUM,2024-04-19 21:02:18
C_108271,Susan,Mason,41,Consultant,Glasgow,MEDIUM,2019-01-24 11:57:11
C_108272,Karen,Clarke,61,Unemployed,Coventry,LOW,2021-09-12 10:14:56
C_108273,Muhammad,Johnson,55,Software Engineer,Liverpool,LOW,2018-10-08 13:10:50
C_108274,Olivia,Carter,33,Unemployed,Newcastle,LOW,2021-06-12 06:56:06
C_108275,Sandra,Williams,34,Business Owner,Edinburgh,LOW,2019-10-13 08:03:12
C_108276,Olivia,Hughes,25,Registered Nurse,Bristol,HIGH,2018-11-21 20:51:07
C_108277,Susan,Walker,50,Plumber,Belfast,LOW,2021-01-04 21:36:47
C_108278,Muhammad,Scott,53,Accountant,Coventry,LOW,2016-08-15 15:08:46
C_108279,Michelle,Cooper,60,Software Engineer,Belfast,LOW,2022-04-23 15:11:43
C_108280,Nancy,Wilson,24,Construction Worker,Belfast,LOW,2020-05-20 09:25:49
C_108281,Arthur,Baker,40,Chef,Coventry,LOW,2016-12-14 05:47:53
C_108282,Donna,Cooper,58,Construction Worker,Leeds,LOW,2024-03-17 20:41:26
C_108283,Joseph,Watson,40,Project Manager,London,LOW,2024-08-19 09:11:17
C_108284,Elizabeth,Scott,76,Retired,Manchester,MEDIUM,2019-02-16 07:51:40
C_108285,Isla,Scott,41,Unemployed,Leicester,LOW,2023-08-12 06:07:41
C_108286,Margaret,Patterson,78,Retired,Edinburgh,LOW,2021-04-10 05:49:37
C_108287,Emily,Wilson,40,Registered Nurse,Glasgow,LOW,2020-04-14 11:55:49
C_108288,Arthur,Martin,48,Consultant,Belfast,LOW,2017-03-16 15:34:09
C_108289,John,Harrison,49,Chef,Coventry,MEDIUM,2019-10-17 06:57:06
C_108290,Sandra,Green,45,Chef,Belfast,LOW,2020-03-20 19:46:11
C_108291,Jennifer,Ward,34,Lawyer,Birmingham,LOW,2021-05-19 03:10:19
C_108292,Noah,Cooper,51,Accountant,London,LOW,2018-11-18 20:42:18
C_108293,Sandra,Patterson,57,Sales Associate,Leeds,LOW,2024-09-24 19:45:22
C_108294,Lily,Jackson,44,Electrician,Glasgow,LOW,2023-07-18 19:48:29
C_108295,Thomas,Young,48,Administrative Assistant,Edinburgh,LOW,2025-12-31 05:07:29
C_108296,Michelle,Walker,47,Business Owner,Cardiff,LOW,2024-01-03 18:11:34
C_108297,Ashley,Lewis,49,Lawyer,Sheffield,MEDIUM,2018-10-18 08:52:03
C_108298,William,Clark,35,Retired,Nottingham,LOW,2018-01-11 16:15:30
C_108299,Oliver,Lewis,45,Unemployed,Bristol,LOW,2021-12-21 11:22:08
C_108300,Ava,Baker,51,Teacher,Bristol,LOW,2016-06-08 23:10:07
C_108301,Olivia,Wright,40,Teacher,Sheffield,LOW,2025-10-02 15:23:31
C_108302,Lily,Clark,46,Software Engineer,Birmingham,MEDIUM,2019-11-11 10:53:36
C_108303,Richard,Brown,30,Consultant,Coventry,MEDIUM,2017-01-07 06:23:52
C_108304,Lisa,Robinson,44,Construction Worker,Belfast,LOW,2017-03-01 21:28:43
C_108305,Sophia,Thomas,65,Accountant,Coventry,LOW,2017-09-02 23:28:04
C_108306,Thomas,Harris,46,Electrician,Sheffield,MEDIUM,2021-08-26 02:01:20
C_108307,Ava,Smith,32,Electrician,Belfast,LOW,2017-11-12 03:41:44
C_108308,Betty,Watson,27,Student,London,MEDIUM,2022-02-28 10:49:58
C_108309,Donna,Walker,26,Doctor,Leicester,LOW,2024-08-28 22:35:17
C_108310,Linda,Williams,37,Doctor,Nottingham,LOW,2016-07-14 03:45:53
C_108311,Thomas,Martin,50,Construction Worker,Leeds,LOW,2018-10-23 12:35:58
C_108312,James,Smith,49,Software Engineer,Newcastle,LOW,2021-09-05 03:38:59
C_108313,Michelle,Harris,38,Unemployed,Sheffield,LOW,2023-02-05 20:36:38
C_108314,Charles,Wilson,66,Retired,Glasgow,LOW,2020-08-15 17:29:58
C_108315,Muhammad,Watson,33,Unemployed,Leeds,LOW,2019-05-04 08:51:15
C_108316,George,Harrison,34,Driver,Bristol,LOW,2018-10-29 22:57:24
C_108317,Oliver,Smith,21,Student,Belfast,MEDIUM,2020-10-13 14:02:29
C_108318,Jessica,Carter,54,Plumber,Cardiff,LOW,2020-12-22 03:11:05
C_108319,Amelia,Green,48,Student,Nottingham,LOW,2023-07-30 12:38:14
C_108320,Richard,Robinson,31,Unemployed,Birmingham,LOW,2018-02-07 23:12:08
C_108321,Linda,Scott,64,Sales Associate,Bristol,LOW,2019-03-19 11:32:32
C_108322,Nancy,Scott,39,Software Engineer,Sheffield,LOW,2016-08-13 16:44:10
C_108323,Sandra,Ward,37,Student,Manchester,LOW,2021-02-09 18:26:18
C_108324,Oliver,Hill,38,Project Manager,Coventry,LOW,2021-09-26 21:03:01
C_108325,Mia,Smith,47,Administrative Assistant,Sheffield,LOW,2024-10-21 15:41:06
C_108326,Jennifer,Green,21,Sales Associate,Newcastle,LOW,2025-08-08 21:20:55
C_108327,Muhammad,White,38,Student,Edinburgh,LOW,2022-03-11 04:05:32
C_108328,Betty,King,51,Business Owner,Sheffield,LOW,2021-03-15 13:50:12
C_108329,Ava,White,42,Doctor,London,LOW,2022-08-31 10:32:13
C_108330,Thomas,Brown,44,Doctor,Birmingham,MEDIUM,2020-07-25 10:08:17
C_108331,Harry,Scott,51,Student,Cardiff,LOW,2018-06-29 15:37:37
C_108332,Mia,Johnson,48,Unemployed,Cardiff,LOW,2016-01-19 02:39:39
C_108333,Ivy,Wood,40,Teacher,Cardiff,LOW,2018-09-28 19:35:45
C_108334,Kimberly,Hughes,37,Construction Worker,Liverpool,LOW,2025-02-28 14:07:25
C_108335,Daniel,Jones,25,Retired,Bristol,LOW,2022-09-05 03:07:28
C_108336,John,Walker,55,Unemployed,Belfast,LOW,2016-01-04 12:28:49
C_108337,Lily,Smith,45,Administrative Assistant,Coventry,LOW,2025-10-19 01:20:47
C_108338,Muhammad,Hall,31,Doctor,Nottingham,LOW,2016-11-06 03:01:01
C_108339,Lisa,Watson,50,Retired,Nottingham,LOW,2018-09-13 05:47:45
C_108340,Donna,Roberts,32,Registered Nurse,Leeds,LOW,2019-06-06 07:06:34
C_108341,Christopher,Green,35,Driver,Newcastle,LOW,2024-02-18 09:00:12
C_108342,Susan,Wood,64,Lawyer,Leicester,LOW,2023-12-13 18:58:07
C_108343,Isla,Young,38,Unemployed,Cardiff,LOW,2017-11-30 16:54:14
C_108344,Betty,Williams,18,Student,Bristol,LOW,2019-07-12 17:37:31
C_108345,Karen,Clark,28,Registered Nurse,Cardiff,LOW,2017-04-29 16:53:10
C_108346,George,Cooper,40,Electrician,London,LOW,2017-03-25 17:01:49
C_108347,Arthur,Wright,38,Retired,Glasgow,LOW,2017-02-25 15:35:00
C_108348,Jessica,Green,21,Student,Liverpool,LOW,2023-02-16 23:02:52
C_108349,Nancy,Mason,29,Unemployed,Liverpool,LOW,2024-11-17 22:34:05
C_108350,Lisa,Cooper,38,Student,Belfast,LOW,2019-03-02 18:51:30
C_108351,Amelia,Mitchell,57,Retired,Liverpool,LOW,2024-03-14 21:51:49
C_108352,Richard,Watson,35,Software Engineer,Newcastle,LOW,2017-05-09 03:07:06
C_108353,Joseph,Jackson,39,Plumber,Nottingham,LOW,2019-08-19 13:15:35
C_108354,David,Cooper,55,Teacher,Newcastle,LOW,2016-05-01 12:56:35
C_108355,Charles,Patterson,39,Business Owner,Leeds,MEDIUM,2016-03-13 01:27:42
C_108356,Elizabeth,Green,53,Construction Worker,Leeds,LOW,2022-10-04 08:31:07
C_108357,Patricia,Scott,27,Business Owner,London,LOW,2022-12-15 18:11:08
C_108358,Betty,Scott,35,Registered Nurse,Cardiff,LOW,2020-04-19 07:12:23
C_108359,Betty,Smith,60,Business Owner,Newcastle,LOW,2020-09-12 19:47:26
C_108360,Noah,Jones,31,Business Owner,Liverpool,LOW,2021-04-16 01:09:40
C_108361,George,Mitchell,27,Registered Nurse,Bristol,MEDIUM,2018-02-01 00:21:36
C_108362,Arthur,Jackson,32,Business Owner,Sheffield,LOW,2021-12-06 21:04:40
C_108363,Oliver,Williams,51,Student,Leeds,LOW,2019-11-18 09:38:26
C_108364,Mia,Thompson,34,Administrative Assistant,Manchester,LOW,2016-12-09 06:18:03
C_108365,Margaret,Wood,30,Administrative Assistant,Leeds,LOW,2018-06-12 14:33:35
C_108366,Lisa,Brown,34,Doctor,Nottingham,LOW,2022-07-02 00:32:02
C_108367,Sophia,Patterson,56,Doctor,Nottingham,LOW,2018-07-30 00:26:07
C_108368,Sarah,King,56,Chef,London,LOW,2025-05-16 20:19:52
C_108369,Patricia,Hill,57,Project Manager,Liverpool,LOW,2018-03-22 10:34:03
C_108370,Lisa,Thompson,50,Unemployed,Edinburgh,LOW,2021-02-09 01:26:03
C_108371,Harry,Brown,45,Teacher,Leeds,LOW,2020-06-21 03:02:25
C_108372,Ivy,Lewis,18,Student,London,LOW,2018-06-22 08:51:33
C_108373,Kimberly,Clarke,53,Doctor,Edinburgh,LOW,2025-05-31 10:28:21
C_108374,William,Harrison,45,Retired,Liverpool,MEDIUM,2018-09-14 00:28:01
C_108375,Isabella,Green,46,Construction Worker,Leicester,MEDIUM,2017-11-22 16:02:16
C_108376,Isabella,Robinson,59,Student,Nottingham,LOW,2023-02-20 18:50:37
C_108377,Daniel,Jones,19,Student,Sheffield,LOW,2016-11-28 02:32:21
C_108378,Oliver,Robinson,46,Accountant,London,LOW,2024-11-12 20:56:49
C_108379,Thomas,Jackson,28,Chef,Cardiff,MEDIUM,2023-01-31 13:49:45
C_108380,Emily,Jackson,49,Lawyer,Belfast,LOW,2025-04-29 16:04:54
C_108381,Harry,Wright,21,Student,Manchester,LOW,2017-03-15 07:43:09
C_108382,Elizabeth,Hall,49,Registered Nurse,Leicester,LOW,2025-04-16 08:23:09
C_108383,Michelle,Taylor,68,Retired,Manchester,LOW,2020-03-17 00:03:11
C_108384,Mia,Jones,56,Software Engineer,Cardiff,LOW,2021-08-25 17:51:13
C_108385,Nancy,Robinson,40,Software Engineer,Coventry,LOW,2019-08-26 13:00:18
C_108386,Joseph,Carter,27,Construction Worker,London,LOW,2017-10-25 08:06:44
C_108387,Lisa,Thomas,30,Project Manager,Glasgow,LOW,2025-07-19 08:56:29
C_108388,Oliver,Jackson,31,Construction Worker,Manchester,MEDIUM,2020-08-21 08:36:04
C_108389,Oliver,Taylor,40,Retired,Liverpool,LOW,2023-05-14 08:53:25
C_108390,Sarah,Harrison,60,Accountant,Edinburgh,LOW,2018-08-06 21:02:57
C_108391,Muhammad,Green,59,Driver,Cardiff,MEDIUM,2016-09-13 11:15:43
C_108392,Isabella,Brown,28,Doctor,Sheffield,LOW,2017-10-24 22:17:34
C_108393,David,White,48,Unemployed,Birmingham,LOW,2022-07-28 09:18:20
C_108394,Michelle,Robinson,43,Chef,Sheffield,LOW,2024-07-23 18:26:21
C_108395,David,Hill,50,Retired,Belfast,LOW,2019-10-06 05:24:33
C_108396,Harry,Johnson,36,Accountant,Nottingham,LOW,2025-07-08 13:05:41
C_108397,Ashley,Davies,55,Consultant,Coventry,LOW,2022-01-22 17:22:04
C_108398,Noah,Thompson,52,Business Owner,Edinburgh,LOW,2018-09-05 22:20:19
C_108399,David,Taylor,54,Chef,Edinburgh,LOW,2017-11-05 08:26:13
C_108400,Betty,Clarke,48,Consultant,Edinburgh,LOW,2020-10-09 20:05:25
C_108401,Harry,Walker,35,Driver,Coventry,LOW,2019-01-12 10:27:16
C_108402,Charles,Robinson,58,Construction Worker,Birmingham,LOW,2021-07-04 23:54:48
C_108403,Christopher,Wilson,36,Registered Nurse,Bristol,LOW,2019-02-23 20:00:19
C_108404,James,Mason,34,Consultant,Cardiff,LOW,2025-10-29 10:07:46
C_108405,Richard,Evans,40,Driver,London,LOW,2021-08-11 10:26:53
C_108406,James,Young,52,Software Engineer,Cardiff,LOW,2023-09-01 05:42:42
C_108407,Richard,Jones,25,Teacher,London,LOW,2021-01-06 02:21:52
C_108408,Muhammad,Jones,39,Teacher,Nottingham,LOW,2024-09-15 07:04:33
C_108409,Amelia,Jackson,50,Consultant,Cardiff,LOW,2021-09-19 00:35:01
C_108410,Arthur,Watson,47,Business Owner,Glasgow,LOW,2022-01-25 23:08:42
C_108411,Sarah,Wood,18,Student,Sheffield,LOW,2019-02-09 06:21:12
C_108412,Amelia,Carter,18,Construction Worker,Birmingham,LOW,2022-03-28 06:35:50
C_108413,Kimberly,Thomas,41,Electrician,Coventry,LOW,2016-11-13 20:19:50
C_108414,Thomas,Hughes,32,Administrative Assistant,Leicester,MEDIUM,2022-07-05 14:48:09
C_108415,Matthew,Harris,38,Plumber,Cardiff,LOW,2025-12-20 20:15:57
C_108416,Joseph,Walker,39,Lawyer,Liverpool,LOW,2024-02-12 16:11:21
C_108417,Oscar,Davies,59,Doctor,Sheffield,LOW,2024-01-11 18:53:06
C_108418,Oscar,Scott,39,Chef,Coventry,LOW,2020-12-26 05:33:42
C_108419,Ashley,Hill,53,Administrative Assistant,Manchester,LOW,2024-05-16 18:53:32
C_108420,Oscar,Walker,38,Sales Associate,Newcastle,LOW,2021-06-01 14:15:54
C_108421,Olivia,Taylor,54,Retired,Belfast,LOW,2025-04-10 01:03:05
C_108422,Matthew,Wood,49,Electrician,Sheffield,LOW,2018-01-13 10:08:44
C_108423,Leo,White,46,Registered Nurse,Glasgow,LOW,2025-02-06 12:47:50
C_108424,Linda,Johnson,18,Electrician,Belfast,LOW,2018-10-25 07:58:39
C_108425,John,Wright,43,Teacher,London,LOW,2024-02-25 13:55:04
C_108426,Margaret,Carter,65,Teacher,Liverpool,LOW,2018-03-02 09:08:44
C_108427,Sandra,Brown,37,Student,Sheffield,HIGH,2018-02-07 10:17:31
C_108428,Jessica,Hall,30,Student,Bristol,LOW,2016-02-14 16:14:27
C_108429,Matthew,Brown,18,Student,Leeds,LOW,2022-11-16 03:53:21
C_108430,Patricia,Taylor,36,Project Manager,Birmingham,HIGH,2023-05-03 16:38:31
C_108431,Jessica,Johnson,67,Retired,London,LOW,2019-03-24 11:26:26
C_108432,Karen,Lewis,26,Business Owner,Bristol,LOW,2016-06-04 20:29:57
C_108433,Margaret,Watson,40,Consultant,Glasgow,LOW,2017-01-07 12:47:32
C_108434,Isla,Thomas,61,Doctor,Birmingham,LOW,2021-11-11 15:09:53
C_108435,Kimberly,Robinson,31,Driver,Sheffield,LOW,2020-02-16 14:50:19
C_108436,Isabella,Hughes,70,Accountant,Newcastle,LOW,2019-10-16 23:33:52
C_108437,George,Hall,51,Driver,London,LOW,2020-08-25 05:49:33
C_108438,Linda,Jackson,60,Doctor,Coventry,LOW,2017-11-28 20:20:28
C_108439,Lisa,Brown,58,Doctor,Birmingham,LOW,2016-10-28 07:20:35
C_108440,Ashley,Hill,18,Administrative Assistant,Leeds,LOW,2017-04-26 03:21:21
C_108441,Sandra,Johnson,50,Teacher,Newcastle,LOW,2019-03-17 11:39:05
C_108442,John,Patterson,61,Administrative Assistant,Nottingham,LOW,2024-05-11 23:52:18
C_108443,Susan,Jones,29,Registered Nurse,London,LOW,2024-03-14 07:38:08
C_108444,Lily,Patterson,44,Registered Nurse,Edinburgh,LOW,2016-01-07 05:51:19
C_108445,Karen,Mason,39,Construction Worker,Glasgow,LOW,2016-01-25 21:45:18
C_108446,Ivy,Jones,49,Unemployed,Newcastle,LOW,2023-04-10 03:09:36
C_108447,James,Smith,31,Driver,London,LOW,2019-03-10 05:37:49
C_108448,Barbara,Hill,18,Lawyer,Liverpool,LOW,2019-06-12 09:40:04
C_108449,John,Hall,56,Lawyer,Nottingham,LOW,2017-06-15 11:30:17
C_108450,Elizabeth,Robinson,65,Plumber,Liverpool,LOW,2018-07-23 16:44:29
C_108451,Ivy,White,42,Driver,Leicester,LOW,2021-05-15 22:29:21
C_108452,Sarah,King,44,Administrative Assistant,Edinburgh,LOW,2016-08-04 00:22:31
C_108453,Joseph,Wright,28,Plumber,London,LOW,2020-07-08 04:31:48
C_108454,Sophia,Smith,50,Lawyer,Bristol,LOW,2023-05-27 15:47:23
C_108455,Sarah,Williams,39,Sales Associate,Edinburgh,LOW,2017-03-13 02:04:16
C_108456,Sarah,Robinson,18,Student,Birmingham,LOW,2022-03-22 12:42:27
C_108457,George,Ward,42,Unemployed,Cardiff,LOW,2021-11-03 23:20:32
C_108458,Lily,Clark,55,Driver,Cardiff,LOW,2020-09-22 23:05:44
C_108459,Oscar,Smith,44,Sales Associate,Edinburgh,LOW,2024-09-03 05:22:30
C_108460,Margaret,Wright,46,Retired,Leeds,LOW,2021-02-20 11:32:05
C_108461,Robert,Young,63,Teacher,Liverpool,LOW,2024-06-17 23:13:18
C_108462,Robert,Jones,64,Chef,Bristol,LOW,2020-08-03 22:27:16
C_108463,Joseph,Clarke,39,Unemployed,Edinburgh,MEDIUM,2021-08-28 17:10:07
C_108464,Oscar,Thompson,59,Accountant,Coventry,MEDIUM,2018-05-13 21:57:11
C_108465,Patricia,Wilson,48,Electrician,Newcastle,LOW,2022-01-24 13:41:16
C_108466,William,Harrison,51,Sales Associate,Newcastle,LOW,2025-02-15 23:15:51
C_108467,George,Hughes,55,Doctor,Nottingham,LOW,2016-01-10 07:55:31
C_108468,Linda,Brown,46,Chef,Edinburgh,LOW,2019-12-19 07:26:46
C_108469,Harry,Jackson,61,Administrative Assistant,Liverpool,LOW,2019-05-23 19:43:38
C_108470,Robert,Cooper,35,Electrician,Newcastle,LOW,2016-09-16 16:04:26
C_108471,Linda,Wood,53,Business Owner,Leicester,LOW,2018-03-22 06:48:19
C_108472,William,Patterson,50,Business Owner,Sheffield,LOW,2019-12-25 08:25:15
C_108473,Nancy,Clarke,18,Construction Worker,Cardiff,LOW,2023-09-16 15:34:00
C_108474,Arthur,Edwards,49,Consultant,Nottingham,LOW,2018-11-23 00:15:45
C_108475,Harry,Mitchell,67,Retired,Birmingham,LOW,2021-09-15 10:35:37
C_108476,Isabella,Robinson,56,Project Manager,Coventry,LOW,2023-04-13 06:39:47
C_108477,Robert,Baker,38,Student,Edinburgh,LOW,2022-07-14 12:09:12
C_108478,Amelia,Baker,50,Lawyer,Manchester,LOW,2016-07-20 15:50:47
C_108479,Amelia,Watson,28,Student,Birmingham,LOW,2016-06-11 16:38:35
C_108480,Lily,Martin,44,Retired,Sheffield,LOW,2019-12-13 16:48:14
C_108481,George,Wood,18,Student,Manchester,LOW,2018-05-07 00:39:59
C_108482,Ava,Martin,47,Chef,Liverpool,MEDIUM,2025-04-09 11:51:53
C_108483,Christopher,Wright,44,Doctor,Glasgow,LOW,2020-06-20 00:16:21
C_108484,Elizabeth,Jackson,37,Driver,Manchester,LOW,2020-03-14 21:22:06
C_108485,Karen,Thomas,24,Sales Associate,Coventry,LOW,2018-06-10 20:48:34
C_108486,David,Carter,54,Business Owner,Bristol,HIGH,2016-02-29 17:09:26
C_108487,Arthur,White,38,Chef,Coventry,LOW,2022-09-23 07:24:27
C_108488,Matthew,Thompson,18,Student,Nottingham,LOW,2021-04-16 17:35:51
C_108489,Mia,Mason,30,Registered Nurse,Birmingham,LOW,2019-01-31 19:53:20
C_108490,Patricia,Watson,43,Student,Cardiff,LOW,2025-07-10 10:20:44
C_108491,James,Williams,43,Retired,Liverpool,LOW,2021-10-14 16:38:08
C_108492,Jennifer,Johnson,34,Business Owner,Leeds,LOW,2017-10-03 01:08:07
C_108493,Lily,Harrison,50,Plumber,Glasgow,LOW,2024-10-06 13:18:21
C_108494,Lisa,Walker,19,Software Engineer,Birmingham,LOW,2024-12-02 16:45:13
C_108495,Elizabeth,Clarke,63,Construction Worker,Nottingham,LOW,2024-01-29 08:19:48
C_108496,Mia,Young,19,Student,Liverpool,LOW,2017-06-19 02:32:02
C_108497,Kimberly,Hall,38,Business Owner,Cardiff,LOW,2023-06-26 07:29:10
C_108498,Ava,Roberts,37,Registered Nurse,Bristol,LOW,2021-09-20 16:06:11
C_108499,Susan,Harris,39,Software Engineer,Coventry,HIGH,2018-01-21 05:06:44
C_108500,Robert,Taylor,23,Doctor,Liverpool,LOW,2021-03-19 10:15:45
C_108501,Elizabeth,Baker,50,Software Engineer,Sheffield,LOW,2019-02-23 17:39:04
C_108502,George,Mason,21,Student,Newcastle,MEDIUM,2017-06-08 17:12:21
C_108503,Ivy,Ward,53,Registered Nurse,Sheffield,LOW,2024-03-15 11:50:36
C_108504,Jessica,King,52,Registered Nurse,Edinburgh,LOW,2022-01-04 16:20:43
C_108505,Oliver,Thomas,40,Project Manager,Belfast,LOW,2019-11-09 02:34:03
C_108506,Joseph,Carter,41,Software Engineer,Coventry,LOW,2019-02-27 22:03:06
C_108507,Matthew,Scott,37,Teacher,Leicester,MEDIUM,2023-01-05 16:34:53
C_108508,Lisa,Hall,33,Business Owner,Coventry,LOW,2023-09-01 13:50:23
C_108509,William,Green,35,Chef,London,LOW,2016-08-12 21:02:51
C_108510,Betty,Harris,69,Retired,Edinburgh,MEDIUM,2025-03-08 14:22:46
C_108511,Arthur,Harrison,63,Administrative Assistant,Belfast,HIGH,2023-12-27 07:59:40
C_108512,George,Johnson,23,Chef,Manchester,LOW,2016-02-24 11:41:42
C_108513,Ivy,King,18,Student,Glasgow,LOW,2021-10-08 11:32:02
C_108514,Christopher,Harris,33,Business Owner,Edinburgh,LOW,2016-01-31 11:38:03
C_108515,Michelle,Taylor,48,Electrician,Birmingham,LOW,2025-11-12 20:31:43
C_108516,Michelle,Baker,58,Project Manager,Manchester,LOW,2023-06-18 14:49:57
C_108517,James,Mitchell,41,Doctor,London,LOW,2019-10-15 13:45:26
C_108518,Ava,Brown,36,Doctor,Nottingham,LOW,2025-07-24 04:00:24
C_108519,Joseph,Ward,66,Retired,Liverpool,LOW,2024-10-21 11:05:09
C_108520,Oscar,Ward,49,Accountant,Coventry,LOW,2020-11-15 11:43:49
C_108521,John,Young,45,Student,Glasgow,LOW,2022-11-23 18:16:10
C_108522,Linda,Clark,54,Business Owner,Coventry,LOW,2025-07-22 16:10:03
C_108523,Arthur,Smith,38,Chef,Cardiff,LOW,2016-02-24 15:07:46
C_108524,Leo,Cooper,18,Unemployed,Liverpool,LOW,2025-11-12 14:57:35
C_108525,Mia,Clarke,79,Retired,Glasgow,MEDIUM,2019-12-26 01:02:56
C_108526,Christopher,Hughes,58,Lawyer,Nottingham,LOW,2017-02-03 11:31:43
C_108527,David,Mitchell,28,Unemployed,Bristol,MEDIUM,2023-08-20 04:16:45
C_108528,John,Wilson,26,Software Engineer,Bristol,LOW,2017-08-17 05:46:36
C_108529,Oscar,Roberts,30,Software Engineer,Birmingham,LOW,2018-02-03 08:48:35
C_108530,Ava,White,18,Student,Nottingham,LOW,2024-06-09 03:39:43
C_108531,Patricia,Baker,25,Sales Associate,Edinburgh,LOW,2016-03-02 17:36:07
C_108532,Harry,King,33,Software Engineer,Leeds,LOW,2017-03-26 23:38:05
C_108533,Emily,Carter,34,Driver,Sheffield,LOW,2025-01-01 12:57:06
C_108534,Sandra,Patterson,47,Registered Nurse,Liverpool,LOW,2024-07-18 15:01:47
C_108535,Patricia,Hill,42,Chef,Manchester,LOW,2016-04-17 03:30:55
C_108536,Ashley,Clark,59,Administrative Assistant,London,HIGH,2023-07-13 07:50:05
C_108537,Linda,Harrison,73,Retired,Leeds,LOW,2019-03-03 00:16:42
C_108538,Kimberly,Jackson,32,Plumber,Birmingham,LOW,2024-06-30 14:38:16
C_108539,Karen,Scott,53,Software Engineer,Cardiff,MEDIUM,2025-01-25 20:31:09
C_108540,Leo,Mason,41,Consultant,Coventry,LOW,2018-02-04 17:44:54
C_108541,Daniel,Thomas,40,Doctor,Edinburgh,LOW,2023-02-08 20:25:29
C_108542,Christopher,Lewis,40,Unemployed,Bristol,LOW,2024-04-24 10:17:55
C_108543,Kimberly,Edwards,35,Driver,Liverpool,LOW,2018-05-27 17:31:20
C_108544,Michael,Carter,42,Chef,Birmingham,LOW,2022-01-15 04:14:23
C_108545,Jennifer,Smith,46,Lawyer,Glasgow,LOW,2019-07-21 16:17:26
C_108546,Mia,Harris,31,Unemployed,Birmingham,LOW,2019-06-01 22:50:08
C_108547,Susan,Davies,36,Student,Bristol,LOW,2024-03-02 09:32:59
C_108548,William,Hughes,33,Administrative Assistant,Birmingham,LOW,2022-06-13 02:02:40
C_108549,Isabella,Scott,55,Business Owner,Manchester,LOW,2018-11-11 16:24:59
C_108550,Ava,Ward,45,Sales Associate,Leeds,LOW,2023-05-05 01:13:10
C_108551,Sarah,Jackson,30,Registered Nurse,Belfast,LOW,2025-05-28 05:17:56
C_108552,Amelia,Harrison,20,Student,Birmingham,LOW,2022-01-26 17:15:21
C_108553,Sandra,Hall,28,Administrative Assistant,Birmingham,MEDIUM,2024-06-25 07:54:00
C_108554,Isla,Mitchell,41,Administrative Assistant,Glasgow,MEDIUM,2016-04-27 22:41:00
C_108555,Christopher,Thomas,37,Driver,Manchester,LOW,2020-12-05 23:45:56
C_108556,Emily,Scott,72,Retired,Birmingham,LOW,2022-03-17 11:26:36
C_108557,Olivia,Baker,41,Lawyer,Glasgow,LOW,2024-06-03 14:12:28
C_108558,Barbara,Harris,31,Registered Nurse,Bristol,LOW,2023-06-18 12:49:17
C_108559,Margaret,Watson,54,Student,Bristol,LOW,2019-03-06 05:51:09
C_108560,Betty,Mitchell,39,Lawyer,Birmingham,LOW,2017-03-10 03:41:38
C_108561,Patricia,Taylor,35,Doctor,Edinburgh,LOW,2024-12-26 17:05:34
C_108562,Lily,Patterson,36,Student,Birmingham,LOW,2021-03-11 00:08:10
C_108563,Olivia,Taylor,41,Doctor,Leicester,MEDIUM,2023-01-18 02:54:28
C_108564,Thomas,Walker,61,Consultant,Liverpool,LOW,2016-09-24 01:53:08
C_108565,Christopher,Patterson,26,Doctor,Newcastle,LOW,2024-05-19 09:19:39
C_108566,Harry,Lewis,25,Driver,Glasgow,LOW,2025-10-19 20:00:14
C_108567,Margaret,Scott,43,Project Manager,Glasgow,LOW,2019-03-21 12:25:26
C_108568,Arthur,Green,64,Lawyer,Newcastle,LOW,2019-12-21 08:05:17
C_108569,Jennifer,Hughes,36,Construction Worker,Liverpool,MEDIUM,2021-07-14 15:07:44
C_108570,Thomas,Harrison,55,Business Owner,Liverpool,LOW,2019-07-18 09:49:32
C_108571,Leo,Mason,66,Retired,Coventry,HIGH,2018-05-28 10:51:28
C_108572,Robert,Scott,49,Consultant,Bristol,MEDIUM,2016-09-16 00:02:49
C_108573,James,Clarke,47,Chef,Manchester,LOW,2023-11-02 08:36:06
C_108574,John,Robinson,51,Plumber,Cardiff,LOW,2025-10-23 18:55:48
C_108575,Lisa,Patterson,33,Retired,Liverpool,LOW,2025-10-11 14:40:20
C_108576,Oscar,King,21,Accountant,Sheffield,LOW,2018-11-25 05:38:30
C_108577,Thomas,Thomas,25,Unemployed,Birmingham,LOW,2016-10-07 13:40:16
C_108578,Olivia,Patterson,33,Sales Associate,Nottingham,LOW,2016-05-15 00:53:35
C_108579,Thomas,Evans,18,Student,Cardiff,LOW,2017-09-28 22:20:25
C_108580,Sandra,Patterson,52,Plumber,Manchester,LOW,2025-09-09 18:48:30
C_108581,Lisa,Edwards,52,Sales Associate,Leicester,LOW,2023-06-20 23:51:12
C_108582,Linda,Wood,37,Consultant,Birmingham,LOW,2022-11-06 19:00:48
C_108583,Oscar,Harris,34,Administrative Assistant,Leicester,LOW,2024-06-10 01:52:12
C_108584,Betty,Wood,41,Business Owner,Coventry,LOW,2019-04-04 06:43:26
C_108585,Emily,Wilson,32,Driver,Liverpool,LOW,2022-08-23 21:09:33
C_108586,Ivy,Thompson,18,Student,Nottingham,LOW,2024-10-11 13:06:44
C_108587,Mia,King,52,Software Engineer,Edinburgh,LOW,2019-01-11 16:27:53
C_108588,Daniel,Johnson,29,Student,Edinburgh,LOW,2025-10-12 05:03:20
C_108589,Patricia,Mason,48,Software Engineer,London,MEDIUM,2023-09-01 10:22:24
C_108590,Richard,Edwards,20,Student,Bristol,LOW,2017-03-26 18:31:49
C_108591,Linda,Martin,40,Accountant,Nottingham,LOW,2017-04-13 14:13:08
C_108592,James,Roberts,53,Registered Nurse,Birmingham,LOW,2016-07-25 19:07:23
C_108593,Isla,Carter,30,Electrician,Manchester,LOW,2016-11-30 23:41:16
C_108594,Olivia,Thomas,44,Construction Worker,Leeds,LOW,2022-04-21 03:54:22
C_108595,Michelle,Patterson,31,Construction Worker,Nottingham,LOW,2016-07-03 03:41:12
C_108596,Daniel,Mason,23,Teacher,Sheffield,LOW,2018-07-26 07:09:28
C_108597,Daniel,Williams,53,Sales Associate,Newcastle,LOW,2024-08-07 22:13:18
C_108598,Linda,Hill,68,Retired,Newcastle,LOW,2020-04-09 20:49:23
C_108599,Arthur,Jackson,35,Registered Nurse,Cardiff,LOW,2022-07-14 06:03:23
C_108600,Joseph,Patterson,47,Accountant,London,LOW,2021-07-17 15:06:00
C_108601,Arthur,King,52,Electrician,Nottingham,LOW,2016-07-15 00:33:36
C_108602,Donna,Young,48,Teacher,Belfast,MEDIUM,2021-04-14 15:54:45
C_108603,Linda,Jackson,50,Student,Liverpool,LOW,2022-06-19 08:24:14
C_108604,Isabella,Edwards,43,Consultant,Liverpool,LOW,2022-02-16 02:11:47
C_108605,Oliver,Wilson,46,Driver,Liverpool,LOW,2023-12-10 18:07:12
C_108606,Betty,Clarke,53,Consultant,Newcastle,LOW,2023-07-11 22:56:13
C_108607,Matthew,Edwards,30,Project Manager,Belfast,LOW,2025-06-16 05:33:53
C_108608,Elizabeth,White,48,Sales Associate,Bristol,LOW,2020-05-26 22:19:36
C_108609,Thomas,King,37,Registered Nurse,Newcastle,LOW,2017-02-28 06:52:26
C_108610,Karen,Edwards,28,Sales Associate,Leeds,LOW,2020-05-22 14:26:41
C_108611,Leo,Clark,36,Business Owner,Bristol,LOW,2024-09-28 05:24:59
C_108612,Michael,Thomas,30,Project Manager,Edinburgh,LOW,2019-12-01 07:36:10
C_108613,Ava,Wood,40,Driver,Coventry,LOW,2021-10-05 03:55:27
C_108614,Lisa,Scott,24,Accountant,Manchester,LOW,2020-05-22 00:05:01
C_108615,Karen,Carter,55,Driver,London,LOW,2021-06-11 19:56:29
C_108616,Susan,Edwards,49,Electrician,Leicester,MEDIUM,2020-07-01 03:34:05
C_108617,Patricia,Mason,32,Lawyer,Manchester,LOW,2019-12-10 02:38:06
C_108618,Oscar,White,20,Electrician,Cardiff,LOW,2022-03-31 04:05:36
C_108619,Oliver,White,33,Accountant,London,LOW,2018-06-29 05:49:52
C_108620,Barbara,Davies,28,Electrician,Leicester,LOW,2018-05-06 02:20:55
C_108621,Amelia,Edwards,48,Software Engineer,Sheffield,LOW,2022-12-06 10:30:28
C_108622,Oliver,Wood,28,Project Manager,Birmingham,LOW,2020-03-13 19:15:05
C_108623,Daniel,Walker,39,Construction Worker,Sheffield,MEDIUM,2018-08-08 09:37:30
C_108624,Noah,Clarke,29,Teacher,Liverpool,LOW,2018-08-12 20:35:03
C_108625,David,Wright,30,Sales Associate,Coventry,LOW,2021-06-14 04:19:19
C_108626,Thomas,Wilson,47,Chef,Birmingham,LOW,2024-09-07 12:08:01
C_108627,John,Cooper,57,Student,Belfast,LOW,2018-06-18 12:31:38
C_108628,Amelia,Evans,37,Administrative Assistant,Belfast,LOW,2017-11-19 10:57:24
C_108629,Patricia,Wood,54,Consultant,Manchester,MEDIUM,2016-12-16 20:03:21
C_108630,William,Jackson,49,Teacher,Leeds,LOW,2023-12-20 21:09:44
C_108631,Christopher,Carter,35,Software Engineer,Edinburgh,LOW,2023-02-10 10:33:12
C_108632,Muhammad,Mason,42,Doctor,Cardiff,LOW,2018-07-05 22:25:21
C_108633,Ivy,Hughes,47,Consultant,Belfast,LOW,2021-07-07 06:44:31
C_108634,George,Wilson,53,Business Owner,Coventry,LOW,2020-09-05 19:15:22
C_108635,Lisa,Davies,28,Consultant,Sheffield,HIGH,2018-09-25 02:40:22
C_108636,Ivy,Scott,36,Project Manager,Cardiff,LOW,2024-11-19 11:46:46
C_108637,Sandra,Wilson,56,Doctor,Sheffield,LOW,2016-06-30 10:09:01
C_108638,Muhammad,Mason,29,Chef,Nottingham,LOW,2023-11-15 03:49:48
C_108639,Oliver,White,36,Accountant,London,LOW,2022-11-18 17:02:42
C_108640,Michelle,Lewis,45,Lawyer,Cardiff,LOW,2019-05-30 23:32:50
C_108641,Jennifer,Johnson,50,Driver,Manchester,LOW,2018-11-05 10:27:42
C_108642,Harry,Scott,48,Construction Worker,Sheffield,LOW,2023-07-04 02:52:42
C_108643,Michael,Jones,45,Doctor,Sheffield,LOW,2019-09-14 14:02:52
C_108644,Linda,Davies,28,Sales Associate,Birmingham,LOW,2025-05-06 06:41:45
C_108645,Sarah,Walker,53,Sales Associate,Cardiff,LOW,2024-03-30 18:50:04
C_108646,Nancy,Johnson,50,Driver,Leeds,LOW,2023-12-22 17:24:50
C_108647,Isla,Hughes,31,Unemployed,Birmingham,MEDIUM,2024-07-21 08:29:57
C_108648,Susan,Evans,24,Retired,Bristol,LOW,2020-12-16 07:15:09
C_108649,Oliver,Watson,41,Accountant,Nottingham,LOW,2020-06-10 10:26:34
C_108650,Linda,Taylor,48,Project Manager,London,LOW,2019-01-07 22:53:34
C_108651,Betty,Clark,49,Plumber,Birmingham,LOW,2021-06-06 18:10:37
C_108652,Ashley,Harris,49,Business Owner,Manchester,LOW,2020-04-19 11:48:50
C_108653,Donna,Martin,39,Accountant,Cardiff,LOW,2016-05-07 02:38:03
C_108654,Donna,Clarke,45,Chef,Manchester,LOW,2016-02-21 08:39:58
C_108655,Arthur,Baker,42,Administrative Assistant,Newcastle,LOW,2019-05-16 13:27:11
C_108656,Richard,Hughes,24,Teacher,Newcastle,LOW,2019-07-05 20:00:09
C_108657,Arthur,Hall,51,Driver,Newcastle,LOW,2019-05-19 11:20:02
C_108658,Thomas,Clarke,22,Doctor,Belfast,LOW,2023-10-15 08:26:28
C_108659,Arthur,Smith,18,Consultant,Manchester,MEDIUM,2018-12-28 10:48:11
C_108660,Michael,Harris,38,Retired,Coventry,LOW,2021-10-10 05:09:20
C_108661,Elizabeth,Jones,27,Consultant,Belfast,LOW,2016-05-03 01:54:23
C_108662,Oliver,Brown,45,Teacher,Leeds,MEDIUM,2024-02-10 15:44:14
C_108663,Sophia,Carter,37,Student,Coventry,MEDIUM,2025-03-26 14:39:54
C_108664,Jessica,Hill,58,Retired,Sheffield,LOW,2022-04-28 17:43:04
C_108665,Jessica,Mason,58,Electrician,Cardiff,LOW,2025-12-13 06:50:04
C_108666,David,Patterson,56,Electrician,Manchester,LOW,2023-07-15 14:39:39
C_108667,Noah,Clarke,50,Project Manager,Edinburgh,LOW,2021-02-15 11:36:49
C_108668,Linda,Thomas,50,Unemployed,Liverpool,LOW,2018-12-05 13:30:57
C_108669,Patricia,White,40,Chef,Glasgow,LOW,2016-06-04 02:04:33
C_108670,Amelia,Smith,51,Lawyer,Bristol,MEDIUM,2024-07-13 01:52:33
C_108671,Christopher,Scott,51,Sales Associate,Leicester,LOW,2025-11-26 04:50:45
C_108672,David,Williams,44,Plumber,Sheffield,LOW,2021-01-26 08:21:09
C_108673,Isla,Robinson,50,Teacher,Birmingham,LOW,2020-01-10 10:25:06
C_108674,Amelia,Lewis,52,Lawyer,Edinburgh,LOW,2018-04-24 06:05:00
C_108675,Arthur,Mitchell,46,Student,Glasgow,LOW,2019-06-27 20:06:35
C_108676,Mia,Mitchell,62,Construction Worker,Birmingham,LOW,2019-01-13 12:04:51
C_108677,Joseph,Patterson,24,Doctor,Leeds,LOW,2023-12-06 07:38:45
C_108678,Betty,Baker,59,Doctor,Sheffield,LOW,2019-01-05 14:20:37
C_108679,Matthew,Walker,24,Teacher,Cardiff,LOW,2018-09-21 16:06:33
C_108680,Noah,Thomas,45,Doctor,Glasgow,LOW,2024-12-30 07:03:00
C_108681,Oscar,Hughes,48,Doctor,Leicester,LOW,2018-12-02 03:07:39
C_108682,Elizabeth,Scott,32,Construction Worker,Coventry,LOW,2025-07-06 13:30:51
C_108683,Leo,Clarke,47,Electrician,Cardiff,LOW,2016-12-18 20:56:23
C_108684,John,Thomas,35,Sales Associate,Edinburgh,LOW,2022-03-10 23:49:02
C_108685,Karen,Jones,43,Software Engineer,Belfast,LOW,2025-12-09 02:14:32
C_108686,Mia,Johnson,31,Plumber,Leeds,LOW,2018-01-11 00:24:09
C_108687,Ashley,Harris,53,Project Manager,Coventry,LOW,2022-10-19 06:18:56
C_108688,Amelia,Clarke,50,Construction Worker,Bristol,LOW,2020-12-30 03:09:03
C_108689,Noah,Clark,55,Software Engineer,Leeds,LOW,2018-05-14 05:48:29
C_108690,Isabella,Jackson,48,Doctor,Sheffield,MEDIUM,2019-07-29 07:33:51
C_108691,Charles,Martin,30,Driver,Bristol,LOW,2025-11-22 03:38:06
C_108692,Ava,Davies,52,Lawyer,Manchester,LOW,2022-07-19 13:56:07
C_108693,Ava,Roberts,56,Doctor,Manchester,LOW,2022-01-10 09:33:41
C_108694,Ivy,Ward,35,Teacher,Cardiff,MEDIUM,2020-04-05 01:58:25
C_108695,Daniel,Baker,38,Unemployed,Birmingham,LOW,2016-09-01 19:19:34
C_108696,Harry,Hill,77,Retired,Liverpool,LOW,2023-05-30 19:23:47
C_108697,David,Brown,60,Administrative Assistant,Belfast,MEDIUM,2016-09-10 22:27:57
C_108698,Isla,Cooper,31,Accountant,Manchester,LOW,2023-03-04 21:58:36
C_108699,Michael,Smith,49,Retired,Sheffield,LOW,2021-12-20 00:31:48
C_108700,Arthur,Hill,29,Construction Worker,Birmingham,MEDIUM,2019-07-08 16:16:12
C_108701,Betty,Mason,58,Retired,Glasgow,LOW,2022-12-22 23:44:42
C_108702,Joseph,Green,45,Lawyer,Nottingham,LOW,2018-04-03 19:13:44
C_108703,Karen,Ward,45,Business Owner,Manchester,LOW,2020-03-24 20:45:29
C_108704,Kimberly,Mitchell,34,Accountant,Nottingham,LOW,2024-04-16 10:28:48
C_108705,Karen,Green,24,Retired,Coventry,LOW,2021-10-08 06:58:48
C_108706,Amelia,Martin,23,Driver,Newcastle,LOW,2024-03-15 21:37:42
C_108707,Harry,Patterson,46,Unemployed,Manchester,LOW,2025-09-02 06:44:39
C_108708,Oscar,White,36,Chef,Newcastle,LOW,2017-11-20 04:42:05
C_108709,Jessica,Lewis,30,Teacher,Birmingham,LOW,2019-01-31 02:10:12
C_108710,James,Smith,49,Business Owner,Nottingham,LOW,2016-01-17 22:27:41
C_108711,Patricia,Thomas,27,Doctor,Coventry,LOW,2021-10-29 13:47:16
C_108712,John,Jones,18,Accountant,Manchester,LOW,2022-02-04 15:25:46
C_108713,Joseph,Wood,41,Administrative Assistant,Liverpool,LOW,2023-09-11 09:45:36
C_108714,Isabella,Smith,47,Student,Manchester,LOW,2019-05-17 04:17:28
C_108715,Robert,White,47,Administrative Assistant,Birmingham,LOW,2025-02-01 00:27:57
C_108716,Nancy,Jackson,57,Retired,Nottingham,LOW,2024-06-15 14:48:22
C_108717,Olivia,Clarke,32,Software Engineer,Sheffield,LOW,2025-03-05 18:57:08
C_108718,James,Jones,60,Consultant,Leeds,LOW,2018-12-21 02:54:41
C_108719,Thomas,Wilson,18,Student,Glasgow,LOW,2025-12-21 00:56:09
C_108720,Olivia,Ward,30,Student,Manchester,LOW,2025-08-11 00:44:42
C_108721,Ivy,Baker,42,Accountant,Leeds,MEDIUM,2021-09-27 13:31:09
C_108722,Michael,Brown,21,Student,Leeds,MEDIUM,2021-10-17 01:05:57
C_108723,Robert,King,20,Student,Belfast,LOW,2020-03-18 07:17:10
C_108724,Robert,Jones,41,Business Owner,Edinburgh,LOW,2019-10-15 22:37:08
C_108725,Isabella,Mason,40,Plumber,Cardiff,LOW,2018-11-21 23:11:53
C_108726,Noah,Ward,52,Sales Associate,Leeds,MEDIUM,2019-09-03 00:41:45
C_108727,Joseph,Ward,68,Retired,Sheffield,LOW,2016-03-23 05:50:55
C_108728,Robert,Green,41,Retired,Bristol,HIGH,2016-01-20 14:19:57
C_108729,Richard,Edwards,55,Construction Worker,Leicester,LOW,2022-02-18 13:43:12
C_108730,Jennifer,Carter,18,Student,Liverpool,LOW,2021-05-21 01:55:19
C_108731,Donna,Evans,38,Sales Associate,Leicester,MEDIUM,2024-02-15 18:05:16
C_108732,Oliver,Harris,35,Electrician,Birmingham,LOW,2023-01-04 03:15:01
C_108733,Emily,Robinson,42,Project Manager,Liverpool,LOW,2019-06-02 04:32:57
C_108734,Lily,Cooper,48,Teacher,Birmingham,LOW,2017-03-22 04:25:08
C_108735,Susan,Jones,30,Project Manager,Sheffield,LOW,2022-02-01 03:42:17
C_108736,Thomas,Wood,63,Teacher,Belfast,LOW,2017-03-22 01:14:58
C_108737,Lisa,Lewis,33,Student,Newcastle,LOW,2023-12-13 09:55:49
C_108738,William,Harris,29,Retired,Glasgow,LOW,2022-04-01 04:57:17
C_108739,Sandra,Harris,35,Student,London,LOW,2017-05-10 03:07:28
C_108740,Richard,Jones,43,Construction Worker,Bristol,LOW,2021-07-17 15:45:52
C_108741,Donna,Thomas,44,Consultant,Coventry,LOW,2018-10-11 16:00:09
C_108742,Christopher,Martin,36,Unemployed,Cardiff,MEDIUM,2024-02-11 08:27:18
C_108743,Muhammad,Carter,29,Driver,Bristol,MEDIUM,2017-01-10 14:34:24
C_108744,Isla,Jackson,33,Sales Associate,Leicester,LOW,2017-11-14 20:54:49
C_108745,Nancy,Davies,44,Administrative Assistant,Nottingham,LOW,2023-03-12 17:00:01
C_108746,Michael,Carter,40,Plumber,Birmingham,LOW,2024-09-28 11:54:32
C_108747,Linda,Clark,29,Lawyer,Cardiff,MEDIUM,2021-05-03 16:57:49
C_108748,Betty,Cooper,31,Teacher,Bristol,LOW,2019-11-16 08:57:38
C_108749,Karen,Wright,35,Administrative Assistant,Nottingham,LOW,2025-03-24 14:48:05
C_108750,Sandra,Robinson,49,Teacher,Newcastle,LOW,2021-02-11 05:40:09
C_108751,Kimberly,Smith,31,Accountant,Bristol,LOW,2023-12-25 12:23:51
C_108752,David,Jones,32,Business Owner,Nottingham,MEDIUM,2020-08-03 00:00:09
C_108753,Robert,Clarke,41,Doctor,Edinburgh,MEDIUM,2023-06-29 02:17:39
C_108754,Olivia,Walker,40,Chef,Bristol,LOW,2020-01-21 17:48:12
C_108755,Joseph,Scott,37,Construction Worker,Liverpool,LOW,2024-10-24 22:30:57
C_108756,Jessica,Baker,26,Doctor,Birmingham,LOW,2020-12-01 09:14:34
C_108757,Kimberly,Evans,38,Project Manager,Sheffield,LOW,2022-05-03 22:33:20
C_108758,Joseph,Thomas,66,Retired,Edinburgh,LOW,2019-03-09 07:24:53
C_108759,David,Watson,32,Business Owner,London,LOW,2023-07-04 17:09:17
C_108760,Noah,Harrison,45,Accountant,Leicester,MEDIUM,2018-06-28 00:42:28
C_108761,Noah,Mason,46,Plumber,Manchester,LOW,2024-06-27 05:36:04
C_108762,Donna,Davies,45,Lawyer,London,LOW,2022-02-25 01:59:53
C_108763,Elizabeth,Young,55,Administrative Assistant,Bristol,HIGH,2017-03-13 06:20:09
C_108764,Kimberly,Hill,61,Unemployed,Glasgow,LOW,2024-06-08 18:40:33
C_108765,Richard,Brown,60,Accountant,Manchester,LOW,2020-04-17 05:28:45
C_108766,James,Watson,43,Software Engineer,Coventry,LOW,2022-04-17 05:12:48
C_108767,William,Thompson,53,Electrician,Manchester,LOW,2019-07-08 06:53:48
C_108768,Elizabeth,Hall,24,Business Owner,Newcastle,LOW,2024-11-06 02:17:05
C_108769,Sarah,Martin,50,Student,Leeds,LOW,2024-07-13 23:54:27
C_108770,James,Wood,27,Teacher,Bristol,LOW,2024-06-17 02:49:13
C_108771,Ivy,King,46,Construction Worker,Leeds,LOW,2021-03-03 14:33:10
C_108772,David,Watson,24,Chef,Leicester,LOW,2025-12-11 10:52:52
C_108773,Ashley,Mason,55,Software Engineer,Nottingham,LOW,2017-03-20 21:43:40
C_108774,Matthew,Lewis,55,Accountant,Leeds,LOW,2020-09-20 11:02:44
C_108775,Kimberly,Davies,39,Retired,Liverpool,LOW,2019-04-14 12:43:43
C_108776,Barbara,King,37,Retired,Cardiff,LOW,2016-03-04 22:15:56
C_108777,Leo,Smith,19,Student,London,LOW,2025-08-18 03:43:09
C_108778,Sarah,Baker,44,Chef,Leeds,LOW,2025-08-31 07:44:01
C_108779,Sarah,Taylor,64,Registered Nurse,Nottingham,LOW,2025-02-27 16:48:40
C_108780,Ava,Carter,41,Electrician,London,LOW,2022-02-11 22:55:40
C_108781,Jennifer,Roberts,46,Accountant,Nottingham,LOW,2024-08-02 21:27:45
C_108782,James,Wright,53,Doctor,Glasgow,LOW,2019-08-21 17:51:13
C_108783,Patricia,Baker,29,Administrative Assistant,Edinburgh,LOW,2025-01-02 07:10:09
C_108784,Isabella,Roberts,18,Lawyer,Manchester,LOW,2017-12-09 08:59:23
C_108785,Michael,Hill,18,Student,Birmingham,LOW,2025-02-14 11:55:37
C_108786,Richard,Wilson,46,Student,Leeds,LOW,2018-05-07 02:34:34
C_108787,Elizabeth,Edwards,34,Driver,Cardiff,LOW,2021-10-08 19:08:01
C_108788,Mia,Martin,40,Construction Worker,Edinburgh,LOW,2016-08-27 03:52:28
C_108789,Matthew,Mason,38,Driver,Liverpool,MEDIUM,2016-07-30 05:17:58
C_108790,Mia,Clarke,38,Registered Nurse,Glasgow,LOW,2021-04-14 16:30:40
C_108791,Oscar,Edwards,59,Sales Associate,Liverpool,LOW,2025-02-22 03:07:31
C_108792,Mia,Harrison,29,Accountant,Nottingham,MEDIUM,2022-08-18 22:54:57
C_108793,Patricia,Baker,50,Business Owner,London,LOW,2022-02-17 01:32:47
C_108794,Christopher,Harrison,43,Lawyer,Leicester,HIGH,2022-11-01 22:51:45
C_108795,Sarah,Davies,47,Consultant,Belfast,LOW,2017-04-27 16:49:22
C_108796,Charles,Baker,55,Chef,Coventry,LOW,2021-07-04 19:07:42
C_108797,Charles,Johnson,38,Registered Nurse,Sheffield,LOW,2019-09-21 23:43:58
C_108798,Nancy,Williams,24,Electrician,London,LOW,2016-05-20 22:42:06
C_108799,Oliver,Young,43,Business Owner,Sheffield,MEDIUM,2018-11-10 00:47:20
C_108800,Margaret,Mason,40,Project Manager,Belfast,LOW,2016-05-19 18:25:13
C_108801,Olivia,Lewis,64,Project Manager,Belfast,LOW,2019-03-03 13:39:30
C_108802,Amelia,Wilson,47,Unemployed,Glasgow,LOW,2017-11-18 03:24:33
C_108803,Susan,Cooper,72,Retired,Sheffield,LOW,2022-05-25 08:21:23
C_108804,Oliver,Brown,30,Consultant,Bristol,LOW,2016-09-27 21:28:50
C_108805,Jessica,Wilson,37,Business Owner,Bristol,LOW,2019-04-25 00:54:42
C_108806,Mia,Hall,30,Unemployed,Leeds,MEDIUM,2017-04-08 03:52:28
C_108807,Arthur,Thomas,40,Retired,Bristol,LOW,2023-08-23 04:50:05
C_108808,Thomas,Brown,38,Lawyer,Nottingham,MEDIUM,2020-02-09 14:35:31
C_108809,Sarah,Davies,25,Teacher,London,LOW,2019-07-02 23:16:38
C_108810,Michael,Wright,49,Doctor,Glasgow,LOW,2017-08-14 03:23:10
C_108811,Charles,Clarke,64,Registered Nurse,Liverpool,LOW,2024-09-25 17:21:50
C_108812,Michelle,Ward,33,Lawyer,Belfast,LOW,2018-10-09 16:06:40
C_108813,Sarah,Johnson,66,Retired,Manchester,LOW,2016-10-31 17:55:12
C_108814,Michelle,Robinson,45,Registered Nurse,Birmingham,LOW,2024-05-02 18:45:16
C_108815,Isla,Harris,26,Administrative Assistant,Glasgow,LOW,2017-01-18 04:16:12
C_108816,Isla,Evans,75,Retired,Sheffield,LOW,2022-08-02 03:26:26
C_108817,Sophia,Jackson,18,Student,Liverpool,MEDIUM,2019-03-02 09:02:30
C_108818,Ivy,Robinson,27,Plumber,Belfast,LOW,2019-04-16 07:00:03
C_108819,Amelia,Green,35,Retired,Manchester,LOW,2021-03-25 18:43:48
C_108820,Nancy,Thomas,53,Software Engineer,Coventry,LOW,2022-04-01 21:44:13
C_108821,Ashley,Green,47,Chef,Sheffield,LOW,2020-07-18 22:51:56
C_108822,Daniel,Roberts,18,Student,Leeds,LOW,2024-04-10 01:35:35
C_108823,Daniel,Wright,42,Administrative Assistant,Glasgow,LOW,2020-01-20 15:26:44
C_108824,Matthew,Baker,34,Software Engineer,Nottingham,LOW,2020-09-11 03:28:40
C_108825,Christopher,Green,36,Doctor,Edinburgh,LOW,2017-05-08 18:56:36
C_108826,Patricia,Evans,47,Software Engineer,London,LOW,2019-04-30 01:17:23
C_108827,Jessica,Hill,49,Consultant,Cardiff,LOW,2024-12-30 05:25:05
C_108828,Margaret,Walker,52,Chef,Leicester,LOW,2020-12-03 21:36:47
C_108829,Daniel,Harrison,38,Student,Leeds,LOW,2024-01-06 18:16:05
C_108830,Robert,Taylor,39,Software Engineer,Belfast,LOW,2019-06-13 16:46:39
C_108831,David,Jackson,19,Student,Leeds,LOW,2016-01-24 01:50:20
C_108832,Muhammad,Thomas,67,Retired,Belfast,MEDIUM,2023-09-09 18:26:40
C_108833,Amelia,Wilson,47,Chef,Cardiff,LOW,2016-07-20 14:07:21
C_108834,Thomas,Clarke,50,Sales Associate,Liverpool,LOW,2017-01-19 09:50:32
C_108835,Arthur,Jones,43,Plumber,Manchester,MEDIUM,2025-12-14 20:04:22
C_108836,Joseph,Smith,36,Registered Nurse,Bristol,LOW,2018-12-09 17:55:06
C_108837,Kimberly,Jones,55,Electrician,Manchester,LOW,2022-10-23 22:31:43
C_108838,Sophia,Carter,50,Driver,Nottingham,LOW,2017-05-10 13:46:30
C_108839,George,Williams,39,Registered Nurse,Sheffield,LOW,2023-08-13 20:19:01
C_108840,Daniel,Jones,48,Student,Nottingham,LOW,2016-08-02 15:12:02
C_108841,Isabella,Martin,28,Construction Worker,Bristol,LOW,2023-01-27 12:05:47
C_108842,Lily,Jones,34,Unemployed,Leicester,MEDIUM,2025-12-27 12:33:14
C_108843,Nancy,Baker,45,Registered Nurse,Edinburgh,MEDIUM,2025-04-14 14:41:50
C_108844,Isabella,Wilson,55,Administrative Assistant,Leeds,LOW,2022-01-06 23:52:25
C_108845,William,Davies,52,Unemployed,Glasgow,MEDIUM,2023-04-18 03:38:36
C_108846,Richard,Johnson,33,Lawyer,Liverpool,LOW,2016-04-11 12:22:10
C_108847,Charles,Hill,47,Administrative Assistant,Manchester,MEDIUM,2023-03-21 02:20:32
C_108848,Susan,Mason,52,Driver,Leeds,HIGH,2021-12-14 05:23:15
C_108849,David,Hill,44,Lawyer,Bristol,LOW,2017-01-10 22:38:18
C_108850,Christopher,Hill,49,Lawyer,Cardiff,HIGH,2025-10-11 04:14:28
C_108851,George,Wilson,49,Project Manager,London,LOW,2021-12-21 21:27:42
C_108852,Jessica,Walker,54,Software Engineer,London,LOW,2018-10-17 02:20:31
C_108853,Karen,Jones,43,Chef,Manchester,LOW,2019-01-15 05:07:35
C_108854,Ava,Jones,42,Plumber,Manchester,LOW,2021-02-02 18:08:42
C_108855,James,Scott,36,Sales Associate,Bristol,LOW,2017-01-15 03:16:13
C_108856,Sandra,Clark,45,Unemployed,Leeds,LOW,2021-08-11 13:30:05
C_108857,David,Young,56,Doctor,Glasgow,LOW,2018-11-08 00:01:32
C_108858,Linda,Clarke,42,Lawyer,Manchester,LOW,2020-07-31 00:14:09
C_108859,Richard,Martin,40,Construction Worker,Bristol,LOW,2017-12-30 11:11:29
C_108860,Muhammad,Mitchell,38,Driver,Edinburgh,MEDIUM,2018-12-13 06:08:06
C_108861,Linda,Watson,41,Retired,Liverpool,LOW,2021-11-20 14:23:46
C_108862,Christopher,Johnson,47,Plumber,Glasgow,MEDIUM,2023-01-04 13:14:14
C_108863,Matthew,Brown,41,Consultant,Newcastle,LOW,2017-12-20 19:27:18
C_108864,Susan,Wilson,36,Plumber,Liverpool,MEDIUM,2016-09-27 09:35:11
C_108865,Charles,Clarke,47,Registered Nurse,Glasgow,LOW,2016-08-20 21:39:08
C_108866,Sarah,Jackson,34,Consultant,Coventry,LOW,2017-03-09 23:32:56
C_108867,David,White,50,Plumber,Glasgow,LOW,2025-02-10 08:24:56
C_108868,Betty,King,44,Business Owner,Cardiff,LOW,2019-03-11 06:18:52
C_108869,David,Davies,42,Unemployed,Sheffield,LOW,2020-08-11 13:45:54
C_108870,Betty,Patterson,40,Student,Glasgow,MEDIUM,2023-07-19 01:39:43
C_108871,Karen,Mason,51,Business Owner,Leicester,LOW,2024-10-02 20:31:18
C_108872,Lily,Green,55,Consultant,Liverpool,LOW,2016-06-23 01:46:06
C_108873,John,Wood,60,Plumber,Belfast,LOW,2024-04-15 15:37:22
C_108874,Noah,Thompson,65,Lawyer,Glasgow,LOW,2020-03-21 08:28:07
C_108875,Emily,Scott,38,Construction Worker,Liverpool,LOW,2021-04-23 21:55:32
C_108876,Mia,Hall,32,Sales Associate,Edinburgh,LOW,2016-10-19 07:16:30
C_108877,Matthew,Jones,39,Sales Associate,Coventry,LOW,2025-03-15 01:52:46
C_108878,Michelle,Davies,36,Student,Nottingham,LOW,2016-08-19 15:42:28
C_108879,Sandra,Taylor,56,Registered Nurse,Bristol,LOW,2020-09-14 09:57:07
C_108880,Nancy,Lewis,41,Electrician,Nottingham,LOW,2019-05-07 06:08:53
C_108881,Oliver,Jackson,18,Student,London,LOW,2018-01-28 02:15:53
C_108882,Oscar,Thomas,35,Doctor,Nottingham,LOW,2024-03-14 22:05:07
C_108883,Noah,Baker,26,Sales Associate,Manchester,MEDIUM,2024-04-01 23:13:32
C_108884,Thomas,Walker,49,Project Manager,Liverpool,LOW,2023-01-05 09:39:18
C_108885,Noah,Patterson,45,Student,Belfast,LOW,2022-09-14 05:08:49
C_108886,Olivia,Smith,60,Student,London,LOW,2020-08-20 09:32:20
C_108887,Margaret,White,37,Plumber,Newcastle,MEDIUM,2023-03-24 18:33:22
C_108888,Mia,Patterson,36,Project Manager,Glasgow,LOW,2020-09-23 15:25:35
C_108889,Amelia,Thomas,34,Consultant,Edinburgh,LOW,2023-05-07 18:49:49
C_108890,Sandra,Green,41,Consultant,Sheffield,LOW,2024-03-03 03:33:47
C_108891,Patricia,Harris,53,Chef,Coventry,LOW,2025-11-08 09:24:08
C_108892,Betty,Thomas,57,Software Engineer,Nottingham,LOW,2019-04-25 12:12:28
C_108893,Daniel,Smith,58,Administrative Assistant,Belfast,LOW,2019-09-30 21:19:52
C_108894,Leo,Evans,48,Construction Worker,Sheffield,LOW,2017-05-05 18:59:29
C_108895,Linda,Wright,45,Teacher,Birmingham,LOW,2017-02-02 15:33:06
C_108896,Leo,Mitchell,52,Plumber,Coventry,LOW,2017-11-24 12:39:08
C_108897,Sandra,White,37,Plumber,Leeds,LOW,2022-11-16 10:56:41
C_108898,Amelia,Jones,55,Consultant,Cardiff,MEDIUM,2023-04-22 10:12:21
C_108899,Emily,Smith,43,Consultant,Cardiff,LOW,2022-10-19 05:40:03
C_108900,Nancy,Scott,32,Electrician,Leicester,LOW,2025-02-02 21:05:08
C_108901,Nancy,Hughes,21,Doctor,Manchester,LOW,2019-10-20 04:07:51
C_108902,Elizabeth,King,27,Consultant,Liverpool,LOW,2025-02-28 21:21:03
C_108903,Leo,Taylor,29,Chef,Sheffield,LOW,2022-08-22 07:58:41
C_108904,David,Hall,26,Doctor,London,LOW,2025-09-06 11:36:56
C_108905,James,Clarke,25,Retired,Manchester,LOW,2024-02-28 09:53:07
C_108906,George,Ward,42,Electrician,Nottingham,MEDIUM,2025-08-11 11:06:51
C_108907,Ivy,Scott,25,Student,Edinburgh,LOW,2019-12-15 21:08:14
C_108908,Linda,Harrison,18,Student,Leicester,LOW,2025-05-23 12:57:41
C_108909,Oscar,Walker,25,Retired,Cardiff,LOW,2018-06-16 07:24:13
C_108910,Lisa,King,32,Accountant,Liverpool,LOW,2017-11-26 08:09:41
C_108911,Richard,White,46,Electrician,Sheffield,LOW,2019-03-23 23:31:31
C_108912,Jessica,Watson,32,Plumber,Edinburgh,LOW,2018-07-04 19:21:34
C_108913,Thomas,Watson,42,Unemployed,Glasgow,LOW,2017-05-19 12:08:11
C_108914,Ava,Hall,41,Lawyer,Sheffield,LOW,2016-12-13 00:40:36
C_108915,Nancy,Taylor,54,Student,Coventry,LOW,2019-08-22 03:34:00
C_108916,Daniel,Robinson,42,Accountant,Cardiff,LOW,2025-06-04 20:02:57
C_108917,Patricia,King,34,Teacher,Sheffield,LOW,2017-08-27 22:07:30
C_108918,Jennifer,Wood,59,Plumber,Sheffield,LOW,2025-01-15 18:21:11
C_108919,Harry,Hall,58,Unemployed,Coventry,MEDIUM,2017-11-17 17:05:50
C_108920,George,Davies,43,Lawyer,Edinburgh,LOW,2017-05-27 04:07:31
C_108921,Patricia,Wilson,47,Software Engineer,Newcastle,LOW,2020-09-25 19:37:09
C_108922,Jennifer,Green,56,Consultant,Glasgow,LOW,2016-12-22 16:27:11
C_108923,Mia,Thompson,39,Chef,London,LOW,2017-10-18 16:37:10
C_108924,James,Wright,33,Plumber,Newcastle,LOW,2025-08-08 04:38:27
C_108925,Jennifer,Young,56,Project Manager,Manchester,MEDIUM,2016-08-01 12:02:25
C_108926,George,Roberts,18,Student,Edinburgh,LOW,2023-12-21 10:22:54
C_108927,William,Williams,53,Retired,Nottingham,MEDIUM,2020-04-21 20:41:26
C_108928,Ava,Martin,57,Retired,Newcastle,LOW,2020-03-01 03:02:42
C_108929,David,Edwards,73,Retired,Edinburgh,LOW,2016-08-13 05:11:55
C_108930,Harry,Wright,37,Administrative Assistant,Cardiff,LOW,2024-10-17 06:11:45
C_108931,Ivy,Johnson,67,Retired,Coventry,LOW,2023-08-07 23:27:41
C_108932,James,Martin,26,Software Engineer,Coventry,LOW,2025-02-11 19:27:03
C_108933,Thomas,Hughes,20,Student,Belfast,LOW,2024-07-17 00:07:37
C_108934,Daniel,Taylor,41,Plumber,Belfast,LOW,2017-09-30 08:32:40
C_108935,Isabella,Davies,21,Student,Birmingham,LOW,2020-10-26 00:06:00
C_108936,William,Green,68,Driver,Liverpool,LOW,2019-01-13 18:40:25
C_108937,Sarah,Green,33,Project Manager,Newcastle,LOW,2019-11-02 00:52:39
C_108938,David,Harrison,37,Accountant,Leeds,LOW,2019-10-09 10:04:42
C_108939,Jennifer,Johnson,51,Chef,Liverpool,LOW,2016-09-14 02:53:19
C_108940,David,Wood,34,Plumber,Coventry,LOW,2016-02-04 10:46:58
C_108941,Charles,Clarke,30,Student,Leicester,LOW,2016-04-05 23:49:10
C_108942,Lily,Johnson,39,Doctor,Belfast,LOW,2024-05-14 10:32:09
C_108943,Barbara,Jones,55,Construction Worker,Sheffield,LOW,2023-02-19 20:11:27
C_108944,Christopher,Thompson,33,Chef,Cardiff,LOW,2025-09-10 03:16:20
C_108945,Leo,Williams,53,Construction Worker,Leeds,HIGH,2017-10-31 18:52:00
C_108946,Charles,Hughes,36,Chef,Birmingham,LOW,2025-07-05 21:04:52
C_108947,Barbara,Jackson,45,Unemployed,Manchester,LOW,2021-11-01 14:34:17
C_108948,Barbara,Watson,31,Plumber,Liverpool,LOW,2019-11-13 03:42:20
C_108949,George,Baker,33,Construction Worker,Bristol,LOW,2021-09-04 19:41:31
C_108950,Oliver,Edwards,43,Registered Nurse,Manchester,LOW,2024-08-25 04:40:20
C_108951,Patricia,Green,40,Business Owner,Birmingham,LOW,2025-06-09 15:07:34
C_108952,Isabella,Thomas,42,Electrician,Bristol,LOW,2023-04-03 07:00:15
C_108953,Sarah,Walker,58,Student,Glasgow,LOW,2024-12-06 10:24:53
C_108954,Patricia,Lewis,34,Registered Nurse,Coventry,LOW,2017-03-11 00:59:32
C_108955,Oscar,Wood,18,Student,Belfast,MEDIUM,2024-08-09 02:32:29
C_108956,Mia,King,23,Business Owner,Bristol,LOW,2023-11-16 12:34:06
C_108957,Betty,Mitchell,45,Doctor,Bristol,LOW,2025-09-05 04:08:01
C_108958,Charles,Clark,58,Electrician,Leeds,MEDIUM,2020-01-12 09:48:34
C_108959,Daniel,Mitchell,49,Software Engineer,Edinburgh,LOW,2024-06-24 07:05:00
C_108960,Patricia,Johnson,35,Construction Worker,Birmingham,LOW,2021-12-31 21:47:11
C_108961,Barbara,Thompson,67,Retired,Edinburgh,MEDIUM,2024-06-14 01:40:29
C_108962,Isla,Young,38,Driver,Liverpool,HIGH,2021-05-04 14:29:23
C_108963,Harry,Taylor,38,Doctor,Manchester,LOW,2021-08-05 12:33:21
C_108964,John,Thompson,55,Doctor,Edinburgh,MEDIUM,2016-08-17 04:19:59
C_108965,Robert,Robinson,37,Doctor,Glasgow,LOW,2022-05-07 22:36:35
C_108966,Ivy,Martin,42,Consultant,Bristol,LOW,2024-06-21 09:40:24
C_108967,Christopher,Carter,67,Retired,Glasgow,LOW,2025-08-09 08:14:38
C_108968,Ava,Thompson,29,Lawyer,Belfast,MEDIUM,2022-05-08 04:06:10
C_108969,Michelle,Edwards,57,Student,Nottingham,LOW,2021-09-01 20:32:43
C_108970,Muhammad,Clarke,53,Project Manager,Liverpool,MEDIUM,2022-01-29 05:29:02
C_108971,Matthew,Wright,40,Accountant,Birmingham,LOW,2025-01-13 21:21:47
C_108972,Mia,Carter,47,Business Owner,Edinburgh,MEDIUM,2016-03-14 10:32:45
C_108973,Linda,Baker,19,Lawyer,Newcastle,HIGH,2019-01-02 01:07:27
C_108974,Jennifer,Wilson,67,Retired,London,LOW,2022-06-25 06:39:07
C_108975,Matthew,Wright,32,Chef,Nottingham,LOW,2017-12-30 11:32:16
C_108976,Patricia,Jones,69,Retired,Manchester,LOW,2017-11-18 12:50:08
C_108977,Patricia,Brown,55,Sales Associate,Sheffield,LOW,2021-05-20 11:58:14
C_108978,Isabella,Lewis,30,Driver,Belfast,LOW,2018-06-22 14:17:43
C_108979,Oscar,Scott,53,Construction Worker,Edinburgh,LOW,2025-01-05 21:17:49
C_108980,Jennifer,Thompson,61,Registered Nurse,Cardiff,LOW,2017-03-18 17:19:44
C_108981,Barbara,Wright,24,Project Manager,Glasgow,LOW,2022-03-16 21:38:40
C_108982,Joseph,Cooper,48,Project Manager,Edinburgh,LOW,2025-03-08 19:53:10
C_108983,Daniel,Harris,62,Administrative Assistant,Nottingham,LOW,2018-02-25 03:32:26
C_108984,Elizabeth,White,24,Student,London,LOW,2018-05-06 14:56:39
C_108985,Muhammad,Clark,47,Doctor,Cardiff,LOW,2018-08-12 03:09:58
C_108986,Harry,Smith,54,Teacher,Coventry,LOW,2025-04-23 04:04:13
C_108987,Thomas,Evans,28,Retired,Edinburgh,LOW,2025-02-20 13:26:42
C_108988,Matthew,Williams,21,Student,Cardiff,LOW,2017-10-15 23:27:09
C_108989,Charles,White,48,Construction Worker,Cardiff,LOW,2024-11-15 07:25:52
C_108990,Olivia,Harrison,47,Consultant,Leicester,LOW,2020-04-23 06:28:38
C_108991,Susan,Jones,44,Project Manager,Birmingham,LOW,2022-02-10 07:36:32
C_108992,Kimberly,Baker,37,Driver,Bristol,LOW,2019-10-20 01:40:56
C_108993,Margaret,Watson,18,Software Engineer,Glasgow,LOW,2023-07-29 08:01:50
C_108994,George,Evans,45,Software Engineer,Coventry,LOW,2021-09-19 19:18:59
C_108995,Ava,Green,20,Student,Leeds,LOW,2021-03-29 05:21:20
C_108996,George,Patterson,55,Consultant,London,LOW,2023-12-14 17:36:49
C_108997,Lily,Green,48,Retired,Nottingham,MEDIUM,2016-07-22 18:47:13
C_108998,Susan,Clarke,42,Software Engineer,Belfast,LOW,2024-11-30 02:43:27
C_108999,Daniel,Hall,45,Student,London,HIGH,2022-01-06 15:17:00
C_109000,Matthew,White,39,Chef,Cardiff,LOW,2024-08-15 13:33:25
C_109001,Isla,White,34,Retired,Belfast,HIGH,2016-09-09 04:55:10
C_109002,Susan,Taylor,24,Driver,Liverpool,MEDIUM,2020-01-26 02:32:48
C_109003,Daniel,Edwards,36,Retired,Leeds,LOW,2018-05-06 15:40:16
C_109004,Joseph,Hill,28,Project Manager,Belfast,LOW,2019-10-06 23:44:26
C_109005,Oliver,Wright,29,Teacher,Sheffield,HIGH,2017-02-22 11:40:41
C_109006,Sandra,Wilson,18,Student,Leicester,LOW,2018-10-06 01:20:42
C_109007,Daniel,Clarke,60,Construction Worker,Cardiff,LOW,2018-04-07 22:39:02
C_109008,Nancy,Hill,52,Driver,Leeds,LOW,2018-11-10 07:57:26
C_109009,Isabella,Carter,45,Retired,Leeds,LOW,2016-06-01 15:53:01
C_109010,Oscar,Carter,18,Student,London,LOW,2022-11-18 18:23:09
C_109011,Matthew,Watson,49,Registered Nurse,Newcastle,MEDIUM,2023-05-05 21:18:54
C_109012,Susan,Thompson,35,Electrician,Coventry,MEDIUM,2020-04-13 17:44:49
C_109013,Michelle,Roberts,50,Unemployed,Nottingham,LOW,2024-06-02 18:39:59
C_109014,James,Robinson,45,Unemployed,Nottingham,LOW,2018-02-25 15:59:19
C_109015,Michael,Lewis,58,Construction Worker,Coventry,LOW,2024-07-20 04:05:36
C_109016,Sophia,Walker,18,Consultant,Coventry,LOW,2021-03-03 11:27:40
C_109017,Sarah,Smith,60,Doctor,Sheffield,MEDIUM,2016-02-23 02:10:07
C_109018,Amelia,Clarke,22,Retired,Edinburgh,LOW,2020-06-03 01:38:54
C_109019,Isla,Harris,54,Project Manager,Birmingham,MEDIUM,2024-08-31 04:09:58
C_109020,Oliver,Roberts,43,Software Engineer,Belfast,MEDIUM,2017-07-25 05:24:59
C_109021,Linda,Mitchell,61,Doctor,Nottingham,LOW,2020-09-10 08:54:35
C_109022,Isabella,Johnson,60,Sales Associate,Belfast,MEDIUM,2025-06-05 00:26:35
C_109023,Amelia,Wright,18,Student,Glasgow,LOW,2020-05-13 05:01:21
C_109024,Olivia,Green,51,Software Engineer,Newcastle,LOW,2025-08-02 21:33:19
C_109025,Margaret,King,42,Unemployed,Sheffield,LOW,2016-04-13 23:09:38
C_109026,Isla,Baker,39,Consultant,London,LOW,2025-03-15 09:46:05
C_109027,Robert,Taylor,51,Software Engineer,Coventry,LOW,2017-11-26 15:45:05
C_109028,Kimberly,Mitchell,22,Doctor,Manchester,MEDIUM,2019-09-19 07:47:10
C_109029,Susan,Scott,35,Accountant,London,LOW,2018-02-02 14:00:10
C_109030,Elizabeth,Green,36,Student,Belfast,LOW,2024-11-08 12:04:45
C_109031,Karen,Walker,43,Chef,Nottingham,MEDIUM,2021-01-14 22:09:43
C_109032,Arthur,Clark,46,Project Manager,Liverpool,LOW,2018-12-15 20:20:08
C_109033,Donna,Martin,35,Student,Leeds,LOW,2016-10-21 15:10:36
C_109034,Ava,Clarke,68,Retired,Belfast,LOW,2023-09-06 07:00:14
C_109035,Ashley,Edwards,46,Software Engineer,Glasgow,LOW,2017-08-28 10:12:11
C_109036,Amelia,Williams,36,Doctor,Leeds,LOW,2024-08-28 18:35:15
C_109037,Karen,Smith,57,Business Owner,Leeds,LOW,2023-10-09 19:57:43
C_109038,Matthew,Clark,18,Student,London,LOW,2017-12-02 05:00:29
C_109039,Oliver,Roberts,56,Chef,Leicester,LOW,2020-01-13 03:44:04
C_109040,Isla,Patterson,58,Retired,Bristol,LOW,2016-03-25 08:27:48
C_109041,Linda,Robinson,55,Business Owner,London,LOW,2016-07-26 20:39:24
C_109042,Ava,Cooper,60,Lawyer,Bristol,LOW,2019-10-01 04:10:13
C_109043,James,Evans,40,Retired,Newcastle,LOW,2016-08-14 02:51:31
C_109044,Joseph,Robinson,71,Retired,Leeds,LOW,2016-07-21 20:46:14
C_109045,Matthew,Baker,18,Administrative Assistant,Sheffield,LOW,2021-04-07 02:16:49
C_109046,Sandra,Clarke,36,Driver,Leeds,LOW,2025-06-19 05:28:51
C_109047,James,Lewis,38,Retired,Cardiff,LOW,2018-12-29 05:35:57
C_109048,Ava,Jones,28,Business Owner,London,MEDIUM,2020-11-12 23:19:58
C_109049,Arthur,Carter,40,Construction Worker,Bristol,LOW,2018-11-08 08:53:37
C_109050,Oliver,Roberts,67,Retired,Sheffield,LOW,2020-02-28 09:42:32
C_109051,Ava,Wright,31,Project Manager,Birmingham,LOW,2022-03-02 04:28:43
C_109052,Michelle,White,56,Retired,Belfast,LOW,2021-10-06 04:05:27
C_109053,David,Davies,48,Sales Associate,Cardiff,LOW,2022-06-14 00:20:21
C_109054,Robert,Walker,32,Consultant,Cardiff,LOW,2019-11-16 23:58:42
C_109055,Michael,Young,18,Student,Belfast,LOW,2021-11-07 03:43:32
C_109056,Charles,Wilson,48,Business Owner,Leicester,LOW,2025-08-03 14:20:31
C_109057,Amelia,Edwards,32,Business Owner,Cardiff,LOW,2023-07-09 22:45:36
C_109058,Mia,Ward,36,Consultant,Liverpool,MEDIUM,2018-12-26 01:01:44
C_109059,Michael,Harris,26,Sales Associate,Belfast,LOW,2022-03-18 06:37:53
C_109060,Christopher,Jones,68,Retired,Coventry,LOW,2025-05-29 01:33:47
C_109061,Barbara,Wood,32,Teacher,Belfast,LOW,2021-07-11 21:53:28
C_109062,Jennifer,Baker,47,Construction Worker,Bristol,MEDIUM,2018-06-12 08:25:53
C_109063,Mia,Mitchell,49,Lawyer,Leicester,LOW,2024-10-13 05:39:19
C_109064,Robert,Cooper,42,Driver,Sheffield,LOW,2017-11-13 12:54:30
C_109065,Kimberly,Harris,35,Electrician,Leeds,LOW,2019-10-04 07:50:19
C_109066,Harry,Thompson,26,Student,Birmingham,LOW,2021-09-04 12:09:34
C_109067,Betty,Patterson,18,Student,Manchester,MEDIUM,2023-01-25 14:56:58
C_109068,Olivia,Davies,27,Retired,Newcastle,LOW,2019-05-20 06:46:57
C_109069,Robert,King,56,Software Engineer,Coventry,LOW,2023-09-11 09:35:30
C_109070,Joseph,Evans,34,Retired,Liverpool,LOW,2025-06-06 19:52:06
C_109071,Joseph,Thomas,65,Electrician,London,MEDIUM,2020-01-19 11:53:06
C_109072,Oscar,Davies,52,Driver,Belfast,LOW,2019-04-25 17:25:08
C_109073,Leo,Williams,63,Unemployed,London,LOW,2021-03-05 03:48:20
C_109074,Ivy,Thomas,36,Unemployed,Birmingham,LOW,2018-03-21 15:14:50
C_109075,Richard,Hughes,26,Doctor,Cardiff,LOW,2016-09-24 12:47:30
C_109076,Jessica,Green,57,Construction Worker,Sheffield,LOW,2022-06-01 23:06:55
C_109077,Michael,Harris,54,Consultant,Leicester,LOW,2017-12-28 09:41:38
C_109078,Ava,Patterson,55,Software Engineer,Birmingham,LOW,2023-02-25 03:47:39
C_109079,Michael,Thompson,71,Retired,Leicester,LOW,2016-09-27 13:52:51
C_109080,Isla,Walker,60,Retired,Coventry,HIGH,2021-11-27 05:46:57
C_109081,Mia,Harris,35,Lawyer,Belfast,MEDIUM,2024-03-09 08:22:59
C_109082,Harry,Davies,33,Lawyer,Newcastle,LOW,2022-01-28 09:18:05
C_109083,Sophia,Green,55,Teacher,Newcastle,LOW,2017-08-13 22:46:39
C_109084,Oscar,Young,44,Student,Nottingham,LOW,2024-03-24 00:08:23
C_109085,Mia,Johnson,69,Retired,Coventry,LOW,2019-06-21 04:58:02
C_109086,William,Carter,36,Sales Associate,Leicester,LOW,2022-04-03 03:42:05
C_109087,Oscar,Johnson,28,Doctor,Coventry,LOW,2016-12-17 06:47:26
C_109088,Margaret,Edwards,81,Retired,Sheffield,LOW,2020-08-27 17:50:18
C_109089,Isabella,Robinson,53,Unemployed,Birmingham,LOW,2024-03-06 06:47:51
C_109090,Arthur,Carter,31,Lawyer,Belfast,LOW,2020-09-03 20:51:25
C_109091,Muhammad,Green,43,Driver,Leicester,LOW,2025-08-22 14:26:12
C_109092,Margaret,Ward,18,Student,Belfast,LOW,2023-03-11 12:03:46
C_109093,Thomas,Harrison,38,Accountant,Manchester,LOW,2018-08-04 07:01:36
C_109094,Emily,Green,35,Retired,Bristol,LOW,2025-01-08 00:25:03
C_109095,William,Davies,49,Plumber,Glasgow,LOW,2019-04-05 20:43:35
C_109096,Oscar,Hughes,33,Construction Worker,Belfast,LOW,2022-09-12 14:22:28
C_109097,Ava,White,59,Chef,Newcastle,LOW,2017-01-01 07:01:00
C_109098,Daniel,Patterson,27,Software Engineer,Liverpool,LOW,2022-09-26 00:24:22
C_109099,Jennifer,Hall,46,Software Engineer,Leeds,MEDIUM,2019-06-22 14:55:19
C_109100,Sarah,Green,29,Lawyer,Coventry,LOW,2017-12-13 01:43:12
C_109101,Sarah,Patterson,60,Lawyer,Birmingham,HIGH,2021-04-03 18:39:49
C_109102,Jennifer,Scott,72,Retired,Birmingham,LOW,2017-08-24 14:45:50
C_109103,Karen,Ward,58,Construction Worker,Manchester,LOW,2019-05-31 11:00:27
C_109104,Amelia,Jones,18,Student,Sheffield,LOW,2021-06-15 03:43:06
C_109105,Amelia,Cooper,41,Administrative Assistant,Belfast,MEDIUM,2021-09-03 00:43:38
C_109106,Nancy,Cooper,49,Construction Worker,Leicester,LOW,2019-06-17 20:30:34
C_109107,James,Young,18,Student,Manchester,LOW,2024-04-15 19:31:15
C_109108,Ava,Mason,43,Unemployed,Leicester,LOW,2018-01-03 06:10:19
C_109109,Susan,Hughes,48,Doctor,Nottingham,LOW,2016-03-17 17:30:56
C_109110,Margaret,Johnson,52,Consultant,Liverpool,LOW,2019-12-11 08:13:26
C_109111,Noah,Edwards,34,Registered Nurse,Belfast,MEDIUM,2021-04-01 10:56:03
C_109112,Arthur,Lewis,51,Teacher,Bristol,HIGH,2025-11-05 01:31:31
C_109113,Karen,Harrison,53,Doctor,Leeds,LOW,2017-04-15 00:53:46
C_109114,Jessica,Smith,65,Administrative Assistant,Birmingham,LOW,2023-10-06 18:41:50
C_109115,Isabella,Baker,42,Registered Nurse,Coventry,LOW,2020-04-20 22:32:03
C_109116,Isabella,Lewis,31,Driver,Leeds,LOW,2023-08-07 19:55:20
C_109117,Susan,Williams,34,Business Owner,Edinburgh,LOW,2024-08-31 22:46:06
C_109118,William,Thomas,50,Accountant,Nottingham,LOW,2020-05-26 01:10:13
C_109119,Christopher,Davies,37,Electrician,Glasgow,LOW,2024-10-17 00:39:55
C_109120,Patricia,Clarke,59,Construction Worker,Edinburgh,LOW,2024-09-22 17:50:29
C_109121,Patricia,Ward,43,Chef,Bristol,MEDIUM,2022-06-27 03:17:31
C_109122,Isabella,Mitchell,33,Doctor,London,LOW,2022-07-07 10:41:23
C_109123,Richard,Clark,44,Accountant,Belfast,LOW,2025-03-20 16:36:16
C_109124,Betty,Ward,27,Student,Newcastle,LOW,2021-11-19 03:21:49
C_109125,Lily,White,45,Accountant,Belfast,LOW,2023-06-02 01:04:05
C_109126,William,Hall,37,Student,Nottingham,LOW,2024-01-29 08:46:14
C_109127,Leo,Hill,51,Chef,Nottingham,LOW,2022-07-28 22:42:31
C_109128,Sophia,Jones,20,Student,Cardiff,LOW,2017-01-04 15:46:19
C_109129,Jennifer,Young,46,Driver,Manchester,LOW,2016-04-04 08:11:51
C_109130,Betty,Watson,31,Doctor,Manchester,LOW,2025-05-22 12:04:56
C_109131,David,Evans,36,Consultant,Edinburgh,LOW,2020-07-29 05:09:26
C_109132,Ivy,Jones,45,Unemployed,Manchester,LOW,2016-03-12 17:31:19
C_109133,Charles,Davies,31,Teacher,Glasgow,LOW,2019-09-24 14:20:54
C_109134,Elizabeth,Wilson,65,Teacher,Leicester,LOW,2021-06-05 21:39:29
C_109135,Susan,Mitchell,46,Accountant,Coventry,LOW,2016-08-15 04:22:58
C_109136,Ashley,Scott,47,Retired,Newcastle,LOW,2025-12-31 20:58:33
C_109137,Lily,Clark,40,Construction Worker,Liverpool,LOW,2024-03-22 01:24:38
C_109138,George,Roberts,52,Electrician,Leicester,LOW,2021-07-03 00:54:21
C_109139,Lily,Wood,85,Retired,Leeds,LOW,2021-04-29 14:09:24
C_109140,Arthur,Patterson,49,Doctor,Newcastle,LOW,2022-10-30 08:50:45
C_109141,Thomas,Cooper,49,Plumber,Manchester,LOW,2025-07-03 19:16:41
C_109142,John,Clark,48,Project Manager,Bristol,LOW,2018-11-20 03:49:10
C_109143,William,Wood,52,Administrative Assistant,Belfast,LOW,2019-05-24 10:49:49
C_109144,Ashley,Thomas,44,Chef,London,HIGH,2022-07-02 02:24:52
C_109145,John,Thompson,52,Student,Leicester,LOW,2020-12-22 09:24:57
C_109146,Jennifer,Williams,25,Unemployed,Manchester,LOW,2020-04-25 11:26:52
C_109147,Olivia,Roberts,40,Student,Sheffield,LOW,2022-02-26 00:40:19
C_109148,Daniel,Clarke,44,Software Engineer,Edinburgh,LOW,2018-04-24 18:57:27
C_109149,Linda,Scott,40,Administrative Assistant,Edinburgh,LOW,2021-09-07 17:35:09
C_109150,Jennifer,Mitchell,50,Registered Nurse,Belfast,MEDIUM,2020-12-16 05:29:36
C_109151,Mia,Martin,43,Business Owner,Leeds,LOW,2024-09-11 22:03:03
C_109152,Isla,King,40,Software Engineer,London,LOW,2025-06-22 21:03:04
C_109153,Matthew,Harrison,52,Registered Nurse,Leeds,LOW,2024-10-19 13:30:25
C_109154,Harry,Hill,27,Lawyer,Leicester,LOW,2021-08-26 22:13:03
C_109155,Karen,Harrison,57,Teacher,Liverpool,LOW,2018-12-23 22:21:49
C_109156,Elizabeth,Brown,30,Software Engineer,Sheffield,LOW,2022-05-22 20:02:45
C_109157,Nancy,Carter,32,Doctor,Birmingham,LOW,2022-03-10 10:47:21
C_109158,Noah,Evans,49,Project Manager,London,MEDIUM,2024-08-13 07:20:52
C_109159,Mia,Martin,46,Consultant,London,LOW,2025-10-17 16:43:31
C_109160,Noah,Martin,40,Doctor,Bristol,HIGH,2022-03-13 15:16:10
C_109161,Jessica,Scott,24,Teacher,Birmingham,LOW,2020-09-25 06:25:43
C_109162,Joseph,Williams,45,Student,Nottingham,LOW,2021-05-19 11:11:22
C_109163,David,White,40,Driver,Cardiff,LOW,2022-03-02 06:01:17
C_109164,Joseph,Williams,54,Chef,Coventry,LOW,2019-06-11 04:19:04
C_109165,Christopher,Mitchell,48,Administrative Assistant,London,LOW,2019-10-30 01:51:37
C_109166,George,Wright,39,Teacher,Manchester,LOW,2025-09-25 11:24:42
C_109167,Robert,Williams,32,Registered Nurse,London,HIGH,2021-10-15 23:39:58
C_109168,Karen,Young,40,Student,Leeds,LOW,2016-08-26 04:22:29
C_109169,Ashley,Jones,81,Retired,Belfast,LOW,2016-05-05 03:58:13
C_109170,Isla,Smith,52,Chef,Birmingham,LOW,2019-03-29 18:13:59
C_109171,Oscar,Davies,24,Student,Leicester,LOW,2017-11-15 12:01:55
C_109172,Nancy,Harrison,55,Retired,Newcastle,LOW,2022-10-12 11:35:11
C_109173,Elizabeth,Wood,30,Doctor,Leeds,MEDIUM,2022-04-18 13:02:20
C_109174,Elizabeth,Johnson,34,Student,Manchester,LOW,2025-03-28 00:15:41
C_109175,Jennifer,Martin,18,Student,Leeds,LOW,2018-08-29 20:58:26
C_109176,Leo,Hill,65,Electrician,Leicester,LOW,2019-06-25 19:25:02
C_109177,Betty,Martin,50,Driver,Edinburgh,MEDIUM,2023-10-03 22:50:42
C_109178,Arthur,Scott,43,Administrative Assistant,Liverpool,MEDIUM,2021-05-18 05:10:34
C_109179,Jessica,King,61,Student,London,LOW,2019-06-03 03:24:13
C_109180,Isabella,Mason,24,Business Owner,Manchester,LOW,2020-06-24 10:19:41
C_109181,Lily,Thomas,50,Chef,Nottingham,LOW,2024-10-14 14:56:50
C_109182,Linda,Edwards,54,Retired,Belfast,LOW,2025-08-10 02:17:37
C_109183,Isla,Johnson,73,Retired,Leeds,LOW,2025-02-08 11:20:20
C_109184,Jennifer,Hall,43,Sales Associate,Leicester,LOW,2022-05-25 18:25:19
C_109185,Oliver,Wilson,43,Unemployed,Sheffield,LOW,2024-09-28 03:19:39
C_109186,Ivy,Patterson,47,Business Owner,Glasgow,LOW,2019-07-21 17:07:27
C_109187,George,Ward,44,Business Owner,London,LOW,2020-07-10 00:10:25
C_109188,Michael,Mitchell,44,Driver,Birmingham,LOW,2023-07-20 10:51:24
C_109189,James,Young,51,Business Owner,Sheffield,LOW,2022-06-02 09:40:18
C_109190,Mia,Hall,18,Construction Worker,Birmingham,LOW,2019-06-06 13:30:00
C_109191,Daniel,Harris,67,Retired,Liverpool,LOW,2021-09-30 21:54:56
C_109192,Daniel,Wilson,44,Software Engineer,Liverpool,LOW,2017-08-25 10:12:24
C_109193,Harry,Evans,55,Software Engineer,Leicester,LOW,2022-04-29 06:10:22
C_109194,Ava,Mitchell,33,Unemployed,Manchester,LOW,2019-04-21 20:09:34
C_109195,Lily,Jackson,33,Consultant,Liverpool,LOW,2020-11-02 07:32:21
C_109196,John,Scott,73,Retired,London,LOW,2023-09-02 01:06:25
C_109197,Sarah,Mason,68,Retired,Leicester,LOW,2017-10-08 19:43:30
C_109198,Joseph,Clark,21,Student,London,LOW,2020-09-11 04:39:05
C_109199,Arthur,Ward,32,Software Engineer,Nottingham,LOW,2018-08-14 00:37:32
C_109200,Muhammad,Thompson,56,Chef,Edinburgh,LOW,2019-05-07 21:33:14
C_109201,Thomas,Hughes,38,Administrative Assistant,Glasgow,LOW,2017-05-26 12:56:37
C_109202,Margaret,White,51,Registered Nurse,Cardiff,LOW,2018-02-27 23:56:40
C_109203,Joseph,Taylor,59,Teacher,Glasgow,LOW,2020-08-18 11:02:11
C_109204,Sandra,Edwards,18,Driver,Glasgow,LOW,2023-04-09 02:24:26
C_109205,Ashley,Brown,21,Teacher,Leeds,LOW,2016-06-02 08:20:56
C_109206,Isla,Hill,73,Retired,Birmingham,LOW,2022-03-24 16:47:16
C_109207,Muhammad,Taylor,23,Project Manager,Glasgow,MEDIUM,2018-12-07 14:35:22
C_109208,Lily,Watson,46,Student,Edinburgh,LOW,2016-09-25 11:12:31
C_109209,Kimberly,Edwards,56,Doctor,Cardiff,LOW,2023-04-03 23:57:46
C_109210,Michael,Young,42,Accountant,Birmingham,LOW,2017-03-04 18:37:00
C_109211,Sarah,Roberts,59,Plumber,London,LOW,2020-08-20 23:58:30
C_109212,Margaret,Ward,29,Software Engineer,Belfast,MEDIUM,2019-08-27 00:51:23
C_109213,Ashley,Hill,63,Project Manager,Leicester,LOW,2023-01-13 04:30:10
C_109214,Christopher,Mitchell,59,Consultant,London,LOW,2023-01-30 08:31:51
C_109215,Noah,White,53,Plumber,Leicester,LOW,2025-04-16 18:36:10
C_109216,Muhammad,Wright,57,Student,Birmingham,LOW,2022-11-06 21:19:19
C_109217,Ashley,Hall,34,Unemployed,Birmingham,LOW,2018-04-26 09:16:26
C_109218,Oscar,Williams,23,Construction Worker,Birmingham,MEDIUM,2022-05-12 03:35:05
C_109219,Ashley,Watson,35,Registered Nurse,London,LOW,2016-04-25 17:03:52
C_109220,Joseph,Baker,18,Business Owner,Bristol,LOW,2021-04-09 17:31:38
C_109221,Isabella,Roberts,34,Doctor,Edinburgh,LOW,2016-10-17 02:11:54
C_109222,William,Wilson,42,Construction Worker,Coventry,LOW,2022-03-09 15:26:12
C_109223,Lily,Brown,38,Electrician,Newcastle,LOW,2023-11-23 17:38:34
C_109224,Elizabeth,Harrison,85,Electrician,Glasgow,MEDIUM,2017-05-17 02:57:01
C_109225,Charles,Clark,44,Plumber,Leeds,LOW,2023-02-27 11:31:46
C_109226,Amelia,Wood,18,Student,Nottingham,LOW,2021-10-15 15:33:17
C_109227,Karen,Ward,41,Business Owner,Newcastle,LOW,2016-02-18 09:31:12
C_109228,Oscar,White,41,Construction Worker,Glasgow,LOW,2019-04-03 20:35:35
C_109229,Matthew,Taylor,32,Business Owner,London,LOW,2025-10-26 03:40:17
C_109230,Harry,Clarke,28,Doctor,London,LOW,2018-06-29 00:26:49
C_109231,Margaret,Patterson,42,Software Engineer,Edinburgh,LOW,2018-10-23 12:36:42
C_109232,Richard,Smith,56,Project Manager,Nottingham,LOW,2017-09-15 00:53:38
C_109233,Oscar,Thompson,18,Student,Glasgow,LOW,2020-03-10 16:25:05
C_109234,Leo,Walker,41,Chef,Birmingham,LOW,2017-03-31 21:41:33
C_109235,Richard,Harris,48,Plumber,Nottingham,LOW,2023-05-14 10:28:20
C_109236,Susan,Clark,24,Teacher,Bristol,LOW,2020-11-15 14:55:51
C_109237,Emily,Young,28,Project Manager,Sheffield,LOW,2023-03-13 20:27:43
C_109238,Lily,Edwards,42,Unemployed,Liverpool,LOW,2019-09-07 17:48:53
C_109239,Sarah,Scott,52,Construction Worker,Belfast,LOW,2023-02-18 08:40:21
C_109240,Joseph,Williams,19,Student,Coventry,MEDIUM,2021-10-30 22:59:40
C_109241,Amelia,Davies,57,Retired,Bristol,LOW,2018-09-24 08:29:48
C_109242,Ava,Watson,27,Driver,Coventry,LOW,2018-12-08 11:35:13
C_109243,Oscar,Brown,36,Teacher,Coventry,LOW,2017-01-10 11:25:06
C_109244,Nancy,Evans,33,Retired,Manchester,LOW,2022-11-23 07:10:03
C_109245,Richard,Martin,42,Accountant,Sheffield,MEDIUM,2022-11-23 14:04:28
C_109246,Arthur,Martin,63,Student,Nottingham,LOW,2020-04-05 16:59:39
C_109247,Margaret,Carter,29,Lawyer,Edinburgh,LOW,2019-12-23 18:18:41
C_109248,Joseph,Ward,36,Project Manager,Coventry,LOW,2021-03-22 02:48:48
C_109249,Linda,Scott,59,Registered Nurse,Belfast,LOW,2016-01-25 18:05:23
C_109250,Joseph,Hill,26,Plumber,Sheffield,LOW,2016-02-03 23:55:58
C_109251,Lisa,Hughes,22,Teacher,London,HIGH,2018-05-30 15:02:59
C_109252,Robert,Brown,39,Driver,Cardiff,LOW,2020-07-16 11:16:23
C_109253,Nancy,Harrison,18,Student,Coventry,LOW,2022-02-04 09:49:53
C_109254,Ava,Evans,48,Lawyer,Liverpool,LOW,2019-08-09 09:09:09
C_109255,Muhammad,Edwards,35,Consultant,Glasgow,LOW,2025-11-28 16:47:32
C_109256,Lily,Lewis,33,Business Owner,Liverpool,LOW,2016-06-28 09:34:21
C_109257,Nancy,Walker,37,Teacher,Manchester,LOW,2016-07-04 10:44:22
C_109258,Christopher,Clarke,18,Student,Bristol,LOW,2018-06-19 12:33:26
C_109259,Susan,Harris,67,Retired,Glasgow,LOW,2016-12-16 05:14:22
C_109260,Christopher,Thomas,48,Doctor,Manchester,LOW,2016-12-17 22:01:24
C_109261,Elizabeth,Young,43,Sales Associate,Leeds,LOW,2020-09-30 13:15:10
C_109262,William,Mitchell,48,Plumber,Liverpool,LOW,2017-07-22 00:09:56
C_109263,Sandra,Johnson,39,Doctor,Bristol,MEDIUM,2016-04-22 01:14:05
C_109264,Leo,Robinson,43,Electrician,Sheffield,LOW,2018-01-14 23:40:35
C_109265,Jessica,Green,45,Chef,Leeds,LOW,2023-10-21 04:11:36
C_109266,Leo,Ward,42,Sales Associate,Liverpool,LOW,2020-02-17 05:02:08
C_109267,Margaret,Harris,57,Software Engineer,Sheffield,MEDIUM,2016-04-08 23:01:19
C_109268,Michael,Lewis,36,Student,Nottingham,LOW,2016-07-21 18:35:48
C_109269,Barbara,Mitchell,44,Retired,Bristol,MEDIUM,2016-01-13 15:40:57
C_109270,Sandra,White,58,Student,Cardiff,LOW,2017-12-23 05:53:08
C_109271,Michael,Smith,34,Electrician,Coventry,LOW,2017-06-13 07:07:41
C_109272,Robert,Cooper,23,Student,London,LOW,2017-01-17 19:03:52
C_109273,Emily,Hall,32,Retired,Leicester,LOW,2025-08-11 06:49:18
C_109274,John,Martin,58,Unemployed,Leeds,LOW,2024-12-14 08:49:09
C_109275,Betty,Mitchell,18,Student,Coventry,LOW,2024-09-03 23:27:46
C_109276,Michelle,Roberts,47,Chef,London,LOW,2018-05-28 19:15:11
C_109277,Michael,Mason,62,Sales Associate,Nottingham,LOW,2016-12-10 23:59:15
C_109278,Charles,Martin,30,Unemployed,Leeds,LOW,2020-12-02 13:41:11
C_109279,Harry,Williams,40,Unemployed,Bristol,LOW,2022-03-31 17:38:52
C_109280,Kimberly,Hill,33,Software Engineer,Liverpool,LOW,2024-06-05 01:17:43
C_109281,William,Jones,72,Retired,Liverpool,LOW,2024-09-24 13:27:57
C_109282,Jennifer,Wright,36,Retired,Liverpool,LOW,2021-02-21 01:45:17
C_109283,Lisa,Johnson,26,Plumber,Belfast,LOW,2020-02-25 23:37:45
C_109284,Amelia,Clark,37,Sales Associate,Glasgow,HIGH,2018-02-15 06:29:43
C_109285,Michelle,Wilson,40,Registered Nurse,Nottingham,LOW,2018-01-28 18:00:30
C_109286,Ivy,Robinson,35,Software Engineer,London,LOW,2018-06-06 10:55:15
C_109287,James,Green,18,Student,Sheffield,MEDIUM,2022-10-11 04:51:12
C_109288,Jennifer,Brown,41,Accountant,Leicester,LOW,2018-12-10 17:01:37
C_109289,Christopher,Roberts,47,Chef,Leicester,LOW,2019-03-20 08:43:30
C_109290,Patricia,Clark,43,Plumber,Cardiff,LOW,2024-12-11 20:17:41
C_109291,James,Cooper,41,Plumber,Liverpool,LOW,2021-07-09 15:47:16
C_109292,Lisa,Ward,35,Sales Associate,Nottingham,LOW,2021-09-05 15:58:17
C_109293,Leo,Williams,39,Business Owner,Newcastle,LOW,2024-07-29 03:56:07
C_109294,Jennifer,Robinson,47,Accountant,Coventry,LOW,2020-05-02 10:27:50
C_109295,Jessica,Harris,55,Driver,Belfast,LOW,2019-09-29 14:38:06
C_109296,Sandra,Hill,41,Accountant,Leicester,LOW,2016-11-21 08:39:20
C_109297,Kimberly,Williams,44,Student,Bristol,LOW,2019-04-13 18:59:45
C_109298,Michael,Patterson,73,Project Manager,Glasgow,LOW,2022-03-30 10:31:08
C_109299,Sandra,Wood,30,Accountant,Cardiff,LOW,2018-07-01 16:01:08
C_109300,Noah,Clarke,38,Accountant,Cardiff,LOW,2019-09-15 18:39:00
C_109301,Daniel,Wood,35,Software Engineer,Manchester,LOW,2024-03-11 21:42:46
C_109302,Michael,Brown,64,Chef,Cardiff,LOW,2020-03-20 18:44:48
C_109303,Leo,Brown,37,Software Engineer,Coventry,MEDIUM,2021-11-08 22:07:00
C_109304,Oscar,Wood,56,Unemployed,Newcastle,LOW,2017-04-26 13:30:50
C_109305,Daniel,Green,64,Teacher,Glasgow,LOW,2023-07-14 15:30:15
C_109306,Susan,Taylor,42,Student,Newcastle,LOW,2024-03-02 18:43:25
C_109307,Amelia,Roberts,73,Retired,Leicester,LOW,2019-01-06 21:55:13
C_109308,Christopher,King,34,Retired,Edinburgh,LOW,2020-02-27 12:17:15
C_109309,Harry,Harris,28,Project Manager,Cardiff,LOW,2024-04-17 17:49:13
C_109310,Olivia,Baker,54,Student,London,LOW,2016-05-19 03:27:35
C_109311,Joseph,Williams,18,Sales Associate,Bristol,LOW,2022-09-22 23:17:13
C_109312,Michelle,Patterson,47,Consultant,Edinburgh,LOW,2023-01-15 18:54:30
C_109313,David,King,53,Construction Worker,London,LOW,2023-05-20 11:43:31
C_109314,Matthew,Clarke,64,Doctor,Liverpool,LOW,2024-03-31 22:34:30
C_109315,Isla,Ward,46,Lawyer,Leicester,LOW,2023-04-21 03:53:50
C_109316,Karen,Edwards,26,Accountant,Newcastle,LOW,2017-12-07 21:08:01
C_109317,Leo,Watson,44,Lawyer,London,LOW,2018-03-19 01:50:13
C_109318,Christopher,Clark,50,Software Engineer,Nottingham,LOW,2025-09-02 04:56:35
C_109319,Joseph,Jones,30,Student,Sheffield,LOW,2021-06-03 08:19:01
C_109320,Michelle,King,33,Unemployed,Glasgow,LOW,2024-12-23 14:58:11
C_109321,Barbara,Wood,43,Software Engineer,Birmingham,LOW,2023-11-08 11:00:37
C_109322,Olivia,Robinson,18,Student,Sheffield,LOW,2020-03-01 18:11:55
C_109323,Kimberly,Thomas,48,Teacher,Edinburgh,MEDIUM,2016-05-14 05:33:41
C_109324,Oliver,Thomas,75,Retired,Liverpool,LOW,2021-09-03 14:57:48
C_109325,Sandra,Taylor,27,Software Engineer,Manchester,LOW,2019-07-07 01:36:56
C_109326,Karen,Roberts,21,Student,Newcastle,LOW,2017-07-26 18:47:56
C_109327,Sandra,Wilson,41,Driver,Birmingham,LOW,2022-04-29 04:37:42
C_109328,Christopher,Baker,41,Software Engineer,Glasgow,LOW,2021-01-21 03:59:40
C_109329,Elizabeth,Wright,74,Retired,Belfast,MEDIUM,2022-07-16 12:44:15
C_109330,Amelia,Martin,18,Business Owner,Sheffield,LOW,2023-03-20 22:25:55
C_109331,Ivy,Green,53,Project Manager,Cardiff,LOW,2021-09-02 21:30:56
C_109332,Daniel,Mitchell,18,Student,Birmingham,LOW,2024-09-18 02:53:27
C_109333,Thomas,Edwards,37,Administrative Assistant,Manchester,LOW,2018-07-03 02:55:53
C_109334,Jennifer,Watson,42,Unemployed,Newcastle,LOW,2025-04-07 05:26:28
C_109335,James,Clarke,42,Electrician,Birmingham,LOW,2025-12-16 06:38:07
C_109336,Charles,Walker,24,Project Manager,Sheffield,LOW,2019-04-16 12:01:03
C_109337,Ava,Wood,24,Accountant,Leicester,LOW,2022-01-02 07:10:26
C_109338,Mia,Thomas,52,Project Manager,Bristol,LOW,2018-08-30 18:50:40
C_109339,Noah,Thompson,36,Software Engineer,Manchester,LOW,2019-04-26 03:24:03
C_109340,Michelle,Robinson,34,Software Engineer,Coventry,LOW,2021-12-05 21:34:34
C_109341,Lisa,Roberts,44,Accountant,Belfast,LOW,2025-03-21 15:52:58
C_109342,Muhammad,White,36,Administrative Assistant,Glasgow,LOW,2021-11-06 13:10:55
C_109343,Olivia,Watson,45,Lawyer,London,LOW,2023-09-05 03:28:30
C_109344,Amelia,Jones,26,Driver,Edinburgh,LOW,2024-08-23 20:44:31
C_109345,Joseph,Harris,45,Registered Nurse,Bristol,MEDIUM,2025-10-18 20:04:07
C_109346,George,Smith,32,Teacher,Liverpool,HIGH,2018-05-18 22:00:46
C_109347,George,White,26,Business Owner,Newcastle,LOW,2025-01-10 00:47:17
C_109348,Isla,Davies,36,Teacher,Leicester,LOW,2018-02-09 10:02:36
C_109349,Oliver,Evans,20,Student,London,LOW,2025-01-26 01:39:02
C_109350,Jessica,Watson,66,Retired,Sheffield,LOW,2021-09-24 09:55:06
C_109351,Mia,King,61,Registered Nurse,Leeds,LOW,2018-02-22 21:31:38
C_109352,Emily,Davies,47,Doctor,Manchester,LOW,2017-12-13 22:03:34
C_109353,Mia,Walker,55,Construction Worker,Coventry,LOW,2020-11-03 07:12:46
C_109354,Oscar,Thomas,18,Student,Nottingham,LOW,2022-08-31 02:44:43
C_109355,Donna,Mason,65,Chef,Liverpool,MEDIUM,2021-07-15 14:18:22
C_109356,Isabella,Edwards,18,Student,Birmingham,MEDIUM,2018-12-25 01:02:41
C_109357,Nancy,Robinson,50,Consultant,Leeds,MEDIUM,2016-08-08 09:43:56
C_109358,David,Mason,57,Student,Cardiff,MEDIUM,2022-03-26 15:36:10
C_109359,George,White,36,Software Engineer,Coventry,LOW,2017-10-01 11:36:47
C_109360,Lily,Davies,41,Student,Bristol,LOW,2021-06-09 06:17:14
C_109361,Muhammad,Mason,51,Doctor,Sheffield,LOW,2024-09-23 16:31:37
C_109362,Jennifer,Johnson,51,Teacher,Coventry,LOW,2016-11-18 06:13:49
C_109363,Ivy,Clarke,60,Sales Associate,Newcastle,LOW,2019-07-28 08:16:30
C_109364,Karen,Clark,41,Administrative Assistant,Manchester,LOW,2022-08-06 11:56:54
C_109365,Mia,Smith,29,Consultant,Liverpool,LOW,2018-05-23 21:34:25
C_109366,Lisa,Walker,57,Registered Nurse,London,LOW,2017-01-17 19:49:18
C_109367,Kimberly,Martin,20,Student,Manchester,LOW,2017-02-18 01:48:17
C_109368,Kimberly,Cooper,46,Lawyer,Bristol,LOW,2021-10-18 21:50:58
C_109369,Barbara,Martin,27,Business Owner,Birmingham,LOW,2018-06-25 04:40:48
C_109370,Noah,Walker,36,Software Engineer,Leeds,LOW,2019-02-04 20:30:39
C_109371,Joseph,Brown,61,Software Engineer,Bristol,LOW,2024-02-16 18:17:20
C_109372,Arthur,Patterson,50,Project Manager,Leicester,LOW,2022-10-16 13:45:01
C_109373,Sarah,Smith,45,Retired,Leeds,LOW,2024-07-21 08:46:55
C_109374,Christopher,Baker,57,Lawyer,Nottingham,LOW,2019-01-13 09:45:36
C_109375,Joseph,Smith,65,Administrative Assistant,Liverpool,LOW,2024-01-20 05:47:55
C_109376,Arthur,Robinson,41,Teacher,Leicester,LOW,2022-06-23 20:38:19
C_109377,Patricia,Scott,54,Teacher,Birmingham,LOW,2019-02-12 07:58:54
C_109378,Oliver,Evans,59,Plumber,Nottingham,LOW,2023-09-10 02:40:31
C_109379,Arthur,Patterson,18,Student,Manchester,LOW,2020-10-14 13:28:45
C_109380,Betty,Wright,61,Plumber,Edinburgh,LOW,2017-01-27 04:34:01
C_109381,Lisa,Cooper,35,Registered Nurse,Glasgow,LOW,2019-09-30 22:34:56
C_109382,Joseph,Thomas,42,Driver,Liverpool,LOW,2021-12-23 12:19:03
C_109383,Sophia,Harrison,27,Student,Glasgow,LOW,2017-06-14 18:45:41
C_109384,Leo,Brown,46,Administrative Assistant,Manchester,LOW,2017-04-28 17:42:52
C_109385,Oscar,Davies,28,Business Owner,Glasgow,LOW,2023-05-22 00:48:57
C_109386,Amelia,Harrison,55,Consultant,Birmingham,LOW,2017-06-04 09:59:11
C_109387,Emily,Smith,48,Accountant,Manchester,HIGH,2016-06-17 22:02:24
C_109388,Michael,Green,52,Unemployed,Cardiff,LOW,2021-04-24 14:15:59
C_109389,James,Wilson,34,Administrative Assistant,Birmingham,LOW,2020-01-01 15:07:46
C_109390,Ava,Davies,66,Retired,Nottingham,LOW,2019-06-26 00:29:38
C_109391,Ashley,Martin,36,Student,Sheffield,LOW,2021-03-28 05:31:15
C_109392,Karen,Brown,35,Construction Worker,Cardiff,LOW,2025-08-31 10:09:18
C_109393,Susan,Hill,36,Lawyer,Manchester,LOW,2025-06-20 21:20:31
C_109394,Michael,Johnson,64,Doctor,London,LOW,2023-01-19 13:59:34
C_109395,Emily,Watson,78,Retired,Liverpool,LOW,2016-09-04 07:00:51
C_109396,Patricia,Hill,33,Accountant,Leicester,LOW,2024-01-18 14:51:45
C_109397,Daniel,Edwards,18,Student,Edinburgh,LOW,2017-09-14 12:42:54
C_109398,Susan,Hill,18,Student,Leeds,LOW,2021-05-16 20:27:37
C_109399,James,Davies,61,Accountant,Bristol,MEDIUM,2019-10-18 13:41:55
C_109400,George,Carter,57,Plumber,Glasgow,HIGH,2020-03-09 16:32:17
C_109401,Karen,Hughes,29,Student,Edinburgh,MEDIUM,2018-08-03 10:00:42
C_109402,Olivia,Cooper,21,Student,Manchester,HIGH,2018-10-15 11:51:33
C_109403,Lily,Green,48,Sales Associate,Nottingham,LOW,2023-12-21 20:16:58
C_109404,Thomas,Watson,41,Doctor,Leeds,LOW,2022-05-15 20:25:54
C_109405,Lisa,Baker,48,Sales Associate,Coventry,LOW,2019-02-27 17:59:42
C_109406,William,Watson,35,Sales Associate,Glasgow,LOW,2017-09-15 18:45:57
C_109407,Noah,Evans,49,Project Manager,Liverpool,LOW,2021-02-01 21:32:56
C_109408,George,Evans,41,Project Manager,Coventry,LOW,2018-12-08 20:37:17
C_109409,Kimberly,Harris,27,Driver,Manchester,MEDIUM,2020-11-01 00:30:09
C_109410,Christopher,Hill,52,Sales Associate,Bristol,LOW,2023-11-17 00:40:56
C_109411,Richard,King,44,Plumber,Leicester,LOW,2016-10-01 11:57:41
C_109412,Matthew,Johnson,28,Driver,Sheffield,LOW,2019-02-24 15:22:16
C_109413,James,Wright,46,Consultant,Cardiff,LOW,2022-09-20 07:54:32
C_109414,Oliver,Harrison,33,Teacher,Sheffield,MEDIUM,2024-08-19 13:10:14
C_109415,Margaret,Roberts,75,Retired,Bristol,LOW,2025-11-13 00:47:23
C_109416,Michael,Roberts,43,Registered Nurse,Sheffield,LOW,2021-01-19 00:30:17
C_109417,Joseph,Hughes,44,Lawyer,Cardiff,LOW,2023-05-06 00:50:34
C_109418,Isla,Davies,53,Software Engineer,Nottingham,LOW,2019-07-11 11:23:45
C_109419,Elizabeth,Evans,18,Student,Cardiff,LOW,2021-02-09 00:04:09
C_109420,James,Mitchell,51,Construction Worker,Coventry,MEDIUM,2018-01-25 17:18:12
C_109421,Matthew,Williams,34,Consultant,Leeds,LOW,2021-09-02 23:25:42
C_109422,Kimberly,Young,37,Unemployed,Newcastle,MEDIUM,2022-02-07 17:09:43
C_109423,William,Robinson,38,Doctor,Nottingham,LOW,2025-02-07 21:33:34
C_109424,Patricia,Martin,29,Business Owner,Bristol,LOW,2025-03-25 21:58:40
C_109425,Oscar,Hill,44,Electrician,Cardiff,LOW,2017-12-01 13:45:47
C_109426,Ivy,Wood,48,Electrician,Coventry,LOW,2016-06-22 11:51:41
C_109427,Sandra,Wright,55,Accountant,Cardiff,LOW,2019-02-02 22:01:57
C_109428,Lisa,Martin,62,Accountant,Birmingham,MEDIUM,2016-11-18 00:14:53
C_109429,Barbara,Mitchell,51,Consultant,Belfast,LOW,2025-12-27 22:28:51
C_109430,John,Harrison,22,Consultant,Manchester,MEDIUM,2025-04-02 13:55:21
C_109431,Charles,Baker,64,Registered Nurse,Belfast,LOW,2024-08-04 17:11:44
C_109432,Ashley,Smith,31,Sales Associate,Sheffield,LOW,2018-01-29 22:47:13
C_109433,Michael,Green,47,Doctor,Liverpool,LOW,2022-05-04 22:51:01
C_109434,Patricia,Hill,41,Student,Edinburgh,LOW,2018-10-21 03:28:30
C_109435,Thomas,Jones,55,Registered Nurse,Cardiff,MEDIUM,2021-11-12 13:06:01
C_109436,Noah,Green,60,Chef,Manchester,MEDIUM,2020-01-24 14:02:01
C_109437,Margaret,Hill,45,Project Manager,London,LOW,2017-09-01 20:12:01
C_109438,Betty,Harrison,64,Unemployed,Belfast,LOW,2025-11-26 01:22:34
C_109439,Richard,Wood,41,Chef,Edinburgh,LOW,2018-11-10 10:35:31
C_109440,Susan,Davies,52,Doctor,Sheffield,LOW,2016-03-12 05:28:48
C_109441,Matthew,Clarke,48,Accountant,Nottingham,LOW,2017-08-08 00:23:00
C_109442,William,Taylor,73,Retired,Newcastle,LOW,2020-10-20 00:04:15
C_109443,Patricia,Martin,18,Student,Belfast,LOW,2018-05-16 07:43:04
C_109444,Charles,Smith,33,Consultant,Glasgow,LOW,2019-05-04 16:08:39
C_109445,Olivia,Baker,52,Sales Associate,Manchester,MEDIUM,2025-09-12 12:01:03
C_109446,Olivia,Ward,49,Driver,Birmingham,LOW,2021-01-23 22:48:05
C_109447,Noah,King,45,Chef,Sheffield,LOW,2022-04-11 18:36:03
C_109448,Olivia,Hughes,18,Software Engineer,Cardiff,LOW,2023-11-19 06:40:55
C_109449,David,Wood,41,Administrative Assistant,Leeds,LOW,2018-03-18 11:00:50
C_109450,Michael,Watson,48,Software Engineer,Cardiff,LOW,2019-02-01 06:58:19
C_109451,Noah,King,44,Construction Worker,Coventry,LOW,2023-12-17 10:47:07
C_109452,Patricia,Taylor,29,Business Owner,Leicester,MEDIUM,2022-05-28 14:31:56
C_109453,Oscar,Walker,65,Construction Worker,Cardiff,LOW,2023-10-10 01:51:21
C_109454,Matthew,Thomas,18,Software Engineer,Belfast,LOW,2021-05-14 19:20:08
C_109455,Robert,Roberts,41,Accountant,Glasgow,MEDIUM,2025-06-02 15:09:50
C_109456,Susan,Martin,30,Registered Nurse,Bristol,LOW,2017-05-25 04:24:01
C_109457,Barbara,King,40,Registered Nurse,Leeds,LOW,2025-04-13 23:34:35
C_109458,Michelle,Watson,18,Project Manager,Edinburgh,LOW,2021-04-24 09:12:01
C_109459,Karen,Jackson,39,Unemployed,Nottingham,LOW,2020-05-28 09:42:33
C_109460,Oscar,Hall,37,Retired,Sheffield,LOW,2019-01-17 18:33:33
C_109461,James,Lewis,19,Student,Cardiff,LOW,2024-07-26 10:38:09
C_109462,Mia,Patterson,41,Business Owner,Birmingham,LOW,2023-02-01 23:30:09
C_109463,Harry,Cooper,59,Registered Nurse,Sheffield,LOW,2023-05-01 08:46:13
C_109464,Noah,Mitchell,46,Software Engineer,Glasgow,LOW,2025-04-03 14:45:13
C_109465,Elizabeth,Evans,43,Accountant,Nottingham,LOW,2024-07-17 21:41:57
C_109466,Donna,Wilson,62,Sales Associate,Manchester,LOW,2025-11-10 09:18:23
C_109467,Sandra,Green,32,Construction Worker,Coventry,LOW,2023-01-26 20:19:44
C_109468,Nancy,Hughes,37,Doctor,Leicester,LOW,2024-04-28 02:50:51
C_109469,Muhammad,Clarke,18,Student,Leeds,LOW,2024-08-15 03:07:31
C_109470,Elizabeth,Evans,51,Student,Glasgow,LOW,2018-10-23 23:55:13
C_109471,Linda,Cooper,64,Teacher,Bristol,LOW,2021-03-17 17:55:56
C_109472,Isabella,Jones,71,Retired,Manchester,LOW,2017-08-18 04:24:00
C_109473,Lisa,Smith,37,Accountant,Belfast,LOW,2019-06-02 04:26:44
C_109474,Daniel,Evans,43,Retired,Liverpool,LOW,2017-01-05 15:59:21
C_109475,Christopher,Carter,26,Driver,Glasgow,LOW,2021-02-06 18:06:59
C_109476,Lily,Wilson,23,Doctor,Nottingham,MEDIUM,2025-04-24 10:35:11
C_109477,Jessica,Scott,35,Unemployed,Coventry,MEDIUM,2024-01-22 09:37:13
C_109478,Emily,Clarke,39,Construction Worker,Belfast,LOW,2020-11-12 07:49:12
C_109479,Oscar,Hall,30,Business Owner,Sheffield,LOW,2017-12-06 22:28:16
C_109480,Sarah,Wright,18,Student,Bristol,LOW,2021-12-26 01:18:39
C_109481,Noah,Williams,18,Student,Liverpool,LOW,2023-05-20 14:43:36
C_109482,Ivy,Clark,43,Lawyer,Edinburgh,LOW,2024-11-23 02:17:56
C_109483,Noah,Baker,69,Retired,Glasgow,LOW,2018-01-30 22:33:03
C_109484,Arthur,Green,18,Student,Sheffield,LOW,2020-06-11 07:13:37
C_109485,Arthur,Jackson,35,Consultant,Bristol,LOW,2025-08-03 07:25:20
C_109486,Matthew,Jones,44,Accountant,Glasgow,LOW,2023-04-17 19:32:19
C_109487,Linda,Edwards,49,Project Manager,Cardiff,LOW,2023-05-29 01:26:59
C_109488,Karen,Evans,59,Driver,Sheffield,LOW,2017-08-24 18:23:51
C_109489,Daniel,Jackson,26,Sales Associate,Leicester,LOW,2025-01-13 05:20:04
C_109490,Sandra,Scott,57,Lawyer,Nottingham,LOW,2024-01-14 11:54:07
C_109491,Daniel,Lewis,51,Plumber,Edinburgh,LOW,2022-10-04 17:21:11
C_109492,Amelia,Jackson,46,Registered Nurse,Bristol,LOW,2023-10-25 19:58:04
C_109493,Robert,Clarke,59,Electrician,Leeds,LOW,2025-07-16 10:12:22
C_109494,William,Thompson,35,Lawyer,Sheffield,LOW,2017-03-26 10:40:12
C_109495,Thomas,Thomas,29,Consultant,Sheffield,LOW,2018-01-26 06:13:33
C_109496,Donna,White,49,Student,Glasgow,LOW,2023-10-01 05:58:49
C_109497,Jennifer,Mitchell,56,Administrative Assistant,Newcastle,LOW,2022-11-25 12:42:51
C_109498,Thomas,Harris,50,Construction Worker,London,LOW,2020-07-12 13:54:34
C_109499,Oscar,Mitchell,41,Driver,Leicester,MEDIUM,2016-09-20 17:25:26
C_109500,Michelle,Lewis,56,Electrician,Bristol,MEDIUM,2021-06-03 16:21:04
C_109501,Sarah,Edwards,44,Teacher,Leeds,LOW,2025-12-18 18:38:59
C_109502,Nancy,Clark,36,Retired,Birmingham,LOW,2022-05-04 18:52:31
C_109503,Matthew,Jones,36,Business Owner,Nottingham,MEDIUM,2018-06-08 20:09:07
C_109504,Olivia,Wright,24,Business Owner,Leeds,MEDIUM,2016-04-08 05:48:42
C_109505,Lisa,Patterson,26,Administrative Assistant,Coventry,MEDIUM,2018-06-11 05:18:27
C_109506,Charles,Baker,18,Administrative Assistant,Leeds,LOW,2025-04-15 06:30:29
C_109507,Matthew,Wood,24,Driver,London,LOW,2017-02-20 22:41:03
C_109508,Oscar,Johnson,66,Retired,Glasgow,HIGH,2023-04-01 16:36:08
C_109509,Karen,Hill,60,Accountant,Edinburgh,LOW,2017-06-27 07:10:01
C_109510,Lisa,Davies,38,Chef,Sheffield,LOW,2021-08-29 17:08:05
C_109511,Kimberly,Edwards,31,Software Engineer,Leicester,LOW,2019-05-09 16:54:58
C_109512,David,Wood,44,Registered Nurse,Bristol,LOW,2018-10-02 18:43:49
C_109513,Isabella,Lewis,60,Doctor,Birmingham,LOW,2018-05-07 10:21:39
C_109514,Emily,Mitchell,46,Project Manager,Bristol,LOW,2020-02-12 08:58:06
C_109515,Kimberly,Hughes,26,Plumber,Liverpool,LOW,2025-07-10 12:24:28
C_109516,Jessica,Robinson,26,Consultant,Sheffield,LOW,2017-03-16 15:16:32
C_109517,Michelle,Baker,30,Software Engineer,Newcastle,LOW,2018-07-13 03:44:38
C_109518,Ashley,Robinson,67,Retired,Glasgow,LOW,2018-02-28 11:57:29
C_109519,Karen,Taylor,41,Driver,Bristol,LOW,2016-12-23 11:37:12
C_109520,Isla,Clarke,65,Chef,Sheffield,LOW,2017-04-08 17:48:26
C_109521,Noah,Smith,43,Lawyer,Birmingham,LOW,2017-12-16 22:17:06
C_109522,Jessica,Davies,22,Retired,Belfast,LOW,2022-10-17 19:49:12
C_109523,Ashley,Wood,42,Accountant,Leicester,LOW,2022-11-03 19:03:16
C_109524,Richard,Jackson,53,Chef,Sheffield,LOW,2024-03-19 21:14:45
C_109525,Ava,Williams,44,Retired,Glasgow,LOW,2019-07-24 12:06:05
C_109526,Oliver,Thompson,47,Sales Associate,Coventry,LOW,2024-01-27 08:38:08
C_109527,Ivy,Jackson,47,Electrician,Bristol,MEDIUM,2025-06-16 12:36:02
C_109528,Harry,Wilson,57,Consultant,Nottingham,LOW,2021-11-09 05:12:10
C_109529,Ashley,Cooper,30,Registered Nurse,Coventry,LOW,2019-01-23 04:46:27
C_109530,George,Harrison,18,Registered Nurse,Belfast,LOW,2018-06-26 08:04:40
C_109531,Jessica,Evans,42,Doctor,Liverpool,LOW,2021-07-31 13:53:30
C_109532,Nancy,Green,35,Retired,Manchester,MEDIUM,2024-12-28 07:08:15
C_109533,Mia,Taylor,49,Project Manager,Manchester,MEDIUM,2017-09-02 20:00:05
C_109534,Sarah,White,22,Chef,Edinburgh,LOW,2022-05-01 10:51:56
C_109535,Emily,Taylor,39,Unemployed,Manchester,LOW,2023-06-07 07:41:33
C_109536,Charles,Hughes,61,Retired,Sheffield,LOW,2018-01-11 09:52:13
C_109537,Jessica,Hughes,34,Driver,Cardiff,LOW,2020-09-06 21:52:15
C_109538,Sarah,Davies,40,Project Manager,Coventry,LOW,2018-06-05 01:09:45
C_109539,Jennifer,Evans,38,Sales Associate,London,LOW,2016-06-13 12:06:57
C_109540,Barbara,Baker,63,Business Owner,Coventry,LOW,2025-01-10 09:18:32
C_109541,Lily,Wood,59,Student,Glasgow,LOW,2019-01-17 02:28:02
C_109542,Michael,Clark,35,Unemployed,Leeds,LOW,2021-02-27 12:14:43
C_109543,Charles,Harris,46,Consultant,Birmingham,LOW,2024-10-05 06:16:23
C_109544,Sarah,Hall,54,Software Engineer,Glasgow,LOW,2016-10-21 05:14:28
C_109545,Matthew,Wilson,57,Business Owner,Cardiff,MEDIUM,2025-09-24 17:59:01
C_109546,William,Jones,23,Unemployed,Leeds,LOW,2016-09-25 16:10:53
C_109547,Sophia,Jackson,31,Plumber,Newcastle,LOW,2021-04-02 12:59:37
C_109548,Christopher,Patterson,19,Lawyer,Bristol,MEDIUM,2018-04-19 16:09:38
C_109549,Amelia,Clark,34,Lawyer,Leeds,LOW,2025-09-05 01:58:54
C_109550,Arthur,Hall,19,Student,Cardiff,LOW,2016-10-10 17:04:07
C_109551,Margaret,Watson,49,Sales Associate,Leeds,LOW,2019-10-20 01:56:35
C_109552,Ava,Thomas,36,Student,Birmingham,LOW,2021-11-08 21:47:13
C_109553,Linda,Wilson,30,Lawyer,Manchester,LOW,2019-04-15 09:21:18
C_109554,Donna,Johnson,45,Unemployed,Birmingham,LOW,2017-08-17 08:40:56
C_109555,George,Roberts,50,Software Engineer,Nottingham,LOW,2021-04-06 05:32:54
C_109556,Lily,Johnson,30,Accountant,Glasgow,MEDIUM,2019-02-13 02:11:37
C_109557,Michael,Evans,66,Retired,Liverpool,LOW,2024-12-06 19:14:41
C_109558,Oliver,Taylor,28,Electrician,Leicester,LOW,2022-06-10 23:37:30
C_109559,Sophia,Wood,44,Consultant,Sheffield,LOW,2023-11-18 05:53:21
C_109560,Mia,Thompson,20,Lawyer,Manchester,LOW,2018-06-03 08:51:45
C_109561,Amelia,Williams,24,Business Owner,Leicester,LOW,2017-12-04 14:24:27
C_109562,Lisa,Hall,36,Consultant,Edinburgh,LOW,2021-11-05 16:03:46
C_109563,Olivia,Davies,55,Chef,Glasgow,LOW,2025-06-04 02:14:11
C_109564,John,Williams,39,Administrative Assistant,London,LOW,2016-08-04 08:20:22
C_109565,Jennifer,Roberts,60,Plumber,Nottingham,LOW,2020-04-12 23:41:34
C_109566,Lily,Davies,28,Unemployed,Belfast,MEDIUM,2021-02-10 01:34:35
C_109567,Lily,Cooper,49,Unemployed,Manchester,LOW,2020-08-31 00:08:31
C_109568,Ivy,Wright,30,Software Engineer,Newcastle,LOW,2022-06-24 20:32:50
C_109569,Lisa,Baker,53,Unemployed,Belfast,MEDIUM,2017-07-13 08:01:57
C_109570,Donna,Evans,18,Student,Liverpool,LOW,2017-02-28 15:48:42
C_109571,Ava,Wilson,60,Student,Manchester,LOW,2017-03-25 20:53:48
C_109572,Linda,Hill,35,Registered Nurse,Leeds,HIGH,2019-02-11 03:05:18
C_109573,Linda,Evans,53,Chef,Newcastle,MEDIUM,2020-03-29 06:35:19
C_109574,Robert,Wright,29,Lawyer,Birmingham,MEDIUM,2021-10-26 09:50:29
C_109575,Jennifer,Harrison,45,Doctor,Coventry,LOW,2016-10-28 02:42:34
C_109576,George,Baker,69,Sales Associate,Belfast,LOW,2017-10-24 00:23:11
C_109577,Christopher,Lewis,60,Doctor,Leeds,LOW,2022-10-09 13:29:51
C_109578,Charles,Johnson,44,Registered Nurse,Nottingham,LOW,2022-11-16 02:31:19
C_109579,William,Watson,59,Registered Nurse,London,MEDIUM,2018-08-22 15:35:34
C_109580,Charles,Mason,18,Student,Bristol,LOW,2022-11-05 16:23:44
C_109581,Margaret,Mitchell,50,Plumber,Nottingham,LOW,2022-11-29 06:54:52
C_109582,Joseph,Harris,40,Electrician,Edinburgh,LOW,2019-10-23 19:41:20
C_109583,Matthew,Walker,47,Project Manager,Nottingham,LOW,2018-06-30 19:34:06
C_109584,Daniel,Johnson,67,Retired,Cardiff,LOW,2024-11-05 03:58:01
C_109585,Leo,Ward,61,Lawyer,Sheffield,LOW,2025-11-04 04:06:24
C_109586,Muhammad,White,41,Project Manager,Edinburgh,LOW,2024-05-25 06:22:10
C_109587,Noah,Clark,41,Retired,Leeds,LOW,2017-09-16 18:39:16
C_109588,Leo,King,45,Project Manager,Cardiff,MEDIUM,2016-09-05 02:42:38
C_109589,Donna,Jones,54,Lawyer,Nottingham,LOW,2018-01-05 03:28:13
C_109590,Susan,Wilson,67,Retired,Leeds,LOW,2017-11-26 20:49:44
C_109591,Christopher,Walker,32,Student,Leicester,LOW,2019-06-02 01:42:00
C_109592,Mia,Walker,50,Registered Nurse,Leeds,LOW,2018-05-02 22:07:34
C_109593,Margaret,Taylor,33,Chef,Glasgow,LOW,2016-08-20 11:35:54
C_109594,Leo,Harris,35,Plumber,Birmingham,LOW,2016-01-06 08:29:36
C_109595,Sarah,Carter,31,Teacher,Sheffield,HIGH,2018-02-15 06:51:11
C_109596,Nancy,Williams,23,Consultant,Liverpool,LOW,2017-01-22 20:08:47
C_109597,Betty,Roberts,52,Plumber,Nottingham,MEDIUM,2020-04-22 12:21:06
C_109598,Oliver,Ward,30,Construction Worker,Sheffield,LOW,2024-11-26 13:06:10
C_109599,David,Hill,49,Administrative Assistant,Nottingham,LOW,2025-07-18 12:46:55
C_109600,Emily,Harris,25,Doctor,Glasgow,LOW,2021-04-02 21:32:13
C_109601,Matthew,Clarke,36,Student,Bristol,LOW,2017-09-23 21:15:35
C_109602,Karen,Carter,52,Construction Worker,Birmingham,LOW,2017-09-21 04:22:47
C_109603,Daniel,Smith,34,Consultant,Newcastle,LOW,2016-04-15 20:19:52
C_109604,James,Thompson,28,Student,Glasgow,HIGH,2023-04-14 16:25:49
C_109605,John,Baker,40,Construction Worker,Cardiff,LOW,2021-05-23 04:03:58
C_109606,Betty,Hill,36,Doctor,Glasgow,HIGH,2021-04-02 11:29:21
C_109607,Margaret,Brown,63,Doctor,Bristol,LOW,2019-06-08 04:49:32
C_109608,David,Thomas,18,Student,Edinburgh,LOW,2022-04-09 16:11:31
C_109609,Harry,Brown,55,Doctor,Glasgow,LOW,2025-08-19 16:31:54
C_109610,Michael,Wright,56,Unemployed,Cardiff,LOW,2020-10-31 13:49:29
C_109611,Susan,Mitchell,45,Registered Nurse,Liverpool,LOW,2016-09-01 09:00:36
C_109612,Amelia,Cooper,66,Retired,Liverpool,LOW,2020-07-22 14:56:58
C_109613,Joseph,Cooper,45,Construction Worker,Birmingham,LOW,2025-02-06 13:20:37
C_109614,Robert,Green,38,Business Owner,Leicester,LOW,2024-08-10 12:29:51
C_109615,Robert,Baker,37,Consultant,Belfast,MEDIUM,2017-09-13 03:23:57
C_109616,William,Harrison,46,Student,Sheffield,LOW,2020-07-08 15:59:39
C_109617,Ava,Wright,29,Project Manager,Leeds,LOW,2024-09-04 10:54:53
C_109618,Emily,Baker,32,Doctor,Cardiff,LOW,2022-03-30 18:23:28
C_109619,Matthew,Hughes,46,Lawyer,Leicester,MEDIUM,2024-02-06 09:50:53
C_109620,Jessica,Evans,38,Plumber,Bristol,LOW,2020-06-13 05:15:06
C_109621,Barbara,Baker,63,Electrician,Sheffield,HIGH,2023-09-12 03:13:24
C_109622,Linda,Hill,27,Accountant,Bristol,LOW,2025-02-16 20:23:06
C_109623,Barbara,Williams,44,Construction Worker,Leicester,LOW,2020-09-07 03:47:25
C_109624,Daniel,Mason,20,Student,Sheffield,MEDIUM,2017-04-03 22:29:18
C_109625,Isabella,Carter,54,Registered Nurse,Coventry,LOW,2017-07-08 10:16:41
C_109626,John,Wood,45,Student,Nottingham,LOW,2021-02-20 05:52:09
C_109627,John,Johnson,51,Plumber,Newcastle,MEDIUM,2020-09-04 23:58:04
C_109628,George,Harris,45,Student,Leicester,LOW,2016-08-27 01:03:26
C_109629,Joseph,Mason,43,Lawyer,Glasgow,LOW,2022-07-01 12:01:58
C_109630,Michael,Martin,25,Student,Newcastle,LOW,2025-08-02 19:23:01
C_109631,Oscar,Harrison,41,Business Owner,Coventry,LOW,2017-01-12 20:50:25
C_109632,Oliver,King,32,Project Manager,Cardiff,LOW,2016-06-27 12:55:30
C_109633,Leo,Clarke,43,Lawyer,Edinburgh,LOW,2020-03-07 18:26:37
C_109634,Sandra,Brown,42,Registered Nurse,Glasgow,LOW,2021-10-07 20:37:03
C_109635,Michael,Taylor,52,Unemployed,Leeds,MEDIUM,2018-07-29 06:19:13
C_109636,Elizabeth,Martin,26,Consultant,Bristol,LOW,2017-06-22 18:56:45
C_109637,Joseph,Hill,41,Teacher,Manchester,LOW,2018-02-09 13:47:23
C_109638,Barbara,Johnson,46,Lawyer,Sheffield,LOW,2022-02-19 20:40:58
C_109639,Daniel,Jones,41,Doctor,Manchester,MEDIUM,2019-11-06 04:50:09
C_109640,Jessica,Davies,52,Teacher,Edinburgh,LOW,2025-04-12 22:33:45
C_109641,Amelia,Young,40,Chef,Glasgow,LOW,2018-02-09 04:31:05
C_109642,Muhammad,Roberts,36,Chef,Sheffield,MEDIUM,2025-01-30 00:12:46
C_109643,Nancy,Edwards,31,Consultant,Liverpool,LOW,2019-03-09 04:14:30
C_109644,Muhammad,Scott,37,Accountant,Manchester,LOW,2025-05-13 14:20:42
C_109645,Sophia,Robinson,47,Construction Worker,Leeds,LOW,2020-06-18 02:52:31
C_109646,Michelle,Smith,51,Unemployed,Liverpool,LOW,2021-11-04 14:21:38
C_109647,George,Harrison,54,Sales Associate,Edinburgh,LOW,2017-11-12 10:18:42
C_109648,Noah,Harris,39,Consultant,Manchester,MEDIUM,2022-03-07 05:04:51
C_109649,Sandra,Green,42,Electrician,Birmingham,LOW,2020-06-03 02:23:42
C_109650,Nancy,Hall,40,Doctor,Glasgow,LOW,2020-01-28 04:49:57
C_109651,Emily,Scott,27,Registered Nurse,Birmingham,MEDIUM,2020-02-27 00:36:17
C_109652,Joseph,Wood,36,Electrician,Newcastle,LOW,2017-09-15 10:02:58
C_109653,Oliver,Evans,55,Chef,Newcastle,MEDIUM,2024-12-17 09:33:55
C_109654,Thomas,Scott,55,Software Engineer,Sheffield,LOW,2023-12-10 13:03:42
C_109655,Betty,Wilson,56,Doctor,Glasgow,LOW,2025-12-25 06:54:04
C_109656,Amelia,Walker,39,Lawyer,Belfast,LOW,2022-09-07 22:42:47
C_109657,Michael,Martin,18,Accountant,London,LOW,2023-08-14 00:10:15
C_109658,Richard,Patterson,46,Business Owner,Cardiff,LOW,2017-09-09 01:16:46
C_109659,Betty,Evans,25,Student,Coventry,LOW,2025-10-06 01:42:29
C_109660,Donna,Jackson,36,Business Owner,Coventry,LOW,2022-07-19 23:53:26
C_109661,Oliver,Walker,47,Unemployed,London,LOW,2022-11-20 17:25:21
C_109662,Donna,Taylor,35,Business Owner,Cardiff,LOW,2022-04-24 21:03:00
C_109663,Matthew,Jackson,57,Accountant,Bristol,LOW,2020-12-09 19:26:14
C_109664,Elizabeth,Wright,18,Consultant,Glasgow,LOW,2017-06-07 13:33:46
C_109665,Muhammad,Wilson,47,Student,London,LOW,2020-07-23 22:51:10
C_109666,David,Harris,41,Project Manager,Leeds,LOW,2023-01-17 19:45:22
C_109667,John,Harrison,29,Accountant,Glasgow,LOW,2017-03-14 08:22:52
C_109668,Richard,Evans,50,Project Manager,Coventry,LOW,2020-10-08 00:56:58
C_109669,Oscar,Robinson,37,Retired,Bristol,LOW,2017-02-24 17:52:22
C_109670,Charles,Taylor,47,Electrician,Leicester,LOW,2022-02-05 16:43:54
C_109671,Jessica,Clarke,33,Business Owner,London,LOW,2020-07-02 04:57:42
C_109672,Sarah,Brown,26,Doctor,Nottingham,LOW,2018-03-06 05:10:14
C_109673,Lily,Watson,21,Student,Leeds,LOW,2016-05-14 01:43:11
C_109674,Leo,Patterson,22,Project Manager,London,LOW,2025-08-26 23:41:29
C_109675,Barbara,Davies,37,Administrative Assistant,Manchester,LOW,2025-08-21 06:49:03
C_109676,Sophia,Edwards,57,Lawyer,Edinburgh,LOW,2020-11-03 18:25:25
C_109677,Isla,Patterson,49,Consultant,Edinburgh,LOW,2021-11-29 15:17:39
C_109678,Olivia,Williams,30,Software Engineer,Newcastle,LOW,2021-09-21 04:47:01
C_109679,Lily,Clark,37,Administrative Assistant,Cardiff,LOW,2022-10-11 18:48:30
C_109680,Thomas,Wilson,70,Retired,Leicester,LOW,2016-05-06 05:01:12
C_109681,Barbara,Young,50,Consultant,Leicester,LOW,2022-01-16 06:47:01
C_109682,Isabella,Evans,49,Consultant,Nottingham,LOW,2022-05-12 22:15:00
C_109683,Sandra,Evans,52,Administrative Assistant,Leeds,LOW,2021-01-11 10:54:02
C_109684,Jessica,Clark,69,Retired,Newcastle,LOW,2024-04-26 21:57:24
C_109685,James,Mason,55,Sales Associate,Belfast,LOW,2025-11-13 22:12:36
C_109686,David,Davies,76,Retired,Bristol,LOW,2024-08-25 00:09:41
C_109687,Robert,White,45,Student,Belfast,LOW,2016-09-14 08:14:34
C_109688,Lily,Thompson,37,Administrative Assistant,Glasgow,LOW,2020-10-25 10:57:59
C_109689,Elizabeth,Clark,41,Registered Nurse,Liverpool,LOW,2020-03-06 17:28:52
C_109690,Lily,Smith,35,Doctor,London,LOW,2025-07-16 01:23:10
C_109691,Harry,Green,29,Retired,Newcastle,LOW,2018-12-04 01:58:12
C_109692,Michael,Young,49,Sales Associate,Newcastle,LOW,2018-11-24 21:51:22
C_109693,Lily,Watson,53,Electrician,Bristol,LOW,2022-07-15 15:27:17
C_109694,Michelle,Hill,53,Project Manager,Cardiff,LOW,2019-10-31 02:05:40
C_109695,Sophia,Hill,25,Doctor,Birmingham,LOW,2021-07-08 04:06:55
C_109696,Emily,Young,21,Student,Sheffield,LOW,2022-04-23 01:48:53
C_109697,Thomas,Hughes,46,Retired,Birmingham,LOW,2025-09-10 21:09:05
C_109698,Barbara,Scott,40,Driver,Coventry,LOW,2019-08-14 03:43:16
C_109699,Donna,Clark,53,Construction Worker,Sheffield,LOW,2022-06-13 04:57:43
C_109700,Joseph,Wright,18,Student,Newcastle,MEDIUM,2019-11-23 18:56:58
C_109701,Nancy,Johnson,31,Software Engineer,London,LOW,2019-01-08 14:03:19
C_109702,Lily,Wood,37,Electrician,Cardiff,LOW,2020-09-24 03:10:38
C_109703,Charles,Cooper,54,Accountant,Sheffield,LOW,2016-06-21 19:59:34
C_109704,Barbara,Carter,31,Software Engineer,Leeds,LOW,2016-02-21 20:11:26
C_109705,Ashley,Robinson,47,Construction Worker,Coventry,MEDIUM,2023-05-11 13:54:01
C_109706,Michael,Hill,40,Consultant,Newcastle,LOW,2018-11-19 06:33:08
C_109707,Noah,Baker,57,Student,Manchester,LOW,2025-12-16 11:34:02
C_109708,Oliver,Wood,40,Construction Worker,Leicester,LOW,2022-10-11 22:44:59
C_109709,Barbara,King,59,Plumber,Nottingham,LOW,2022-11-27 02:37:23
C_109710,Joseph,Jackson,61,Project Manager,Cardiff,LOW,2019-02-23 10:33:51
C_109711,Oscar,Clark,48,Software Engineer,Liverpool,LOW,2025-06-13 16:03:30
C_109712,Lily,Green,51,Electrician,London,LOW,2021-10-26 07:32:06
C_109713,Jennifer,Mitchell,30,Consultant,Sheffield,HIGH,2025-02-18 02:09:04
C_109714,Oliver,Carter,53,Retired,Birmingham,MEDIUM,2025-01-07 10:59:15
C_109715,Mia,Roberts,63,Plumber,Leeds,LOW,2023-06-08 23:11:51
C_109716,Oliver,Thomas,40,Teacher,Manchester,LOW,2020-03-05 17:56:53
C_109717,Mia,Clarke,47,Chef,Leicester,LOW,2025-12-29 14:21:25
C_109718,Thomas,Harrison,18,Student,Birmingham,LOW,2024-12-11 21:34:59
C_109719,Karen,King,41,Software Engineer,Nottingham,LOW,2021-09-29 22:26:38
C_109720,Daniel,Roberts,57,Electrician,Edinburgh,LOW,2021-10-12 01:47:41
C_109721,Joseph,Hughes,38,Accountant,Edinburgh,LOW,2020-01-16 08:07:52
C_109722,Noah,White,30,Construction Worker,Coventry,LOW,2018-04-26 00:53:46
C_109723,Sophia,Williams,45,Plumber,Coventry,LOW,2021-04-09 07:15:26
C_109724,Patricia,Robinson,45,Lawyer,Leicester,LOW,2020-04-26 02:36:46
C_109725,Ashley,Wilson,43,Project Manager,Manchester,LOW,2023-04-15 08:25:10
C_109726,Thomas,Jones,63,Chef,Edinburgh,LOW,2019-07-19 18:01:09
C_109727,Elizabeth,Young,30,Accountant,Leicester,LOW,2020-08-10 08:48:30
C_109728,Emily,Robinson,42,Sales Associate,Liverpool,LOW,2024-10-05 15:30:21
C_109729,Amelia,Williams,34,Electrician,Sheffield,LOW,2020-04-06 11:46:36
C_109730,William,Johnson,43,Teacher,Birmingham,MEDIUM,2023-12-09 14:35:34
C_109731,Jessica,Clark,59,Construction Worker,Belfast,LOW,2025-08-13 04:32:09
C_109732,Robert,Hill,47,Software Engineer,Belfast,LOW,2025-12-21 13:17:44
C_109733,Susan,Wilson,35,Unemployed,Bristol,LOW,2020-04-17 13:51:37
C_109734,Barbara,Williams,74,Retired,Leeds,LOW,2025-11-19 03:27:24
C_109735,Isabella,Mason,27,Electrician,Birmingham,HIGH,2019-08-20 11:22:55
C_109736,Barbara,Martin,40,Plumber,Nottingham,LOW,2018-12-17 22:54:24
C_109737,Arthur,Robinson,76,Retired,Leeds,MEDIUM,2020-10-15 22:44:42
C_109738,Christopher,Mason,50,Unemployed,Belfast,HIGH,2019-03-20 21:37:18
C_109739,Isla,Taylor,41,Consultant,Leicester,LOW,2017-12-16 03:51:27
C_109740,Sarah,Evans,58,Doctor,Sheffield,LOW,2021-03-11 03:01:06
C_109741,George,Scott,26,Accountant,Bristol,LOW,2022-03-07 02:00:20
C_109742,Olivia,Cooper,33,Unemployed,Coventry,LOW,2023-12-28 17:07:45
C_109743,Linda,Baker,63,Doctor,Leicester,LOW,2022-06-15 00:00:26
C_109744,Lisa,Thompson,37,Unemployed,Leicester,LOW,2022-08-30 03:42:47
C_109745,Donna,Hill,52,Driver,Birmingham,LOW,2016-06-06 03:43:41
C_109746,Jennifer,Thomas,30,Retired,Coventry,LOW,2018-11-16 13:22:25
C_109747,Ashley,Thomas,18,Student,Nottingham,LOW,2018-06-14 18:13:34
C_109748,Sandra,Watson,18,Student,Belfast,LOW,2023-04-18 22:08:26
C_109749,Donna,Green,35,Lawyer,London,LOW,2022-02-24 10:49:40
C_109750,Daniel,Hill,18,Student,Bristol,LOW,2024-09-17 09:03:01
C_109751,Mia,Wood,22,Consultant,Birmingham,MEDIUM,2021-05-06 03:04:45
C_109752,Arthur,Roberts,21,Student,Nottingham,LOW,2022-11-25 10:44:46
C_109753,Christopher,Green,40,Consultant,Leeds,LOW,2020-07-08 18:46:15
C_109754,Sophia,Watson,41,Sales Associate,Edinburgh,LOW,2020-05-17 21:43:09
C_109755,Elizabeth,Harrison,25,Plumber,Leicester,LOW,2025-09-26 08:09:19
C_109756,Leo,Roberts,40,Administrative Assistant,Birmingham,LOW,2025-05-20 04:39:16
C_109757,Elizabeth,Davies,35,Driver,Belfast,LOW,2017-07-28 21:36:47
C_109758,Muhammad,Harris,56,Administrative Assistant,Cardiff,HIGH,2023-11-14 10:26:24
C_109759,Michael,Davies,63,Electrician,Sheffield,LOW,2016-10-31 07:03:09
C_109760,Michelle,Smith,42,Lawyer,Coventry,LOW,2021-07-30 22:37:09
C_109761,Muhammad,Thomas,70,Retired,Leicester,LOW,2021-11-30 07:40:07
C_109762,James,White,50,Project Manager,Birmingham,LOW,2021-06-25 04:11:54
C_109763,Olivia,White,46,Business Owner,Leeds,LOW,2022-10-06 22:47:59
C_109764,Jessica,Young,47,Doctor,Edinburgh,LOW,2021-07-21 06:26:43
C_109765,Emily,Thompson,50,Administrative Assistant,Newcastle,LOW,2019-10-10 04:36:45
C_109766,Mia,Clarke,54,Unemployed,Birmingham,LOW,2023-02-11 18:37:10
C_109767,Margaret,Ward,60,Administrative Assistant,Coventry,LOW,2020-09-04 02:43:50
C_109768,Mia,Smith,42,Doctor,Birmingham,LOW,2025-06-13 08:19:45
C_109769,William,Wright,58,Student,Coventry,MEDIUM,2021-10-05 16:59:16
C_109770,Muhammad,Clark,47,Doctor,Coventry,MEDIUM,2021-10-02 09:40:01
C_109771,Jennifer,Walker,50,Doctor,Glasgow,LOW,2020-01-29 08:28:29
C_109772,Oscar,Wilson,36,Consultant,Bristol,MEDIUM,2025-05-08 08:13:47
C_109773,Christopher,Williams,33,Administrative Assistant,Leeds,LOW,2017-10-04 21:27:11
C_109774,Christopher,Carter,40,Accountant,Liverpool,LOW,2025-03-15 23:09:50
C_109775,Charles,Carter,38,Retired,Belfast,MEDIUM,2017-09-06 18:30:33
C_109776,Ava,Thompson,41,Unemployed,Edinburgh,LOW,2018-10-17 03:13:40
C_109777,Lily,Taylor,55,Doctor,Birmingham,LOW,2018-04-14 17:46:17
C_109778,Elizabeth,Hill,43,Sales Associate,Leeds,LOW,2024-07-14 15:35:47
C_109779,Donna,Edwards,54,Project Manager,Sheffield,LOW,2017-09-11 16:09:31
C_109780,Isabella,Carter,34,Business Owner,Newcastle,LOW,2019-02-11 20:30:27
C_109781,Linda,Patterson,50,Lawyer,Sheffield,LOW,2025-11-14 05:55:29
C_109782,Kimberly,Mitchell,18,Student,Glasgow,LOW,2019-11-26 21:44:37
C_109783,Arthur,Baker,35,Electrician,Coventry,MEDIUM,2019-11-09 13:41:38
C_109784,Isabella,Johnson,35,Lawyer,Sheffield,LOW,2021-10-06 13:18:44
C_109785,Nancy,King,29,Student,Coventry,LOW,2017-04-14 09:06:30
C_109786,George,Edwards,53,Chef,Bristol,LOW,2018-07-20 07:21:29
C_109787,Muhammad,Johnson,48,Construction Worker,Leicester,HIGH,2022-03-14 00:07:57
C_109788,Jessica,Clark,18,Student,Newcastle,HIGH,2022-06-17 10:38:30
C_109789,David,Jackson,40,Plumber,Leeds,HIGH,2022-06-09 19:15:12
C_109790,Ashley,Mason,18,Student,Coventry,LOW,2017-05-09 09:08:34
C_109791,Sarah,Wilson,43,Software Engineer,Birmingham,LOW,2024-09-17 02:56:15
C_109792,George,Davies,51,Teacher,Manchester,LOW,2024-05-04 03:00:48
C_109793,George,Harrison,46,Sales Associate,Nottingham,LOW,2022-10-23 00:02:33
C_109794,Olivia,Smith,18,Student,Sheffield,LOW,2022-04-14 12:39:59
C_109795,William,Robinson,71,Retired,Leeds,LOW,2017-06-28 20:07:39
C_109796,Nancy,White,28,Chef,Sheffield,LOW,2023-07-28 23:37:53
C_109797,Patricia,Cooper,56,Driver,Sheffield,LOW,2016-08-10 05:48:16
C_109798,Lily,Jackson,64,Driver,London,LOW,2016-01-22 00:42:04
C_109799,Emily,Lewis,55,Student,Sheffield,LOW,2024-10-31 03:27:04
C_109800,Nancy,Martin,23,Retired,Sheffield,MEDIUM,2024-12-23 07:44:02
C_109801,Donna,Thompson,37,Business Owner,Cardiff,LOW,2019-08-03 01:42:31
C_109802,Susan,Wilson,61,Teacher,Newcastle,LOW,2019-11-26 03:34:33
C_109803,William,Wilson,24,Business Owner,Belfast,LOW,2021-06-04 10:03:00
C_109804,Oliver,Thomas,20,Student,Bristol,HIGH,2020-09-06 09:41:11
C_109805,Olivia,Green,51,Project Manager,Nottingham,LOW,2021-07-12 03:05:05
C_109806,Jessica,Johnson,50,Project Manager,Bristol,LOW,2017-09-10 06:01:45
C_109807,Oscar,White,48,Lawyer,Leicester,LOW,2021-08-07 14:43:56
C_109808,Muhammad,Wilson,44,Doctor,London,LOW,2020-03-14 08:11:18
C_109809,Nancy,Clark,48,Student,Leeds,LOW,2022-09-18 05:33:20
C_109810,Jennifer,Davies,18,Student,Leicester,MEDIUM,2021-10-01 07:10:04
C_109811,Kimberly,Martin,53,Unemployed,Glasgow,LOW,2017-05-18 23:52:02
C_109812,Olivia,Hall,21,Lawyer,Coventry,LOW,2018-08-18 08:43:37
C_109813,William,Brown,19,Student,London,LOW,2023-01-23 13:10:57
C_109814,Isla,Scott,23,Sales Associate,Glasgow,LOW,2024-12-28 08:19:12
C_109815,Ashley,Wright,45,Teacher,Birmingham,MEDIUM,2016-10-16 18:01:03
C_109816,Amelia,White,57,Registered Nurse,Sheffield,MEDIUM,2023-04-24 00:36:22
C_109817,Margaret,Evans,57,Teacher,Bristol,LOW,2017-09-17 08:32:23
C_109818,Patricia,King,36,Business Owner,Manchester,LOW,2025-10-03 23:05:41
C_109819,Noah,Brown,21,Student,Newcastle,LOW,2018-08-15 21:22:53
C_109820,David,Scott,48,Student,Edinburgh,LOW,2019-05-02 14:59:35
C_109821,Emily,Thomas,26,Software Engineer,Liverpool,LOW,2021-09-02 23:26:31
C_109822,Lily,Roberts,42,Registered Nurse,Bristol,LOW,2025-09-12 08:24:44
C_109823,Charles,Hall,58,Sales Associate,Leeds,LOW,2024-12-08 09:27:44
C_109824,Joseph,Cooper,18,Electrician,Coventry,LOW,2022-12-23 11:38:02
C_109825,Barbara,Young,45,Driver,Edinburgh,LOW,2020-03-28 01:56:29
C_109826,Sarah,Clark,50,Plumber,Nottingham,LOW,2021-06-04 13:29:58
C_109827,Richard,Hill,30,Retired,Leeds,LOW,2022-03-13 09:48:01
C_109828,Harry,Taylor,46,Unemployed,Cardiff,MEDIUM,2022-01-03 00:11:13
C_109829,Sandra,Green,38,Administrative Assistant,Liverpool,LOW,2018-01-10 07:00:55
C_109830,Margaret,Cooper,24,Electrician,Liverpool,LOW,2022-03-10 03:08:47
C_109831,Matthew,Baker,33,Student,Belfast,LOW,2017-04-24 10:09:55
C_109832,Betty,Hill,40,Teacher,Belfast,LOW,2018-04-14 16:58:45
C_109833,David,Lewis,45,Accountant,Manchester,LOW,2023-02-23 23:36:42
C_109834,Joseph,Wilson,65,Registered Nurse,Newcastle,MEDIUM,2023-04-19 18:08:40
C_109835,Emily,Ward,40,Plumber,Leicester,LOW,2018-08-01 20:33:04
C_109836,Richard,Taylor,18,Student,Nottingham,LOW,2016-09-27 03:52:41
C_109837,Elizabeth,Thomas,22,Chef,Bristol,LOW,2020-10-11 09:03:01
C_109838,Sophia,Green,73,Retired,Glasgow,LOW,2022-08-16 04:48:33
C_109839,Nancy,Johnson,42,Software Engineer,Belfast,LOW,2024-01-01 21:04:50
C_109840,Karen,Davies,38,Retired,Sheffield,LOW,2025-03-30 07:21:20
C_109841,Kimberly,Baker,49,Teacher,Sheffield,MEDIUM,2019-12-12 12:37:43
C_109842,Lily,Roberts,40,Doctor,London,LOW,2023-06-02 01:49:49
C_109843,Ivy,Mason,20,Student,Nottingham,LOW,2020-10-17 14:51:22
C_109844,Margaret,Harris,28,Doctor,Liverpool,MEDIUM,2018-10-27 10:35:31
C_109845,Robert,Brown,34,Electrician,Liverpool,LOW,2019-10-01 15:06:08
C_109846,Olivia,Wright,44,Software Engineer,Birmingham,LOW,2023-04-04 14:00:50
C_109847,Sophia,Thompson,60,Registered Nurse,Newcastle,LOW,2016-03-01 05:15:45
C_109848,Sarah,Patterson,54,Student,London,LOW,2017-07-01 20:50:23
C_109849,Sophia,Jackson,71,Retired,Bristol,LOW,2016-12-25 09:37:24
C_109850,Amelia,Green,36,Accountant,Birmingham,LOW,2020-01-28 18:00:49
C_109851,Isla,Wright,79,Retired,Newcastle,LOW,2024-08-19 13:10:55
C_109852,Leo,Mason,53,Sales Associate,Glasgow,LOW,2018-08-11 18:27:25
C_109853,Amelia,Thompson,43,Construction Worker,Liverpool,LOW,2020-11-03 13:51:30
C_109854,Ashley,Thompson,41,Lawyer,Leicester,LOW,2021-04-18 09:57:22
C_109855,Nancy,Johnson,46,Accountant,Leeds,LOW,2018-10-02 13:28:05
C_109856,Susan,Thomas,65,Plumber,Edinburgh,HIGH,2025-11-02 18:16:03
C_109857,Sophia,Baker,64,Consultant,Coventry,LOW,2020-10-10 22:53:25
C_109858,Richard,Roberts,41,Student,Glasgow,LOW,2020-07-22 06:56:19
C_109859,Robert,Baker,32,Construction Worker,Coventry,MEDIUM,2018-07-19 08:10:39
C_109860,Patricia,Clarke,52,Administrative Assistant,Newcastle,MEDIUM,2018-12-27 07:24:38
C_109861,Isla,Lewis,36,Construction Worker,Edinburgh,LOW,2023-09-06 05:36:47
C_109862,James,Williams,50,Accountant,Belfast,LOW,2017-11-26 05:55:58
C_109863,Jessica,Harris,48,Administrative Assistant,Leicester,MEDIUM,2022-08-02 06:44:37
C_109864,Joseph,Wood,49,Retired,Edinburgh,LOW,2025-03-21 18:21:41
C_109865,Isla,Davies,37,Accountant,Liverpool,LOW,2021-09-12 14:25:17
C_109866,Matthew,Wright,51,Business Owner,Birmingham,LOW,2022-06-04 14:14:42
C_109867,Harry,Scott,38,Software Engineer,London,LOW,2017-07-17 21:49:13
C_109868,Ava,Mason,19,Student,Bristol,LOW,2025-08-15 09:46:42
C_109869,Joseph,Brown,24,Accountant,Birmingham,LOW,2021-07-20 07:27:23
C_109870,Karen,Hughes,49,Driver,Bristol,LOW,2016-11-25 11:10:59
C_109871,Joseph,Thomas,63,Unemployed,Newcastle,MEDIUM,2022-05-28 13:47:18
C_109872,Jessica,Wright,45,Chef,Leicester,LOW,2022-09-06 19:48:27
C_109873,Mia,Carter,30,Unemployed,Leeds,LOW,2021-05-22 10:55:35
C_109874,Muhammad,Thompson,27,Plumber,London,HIGH,2021-02-06 09:13:03
C_109875,Donna,Green,30,Unemployed,Leicester,LOW,2022-07-20 00:04:56
C_109876,Kimberly,Smith,48,Electrician,Leicester,LOW,2022-07-04 04:10:04
C_109877,Lisa,Williams,18,Student,Newcastle,MEDIUM,2023-11-30 09:28:07
C_109878,Emily,Mason,63,Retired,Coventry,LOW,2024-07-20 13:03:58
C_109879,Sarah,Martin,37,Retired,Liverpool,LOW,2023-05-05 13:31:55
C_109880,Daniel,Smith,18,Student,Cardiff,LOW,2017-04-07 11:12:34
C_109881,Daniel,Clark,23,Lawyer,Cardiff,HIGH,2018-02-06 10:13:29
C_109882,Ava,Cooper,45,Lawyer,Glasgow,LOW,2017-05-03 16:09:05
C_109883,William,Ward,59,Electrician,Cardiff,LOW,2021-10-05 22:59:45
C_109884,Lisa,Harrison,48,Lawyer,Nottingham,LOW,2022-02-05 23:47:22
C_109885,Sandra,Wilson,44,Consultant,Newcastle,LOW,2024-11-10 05:27:42
C_109886,Christopher,Thomas,49,Software Engineer,Belfast,MEDIUM,2021-08-23 03:06:34
C_109887,John,Hughes,32,Chef,London,LOW,2016-03-01 13:15:05
C_109888,Lisa,Patterson,45,Sales Associate,Belfast,LOW,2018-01-07 23:21:35
C_109889,Lisa,Watson,25,Registered Nurse,Edinburgh,LOW,2019-01-01 07:36:27
C_109890,Elizabeth,Jones,62,Registered Nurse,Sheffield,LOW,2023-12-25 07:05:48
C_109891,Kimberly,Scott,47,Administrative Assistant,Coventry,LOW,2023-02-16 13:47:53
C_109892,Joseph,Martin,60,Electrician,Birmingham,LOW,2018-11-26 04:49:29
C_109893,Mia,Scott,20,Sales Associate,Sheffield,LOW,2020-02-12 19:46:38
C_109894,Oscar,Hughes,55,Doctor,Sheffield,LOW,2023-01-10 21:11:09
C_109895,Sophia,Jackson,61,Retired,Sheffield,LOW,2018-11-02 22:56:15
C_109896,Donna,Ward,45,Unemployed,Nottingham,LOW,2019-06-27 05:49:26
C_109897,Amelia,Smith,35,Consultant,Nottingham,LOW,2021-07-06 17:06:03
C_109898,William,Thomas,23,Sales Associate,Belfast,LOW,2018-07-31 05:31:59
C_109899,Susan,Patterson,50,Registered Nurse,Sheffield,MEDIUM,2016-09-12 06:37:33
C_109900,Betty,Johnson,38,Chef,Birmingham,LOW,2020-06-19 08:59:39
C_109901,Robert,Martin,48,Construction Worker,Belfast,LOW,2019-07-21 10:18:41
C_109902,Noah,Patterson,44,Unemployed,Nottingham,LOW,2021-04-08 22:51:41
C_109903,Oscar,Thomas,53,Sales Associate,Liverpool,MEDIUM,2020-08-12 05:58:38
C_109904,Lisa,Harris,40,Registered Nurse,Leicester,MEDIUM,2020-04-03 19:13:47
C_109905,James,Hall,37,Business Owner,Leeds,LOW,2016-01-09 13:18:17
C_109906,Patricia,Wright,53,Accountant,London,LOW,2016-05-11 17:53:53
C_109907,Oscar,Robinson,38,Doctor,Birmingham,LOW,2016-08-24 03:34:29
C_109908,Charles,Edwards,45,Student,Coventry,HIGH,2023-05-19 19:34:30
C_109909,Olivia,Thomas,52,Unemployed,Manchester,MEDIUM,2019-12-16 16:46:38
C_109910,Michael,Clarke,31,Retired,Bristol,LOW,2018-09-01 07:30:29
C_109911,Lisa,Taylor,32,Administrative Assistant,Coventry,LOW,2019-03-31 19:41:25
C_109912,Michael,Davies,46,Driver,London,MEDIUM,2024-04-19 18:53:49
C_109913,Richard,Wilson,49,Project Manager,Cardiff,LOW,2017-12-22 00:42:08
C_109914,Amelia,Harrison,47,Retired,Glasgow,LOW,2025-12-15 12:38:12
C_109915,Ivy,Evans,41,Chef,Manchester,MEDIUM,2024-10-23 02:57:05
C_109916,William,Martin,18,Student,Birmingham,MEDIUM,2019-12-13 10:26:36
C_109917,John,Thompson,55,Chef,Cardiff,LOW,2023-11-15 19:51:20
C_109918,Mia,Brown,36,Consultant,Cardiff,LOW,2024-11-23 07:07:41
C_109919,Margaret,Young,50,Plumber,Birmingham,HIGH,2022-06-22 23:54:48
C_109920,Oscar,Thompson,36,Doctor,Glasgow,LOW,2025-12-09 19:20:24
C_109921,David,King,19,Student,Glasgow,LOW,2018-03-11 23:53:55
C_109922,Mia,Hill,46,Business Owner,Glasgow,LOW,2018-01-02 00:52:38
C_109923,Oliver,Cooper,63,Student,Liverpool,LOW,2021-07-28 23:07:45
C_109924,Elizabeth,Roberts,28,Unemployed,Sheffield,MEDIUM,2023-10-13 08:27:22
C_109925,Ivy,King,38,Construction Worker,Sheffield,LOW,2019-11-05 13:33:33
C_109926,Mia,Hall,32,Driver,Liverpool,LOW,2024-06-28 15:26:18
C_109927,Matthew,Davies,24,Electrician,Liverpool,LOW,2024-03-10 09:52:54
C_109928,Oliver,Hall,64,Retired,Bristol,LOW,2016-07-02 18:39:41
C_109929,Mia,Patterson,45,Consultant,Belfast,MEDIUM,2025-05-27 20:21:30
C_109930,Noah,Edwards,42,Unemployed,Leeds,LOW,2020-01-30 15:39:57
C_109931,Donna,Wood,46,Business Owner,Belfast,LOW,2024-03-03 08:48:55
C_109932,Karen,Taylor,27,Driver,Leeds,LOW,2016-04-27 10:39:44
C_109933,Oliver,Wilson,47,Doctor,Nottingham,LOW,2019-05-02 20:44:13
C_109934,Emily,Harris,48,Sales Associate,Nottingham,LOW,2022-09-01 14:58:23
C_109935,Oliver,Evans,33,Unemployed,Belfast,LOW,2019-02-04 20:37:18
C_109936,Sandra,Harris,65,Plumber,Newcastle,LOW,2019-06-19 11:13:52
C_109937,Lisa,Wright,39,Retired,Leicester,LOW,2016-03-30 08:10:24
C_109938,Amelia,Hall,61,Lawyer,Nottingham,LOW,2021-08-09 22:54:10
C_109939,Betty,Walker,47,Driver,Liverpool,LOW,2016-11-21 10:46:03
C_109940,Leo,King,39,Doctor,Bristol,LOW,2019-06-11 05:30:45
C_109941,Richard,Harris,46,Project Manager,Leeds,LOW,2017-12-22 01:15:03
C_109942,Harry,Patterson,34,Chef,Birmingham,LOW,2024-02-05 23:35:02
C_109943,Christopher,Johnson,48,Sales Associate,Sheffield,LOW,2024-11-24 07:09:18
C_109944,Oscar,Harrison,42,Sales Associate,Newcastle,LOW,2018-09-19 23:01:12
C_109945,Jessica,Hughes,54,Consultant,Newcastle,LOW,2024-02-10 16:03:38
C_109946,Barbara,Harrison,33,Lawyer,Leeds,LOW,2017-01-15 22:37:33
C_109947,Matthew,Wood,56,Sales Associate,Liverpool,MEDIUM,2022-06-04 02:09:07
C_109948,Harry,Cooper,46,Retired,Liverpool,MEDIUM,2022-03-22 02:33:35
C_109949,Isla,Smith,53,Consultant,Bristol,LOW,2022-10-03 12:54:26
C_109950,Lisa,Martin,51,Driver,Liverpool,LOW,2019-12-18 11:45:10
C_109951,Isla,Brown,67,Retired,Nottingham,LOW,2022-07-03 12:21:13
C_109952,James,Edwards,42,Chef,Bristol,LOW,2018-06-29 06:35:20
C_109953,Jessica,Martin,44,Electrician,Manchester,MEDIUM,2025-08-16 17:22:44
C_109954,Thomas,Davies,50,Chef,Sheffield,LOW,2016-02-09 06:19:21
C_109955,Sophia,Johnson,55,Accountant,Birmingham,LOW,2025-08-23 09:39:22
C_109956,Olivia,Green,31,Software Engineer,Leicester,LOW,2017-03-30 10:37:10
C_109957,Elizabeth,Jackson,21,Student,Edinburgh,LOW,2017-11-24 10:10:53
C_109958,Karen,White,35,Doctor,Manchester,LOW,2021-01-14 16:09:59
C_109959,Mia,Jones,38,Plumber,Belfast,LOW,2016-10-05 21:23:41
C_109960,Noah,Watson,28,Project Manager,Manchester,LOW,2022-02-23 17:15:03
C_109961,Sarah,Patterson,39,Electrician,Belfast,LOW,2020-08-29 05:39:13
C_109962,Olivia,Ward,62,Retired,Nottingham,LOW,2022-10-18 03:19:06
C_109963,Barbara,Wilson,56,Plumber,Leeds,LOW,2025-09-02 16:09:50
C_109964,Isla,Green,53,Construction Worker,Belfast,LOW,2022-10-22 12:33:20
C_109965,Amelia,Watson,40,Unemployed,Birmingham,LOW,2017-01-11 12:24:15
C_109966,Linda,Harris,45,Retired,Manchester,MEDIUM,2022-08-03 07:30:02
C_109967,David,Lewis,29,Consultant,Birmingham,LOW,2019-06-21 06:58:18
C_109968,Sophia,Mitchell,51,Teacher,Cardiff,LOW,2021-07-03 08:20:44
C_109969,Jennifer,Carter,25,Registered Nurse,Leicester,MEDIUM,2025-08-10 05:28:33
C_109970,Jennifer,Davies,42,Plumber,Belfast,LOW,2020-08-29 07:03:08
C_109971,Michael,Young,33,Accountant,Coventry,LOW,2022-01-08 20:28:53
C_109972,George,Robinson,59,Unemployed,Manchester,LOW,2019-03-02 10:54:26
C_109973,Matthew,Wilson,26,Accountant,Leeds,LOW,2017-04-01 17:11:58
C_109974,Ava,Roberts,48,Unemployed,Liverpool,LOW,2021-12-28 04:54:13
C_109975,Lisa,King,61,Plumber,Cardiff,LOW,2022-04-29 18:07:55
C_109976,Barbara,Patterson,50,Construction Worker,Nottingham,LOW,2021-06-06 02:40:32
C_109977,Kimberly,Lewis,43,Doctor,Nottingham,LOW,2024-10-08 04:18:44
C_109978,Leo,Scott,18,Student,Bristol,LOW,2022-06-05 09:10:13
C_109979,Karen,Harrison,48,Business Owner,Bristol,LOW,2024-08-26 00:00:16
C_109980,Ava,Harrison,33,Sales Associate,Nottingham,LOW,2022-08-14 01:49:52
C_109981,Oscar,Jackson,40,Project Manager,Liverpool,LOW,2016-12-03 21:26:44
C_109982,Muhammad,Thompson,34,Doctor,Liverpool,LOW,2025-08-15 17:37:55
C_109983,James,Hill,18,Student,Nottingham,LOW,2020-06-23 13:45:15
C_109984,Joseph,Hall,21,Student,Leeds,LOW,2021-10-04 02:17:28
C_109985,John,Green,48,Software Engineer,Manchester,LOW,2022-08-08 01:21:54
C_109986,Lisa,Davies,38,Project Manager,Leeds,LOW,2017-01-01 22:30:40
C_109987,Lily,Harris,31,Student,Glasgow,LOW,2021-11-01 12:25:18
C_109988,Barbara,Cooper,44,Lawyer,Sheffield,LOW,2018-04-08 12:09:59
C_109989,Olivia,Edwards,34,Unemployed,Nottingham,LOW,2016-10-01 17:31:22
C_109990,Christopher,Williams,56,Consultant,Bristol,LOW,2022-08-23 03:38:08
C_109991,George,Carter,45,Student,Coventry,HIGH,2022-04-18 21:55:06
C_109992,Joseph,Ward,26,Retired,Coventry,LOW,2016-09-14 17:10:35
C_109993,Ashley,Hall,45,Plumber,Cardiff,LOW,2017-11-24 13:00:06
C_109994,Mia,Wood,38,Business Owner,Birmingham,MEDIUM,2019-07-11 05:02:44
C_109995,Lily,Hill,23,Unemployed,Liverpool,LOW,2018-01-19 09:22:21
C_109996,William,Mitchell,49,Plumber,Leicester,MEDIUM,2023-12-30 13:49:06
C_109997,Elizabeth,Jackson,54,Accountant,Leicester,MEDIUM,2018-02-27 04:09:55
C_109998,Oscar,Green,45,Student,Sheffield,LOW,2024-08-07 22:54:39
C_109999,Patricia,Patterson,57,Accountant,London,LOW,2019-08-14 03:32:53
